:020000040000FA
:10000000C0070000D1060000D1000000B1060000CA
:1000100000000000000000000000000000000000E0
:100020000000000000000000000000005107000078
:100030000000000000000000DB000000E500000000
:10004000EF000000F9000000030100000D010000B6
:1000500017010000210100002B0100003501000004
:100060003F01000049010000530100005D01000054
:1000700067010000710100007B01000085010000A4
:100080008F01000099010000A3010000AD010000F4
:10009000B7010000C1010000CB010000D501000044
:1000A000DF010000E9010000F3010000FD01000094
:1000B00007020000110200001B02000025020000E0
:1000C0001FB5C046C04600F0EFFA04B00FB41FBD24
:1000D00008205A49096809580847382057490968CB
:1000E000095808473C2055490968095808474020E5
:1000F0005249096809580847442050490968095875
:10010000084748204D490968095808474C204B4981
:10011000096809580847502048490968095808479C
:100120005420464909680958084758204349096836
:10013000095808475C204149096809580847602068
:100140003E4909680958084764203C49096809582C
:100150000847682039490968095808476C20374919
:100160000968095808477020344909680958084740
:100170007420324909680958084778202F490968CE
:10018000095808477C202D490968095808478020EC
:100190002A490968095808478420284909680958E4
:1001A0000847882025490968095808478C202349B1
:1001B00009680958084790202049096809580847E4
:1001C00094201E4909680958084798201B49096866
:1001D000095808479C201949096809580847A02070
:1001E0001649096809580847A4201449096809589C
:1001F0000847A8201149096809580847AC200F4949
:10020000096809580847B0200C4909680958084787
:10021000B4200A49096809580847B82007490968FD
:1002200009580847BC2005490968095808470000D3
:1002300003480449024A034B7047000000000020B5
:10024000C0070000C00700000122D84B5A6000BF61
:10025000D74A1268002AFBD0016000BFD44A126856
:10026000002AFBD00022D14B5A6000BFD04A12684E
:10027000002AFBD07047F0B505460E46174600240D
:1002800006E0A200B158A2005019FFF7DDFF641C80
:10029000BC42F6D30020F0BD0120C043C549086030
:1002A000401048607047014601229204086890425D
:1002B00001D9102070470020FCE7F0B505460C4638
:1002C0001646002706E028462168FFF7BDFF2D1DD2
:1002D000241D7F1CB742F6D3F0BD70B505460C4611
:1002E0002E460BE0304600F075F9FF2C01D80024B3
:1002F00001E0FF3C013C012080023618002CF1D1C6
:1003000070BD0146012292044868904201D909203B
:100310007047A9484069401C01D10F20F8E7002030
:10032000F6E7FEB504462068030000F037FA05043E
:100330002B4249598B00201DFFF7E3FF0546002D96
:1003400001D02846FEBDFFF7A7FF0120C00200F044
:1003500041F9042221469948FFF78DFF002801D07A
:100360000320EFE708222146944800F06DF90028A9
:1003700006D1002192480068FFF766FF00F00CF9F3
:100380000320DFE7A768E6686068019031463846D9
:10039000FFF7A3FF324638460199FFF78EFFB20000
:1003A0003846019900F050F9002800D1CAE703202F
:1003B000C8E700F0E3F9834800688349086041E03A
:1003C00060680190E668A0680090B200009901980A
:1003D00000F03AF90746002F00D1B3E70E20B1E74D
:1003E000201DFFF760FF0546002D01D02846A9E734
:1003F0006068002807D1FFF74FFF0320800200F05C
:10040000E9F800F0C9F8FFF747FF0120C00200F04B
:10041000E1F8042221466948FFF72DFF002801D0AA
:1004200003208FE708222146644800F00DF90028D8
:1004300006D1002162480068FFF706FF00F0ACF823
:1004400003207FE700BF00207CE770B505460C461F
:10045000182D04D12068FFF764FF206002E001201E
:10046000206000BF00BF70BDF0B589B05248406940
:1004700003905248806881000398081802900398FE
:10048000000B01900121090302984018401E000B47
:1004900000900124002520462946019A00F0C4F866
:1004A0000022401E91410791069001260027304608
:1004B0003946009A00F0B8F80022401E914105919B
:1004C0000490049BDB43059AD2430698184307998E
:1004D00011430791069037490698086007984860CD
:1004E00009B0F0BD70B53448446934488568466841
:1004F000AA003146204600F0A7F8002801D00020CD
:1005000070BD0120FCE72D484068002801D0012083
:1005100000E000200546FFF7E5FF002807D0FFF7C1
:10052000BBFE0320800200F055F800F035F8FFF71D
:100530009BFF002D0ED020484669204884684768FC
:1005400021463046FFF7C9FE224639463046FFF7BE
:10055000B4FE00BF00F020F810B5184844681A48EF
:100560000460204600F0DCF810BD15480068006803
:10057000401C01D100BFFEE710480068002802D0EF
:10058000042806D101E0FFF7BEFFFFF7E5FF00BF3B
:10059000FEE700BF00BFFEE7BFF34F8F0B480C49DB
:1005A000C860BFF34F8F00BFFEE7000000E50140C9
:1005B00000E40140000600400010001000080000A8
:1005C000B8070000BC070000000000200400FA0586
:1005D00000ED00E010B50146104B1A6808460223F2
:1005E0000F4C636000BF0F4B1B68002BFBD0531CEC
:1005F00004D0904202D20A4B186101E0084B986087
:1006000000BF084B1B68002BFBD00023044C636029
:1006100000BF044B1B68002BFBD010BD0010001066
:1006200000E5014000E4014010B5202A04DB01464A
:10063000203A9140002010BD914020239C1A03468F
:10064000E3401943904010BD034610B50B439B0790
:100650000FD1042A0DD308C810C9121FA342F8D025
:1006600018BA21BA884201D9012010BD0020C04328
:1006700010BD002A03D0D30703D0521C07E000208E
:1006800010BD03780C78401C491C1B1B07D1037854
:100690000C78401C491C1B1B01D1921EF1D118463D
:1006A00010BD70477047704710B500F007F810BDD7
:1006B000014B1B68DB6818470000002019481A49E5
:1006C0007047FFF7FBFFFFF7FBFC00BD20BFFDE716
:1006D0001649174C24688C420BD1164B1B68994263
:1006E0000CD1154B154A1360186810498842EDD09B
:1006F0000AE0134880F30888124B18470F4A13602A
:1007000018680A498842E1D080F308880E49884277
:1007100004DD0E48026802210A4302605B68184744
:100720000346DFE7C0070000C0070000FFFFFFFF30
:10073000000C000014100010001000000000002049
:10074000000400206B05000000200020240500406C
:100750000D48704502D1EFF3098101E0EFF3088104
:10076000886902380078182802D1C046074A104725
:10077000074A12682C3212681047000000B5054B7A
:10078000054A9B58984700BDFDFFFFFF4B04000042
:1007900000000020001000000400000030B4744687
:1007A000641E2578641CAB4204D3635D5B00E318D0
:1007B00030BC18471D46F8E7000C00000010000090
:1010000000150020CD64010025220000336401009A
:1010100000000000000000000000000000000000D0
:101020000000000000000000000000003D6501001D
:101030000000000000000000252200002522000022
:10104000A9650100AF6501002522000025220000EE
:101050002522000025220000252200002522000074
:10106000B56501002522000025220000BB650100B6
:1010700025220000C1650100C7650100CD650100A2
:101080002522000025220000252200002522000044
:101090002522000025220000252200002522000034
:1010A000D3650100D965010025220000252200003A
:1010B0002522000025220000252200002522000014
:1010C00000F002F815F0E3F90CA030C80838241835
:1010D0002D18A246671EAB4654465D46AC4201D170
:1010E00015F0D5F97E460F3E0FCCB64601263342A9
:1010F00000D0FB1AA246AB4633431847B456010052
:10110000E4560100103A02D378C878C1FAD85207E1
:1011100001D330C830C101D504680C6070470000AD
:101120000023002400250026103A01D378C1FBD803
:10113000520700D330C100D50B6070471FB5C046C1
:10114000C04615F063F904B00FB41FBDF0B44046BB
:10115000494652465B460FB402A0013001B506482D
:10116000004700BF01BC86460FBC804689469246B8
:101170009B46F0BC70470000C11000008269024924
:101180008161024810447047911100000100000085
:1011900001B41EB400B50BF0E6FF01B40198864619
:1011A00001BC01B01EBD0000401E00BF00BF00BF5B
:1011B00000BF00BF00BF00BF00BF00BF00BF00BF37
:1011C00000BFF1D17047000070B505460C461646C9
:1011D00002E00FCC0FC5103E102EFAD2082E02D31B
:1011E00003CC03C5083E042E07D301CC01C5361F2E
:1011F00003E021782970641C6D1C761EF9D270BD45
:101200008307FF22DB0E9A408907090E99400028C8
:101210000BDA0007000F0838830828489B001818CD
:10122000C36993430B43C3617047830824489B0001
:101230001B181868904308431860704710B504469F
:1012400000210120FFF7DCFF00211820FFF7D8FF65
:1012500000210B20FFF7D4FF02211920FFF7D0FF58
:1012600002210D20FFF7CCFF02210E20FFF7C8FF5F
:1012700002210F20FFF7C4FF0221C81FFFF7C0FFA4
:1012800003211620FFF7BCFF03211520FFF7B8FF4D
:10129000204600F019F8002010BD6421018070473D
:1012A00010B500F020F810BD0648704710B500F0EA
:1012B00022F810BD704770477047000000ED00E055
:1012C00000E400E003F9004370B505462D4C07200B
:1012D0002070A01CFFF7E1FF5920A080294620467E
:1012E00000F099FB70BD10B500F09EFB2549002071
:1012F000891E087010BDF8B5224E0446B61E30781F
:1013000001270D46002807D0204660380B2808D852
:10131000204600F03DFF2BE0602CF9D01A48086011
:10132000F8BD20466C38032803D8204600F071FF32
:101330001EE0204670381F2803D8204600F045F9EB
:1013400016E0204690380F2803D8204600F0E8F831
:101350000EE02046A0380F2803D8204600F074F88D
:1013600006E02046B0380F2804D8204600F0CAF91D
:10137000286000E02F60602CD2D128680028CFD1EF
:101380003770F8BD1A000020013000000120244908
:10139000C003086023490020087007202249C005C7
:1013A0008860704770B51F4D04462878A04207D06A
:1013B000002C05D0002803D01CA14D2015F033F8D7
:1013C0002878A0420ED000211D4A17482C70002C0E
:1013D00019D01C4B012C06D0022C0BD013A1682075
:1013E00015F021F870BD11600221116053610321D5
:1013F000090605E011600321116053610121C9054F
:101400008160416070BD116011600721C905816074
:1014100070BD10B505A1712015F005F810BD0000D4
:1014200080E100E02000002000F501407372635C61
:1014300068616C5F63636D5F6161722E63000000C1
:1014400000F500404001002010B5A038030015F061
:10145000DBF80B070E172028313A414B525C650030
:101460004B6808788A68194603F0E6F910BD888849
:101470008A6883B20888194680B203F0ECF910BD7F
:1014800008884C68CB688A6880B2214603F0E7F987
:1014900010BD08884B688A6880B2194603F0FBF9D2
:1014A00010BD88888A6883B20888194680B203F024
:1014B00007FA10BD88888A6883B20888194680B206
:1014C00003F041FA10BD08884A6880B2114603F063
:1014D00080FA10BD088982B2888883B208881946CC
:1014E00080B203F081FA10BD08884A6880B21146C4
:1014F00003F09EFA10BD08894C6882B20888CB6858
:1015000080B2214603F018FB10BD08884C68CB68F8
:101510008A6880B2214603F02AFC10BD012010BD6C
:1015200010B59038030015F06FF809060F161D244A
:101530002C363F464E0088888A6883B20888194650
:1015400080B204F031F910BD08884A6880B21146B3
:1015500004F065F910BD08884A6880B2114604F0AD
:101560006AF910BD08884A6880B2114604F070F923
:1015700010BD08884B688A6880B2194604F07BF970
:1015800010BD088982B2888883B20888194680B263
:1015900004F07AF910BD08894B6882B208881946B0
:1015A00080B204F090F910BD08884A6880B21146F4
:1015B00004F09BF910BD888882B20888114680B279
:1015C00004F0EFF910BD012010BD10B57038030014
:1015D00015F01AF81B0F15192125282F363B40440A
:1015E000484C53585F688D707980888D8D8D8D8FB4
:1015F00096004A680878114608F0FDFD10BD08689D
:1016000008F04AFE10BD0C790B7B8A6808682146F9
:1016100008F053FE10BD086808F011FF10BD08F077
:1016200065FB10BD08884A6880B2114609F043F88E
:1016300010BD0A790888114680B209F0D3F810BDB0
:10164000087840B209F0DCF810BD088880B209F0D3
:10165000F0F810BD086809F0FEF810BD086801F048
:10166000D2FB10BD086801F0FCFB10BD088982B2F6
:1016700009C9194609F007F910BD05C9114609F055
:1016800051F910BD08884A6880B211460AF0A6F9DF
:1016900010BD0C790888CB688A6880B221460AF0B0
:1016A000C5FA10BD0B7908888A6880B219460AF01D
:1016B0006DFC10BD08884C68CB688A6880B22146F2
:1016C0000AF0D5FC10BD08884A6880B211460AF0BD
:1016D00018FD10BD0B7908880A7A80B2194609F006
:1016E00044F910BD088880B209F044F910BD062005
:1016F00010BD08884A6880B2114609F042F910BD51
:10170000012010BD10B5B02805D0B12808D0B228EE
:101710000BD0012010BD088880B20BF0FBF810BD83
:10172000088880B20BF015F910BD08884B688A68EC
:1017300080B219460BF01EF910BD000010B5030071
:1017400014F062FF0A0609060C0C0F0F06060612BB
:1017500008F0F4FA10BD0AF0C5FE10BD01F03EFA23
:1017600010BD06F09FFA10BDFAA1FE4814F05BFE12
:1017700010BD3EB5FC49054603C900900191FF200C
:10178000C33069460881F94A092310460A212838DE
:101790000BF0BFFD0024F6480BF0D9FD641CE4B249
:1017A0000A2CF8D3F14801231A4602A990300BF015
:1017B000A0F9002804D0FF20E6A13D3014F033FE4C
:1017C000686800F024FC00211E22084604F06CF931
:1017D00008F0C3FC02222421E64801F07DFBE54825
:1017E00001222C214C3001F077FBE2490B20B0396B
:1017F00001F0FEF9002804D0FF20D6A1513014F0EA
:1018000012FE0AF03EFE02F097F96B460022082114
:10181000D9A008F07DFB002804D0FF20CDA15730CF
:1018200014F001FE284602F0E7FC002804D0FF2057
:10183000C8A1593014F0F7FDF3218900D14814F004
:10184000D3FCD04801214171022181710721C1716E
:101850003EBD10B5CB4CA0780A2804D3FF20BDA113
:10186000903014F0E0FD20786021484300190021F9
:101870000173417BF722C908C900C91C1140EF223E
:10188000114041730121E1700C3010BD70B50E465E
:1018900000211C4619801546030014F0B5FE0723ED
:1018A000050B1711231D23002246294630460AF056
:1018B00037FE70BD22462946304608F095F870BDC7
:1018C00022462946304601F0E2FF70BD22462946F5
:1018D000304603F0EAFD70BD22462946304600F04E
:1018E00010FC70BDFF209BA1EF3014F09CFD032085
:1018F00070BD70B5A34CE078002818D02078602126
:1019000048430019407B00254007400F0119087922
:10191000401E08712078401CC0B220700A2800D1F7
:101920002570A078401CA0700BF097FEE57070BD8C
:101930009448C079002800D08BE7704770B5914D6E
:10194000A86800280CD0FFF7F3FF002862D06022BF
:10195000A968FFF739FCFFF7CCFF0020A860EFE78C
:101960006879002856D0FFF774FF044681484C3050
:1019700001F0C2FA6060002804D17A4875A14A30AB
:1019800014F051FD606801F01AFB00280DD02046CC
:1019900007F00BFF6078010703D5C008C000401CAA
:1019A0002BE0744861684C302DE0724861684C301F
:1019B00001F0ABFA00F05AFB00282BD1FFF749FFEA
:1019C00004466C4801F098FA6060002804D1332086
:1019D00060A1000114F027FD606801F0F4FA00280E
:1019E00014D060680088608020460AF0CCFD6078E2
:1019F000010706D5C008C000801C6070FFF779FFA2
:101A00009EE75C48616801F080FA99E7594861688F
:101A100001F07BFA70BD10B55B4CE160A0605B48E3
:101A200000F032FC607010BD57490020087070470C
:101A300070B5574E0546706A94B00C46401C04D1F0
:101A4000B06AC0430004000C0BD0306AC007C00F5E
:101A50002870706A14F0DBFBB06A2071000A6071B4
:101A600014E02B206946087009A9684601F07BFA4A
:101A7000002804D03B4837A17E3814F0D4FC012064
:101A8000287006220AA9204614F04FFB2878002867
:101A900003D06079C0210843607114B070BDF0B507
:101AA0003B4C0646206895B00D4637460837401C2B
:101AB00008D16068401C05D1A068401C02D1E068D4
:101AC000401C11D02068314614F0A1FB6068311D24
:101AD00014F09DFBA068394614F099FBE06831468C
:101AE0000C3114F094FB25E02B206946087009A9FD
:101AF000684601F038FA002804D01A4815A1553874
:101B000014F091FC08220AA9304614F00EFB2B2099
:101B10006946087009A9684601F025FA002804D032
:101B200010480CA14E3814F07EFC08220AA9384651
:101B300014F0FBFA20692E460836401C08D1606973
:101B4000401C05D1A069401C02D1E069401C33D083
:101B500020691FE07372635C686F73745F636F72F8
:101B6000652E6300C3020000F866010094010020A6
:101B70003D170000640800206E524635313832327D
:101B800000000000E8030020240000203D190000B0
:101B900080000010294614F03AFB6069291D14F0FA
:101BA00036FBA069314614F032FBE06929460C315E
:101BB00014F02DFB15B0F0BD2B246846047009A964
:101BC00001F0D1F9002803D0F649F74814F02BFCB6
:101BD000082209AF28460AA914F0A7FA684604703B
:101BE00009A901F0C0F9002804D0EF48ED49C01D53
:101BF00014F019FC0822391D304614F096FAD9E782
:101C000070B5EA4C0546A068002804D0E648E549CE
:101C1000563014F008FCA56070BD10B50146E448CC
:101C200001F073F9E1498879401CC0B2887101283C
:101C300003D1E048407800F04BFB10BD70B504467E
:101C4000DD4816460D46814204D1D748D549CB30F0
:101C500014F0E9FB012E05D0D348D249DA3014F054
:101C6000E2FB70BD6620207000202072A58101205B
:101C7000A07370BD70B515460C460646FFF758FEBA
:101C800000280CD066210170468001210172216874
:101C90000161A18881820573FFF72BFE70BD1321BE
:101CA000304608F09FFD70BDC2494968884201D2A4
:101CB00010207047072101700020704770B5BD4C9F
:101CC00005462078002694B0002801D00820E4E6DC
:101CD000BA4A6260954201D21020DEE668680028A8
:101CE00009D00921D82804D3C31C9B089B00834238
:101CF00005D00846D1E60720000268600EE0012109
:101D000009074B6B896B4B43AD49511A0122591A94
:101D1000D202891A814201D20421EAE700F050FF81
:101D20006178A06806F052F8E068401E07280BD8DA
:101D3000302269460A708870684607F007F9002863
:101D400002D009A806F07CFA2846FFF712FD012010
:101D500020703046A1E6F8B5044696480F46406824
:101D6000814208D3002C01D0844204D3E01C8008B7
:101D70008000A04201D01020F8BD8C488178002955
:101D800011D0398800914178602251430D18287B89
:101D90000C350007000F3B4600222946FFF776FD71
:101DA000060004D015E0002038800520F8BD002C86
:101DB00013D039880098814201D90C260DE028788B
:101DC0003B460007000F22462946FFF75FFD06004D
:101DD00005D00C2E01D0002038803046F8BD734C61
:101DE0006078401CC0B260700A2801D10020607089
:101DF000A078401EA07068784107490F01290ED0D5
:101E0000022906D003291AD066496E4814F00BFB4C
:101E1000E3E7C006E1D46868FFF7FFFEDDE764484A
:101E200069684C3001F071F86079401CC0B2607193
:101E30000128D2D15F48407800F04AFACDE7E07936
:101E4000401CE071C9E7604A10B5904209D3594A75
:101E50000124A4045268A04201D3904201D39142CC
:101E600001D2102010BD00F0FCFE10BD564B10B585
:101E7000994209D34F4B0124A4045B68A14201D3CA
:101E8000994201D39A4201D2102010BD022803D0FA
:101E9000102801D0092010BD00F009FF0028FAD059
:101EA000052010BD484B10B598420DD3414B01247D
:101EB000A4045B68A04201D3984205D3994203D39E
:101EC000002A03D09A4201D2102010BD00F015FF65
:101ED0000028FAD0072010BD10B50446354894B04C
:101EE0004068844202D2102014B010BD0F2008A90F
:101EF000087369460BA801F036F80028F4D168464B
:101F0000007A207068464089608068468089A08099
:101F10000020E9E710B500290BD0264A526891420B
:101F200002D30B68934201D2102010BD8A88002A88
:101F300002D001F05AFE10BD092010BD10B5224A92
:101F400094B091420ED31B4A01239B0452689942DC
:101F500001D3914206D3441E1E2C41D8994203D38B
:101F6000914201D21020BFE7012837D10878002420
:101F7000C007C00F002803D003206946887001E025
:101F80006846847038206946087009A9684600F0E0
:101F9000EAFF002804D041200CA1C00014F043FA4D
:101FA0002046A1E7541B000093020000E803002034
:101FB0006408002024000020FFFF0000001900201A
:101FC000000000200A040000008001007372635CBE
:101FD000686F73745F636F72652E6300072083E719
:101FE0000246203A1F2AF9D807F0F9FF7CE710B51E
:101FF0005F4A5268914201D2102010BD0246203A39
:102000001F2A02D808F065F810BD072010BD70B572
:102010000546584C0020207020464619544846601A
:10202000E01C80088000A04204D0FF2052491330F9
:1020300014F0F9F901200007C06AC0430006000E41
:1020400003D14E480068401C03D04D484D49301A1A
:10205000C862A8B20122214604F039F9002804D050
:10206000FF204549233014F0DEF970BDF0B595B07E
:102070003B2008A9087369460BA800F074FF0028EC
:1020800004D0FF203C496B3014F0CDF93E4E0024C3
:102090006D4630E02F19B87DC10706D0400704D443
:1020A00060004019C0880AF08DFB3848807900280C
:1020B0001FD0B87D80071CD560004019C088002261
:1020C00006210AF09CFB002813D03C2108A80173CC
:1020D00060004019C1886846C18569460BA800F0B8
:1020E00042FF06000BD0FF2023497F3014F09BF9FC
:1020F00005E0641CE4B268460079A042CAD83046C4
:1021000058E5F7B505460078002700090C463E461D
:10211000062804D0FF201849A83014F084F9287A42
:1021200000280ED0012814D0FF201349C93014F024
:102130007AF90298002C068001D027806680002062
:10214000FEBD02270926002C0ED0A889A080A87BFE
:1021500008E003271426002C06D02869E060A88A2E
:102160002082287B2072E4E702980680E7E70000DF
:102170002400002000190020CC1F000000100010D7
:10218000000000200005004004300000E8030020AB
:1021900010B56038030014F037FA0A060A0F131856
:1021A0001F252930353A0868FFF788FD10BD05C99D
:1021B0001146FFF7D0FD10BD0868FFF775FD10BD93
:1021C00005C91146FFF73FFE10BD4B6808788A68C5
:1021D0001946FFF74BFE10BD8A6809C91946FFF77B
:1021E00061FE10BD0868FFF777FE10BD08884A68D9
:1021F00080B21146FFF78EFE10BD05C91146FFF7EC
:102200009DFE10BD05C91146FFF7F1FE10BD01206E
:1022100010BD0120704700000E4A12680C498A4226
:102220000AD118470B4A1268094B9A4204D101B5EA
:102230000AF090FF03BC8E46074909680958084711
:1022400006480749054A064B704700000000000099
:10225000BEBAFECA7800002004000020001500204D
:102260000015002001203F49400608603E490860F3
:102270003E490A68FF231B029A4383121A430A60ED
:10228000384980390860704710B502460420384943
:1022900004E0C3005B181B79002B0AD00346401EE4
:1022A000C0B2002BF5D133A1432014F0BCF8FF20BD
:1022B00010BDC300CA50002259184A718A71012208
:1022C0000A7110BD2A4A0021C000801801717047B0
:1022D00010B50446042803D326A1522014F0A3F815
:1022E0002348E1000C182079012803D021A15320B4
:1022F00014F099F86079A179401CC0B2814200D0F5
:1023000060710120174940068031086010BD70B52A
:10231000164804250068164E0004800F1B4C022846
:102320001AD014A1692014F07EF815E02078C100BD
:1023300088190279012A07D1427983799A4203D018
:1023400042798271705880472078401CC0B220705A
:10235000042801D30020207028466D1EEDB200280D
:10236000E4D170BD80E100E080E200E018E400E02C
:10237000E00800207372635C736F635F7369676E5C
:10238000616C6C696E672E630000000034000020F1
:1023900010B5EFF31080C407E40F72B6D24841784D
:1023A000491C41704078012801D10BF07BF9002CC9
:1023B00000D162B610BD70B5CB4CE07800280AD1D0
:1023C0000125E570FFF7E4FF0BF074F9002804D055
:1023D00000200BF047F9002070BDC44865714560CE
:1023E000F9E770B5EFF31080C507ED0F72B6BE4C7C
:1023F0006078002803D1BEA18F2014F014F8607813
:10240000401E60706078002801D10BF04FF9002D5C
:1024100000D162B670BD10B5B348C178002904D0B0
:1024200000214171C170FFF7DCFF002010BD10B525
:1024300004460BF03FF9AC49C978084000D00120B0
:102440002060002010BDF8B50246A74C0026A671FA
:102450000820042101251027130014F0D5F80D08D9
:102460000A0C0E101214161E262123252800257191
:1024700022E0022001E021711EE020711CE02771A2
:102480001AE02020F9E7012616E0FFF781FF0BF0A4
:1024900011F90028FBD002260EE02171A5710BE096
:1024A0002771FBE7202000E040202071F6E7FF20A5
:1024B0008FA1763013F0B7FF0BF008F9002809D090
:1024C0000BF00AF9B04205D130460BF008F90028AC
:1024D000FAD02CE001208007C560894900224A60BB
:1024E000884A9661814B02225A608560864802695B
:1024F000D243D206D517026910231A4302610F4650
:102500006D1C00E020BF78680028FBD030460BF03F
:10251000E6F80028FAD0002D04D17B48026910218A
:102520008A43026171490220886000207860A079A6
:1025300000280CD00BF0BEF805460BF01BF8734AD0
:10254000002D02D0A260E06001E0E260A060002EF9
:1025500001D100F0A5F8F8BD10B504460BF0B0F8B5
:10256000002805D060490120C8704A78521C4A7082
:102570002046FFF768FF10BDF8B5614DA86800263A
:10258000012802D1AE600BF06DF86868012800D117
:102590006E6028680127544C012812D12E606079A2
:1025A000002803D000200BF05DF866712078002829
:1025B00007D00BF07FF8002803D0012080070761C7
:1025C000A770286901282AD12E6100F05FF8012048
:1025D00080074761A079002815D00BF06BF80090B8
:1025E0000AF0C8FF0099002901D0E16800E0A16865
:1025F000411A022901DA8A1C11DC0099002901D054
:10260000E06000E0A060FFF7C3FE0BF053F8002885
:1026100004D0012080070761A77000E02770E868F8
:10262000012812D100F032F800F030F800F02EF856
:10263000A078002804D1FF202DA1033013F0F3FE71
:10264000EE60A6702670FFF7CCFEF8BD10B5264CE4
:10265000E078002801D10BF029F80120810788617A
:1026600000F014F8A07800280BD0254CE068002872
:1026700003D10BF034F80028F8D10020E06000F01E
:1026800005F800201949C043886010BD08B55020E6
:10269000694608806A461088411E1180FAD208BD3A
:1026A000F8B5124819278760154900200860C860EE
:1026B0000BF000F8BE0701240B4D002802D0346156
:1026C000AC7000E02C70FFF763FE084847600D49CE
:1026D00028798863FFF7DAFFB461FFF7D7FF08496D
:1026E000002008617461F8BD38000020000300403C
:1026F0007372635C736F635F636C6F636B2E6300F5
:10270000000100400005004000ED00E0FFFFFF7FFA
:102710008107C90E002808DA0007000F0838800872
:102720002E4A80008018C06904E080082C4A80008E
:1027300080180068C8400006800F704710B50D2053
:10274000FFF7E6FFC4B20420C043FFF7E1FFC0B2C9
:10275000844203D023A11A2013F065FE26490120EC
:10276000486010BD0121254A48031060244B002217
:102770001A60244A5160244A1060244A11601F499B
:1027800080390860704701211C4A480310601F4AC5
:1027900051601B4A002111601B490860704710B549
:1027A00017490868012804D00EA1572013F03BFEFA
:1027B00010BD114880680022C0B20A600AF020FCF7
:1027C00010BD10B50E4801680029FCD0FFF7E7FFE7
:1027D00001200D494003086010BD000000ED00E03D
:1027E00000E400E07372635C736F635F68616C5F49
:1027F000726E672E6300000000D5004080E100E0AB
:1028000000D1004000D3004080E200E000D0004052
:1028100030B40121BC48C9020160CD1005604A03F3
:102820000260BA4803681B021B0A036004680023A5
:10283000240A24020460B6480468240A24020460BE
:10284000B448012444608460B34C23606360A36097
:10285000B24B19601D601A60B14B19601A600121FA
:10286000016030BC704710B40121A748CA02026061
:102870000B0203600C060460A64841608160A94811
:1028800041680029FCD1A4490020086048608860A4
:10289000A24802600360046010BC704701219F4899
:1028A000C9020160C91001607047002805D00128E5
:1028B00005D0022805D19C4870479C4870479C4829
:1028C000704710B59BA18B2013F0ADFD002010BD0B
:1028D00070B500219E4C9F4D9F4A8F4B002808D019
:1028E00001281DD0022822D092A1B32013F09BFD15
:1028F00070BD01200004A060A86011601960974BB2
:10290000C2039A60964A90607F4A00121060954810
:10291000016086480160944801609448017070BD70
:1029200001204004A060A8605160596070BD012082
:102930008004A060A8609160996070BDF8B594466D
:10294000834A8B4F834D00240126002808D001289C
:1029500032D0022840D077A1E82013F064FDF8BD02
:10296000891E0902090A0120000490603C64686025
:102970006C4A1164012B1DD000217C4A7D4B5170A3
:102980006146DC63DE637C4B5C6002249C60042453
:102990001C61744B3D31196073490E605F4B8915A2
:1029A00019606F4B58605E4801606C49C005486013
:1029B0001670F8BD0121E0E70120704E4004704F11
:1029C000012B04D13464506068603964F8BD9060B4
:1029D000346468603964F8BD01206A4E80046A4F2F
:1029E000012BF4D1EEE74F484068704770B54A4D6F
:1029F00028680026564C012806D1A068C00303D5DC
:102A000001200004A0602E606868012809D1A06838
:102A1000800306D501204004A0606E6001200BF009
:102A200041FEA868012809D1A068400306D501200D
:102A30008004A060AE6002200BF034FE70BD10B5C3
:102A40004A490878002818D00120444AC0079060FD
:102A5000434AC00B90602C4A00121060414A00208B
:102A60001060324A1060404A106008704A78002AAC
:102A700002D048700BF016FE10BD0320FAE70120CB
:102A8000424900060860704701202449000608609A
:102A9000704701203D4940050860704701201F49EB
:102AA00040050860704733490020C86388151B49FA
:102AB00008607047410A364AC005C00D5043801C6B
:102AC0005143400A0818704710B4324C430B63431B
:102AD0001B0C5C020C602E4C6343C31A2E485C0234
:102AE00058432B4B400D4343E31A0124DB032404DA
:102AF0001B191B1613700A681018086010BC704769
:102B000010B50BF0A2FE10BD80E100E008E400E08B
:102B100018E400E000B0004040B1004080E200E076
:102B200000E100E000B5004048B1004040810040B5
:102B300044B100407372635C72656D5F68616C5F85
:102B40006576656E745F74696D65722E6300000052
:102B500000B3004040B3004040B5004000F50140E4
:102B60000083004040850040008200404800002073
:102B700000B10040C08F00400085004004B100401B
:102B800004B5004008B1004008B5004000E200E094
:102B9000093D0000378600006F0C010010B50BF0F6
:102BA00040FE10BD00200449C8630120012181407E
:102BB000024A116000BF7047C01F004080E200E081
:102BC00010B50CF097FA0AF059F9FEF7DFFB12F096
:102BD00063FA0CF0F5FF0CF081FF10BD70B50C46E8
:102BE000054603F0D5FA214628460EF026F870BDBA
:102BF00070B50D46040012D0002D10D021012846DA
:102C000013F0F0FA10225449284613F08EFA524875
:102C100001210838018044804560002070BD0120FA
:102C200070BD70B54C4E00240546083E11E0716839
:102C300020014018817BAA7B914209D1C17BEA7BAC
:102C4000914205D10C22294613F042FA002806D001
:102C5000641C30888442EADB0020C04370BD2046FB
:102C600070BD70B50D4606000AD0002D08D03A4C54
:102C7000083C20886188401C884203D9042070BD2C
:102C8000102070BD3046FFF7CCFF002801DB401C50
:102C90000AE020886168000140181022314613F0D4
:102CA00044FA2088401C20802870002070BD70B538
:102CB00014460D001FD0002C1DD00021A170022849
:102CC00002D0102817D108E068782978000208435C
:102CD00011D00121A17010800BE02846FFF7A1FF61
:102CE000002808DB401CA070687B297B0002084399
:102CF0002080002070BD012070BD70B505461446CF
:102D00000E000AD000203070A878012807D004D91E
:102D1000114908390A8890420BD9012070BD002C56
:102D200004D0287820702888000A5070022008708B
:102D300010E0002C0CD049680001411810222046F8
:102D4000103913F0F2F9287820732888000A60738C
:102D500010203070002070BD540000205A4910B57A
:102D6000884207D301218904884205D3574909685D
:102D7000884201D2102010BD0146012006F0E4FA7D
:102D800010BD30B5044693B000200D4607901421C5
:102D90000BA813F029FA1C21684613F025FA6A469D
:102DA000112010770020507710780221084310700E
:102DB00007A80C90012008AA907245486A46108521
:102DC0000AA80B902088108460885084A088908482
:102DD000E088D084907FF9210840801C40084000A2
:102DE000907708209086108708A80F9010AA0BA94A
:102DF000684600F083FF002803D110A800882880CF
:102E0000002013B030BD3EB5044608206946088056
:102E10002D48844207D301208004844205D32B48E7
:102E20000068844201D210203EBD2146012006F0F8
:102E30008BFA0028F8D12088694688806088C8808D
:102E4000A0880881E088488107F05FF801AB6A46F6
:102E5000002101F0E1FB694609880829E4D003203C
:102E60003EBD1FB504460020029008206946088137
:102E700015480391844207D301208004844206D37D
:102E800012480068844202D2102004B010BD07F03E
:102E90003CF8014602AA0F4801F055FD0028F4D184
:102EA00069460989082901D00320EEE769460988A7
:102EB000218069464988618069468988A180694680
:102EC000C988E180E1E700000080010028000020BF
:102ED000042A0000FFFF000010B5031D036000205E
:102EE000521E04E05C181C60401C2346C0B2904295
:102EF000F8DB0020186010BD01460A680020002A97
:102F000002D0104612680A60704702680A600160C9
:102F10007047000000B51E2823D00BDC0C281CD005
:102F20001FDC030013F070FB090F1D111D1D171787
:102F300013151D00302814DD3A38030013F064FB2C
:102F4000030F11091100002000BD214800BD04201D
:102F500000BD0D2000BD0F2000BD082000BD1120C8
:102F600000BD032000BD10B50C4605F0EFFF0028A2
:102F70001ED0204605F064F9002816D022780E2ACB
:102F80000DD00F2A0BD0022A09D0032A07D0102A0D
:102F900009D010A17C2013F046FA002010BDA078C3
:102FA000FFF7B8FF10BD112010BD0AA18220F2E783
:102FB00008A18820EFE710B504F083FF10BD10B51D
:102FC00005F03EF910BD10B504F0D9FF10BD0000AA
:102FD000023000007372635C686F73745F686369CA
:102FE0002E63000070477047704770477047704706
:102FF00070477047704770477047704770470000D0
:1030000010FFFFFFDBE5B151008001006400FFFF0E
:1030100003B40148019001BD09000020002803D03D
:103020008178012939D101E0102070470188FE4ADA
:10303000881A914233D01BDCFC4A881A91422ED068
:103040000BDC00292BD00320C002081A27D001284E
:1030500025D001210903401A07E001281FD00228CA
:103060001DD0FF281BD0FF380138002815D116E0ED
:10307000FF220132811A904211D008DC01280ED0C3
:1030800002280CD0FE280AD0FF2806D107E001292B
:1030900005D0022903D0032901D0002070470F205A
:1030A000704700B50B2826D009DC030013F0ACFAFA
:1030B0000B1D2125251B25292325271F1B00112832
:1030C0001BD008DC0C2816D00D281CD00F2814D0DB
:1030D000102808D10FE0822809D084280FD0852835
:1030E0000FD0872811D0032000BD002000BD05208F
:1030F00000BDCF4800BD072000BD0F2000BD04204B
:1031000000BD062000BD0C2000BD0D20800200BDCA
:1031100070B500290BD0CB1FFA3B81241E46CDB2DF
:10312000112B1BD2012805D0022806D009E000206F
:1031300010701DE0FF20043001E0FF2003308142C9
:1031400018D0330013F060FA111613131613161665
:103150001316161613131313161316000846FF380A
:1031600081381F2803D9FF39FE39022902D815708A
:10317000002070BD1470072070BD00B5030013F06F
:1031800043FA060406040C080A0C002000BD1120B6
:1031900000BD072000BD082000BD032000BD007851
:1031A0000207120F04D0012A05D0022A0AD10EE02C
:1031B000000907D108E00009012805D0022803D042
:1031C000032801D0072070470870002070470620B0
:1031D0007047002807D0012807D0022807D003280D
:1031E00007D007207047002004E0112002E02120D2
:1031F00000E0312008700020704738B50C4605000B
:103200004FD06946FFF7CBFF002822D12088032149
:1032100089028843694609788907090D0843208097
:103220006946681CFFF7BBFF002812D121880320E4
:1032300000038143684600788007800C01432180A9
:10324000A8784007820F2020012A03D0022A03D049
:10325000072038BD814300E00143218088B2010589
:10326000890F08D0012189038843A9780907C90F6C
:1032700089030843208080B28104890F0AD0A9788D
:103280004004C906C90F400CC903084320808004CC
:10329000800F02D12088400403D5208840210843B4
:1032A0002080002038BD70B50446002008801546F7
:1032B0006068FFF7A2FF002815D12189A08981420B
:1032C00010D861688978C90708D00121490288426D
:1032D00008D8491C12F0A3FF298009E0FF21FF3123
:1032E000884201D90C2070BDFF30FF3003302880A8
:1032F000002070BD10B5137804785B08E4075B000C
:10330000E40F23431370FD2423400478A407E40F43
:10331000640023431370FB24234004786407E40F04
:10332000A40023431370F724234004782407E40FF8
:10333000E40023431370EF2423400478E406E40FF1
:10334000240123431370DF2423400478A406E40FF0
:103350006401234313700078BF244006C00F23404C
:10336000800103431370002906D00878C10701D1FA
:10337000800701D5012000E00020C0015906490E58
:103380000843107010BD30B50A8803239B020488DF
:103390009A4323059D0F02D1A3049C0F01D09B0FDC
:1033A00000E001239B021A4303230A801B039A4374
:1033B00003889804840F02D11805830F01D0800F71
:1033C00000E00120000302430A8030BDF3B593B052
:1033D0000D000FD0139800280FD01221284612F0AC
:1033E00001FF03AAFF21012003F0E7F8002426468D
:1033F00037467AE0102015B0F0BD0720FBE768469D
:10340000807D01280BD16846818A0520C002081AF8
:1034100010D0012810D0022812D0032812D0042C7A
:1034200014D0052C15D113E002290000012800005A
:1034300003300000012400E002246846468A08E0C8
:10344000032406E068460424478A02E0052400E0DD
:1034500006246846418A1398814246D12C74002E76
:1034600041D00DAA0EA905200292019100901023CF
:103470000022FF21304603F041F9002823D168469D
:10348000808E2A46C0B20EA9FFF711FC00281AD17F
:10349000AE81002F27D00DA9052008AE0291009023
:1034A000132300220196FF21384603F027F9002854
:1034B00009D16846808EF11CC01EC0B22A1DFFF7DC
:1034C000F6FB002801D0032095E708A88178427810
:1034D00008021043E881062C05D16846807DA87259
:1034E0006846808A2881002085E703A803F06EF8EB
:1034F000002884D0FFF7D5FD7DE7002805D0F94AE4
:10350000012903D0022903D003207047518800E02D
:103510009188814201D1002070470720704770B523
:103520000C4605461C21204612F05CFE002020803F
:10353000002D08D0012D04D0EBA1F04812F073FF4C
:1035400070BD062000E00520A07070BD70B592B07F
:103550001546064601206A461071107453740846D9
:1035600008300395029048889082FEF7E1F9040044
:1035700019D06580172069468883203600940AABED
:103580007178023307AA01A80DF05FF9064660784A
:10359000000701D5FEF7ADF9002E0AD03046FFF73F
:1035A000ECFD12B070BD1321284607F01BF9032073
:1035B000F7E708A800906846838B0422012128467B
:1035C00008F035FEEDE770B506468AB000200D46DE
:1035D00007900590069003A90490052402460291E5
:1035E0000190102300942946304603F087F8002804
:1035F0000DD108A804A9009102900194684683891E
:1036000000222946304602F095FE002801D0FFF73F
:1036100048FD0AB070BD10B50DF01DFB10BDF0B532
:1036200089B000260546059600780C460827030059
:1036300012F0EAFF0CFD070C3A0B77779EC2FCD81C
:10364000E8FD68680A38FEF7E8FA0DE1A88800236B
:1036500080B201220321009009F08CFA0290002C24
:1036600004D0A648A0A16E3012F0DDFE029800281A
:1036700004D1A2489CA16F3012F0D5FE02980099A7
:1036800008300CF017FDFEF753F9040007D06078FE
:103690003843607000986080FEF72BF9E6E0132154
:1036A000009807F09FF8EFE0002C04D1BD208EA118
:1036B000800012F0B8FE608800230122032109F087
:1036C00059FA0090002804D18C4887A1883012F064
:1036D000AAFE0099002008802A7994461EE0C300C3
:1036E0005B199B6807936B469B8B1A0708D5DA0614
:1036F00006D56046C20050194038C08F088006E0E9
:103700005B0409D50871C2005019C08848806078F0
:10371000384360700226A7E0401CC0B28445DED862
:10372000A2E0E888694608800090002C04D1734824
:103730006DA1983012F077FE2878062814D10098F1
:10374000C00B11D0608800230122032109F012FA76
:10375000060004D1694864A1A23012F064FE002082
:103760003071A88870803BE06078384360707BE0FF
:10377000002C04D161485CA1B43012F054FE608882
:1037800000230122032109F0F5F90090002804D15B
:103790005A4855A1B73012F046FE009808300DF097
:1037A000ACFA0121484002D1E888C00B5CD00098F7
:1037B00061880226C180D7E7002C04D14F484AA176
:1037C000D03012F030FE608800230122032109F07E
:1037D000D1F9002804D1494843A1D33012F023FE87
:1037E0000226C1E7002C04D144483FA1DC3012F08E
:1037F0001AFE0226618801222046FEF71FFA0120E8
:103800000590B1E7A889002380B20122032100902E
:1038100009F0B0F90746002C04D0384832A1EE3048
:1038200012F001FE002F07D12FA101E00FE016E0FA
:103830003248EF3012F0F7FD686802902889694637
:103840008881012202A90098FEF714FA0CE0002CEE
:103850008AD16D2024A1C00012F0E5FD84E727483D
:1038600021A1FE3012F0DFFD002C0DD060780007A2
:103870000AD50598002807D18420207020465822B8
:1038800029460830FDF7A0FC304609B0F0BDF7B579
:103890000C460546007A224688B00A320292921CF3
:1038A00004920027811E16323E4601920B0012F050
:1038B000ABFE08F605F548488DD1F4F5688800237D
:1038C0000122032109F056F90190002803D106A135
:1038D0000B4812F0A8FD01980088002812D052274A
:1038E000072601E1000900207372635C676174744C
:1038F000735F636F72652E63000000006F0200004B
:103900008603000051271E26002C7DD06888A080E9
:103910000120A071019802990079C0004019C08966
:10392000FFF754FD002870D101980079C0004019BC
:10393000C089208101980079C0004019408AA08385
:10394000F2E0698A0091062820D1E889C00B1DD0D9
:1039500008462230512786B2002CD6D0A889049977
:10396000FFF734FD002873D16888A0800220A07181
:10397000A88920810120A072288AE08300982084F1
:103980006969009A019812F0D0FBCDE0084620301A
:10399000502786B2002CB8D0A8890299FFF716FDEF
:1039A000002855D16888A080A889E080287A062858
:1039B0000AD002202072288AA0830098E083204643
:1039C00069692030009ADEE70120F3E76888002368
:1039D0000122032109F0CEF80690688A009006982B
:1039E000002803D1FD49FE4812F01DFD069808305D
:1039F0000DF083F90121484002D1E889C00B26D09F
:103A00000098223086B201E073E021E05127002CBB
:103A100079D06888A080A8890499FFF7D7FC00288E
:103A200016D10220A071A88920810420A072288AC2
:103A3000E083009820846969009A019812F075FB70
:103A40000699002008710698A98941806CE003203E
:103A50000BB0F0BD688805F0D2FB019068880023A8
:103A60000122032109F086F800900198002804D172
:103A7000DB48DA492C3012F0D6FC0098002804D13B
:103A8000D748D6492D3012F0CEFC0098D549C088D1
:103A9000884205D05127222604E01EE03FE035E0B1
:103AA00050272026002C2ED06888A080502F07D0C9
:103AB0000220A0712146287B0831FFF730FD33E05A
:103AC000287BA11DFFF72BFD6A8800230099019830
:103AD000FFF73CFD0028BBD126E0C349A889C9886F
:103AE000814207D154270626002C0CD06888A0807C
:103AF0001AE008E053270826002C04D06888A0802C
:103B0000A889E08010E00A98068013E05527072670
:103B1000002CF8D0A889A0800020A07104E08D209E
:103B2000AE49C00012F07FFC0A98002C068001D03C
:103B30002780668000208BE7AB4900200870704723
:103B400030B585B00C4601F0E0F90546FF2804D1F8
:103B5000A348A249953012F066FC00202080207115
:103B60006080401EE0802046294608300CF096FA1E
:103B70006A462946012002F020FD102412E0684622
:103B8000808800070ED56846C0882946FFF71BFDD0
:103B900068468188FF2321438180C0882946019A95
:103BA00002F036FE684602F011FD0028E7D005B0AD
:103BB00030BD0A46014610B5104608300CF082FAB6
:103BC00010BD70B5002305461A46032108F0D2FF48
:103BD000040004D182488149B73012F024FC204609
:103BE000294608300CF066FA70BDF0B591B00C466D
:103BF000074605F004FB050005D02878222804D2EA
:103C0000082011B0F0BD7948FBE700231A460321D4
:103C1000384608F0AFFF0646002C02D0A0880028E6
:103C20000CD00120694608710220087400204874F5
:103C3000002C05D0A0880883206802E00920E0E776
:103C4000088305903046083003970290FDF770FE18
:103C5000040018D0678017206946888320350094B7
:103C60000AAB6978023307AA01A80CF0EEFD0546FD
:103C70006078000701D5FDF73CFE002D09D02846ED
:103C8000FFF77BFABDE71321384606F0ABFD0320B2
:103C9000B7E708A800906846838B042201213846C4
:103CA00008F0C5FA0021C943F180AAE7FFB585B045
:103CB0000E9E7788384605F0A2FA054600231A467C
:103CC0000321384608F056FF0446002D03D143492E
:103CD000474812F0A8FB002C04D145483F49401C3E
:103CE00012F0A1FB0834089869460394C1C105A8E5
:103CF0000DC8203569780CF017FAC6E5F0B5044612
:103D0000002099B00D4601460D9010A881811646FD
:103D100001818180344A68469180018510A8018024
:103D200068460187818581841078012808D002289F
:103D300006D0032804D0042802D0082019B0F0BD12
:103D40002C4A944273D32C4F0121890438688C4249
:103D500001D3844278D3274A954275D3012189043F
:103D60008D4201D385426FD36168002913D0214A67
:103D7000914269D301229204914201D3814263D3DB
:103D800060892189884203D801225202914201D9D7
:103D90000C20D3E70D9016AA0EA92846FFF783FA48
:103DA0000028CBD1686880784007800F02280AD1AC
:103DB0006846008F8004800F05D02869002802D053
:103DC0003968884240D30AA92069FFF716FA00280B
:103DD000B4D1206900281CD060780FE0E8380000DA
:103DE000EE030000FFFF0000000900200230000089
:103DF0000C050000008001002800002080076846B4
:103E0000008D03D58004800F68D002E08004800F0D
:103E100064D16846008D810618D58004800F6068E3
:103E200006D0002812D0396888420DD302E00BE09A
:103E300000280BD0FE49884206D30121890488421C
:103E400004D33968884201D2102077E709A9606954
:103E5000FFF7D3F900289CD16069002808D0684694
:103E6000808C0105890F012938D18004800F35D05D
:103E70000BA9A069FFF7C1F900288AD16846808C98
:103E800080062BD46846808D810627D4A16900293D
:103E900006D00105890F012920D18004800F1DD093
:103EA000E068002804D00078002817D01C2815D21C
:103EB00004AA611C2046FFF71DFA0121890210A8FF
:103EC0000180012768468773DA49818104AA033299
:103ED00017A92868FEF711FF002801D007202DE759
:103EE00010A8007F15A9C01CC2B200200C9201903E
:103EF000FF32009003460291FF3203A8033210996B
:103F000002F0B3FA002826D110A9888A0F902A89D6
:103F10002969C94801910092029010A90A8B6B8906
:103F200028680E9902F0A1FA01007DD1C24800254F
:103F3000001F818868464174090A8174052104A81C
:103F40006A4623C210A82A46FF21808A0C9B02F0F1
:103F5000F1F9002802D0FFF7A4F8EFE66846007CEC
:103F60000322C1090020920290430122920280188C
:103F70001490002928D0014610A801806846292104
:103F8000877309028181058608A8007C0023410807
:103F900060784900C007C00F014308A80174FD20E4
:103FA00001406078A54A8007C00F4000014308A87F
:103FB00001740CA9022001910090029503A81099A8
:103FC00002F053FA01002FD16068002828D0206940
:103FD00000280DD10AA90EA8FFF7D5F9607880074F
:103FE00006D46946088D032109038843694608857C
:103FF000904968468773FE31818190492089891EE6
:1040000012F00DF962680D9811AB019200900293C5
:104010000A46002303A80A9902F027FA010003D1F7
:104020002078C10603D400E086E080062AD56846E1
:104030000586606900280DD109A90EA8FFF7A3F92C
:104040006846818C03208002814301208002091888
:10405000684681846946888CC821084369468884FB
:1040600074488F73FF30888112AA0CA90220029233
:10407000019100900023714A03A8099902F0F5F913
:10408000010059D12078C00729D068460586A0696B
:1040900000280DD10BA90EA8FFF775F96846818D90
:1040A000032080028143012080020918684681852F
:1040B0006846818D40200143684681858773604949
:1040C000818113AA0CA90220029201910090002381
:1040D0005A4A03A80B9902F0C8F901002CD1E068F4
:1040E00000282DD010A8149901805549684687737F
:1040F000491C8181E16808A80A78027449784174F2
:10410000E0684122418868464186E06800230179E1
:1041100008A80175E068D200C18808A84175090A9D
:1041200081750CA8072101900091029503A81099B0
:1041300002F09BF9010003D00F9800F0EAFEFDE5C4
:104140003D480321001F0170002E0AD08088308076
:1041500010A88088708010A80089B08010A880897D
:10416000F0800020EAE530B501248BB015460B46FF
:10417000012802D002281CD104E06846052184737E
:10418000C90203E02B4968468473891E8181002B94
:1041900012D003210020890288430121890240189E
:1041A0006946888405AA04A91846FEF7A6FD0028DA
:1041B00004D007200BB030BD1020FBE76A46127C0C
:1041C0001D480092801E05A9FF3201910290FF3226
:1041D000002303A80332099902F047F9002802D00E
:1041E000FEF75FFFE6E71448001F002D01D041886D
:1041F000298004700020DDE770B592B004460126E6
:1042000008A886700F496846018410AA08A930469C
:10421000FFF7A9FF00284DD12078074DC0070024E3
:104220002D1F002848D01C21684611F0DDFF0BE04F
:1042300000800100032800000409002003020000A0
:10424000032900000118000068460178202001437E
:104250006846017008A88670F9496846018411947F
:104260000794817FF92001406846891C81770020EE
:1042700001466846017700200146684641770421DF
:104280008185C485018607A80A9011A80D9008A809
:1042900009900EAA09A96846FFF730FD002809D148
:1042A0006846008FE8806846808F2881401C6881BE
:1042B0002C70002012B070BDEC802C8110A80088FA
:1042C000F4E7F7B5DF4900260A789EB0012A04D04A
:1042D000022A02D0082021B0F0BD4A88824201D0D3
:1042E0000620F8E71F98824201D10720F3E7012258
:1042F00010A98A75D4488882002003239B020146B6
:1043000099439302CB1810A90B8669468A81CF4A3C
:10431000CA8118A9887110A9888419A904916946CD
:10432000CA820690FF20087503A802F072F90024E3
:104330002546274608AA052103A802F06DF90028A2
:1043400010D082286FD1002C6FD0002D6DD010A816
:104350008480C5800021017418A8807B11AC0128DD
:1043600065D06DE008A88079002F21D0012857D1B1
:104370006846818CB44881421CD113AA0DA905203E
:104380006B4607C36846408C10230022FF2102F0D1
:10439000B5F9002868D110A88089042801D0062822
:1043A0004CD16846818E1F98814239D10F2092E707
:1043B000012835D16846808C0521C902884202D087
:1043C000491C88422CD19F4841886846408C8142D4
:1043D00001D1012700E00027002C01D0002D10D0D2
:1043E0001F9988421CD113AB0DAA05216E460EC63B
:1043F000044610230022FF2102F080F9002833D167
:1044000001E035460CE010A88089022801D0102870
:1044100014D1C0B21BAA0DA9FEF749FC00280DD18A
:104420006846468C86E71FE0FFE7052053E714A99E
:104430001BA8221DFEF761FC002801D003204AE7DB
:1044400010A8007C0023001DC2B210A8027420989E
:1044500002900194009215A81C9902F006F8002819
:1044600002D1784902220A70FEF71BFE33E710B52D
:104470000B46401E86B084B203AA00211846FEF700
:1044800039FF04AA052103A802920191009001239B
:104490000022FF21204601F04DFF04466846008AB5
:1044A000012804D06D206A49000111F0BCFF2046AC
:1044B000FEF7F7FD06B010BDF0B5624F0446387840
:1044C00087B00E46032804D0042802D0082007B085
:1044D000F0BD04AA03A92046FEF7E5FE0500F6D1CB
:1044E000606880784007800F02280DD16846808977
:1044F0008004800F08D02069002805D0554909683C
:10450000884201D21020E2E7208905AA6B46216982
:1045100007C369460A8A63892068039901F0A5FFE9
:10452000002802D0FEF7BDFDD1E7002E02D068467C
:10453000808A3080042038702846C8E738B50C00DF
:10454000054609D000236A46FF2102F039F9002808
:1045500004D0FEF7A6FD38BD102038BD69462046C0
:10456000FEF74BFE0028F8D1A078FF21C307DB0F30
:104570002846009A02F04CF9EBE73EB50C0009D052
:1045800002AB6A46FF2102F01BF9002804D0FEF7B7
:1045900088FD3EBD10203EBD0321204611F022FEC5
:1045A0006846008801A90005800FFEF712FE00286A
:1045B0000BD16846007920706846008801A9800404
:1045C000800FFEF706FE002801D003203EBD68469E
:1045D00000796070A278EF20024068460088C10B25
:1045E00009010A43F7210A404104C90FC9000A43DF
:1045F000A270F9210A40800601D5022000E00120C6
:10460000400069460243097A50084000C907C90FB3
:104610000843A07000203EBD7FB5144605220192DC
:1046200003AD029500930A462388FF2101F082FE24
:10463000694689892180FEF734FD04B070BD000011
:10464000052A00000009002002280000FFFF0000EA
:10465000E838000028000020F3B5002799B068462C
:104660000C4607873D4600291ED0E068002806D08A
:10467000A068002818D001886A4611870780199819
:1046800004F0BDFD002812D0007822287ED31998AE
:1046900000F03BFC002300901A460321199808F013
:1046A00069FA060009D104E010201BB0F0BDFD48F6
:1046B000FBE7FD49FD4811F0B6FEA078012803D0C4
:1046C000022801D00720F0E72088002808D0401EEB
:1046D00080B203AA009901F070FF002859D11DE0B3
:1046E000F048401CE1E76946498A228891420BD292
:1046F0006846807D0025012810D16846808AEC49F3
:1047000088420BD1012509E0914203D1002D2AD026
:104710006D1C01E0022D0BD0032D04D203A801F083
:1047200055FF0028DFD082281BD0002831D11DE0A2
:104730006946897D0129F1D16946DD4B8A8A5B1E74
:10474000D11A9A420FD005DCDA48101A0BD0012892
:10475000E4D108E0012906D0FF390129DED1032583
:10476000E1E7022D15D10D2080029EE7E0680028C8
:1047700016D00EA9052202910192009069460B8F76
:10478000A2882088FF2101F0D5FD00E01EE000286E
:1047900002D0FEF786FC88E76846A168008F088093
:1047A0006846008AC00601D5C3487EE707980028FE
:1047B00003D06846008B022801D0032075E70798D4
:1047C000A1780078012903D0800710D408206CE775
:1047D000C007FBD000220721199808F010F8002824
:1047E00002D00725022004E0AE48801C5DE70225C8
:1047F000032008A908702188684681851998083621
:104800000A90099617216846818712AB02330FAAD6
:10481000052108A800970CF018F8002802D0FEF730
:10482000ACFC42E710A800906846838F042229461A
:10483000199807F0FCFC38E770B5064615460C469B
:104840000846FEF7EBFB002804D12A4621463046F5
:10485000FFF789FCF2E610B5FFF733FD10BD70B528
:104860001E4614460D0014D0002C12D06168002999
:104870000FD00121FEF741FE002809D12068FEF784
:10488000CDFB002804D1324621462846FFF736FAF0
:10489000D4E61020D2E670B515460C000ED00221E9
:1048A000FEF72BFE002808D12068FEF7B7FB002892
:1048B00003D129462046FFF7FFFDBFE61020BDE6E5
:1048C000F8B506467D480D46016814468A4231D344
:1048D0006068002808D07A4A90422BD301229204C3
:1048E000904201D3884225D37648864204D0304690
:1048F00004F085FC00280CD0304600F006FB06468C
:10490000284600F0BFFA002804D16068002802D0D1
:1049100012E06448F8BD00236A463146284601F09B
:104920004FFF002802D0FEF7BCFBF8BD68460088A8
:10493000800601D41020F8BD6188224628466368AD
:10494000FFF76AFEF8BDF7B55C4E0746306886B0E3
:104950001446824202D2102009B0F0BD384600F061
:10496000D4FA05465748874201D0FF2D08D00023CE
:1049700004AA2946079801F023FF002826D101E068
:104980004848E9E76846008AC00601D54A48E3E797
:1049900003A9002002910527019000976288494BE6
:1049A0002946079801F0AAFE00280FD161683268F5
:1049B000914208D30191029000972388628829468A
:1049C000079801F09BFE694689892180FEF769FB03
:1049D000C2E7002907D03C4B0A881B899A4202D8BB
:1049E0003048401C704737E610B586B004236C464B
:1049F000A382354BDC88002C07D01B898B4201D267
:104A0000914204D92748401C54E5062052E56B46E4
:104A100019825A820021009101911C800221997013
:104A200005A9029104A903916946FFF715FE41E526
:104A3000F3B50C4685B0812069460873002C1BD065
:104A4000059804F0DCFB070018D03878222869D3D9
:104A5000059800F05AFA049000220121059807F009
:104A6000CEFE00280CD000231A460321059808F03A
:104A700081F805000AD105E0102028E5094826E55F
:104A8000112024E50849114811F0CDFC28460830D2
:104A90000BF032FB06462078012819D0022838D0C6
:104AA000072014E502300000E8380000E1080000AB
:104AB0000328000000280000013400002800002026
:104AC00000800100FFFF000000090020840A0000B0
:104AD000A18803AAFEF71CFB0028CED1B00721D580
:104AE0006846007B00281FD1A079C0071CD0E06871
:104AF000002205216B4607C36389228968880499CF
:104B000001F018FC6946087300280DD0FEF7C9FAB9
:104B1000DDE4A18803AAFEF7FBFA0028ADD134201A
:104B2000064201D10820D2E46846037B2946384674
:104B3000059AFEF70BFDCAE4FFB597B0002001907F
:104B40001F4615460C460E46179804F058FB0028E1
:104B500004D00078222803D20820A6E5F448A4E572
:104B6000B80801D00720A0E5032F00D1002717982F
:104B700000F0CBF90890002C1BD0022D77D3ED4824
:104B8000006884427CD361190091012902D0491E3A
:104B9000814275D3AD1EAAB22146E74810F036F81F
:104BA00000991E394A7F0B7F11021943884267D151
:104BB000ADB2E248B90702D50189491C00E00121E4
:104BC00089B20091F90701D0078900E0DA4F03AA02
:104BD0000899009801F0F1FC0DE0F078B17800023E
:104BE000084310284CD80199091D401880B2019043
:104BF000A84245D82618002E60D07078317800027F
:104C0000084300998842E8D358E06946098A0A07B0
:104C100054D5002C3FD0019AA618121D92B20992C9
:104C2000F278B37812021A439446102A28D8099AC7
:104C30006244AA4224D87278337812021A4390420E
:104C40001ED1C8061ED509980AAA052120186B4650
:104C500007C3707831780002084363460022089940
:104C600001F068FB002803D0FEF71BFA1DE507E002
:104C7000F078B178000208436946098D884201D076
:104C80000B2012E5F078B17800020843099940182A
:104C900080B2019006E0C90604D50899FEF793FC9E
:104CA0000028E3D16946088A1021884369460882B2
:104CB000488AFF23049A089901F0AAFD03A801F08D
:104CC00085FC002803D16846408AB8429DD900235C
:104CD0001A460321179807F04DFF040003D19849A5
:104CE000984811F0A0FB20880028BFD0012108A817
:104CF00001700173002646732188684601862046AC
:104D00000830099017980A90FCF712FE05001BD096
:104D10001798688017206946888010AB023301AA73
:104D2000052108A800950BF090FD0746687800075C
:104D300004D584488249223011F075FB002F09D038
:104D40003846FEF71AFAB0E41321179805F04AFD29
:104D50000320AAE40EA8009068468388042201215B
:104D6000179807F064FA00288BD126809DE4F0B5EF
:104D700000248DB01F4615460E46002A04D0B908FF
:104D800004D007200DB0F0BD1020FBE7032F00D1A9
:104D9000002700F0BAF80390FF2804D06749B8074D
:104DA00003D5488902E06248ECE70120FA0702D007
:104DB0004989491E00E0604906AA8FB2039901F0B3
:104DC000FCFB38E06946898B090734D504AB052123
:104DD0000022029300910192574B039901F08EFC3F
:104DE000002821D1002E21D06A46128A2988A218D3
:104DF0003019121D914234D36946CA8B0270120ACF
:104E000042700A8A8270120AC27004A90522001D2B
:104E10000092029101906946C88B0B8A0022039987
:104E200001F06CFC002801D00320ABE76846008A43
:104E30002018001D84B206A801F0C8FB002804D089
:104E4000822806D0FEF72DF99CE76846C08BB84251
:104E5000B8D9002C07D0002E10D02988A01C814280
:104E600003D20C208EE705208CE7224631463248DB
:104E70000FF0CCFE31190870000A4870A41C2C8079
:104E800000207FE700B585B06946FEF79FFA00284D
:104E90000AD16846007C030011F0B6FB08052F2FED
:104EA0002F2F08080531032005B000BD6846807823
:104EB000012807D1684600880321C902401A1CD086
:104EC00001281AD068468079012806D16846808872
:104ED00015214902401A05280FD96846807A012811
:104EE00011D16846018929200002081A05D002283C
:104EF00003D0032801D0042805D10F20D4E712A144
:104F0000164811F090FA0020CEE710B507F028FE01
:104F100010BD10B50C4601F023FB002803D00AA1F8
:104F20000F4811F080FA2046FEF7BBF810BD0000D4
:104F30000230000028000020FFFF000000090020D0
:104F4000E83800003F0B00007372635C67617474A3
:104F5000735F636F72652E63000000002202000021
:104F6000BB060000F8B500780C46164610340E3625
:104F7000069F022809D0032836D005287ED0FF20BE
:104F8000F6A1E53011F04FFAF8BDCD890A2068434B
:104F90000E30188031203880002AF5D0087B9581AA
:104FA000801FC7B21AE020886168308048780A788C
:104FB00000021043F080C8788A78000210433081E4
:104FC000B21C3846091DFDF772FE002F01D00028E3
:104FD00002D000203071708008340A3628466D1ED9
:104FE000ADB20028DFD1F8BDCD890A2068430E306C
:104FF000188032203880002AF5D0087B9581401F28
:10500000C7B243E0616822880878F2803279C3072A
:1050100052085200DB0F1A43FD231A408307DB0FAF
:105020005B001A43FB231A404307DB0F9B001A4324
:10503000F7231A400307DB0FDB001A43EF231A4064
:10504000C306DB0F1B011A43DF231A408306DB0F65
:105050005B011A43BF231A404306DB0F9B011A432F
:105060003271C00970718A784B7810021843308110
:1050700032463846C91CFDF71AFE00E00CE0002855
:1050800002D00020B070308008340A3628466D1EE9
:10509000ADB20028B6D1F8BD087BCD89801E86B29E
:1050A0003046083068431030188034203880002A99
:1050B000F1D0174695811037E800D681C0190090CD
:1050C0000DE020883880009878603246616800984A
:1050D00011F02BF800980834801908370090284602
:1050E0006D1EADB20028ECD1F8BDFFB581B00A9DB0
:1050F0001E460C46002A05D0607AFF300130D08071
:10510000E089108101980E270078030011F07CFAE5
:105110000B7E0719293541536C7878787E00009210
:10512000087B082805D0032803D091A1954811F0E9
:105130007AF9378030200FE000990020888105B08F
:10514000F0BD0092087B042804D08E4888A114305A
:1051500011F069F937803120288000980028EBD1C0
:10516000EDE70092087B042804D0932080A1800002
:1051700011F059F937803220EEE70092087B0228BF
:1051800004D080487AA13A3011F04DF937803320AD
:10519000E2E7087B1746042804D07A4874A14C3013
:1051A00011F041F91020308034202880002FC6D023
:1051B0000020B88116E0207B1746052806D0062877
:1051C00004D070486AA1603011F02DF912203080AF
:1051D00035202880002FB2D0E089B88100203882A5
:1051E00001984088F881AAE70092087B072804D03C
:1051F00064485FA1713011F016F937803620ABE7B3
:1052000033460095019800F00EFC98E72F2053A13B
:10521000000111F008F992E770B50C46054603F05D
:10522000EEFF002804D00078222803D2082070BDA9
:10523000554870BD00231A460421284607F09AFC01
:105240002060002801D0002070BD032070BDFFB594
:105250008BB00D4607461720694608850E98032631
:105260001446002805D10EA93846FFF7D5FF0028BF
:1052700034D1002D0BD000220321384607F0BFFAAD
:10528000002834D00E980078002830D108E020782B
:10529000092819D00F2823D030A13C4811F0C3F8B9
:1052A0000E98A760801D03AA606002320AA92046FA
:1052B00000F00FFC002827D0030011F0A5F9071A11
:1052C000182323211C1E23000726002231463846BE
:1052D00007F095FA0028E3D12B48801C0FB0F0BDF1
:1052E00000220321384607F08AFA0028D8D111207D
:1052F000F4E70020F2E70820F0E72348401CEDE740
:105300000720EBE70320E9E701A800906846038D3A
:1053100004223146384606F08AFF0028DED1002DEF
:10532000DCD00E990D70D9E730B587B01D460C461C
:10533000002A11D0042369460B7013888B81528890
:10534000CA81A2788A7422880A8200236A46294682
:10535000FFF77DFF07B030BD1020FBE77372635C81
:1053600067617474635F636F72652E630000000091
:105370007372635C67617474635F636F72652E63DD
:105380000000000025020000023000004F03000072
:10539000F3B581B001980C4600780826030011F09F
:1053A00033F9125F47471B134B0A0A0A0A0A0A0A13
:1053B0000A0A0A0A0A5F002C02D1F849F84808E0F4
:1053C0006078304360703CE0002CF9D1F448F34938
:1053D000083011F028F8F3E70198002380880122B3
:1053E00087B20421384607F0C5FB0546002C04D0DF
:1053F0007520EA49C00011F016F8002D04D1E848E4
:10540000E649143011F00FF83946A81D00F058FB9A
:10541000FCF78EFA040006D0607830436070678035
:10542000FCF767FA0FE01321384605F0DBF915E0C9
:10543000DB48DA49283002E0D948D8492D3010F04D
:10544000F2FF002C0AD06078000707D59320207067
:105450002046582208300199FBF7B6FE0020FEBD19
:10546000CF48CE493130EAE710B500210170801DE8
:1054700000F023FB10BD0A4610B50146901D00F058
:1054800027FB10BD70B5002305461A46042107F01E
:1054900071FB040004D1F920C049800010F0C3FF63
:1054A0002946A01D00F00CFB70BDF7B5054684B081
:1054B0000C4600206946088188806F8803460122D7
:1054C0000421384607F056FB060004D1FD20B349FD
:1054D000800010F0A8FF002C03D0A7800020E080FF
:1054E0002081297A20461230C91E142700900B0013
:1054F00011F08AF80FFEFDFC3809A95E657A2FB21B
:10550000C9E99191FC003078012804D0A3497020AA
:10551000143110F088FFA9896A46C8000E309080C7
:1055200030201081002C13D0A18100200DE0C1009B
:10553000327909190A747288CA8182005319DA898A
:105540004A821A8A401C8A8280B2A1898142EED89E
:10555000F1E002A8009001AB22462946304600F057
:105560002BFAE8E03078042804D08C49BD201431AF
:1055700010F059FFA8890622014650436A460E30B2
:10558000908033201081002CE2D0A18100200BE01C
:10559000062141434F190919FA89CA81BA7C8A74D4
:1055A0003A8A401C0A8280B2A1898142F0D8C2E0C6
:1055B000307806280BD079491431D72005E03078AF
:1055C000062804D07549EB20143110F02CFFE8892F
:1055D00069461230888035200881002CB8D0A9890E
:1055E000A1817188E18126E03078072804D06B49D9
:1055F000FF20143110F017FFA8896A4601460E30CB
:10560000908036201081002CA2D0A1812046AA894A
:105610000E30296954E0E8896946123080B2382298
:1056200088800A81002C7ED0A989A181287A10283F
:1056300007D00221A173E9892182EA8929690098AA
:105640003EE00121F6E702A8009001AB2246294680
:105650003046FFF787FC6EE03078082805D04F49C8
:10566000FF201431EE3010F0DEFE684637218780CF
:105670000181002C5FD0A989A18100206082208255
:105680000120A07357E03078092805D04349FF2056
:105690001431FF3010F0C7FE288A69461430888024
:1056A00037200881002C46D00421A173A989A1814B
:1056B000E9892182298A618220462A8A143069690F
:1056C00010F033FD37E030780A2804D033493548EC
:1056D000143110F0A8FE6846372187800181002C24
:1056E00029D00521A1730020A08102E01EE003E083
:1056F0000CE0208260821EE002A8009001AB2246EE
:1057000029463046FFF7F1FC15E00CE00D20694614
:10571000392288800A81002C05D00120E0800020F9
:105720002081207307E00699088019E01C481B4976
:10573000A43010F078FE6846069980880880002C16
:105740000ED0684600892080684680886080287A6C
:10575000032805D0102803D0112801D00020307074
:10576000002007B0F0BDF7B5568815460F46002358
:1057700082B01A460421304607F0FCF9040004D137
:1057800007480649C43010F04EFEA41D33462A4691
:1057900039460094029800F022FBD0E45C530000EC
:1057A0009503000013020000F7B58CB00D461446B7
:1057B00007A90C98FFF730FD002812D1B64E01273B
:1057C000002C0FD00321684601701021818208A8A7
:1057D00002460690204605A9FDF78FFA00280BD057
:1057E00007207BE50821684601708581C681052177
:1057F0008774C90201820BE00798A17801712188A2
:105800004180684605218774C90201828581C6816D
:1058100002460121079B0C98FFF719FD5EE508B5CC
:1058200001236A4693709D4B13800A460223694602
:10583000FFF77AFD08BD08B501236A469370974BC0
:105840005B1C13800A4603236946FFF76DFD08BD04
:1058500000B587B000290CD002236A4613700B886C
:1058600093814988D18100230421FFF7F0FC07B020
:1058700000BD1020FBE710B5002903D00523FFF77A
:1058800053FD10BD072010BD70B588B00D461446FD
:10589000064607A9FFF7C0FC00280DD1002C0DD04B
:1058A0000621684601708581C481079B02465C80A1
:1058B00006213046FFF7CBFC08B070BD05216846D5
:1058C00001708581F1E710B588B000290BD007245D
:1058D0006B461C709A81049100236A462146FFF7AB
:1058E000B6FC08B010BD1020FBE770B500241722ED
:1058F00088B0002914D00D782B0010F085FE062307
:10590000050519041B231522D21E93B2CA88002A4A
:1059100002D08E68002E03D09A4203D90C20CBE728
:105920001020C9E7042D05D08A88002A0AD101E099
:105930000620C1E7012D11D0022D05D0042D18D06D
:10594000052D23D00720B7E709236A4613704B883B
:105950009381CB88D381896804911DE00C236A462A
:1059600013704B889381CB88D38189680824049174
:1059700012E00D236A4613704B8893818B88D38184
:10598000CB88138289680924059105E00E236A46B5
:105990001370497811730A2400232146FFF757FC3E
:1059A0008AE700B587B00F236A4613709181002300
:1059B0001946FFF74CFC5AE7FEB50078089D1C46D7
:1059C00016460F46012803D03549912010F02BFDD3
:1059D000F889C0000E30208030202880387B001FDE
:1059E000C0B20190002E1DD0F889B081002516E0CC
:1059F000E8008419C0190090224641690E320198CE
:105A0000FDF755F9002802D000202074E0810098AD
:105A10006D1C008A60820098ADB2408AA082B08975
:105A2000A842E5D8FEBD70B514461425049A1D8021
:105A300037231380002C0ED0CA89A28100226282F3
:105A40000078082808D0092810D00A2819D014494D
:105A5000144810F0E8FC70BD087B0C2804D01148F5
:105A60000F490C3810F0DFFC012008E0087B0D28FE
:105A700004D00C480A49083810F0D5FC0420A07363
:105A800070BD087B0E2804D006480549001F10F0A1
:105A9000CAFC0520F3E70000FFFF00000228000019
:105AA00070530000BB02000010B5FE4B5860197225
:105AB0001A80C90010F098FB10BD002101807047CA
:105AC00010B50022D2430280032007F0F8FC10BD7D
:105AD0007047F0B50E460446017801208840F2492F
:105AE00099B008400090616815460888EF4A9042D6
:105AF00006D0009A002A06D0EB4A521E104202D06D
:105B0000012019B0F0BD009A10430880002D12D07A
:105B1000002028702178EA1C0027681C01920B00E5
:105B200010F072FD10F30E16233A59616F3CB4B0B9
:105B30008AB8F2F1F0F320780B28EBD00420E0E7EC
:105B400002212970A1890170090A4170032097E0A0
:105B500004212970A1890170090A41700198E18925
:105B60000170090A417005208AE006212970A18987
:105B70000170090A41700199E2890A70120A4A709B
:105B8000218A0171090A4171A28AE81DA16910F0F8
:105B9000CCFAA08AC01D73E0082129702178082959
:105BA00001D110212970A1890170090A4170019861
:105BB000E1890170090A41700520308020466A1D84
:105BC00002A91030FDF799F800287DD16946308888
:105BD000097A401854E00A212970A1890170090A44
:105BE000417003200BE00C212970A1890170090A82
:105BF00041700198E1890170090A417005203080E7
:105C00009CE0A08984464000401C81B230888842D4
:105C10005AD3052958D30E202870002008E02369A4
:105C200042009B5A521953701B0A401C937080B259
:105C30006045F4D33180B9E09A48417A002973D0A5
:105C4000491E4172217B4068C9004518A98828680F
:105C5000082240180838216910F067FA02216846C6
:105C600001710021417128680390A988684601816B
:105C7000002101A8FFF78CFB0020A880002E00D097
:105C8000308093E0297880221143297029784022BE
:105C90001143297029788909890112312970A18954
:105CA0000170090A4170E289E81C216910F03DFA8F
:105CB000E089C01C3080287841063FD5C00975D0E6
:105CC00001216846017200E02CE000214172318818
:105CD000091D81810495E189019808180590001D2E
:105CE00006907048017A68460177002102A8FFF704
:105CF0004FFB074630880C303080022F06D0002F33
:105D000054D065E03DE033E01CE05EE06548694664
:105D1000097F4268CB00D218037A994202D2918857
:105D2000002902D0042753E02FE0417A491C417238
:105D30001560308890800020308049E06168A0893B
:105D4000888033E029788909890116312970A18971
:105D50000170090A41700198E1890170090A4170D6
:105D6000228A681D616910F0E0F9208A401D46E72B
:105D700028788009800118302870207B6870022004
:105D80007EE760680188090401D4052720E0C08807
:105D9000A189884201D006271AE01E202870012020
:105DA0003080606801884904490C0180009800280F
:105DB0000ED03C4800220088A1688300032007F031
:105DC000D9FA61682078887007E0002030800327C6
:105DD0006068009902888A430280384691E6FFB5E0
:105DE0009FB0289D0E46002805D0172803D82A8882
:105DF0002E4B9A4202D1072023B0F0BD32785306D1
:105E000001D4D20901D00820F6E700226B461A71AE
:105E10005A7114463278431E1D939BB2189303ABFC
:105E20001A939706CB1CBF0E1B93821E711C3B005E
:105E300010F0EAFB209011EE66EE74EEB0EED4EEB8
:105E4000EDEEECEEEBEEEAEEE9EEEEEEE8EEE7EE8E
:105E5000E6EEE5EE90EE05287CD10421684601715E
:105E6000A9780172F078B278010211436846418145
:105E70003179417170788006800E0C282ED009DCB3
:105E8000801E030010F0C0FB0919661C6621662401
:105E90006627660012282AD00ADC0E2821D0102896
:105EA000DAD121E00C090020FF710000FFFF0000A3
:105EB00016281FD01828CFD11FE02878800701E0CE
:105EC00028784007002845DA45E128780007F9E7F7
:105ED0002878C006F6E728788006F3E72878400699
:105EE000F0E728780006EDE72888C005EAE728886B
:105EF000C004E7E728888004E4E728884004E1E755
:105F00002A78920726D50328A6D105206A46107163
:105F1000487809780002084310811CE12978490774
:105F2000F0D5062816D3717890B2012902D0022943
:105F300092D101E0022100E01021189106216A4669
:105F400011710021118102AF189AB11C0237921C05
:105F50001B921AE0B3E04A780B7812021A433A8097
:105F6000801E891C1790BA1C1A911898FCF79FFE86
:105F70001A991898189A091817986B46801A1A894E
:105F800080B2521C1A811B9ABF1D8242E3D900289D
:105F900086D1E0E028780007B4D51D98694682B222
:105FA0000720087100200881701C0A3111E0437835
:105FB00007781B023B430B80C37887781B023B4367
:105FC0004B806F463B89121F5B1C001D92B23B81C8
:105FD000091D042AEBD2002A71D1BCE02978C90638
:105FE0006DD502286BD308206946087100204881CE
:105FF00070780872844692B2B01C1A9919E089E050
:1060000090E07EE067E05BE030E025E019E013E03F
:10601000BCE0437807781B023B430B80831C4B603A
:106020006346D21A6F467B8960445B1C92B27B81C7
:1060300008319445EDD9CEE7287880063FD509226E
:1060400003E0287840063AD50A2268460271AA88F9
:106050000281189A428107E0287800062FD50B208C
:106060006A46107118981081039174E02988C90557
:1060700025D5022823D30C206946087100204881C9
:1060800070780872844692B2B01C1A9914E0437872
:1060900007781B023B430B80C37887781B023B4386
:1060A0004B80031D4B606346D21A6F467B89604468
:1060B0005B1C92B27B8108319445E8D98BE763E0A1
:1060C0002988C90460D501285ED10D216846017177
:1060D000A98801813FE02988890455D5052853D333
:1060E0000E2269460A71AA880A811B99401F4A78C4
:1060F000097812020A4369464A818881701D04901A
:1061000029E0298849043FD501283DD10F2069465F
:10611000087120E02A88120436D44A780B781202DB
:106120001A43EA8003282FD332789206920E1B2A54
:1061300026D011226B461A712A880123DB031A43E9
:106140002A804A78097812020A4369460A81C01EE9
:1061500048811B98039030788006800E1B2809D058
:106160001D2807D00320229907F0A9F92888C00B21
:10617000C003288001A82199FFF70AF920463BE6D1
:1061800010226B461A71DCE70724F7E70824F5E7CD
:1061900000B597B0032806D16A461070019100211E
:1061A0006846FFF7F5F817B000BD000010B58B7812
:1061B000002B11D082789A4207D10B88002B0BD08C
:1061C00003E08B79091D002B08D08B789A42F8D117
:1061D00003880C88A342F4D1002010BD812010BD9B
:1061E000052826D0002A02D0012A0DD102E0098814
:1061F000090501E009888904890F07D0012918D011
:10620000022909D003290ED081207047002A01D02D
:10621000032070470220704703280AD0042808D0C2
:10622000002804D007E0042803D0022803D005206A
:106230007047002070470F20704770B513880546DF
:1062400014460B8018061DD5FE481022807AA842FD
:1062500003D813430B80002070BDA06893430078DF
:10626000E840C007C00E03430B802078A178800768
:10627000800D0843F4490FF0D2FFA0686943081865
:10628000401C70BD906870BD37B569468B8813801F
:1062900019061BD5EB4C0125A47A9168844209D8D4
:1062A000FE280FD1D80602D5A5406D1E00E00025BE
:1062B0000D7007E085400C78DB06DB0FAC438340B4
:1062C0001C430C7010881021884310803EBDF8B527
:1062D0000746C81C80080E468000B04201D08620C8
:1062E000F8BD082A01D90E20F8BDD64D00202E6039
:1062F000AF802881AA723446E88016E0E988491CFC
:10630000E980810610D48007A178800D0843CE492A
:106310000FF085FF206800F0BAFA2989401880B292
:106320002881381A8019A0600C3420884107E5D4F0
:106330000020F8BDFFB589B09F041646139DBF0C21
:106340000193099800F095FA04000AD0207800061D
:1063500009D5BC48817A0A98814204D887200DB0BB
:10636000F0BD0120FBE7224669460A98FFF765FF6A
:106370000690002069460872052D14D0012221469E
:106380002846FFF72DFF0028E9D1207840060AD5DE
:10639000022168460172099981810188C1810682C2
:1063A0004782129805900198000404D500273E46C4
:1063B0000125079709E02078A1788007800D084320
:1063C000A14907900FF02BFF0D46019840040AD514
:1063D0000798A84207D12088E1788005800F000245
:1063E0000843B04201D3AE4201D90720B7E7B8193C
:1063F00080B20190A84201D90D20B0E76846007A2A
:10640000002804D002A8FDF706F90028A7D10798B4
:10641000A8420BD1208803210902884301998905EC
:10642000890F0902084320800198E0701498002821
:1064300000D007801298002815D006983A46801997
:1064400012990FF072FE224669460A98FFF7F5FE90
:1064500069460888102188436946088022460099C9
:106460000A98FFF711FF002079E7FFB5754D0C2260
:10647000E8882968504383B00C180D9F724905982D
:106480000FF0CDFE0091049800F001FA29682A89E6
:106490008E46611A0C310918944651188AB2A9889F
:1064A000914202D8842007B0F0BD6A46168A3206AF
:1064B00003D5B20601D58520F5E7EA88521C92B2D1
:1064C000EA800E9B002B00D01A80B20601D5A7608F
:1064D00006E0604480B22881091A70460818A0605E
:1064E0002246FE200499FFF7CFFE0598A070009881
:1064F000E07020880599800889058000890F08438D
:1065000003210902884300998905890F090208437C
:1065100004210843208003988078A07103980088A4
:10652000A08000202073310601D5AC7A00E0012460
:10653000B10600D5002700260EE0052100200191BC
:1065400002900097E88831460C9B069AFFF7F2FE0E
:106550000028A8D1761CF6B2A642EED30020A2E70E
:10656000F1B5009800F085F9060002D00025009CE6
:1065700014E00120F8BD204600F07BF907460078C2
:1065800031498007820DB87810430FF048FE386813
:1065900000F07DF94019641C85B2A4B22948C18875
:1065A000601E8142E7DC00992648491EC1800189AE
:1065B000491B018100203070F8BD002804D0401E26
:1065C00010809170002070470120704710B504467C
:1065D00001881C48C288914201D3822010BD006806
:1065E0000C22514342189079A07290882081108823
:1065F000D1788005800F00020843A081A078211D7A
:10660000FFF71BFE20612088401C2080E0800020D6
:1066100010BD012101827047F7B50546002084B006
:10662000C043108068681746817868468170686842
:1066300001886846018000218171288A2C88A04247
:1066400005D303E0180900200102000004462C8253
:1066500035E0288A401C2882301D6968FFF7A6FDB6
:1066600000282AD139889248814201D1601E3880A1
:106670006888A04228D33088F1788005800F000216
:10668000084302906946301DFFF790FD002814D1A1
:106690006989874881421BD0002231460598FFF75F
:1066A0009FFD002809D16A890298824205D1E968D4
:1066B000B0680FF00DFD00280AD0641CA4B220467B
:1066C00000F0D7F80600C4D1641E2C828220EAE6CE
:1066D0007C80B079B871B088B8803078B1788007A4
:1066E000800D084378810298B8813946287A32466D
:1066F0000831FFF7A2FD38610020D4E6FFB585B070
:106700001C460F46059800F0B4F8050009D028781B
:10671000000608D56748807AB84204D8872009B0B7
:10672000F0BD0120FBE707982A468605B60D6946AD
:106730003846FFF782FD07460E98052816D000223E
:106740002946FFF74DFD0028E9D1287840060DD5F0
:106750000121684601710599018101884181868185
:10676000C48101A8FCF757FF0028D8D12888AA784F
:106770008107890D11438005800FEA7800021043DC
:10678000079A964207D04C4A914204D3611E814237
:1067900001DD0B20C3E7864201D90720BFE7801B3C
:1067A00082B2A24200D922461098002800D002806E
:1067B0000F98002802D0B9190FF0B7FC0020AEE7FF
:1067C000F8B51D4617460E4600F053F8040008D0F1
:1067D0002078000607D53748807AB04203D8872052
:1067E000F8BD0120F8BD224639463046FFF725FDA9
:1067F000002D0BD02078A1788007800D08432E490A
:10680000884201D2012000E0002028700020F8BD5D
:10681000F8B51E4617460D4600F02BF8040008D0C8
:106820002078000607D52348807AA84203D887201D
:10683000F8BD0120F8BD224639462846FFF724FD61
:10684000FF2E14D02588A178A807800D08431A4987
:106850000FF0E5FC002E03D1FF31FF31033189B287
:10686000A170A80880008905890F084320800020B6
:10687000F8BD1049CA88824207D3002805D00C22EF
:10688000096850430C38081870470020704703B55A
:106890000846694609888A0607D4090604D50549C9
:1068A000897A4143491C88B20CBD00200CBD000010
:1068B000FFFF00001809002001020000F8B507786A
:1068C0000D460446012F19D0072F02D00C2F19D1E5
:1068D00014E0A068216906780B2E0BD0052006F085
:1068E000EEFD052E0ED0782300220520216906F04A
:1068F00041FD07E0782300220620F8E70520216902
:1069000006F0DDFD002D0ED000202870294620461F
:1069100004F0AEF9FE482978C05D884201D1032019
:10692000F8BD0220F8BD0021204604F0A1F90020A6
:10693000F8BD70B50E460C462036317901208AB07C
:106940001546002909D0012905D12978042902D149
:106950000520107000200AB070BD6068019005A885
:1069600002900D21C01C0FF03DFC032205A8A16878
:106970000FF0DBFB01203071062069460870206AA9
:10698000049029466846FFF799FFE4E770B50C4686
:10699000154620310A790120062686B0002A2CD01F
:1069A000012A28D12978042925D169681022A068F4
:1069B00001F0B4F96868C07B000606D5D44AA06827
:1069C0001023103A014601F09EF91022A168E068F8
:1069D00001F0A4F9A068C07B000606D5CC4AE068A7
:1069E0001023103A014601F08EF92E70A0686860FD
:1069F000E068A860002006B070BD60680190C448DF
:106A0000203802900120087168460670206A0490C0
:106A100029466846FFF752FFEDE7027B032A06D0BE
:106A2000002224235A540B78092B02D003E00420BF
:106A300070470A76CA61027B9300521C0273C150F0
:106A400003207047F0B50E4615460C462036024628
:106A500031790120072393B000290CD0012924D0DB
:106A600002292ED0032904D12978042901D12B70C1
:106A7000002013B0F0BD01203071606800280DD0F7
:106A8000A1690B7060684860206988606069C860AF
:106A9000206A08621046FFF7C0FFEAE70620287068
:106AA000206968606069A86009E029780629E0D15A
:106AB0000220307104202870954820386860032037
:106AC000D7E729780429D4D1A08910280AD9103809
:106AD00080B2A081A1681023091805A86A6801F096
:106AE00012F923E010282FD0C2B21020801AA1681A
:106AF0000DAF1190C0190FF018FB11980006000E91
:106B000006D0401EC1B28020785438460FF06AFB90
:106B1000626910230DA909A801F0F5F8102309A94D
:106B200005A86A6801F0EFF80320307160680190F1
:106B300005A80290062069460870206A049029463C
:106B40006846FFF7BBFE94E710232269A168E2E7DD
:106B5000F0B50E460C4620363179012006278FB05D
:106B6000154600290BD0012932D0022905D12978F8
:106B7000042902D10820107000200FB0F0BD217D43
:106B800008A8CA07D20F02718807C10F08A80171AF
:106B90006846027041700722801CE1680FF0C5FA58
:106BA00002A80722013021690FF0BFFA6068059042
:106BB0000AA8069010236A46A16801F0A4F80120F3
:106BC000307168460774206A0890294604A820E0BE
:106BD00029780429D1D1062205A8E1690FF0A5FA88
:106BE00006A806220230A1690FF09FFA0020089043
:106BF0006068019009A80290102305AA696801F055
:106C000082F80220307168460770206A0490294695
:106C10006846FFF753FEB0E770B50D460C462035C9
:106C2000297901208CB01646002909D0012905D107
:106C30003178042902D10920107000200CB070BDF9
:106C40006068019006A802900822E1680FF06DFAD2
:106C5000082208A8A1680FF068FA01202871062010
:106C600069460870206A049031466846FFF726FEA0
:106C7000E4E770B50D460C462035297901208CB02B
:106C80001646002908D00129D8D131780429D5D158
:106C90000A2010700020D1E76068019006A80290D9
:106CA0000822A1680FF041FA002008900990012005
:106CB0002871062069460870206A049031466846AB
:106CC000FFF7FCFDBAE730B50B4620331C790120F5
:106CD0008BB0002C09D0012C05D11178042902D1E8
:106CE0000B20107000200BB030BD4868019005A843
:106CF00002908C6868462578057564784475CC6880
:106D0000257885756478C47500200690079001E0A9
:106D10002867010008900120187106236846037057
:106D2000086A049011466846FFF7C8FDDBE770B5B6
:106D30000C462034034625790120002D0AD0012D70
:106D400014D0022D05D111780A2902D10C2010701F
:106D5000002070BD01202071C868052202704A68B9
:106D60004260F84A8260921CC2600BE015780B2DDD
:106D7000EFD102202071C868042404705268426078
:106D80008A688260096A016201461846FFF745FE7B
:106D900070BD30B5011D02463132947803258379E8
:106DA000ED432C4323408371DB070DD04B7954799D
:106DB00023404B710B79127913400B718278C9789B
:106DC0008A4200D9817030BD00224A710A71F5E70C
:106DD000F7B50C4686B00020694626460870203676
:106DE000317901271E2015461F2977D24B007B449D
:106DF0009B885B009F441E0017023E0256026902F8
:106E000088029A02D102F5022E03590371037F030F
:106E1000AE03C303CC03F7031A0464049A04AB045F
:106E2000DF04FE0410052A0565059B05C6058305DC
:106E300087058B056069002802D0007813287DD073
:106E4000A0680590002849D0012168460170206A99
:106E500004900321684601710A214171E0690290A2
:106E600020790028EFD0059909780029E7D00C296E
:106E700064D20B000FF0C8FB0CFD1A4B90B5E8FC78
:106E8000FBFAF9F807FD022828D16069002802D032
:106E90000078082852D1022168460170206A0490C7
:106EA00005984178684601710021B9E20620216AFF
:106EB00006F005FB20790728E6D1606900F050FF55
:106EC00002280CD0606900F04BFF042807D06069ED
:106ED0000028B8D000780128D6D103E01BE2616910
:106EE0000120087005980079C11F0A2901D30A20E2
:106EF00050E06169072288706069059930300FF0B1
:106F000014F90120307161690320087034E007280A
:106F1000BAD16069002896D001780929B4D10599C1
:106F2000C978890707D1059949790029DFD10599E1
:106F300089790029DBD105994A7900E04EE20146C2
:106F400020314B7D9A43D2D1059A8B7D92799A4319
:106F5000CDD1059A1279D31F0A2BC8D20979914253
:106F600036D80722C01C05990FF0DFF801203071D8
:106F700061690A200870032069460870206A04903D
:106F80006069313001906069001D029060691C30B9
:106F90000390A1E22076F2E311288DD1606900F020
:106FA000DFFE042804D0606900F0DAFE0B2893D1DC
:106FB0006069059910223730491C0FF0B6F86069F6
:106FC000017804297CD12421095C8278914201D97D
:106FD0000620DFE70521017003203071684601704B
:106FE000E2E3112894D1606900F0BAFE062804D0CB
:106FF000606900F0B5FE0C288AD1E068002813D043
:107000002069002810D060690178062910D00D2170
:1070100001706069059910225730491C0FF085F8FE
:107020006069573009218CE100206946087072E1DF
:10703000072101706069059910224730491C0FF043
:1070400074F860694730EDE70228F0D1606900F01C
:1070500087FE0028EBD0606900F082FE0128E6D0B0
:10706000606900F07DFE05E0B1E08DE06CE02AE0B3
:107070000AE0D6E00828DAD00521684601710598B3
:1070800041786846417146E11128D0D160690028F5
:10709000CDD001780E29CAD1C16A4078022810D01B
:1070A0000020142250431430085805991022491C1E
:1070B0000FF03BF80520216A00F040FE0F205EE053
:1070C000F1E10120EDE70B28B1D160690028AED0D5
:1070D00001780F29ABD1C16A4078022826D0002060
:1070E000142250430C300958059842780A70807871
:1070F00048706069C16A4078022819D000201422C3
:1071000050431030085805990822C91C0FF00DF89B
:107110000520216A00F012FE60694178022909D039
:1071200000220832825C5208520073E00120D7E747
:107130000120E4E70122F4E7012100E00021083109
:107140004254BCE30267010011289CD16069002809
:1071500099D00178102996D1C16A4078022811D0BF
:107160000020142250431830085805991022491C59
:107170000EF0DBFF0520216A00F0E0FD11206169BF
:107180000870B4E30120ECE7082884D16069002886
:107190009DD00178112997D10599C06A497801706D
:1071A00060690599C06A0622401C891C0EF0BDFF6B
:1071B0000520216A00F0C2FD60694178022904D0EF
:1071C00000220832825CFD2323E00122F9E7112826
:1071D000BBD160690028BBD001781229B5D1C16A42
:1071E0004078022819D00020142250431C3008583F
:1071F00005991022491C0EF098FF0520216A00F025
:107200009DFD60694178022909D000220832825C24
:10721000FB231A40022991D18EE70120E4E70122E5
:10722000F4E70720B6E6287801288ED160696968FE
:1072300014221C30F9F7C8FF6069017F002901D0D2
:107240002176ACE30178032901D0032037E002273F
:10725000C77081794907490F8171017A4907490F40
:107260000172417A4907490F41726069FFF791FD48
:10727000377196E228780F28E3D107206946087015
:10728000216A049191680291694608716169072237
:10729000C91C02980EF049FF6169042008700020A3
:1072A0003071BBE028780328CBD1606901780529CB
:1072B000696807D0082247300EF037FF042030718C
:1072C00005206FE208225730F6E728780328B8D166
:1072D000606901780529696811D008224F300EF0E5
:1072E00024FF052030716069006A00280AD002205E
:1072F0002870002028716069006AA860F9E00822FF
:107300005F30ECE704204DE22878022899D12879F3
:10731000002801D0207642E36069A96801626069B3
:10732000002901D1F949016206200BE228780F28D3
:1073300087D1A868E0616069017805292BD04730C2
:1073400007213171E16802220A706269126A4A609B
:10735000886060693030C8606069C01C086162691B
:10736000087D926A400812784000D207D20F10437D
:1073700008756269926A521C8A61FD221040626936
:10738000D26A1278D207920F104308756069C06AFA
:10739000401CC86153E25730D2E728780828BAD198
:1073A0006069017805291AD00B2101700720694610
:1073B0000870206A0490E069029011200871029818
:1073C0000321017051681022401C0EF0AEFE002116
:1073D0006846FFF773FA00203071E06187E206210A
:1073E000E3E728780F2896D1072069460870206ABD
:1073F0000490A8680290112008710298042101707D
:1074000061690A78072A0ED0002232710C220A70B4
:1074100061691022401C47310EF087FE002168464A
:10742000FFF74CFA63E21022401C57310EF07DFE4C
:1074300000216846FFF742FA0A203071E168032014
:1074400008706069006A48606069573088606069E8
:107450004730F3E128780828A1D1606969681022D3
:1074600037300EF035FE002801D0042092E5606927
:107470000078072817D00A203071E16803200870CF
:107480006069006A486060695730886060694730A9
:10749000C860206A08620698FFF7BFFA074660696D
:1074A000FFF777FC6BE208207AE1287809289AD167
:1074B0000B20307161696868897810224018511A70
:1074C0000EF090FE082069460870206A04906868F3
:1074D000019060698078087268E129780D29BBD134
:1074E00061698979C90703D00C20307109203EE019
:1074F0003071032770E228780E28ADD1606914221C
:10750000291D1C30F9F760FE6069018DC06A417267
:10751000090A817260698178C06AC1716169CA6A49
:10752000081D117AC909C9011172437962691943A9
:107530008378D26A9B079B0F012B00D00023007930
:107540009B01C00003431943117260694078012810
:1075500076D0B4E160694178022901D0012100E0D0
:1075600000210831405CC00707D00E20EAE06946E0
:107570000870206A1146049019E11320B8E72878B2
:107580000F2894D1A868E0610F2030710520EEE744
:10759000287803288BD16069C16A4078022801D01D
:1075A000012000E000201422504310300858082227
:1075B00069680EF0BAFD10203071E168062022697A
:1075C00008706069406A48606069C36A4078022850
:1075D00001D0012000E00020142778431030185813
:1075E000CA6088602BE128780C2886D16069C26A5D
:1075F0004078022801D0012000E0002014214843F7
:107600000C30105802230932696800F07CFB11200D
:107610003071E168052008706069006A486060693F
:10762000C06A093088603948001F07E128780B28B4
:10763000A7D161694878CA6A022802D0012001E016
:1076400059E1002014235843143010588A7869688F
:107650000EF06BFD60694178C26A022901D00121F8
:1076600000E00021142359431431525881785018F6
:107670001022511A0EF0B6FD072069460870206AE4
:107680000490E069029011200871029806210170AF
:107690006169CA6A4978022901D0012100E000210C
:1076A00014235943143151581022401C0EF03DFD53
:1076B00000216846FFF702F90020E06112206FE028
:1076C00028780F2891D1072168460170206A04901C
:1076D000906802900B2268460271029801706169FD
:1076E000CA6A4978022901D0012100E0002114234F
:1076F00059430C3151580A78427049788170616958
:10770000CA6A4978022903D0012102E00867010012
:10771000002114235943103151580822C01C0EF087
:1077200004FD00216846FFF7C9F826E76069417843
:10773000022901D0012100E000210831405C8007CE
:1077400003D5142030710A2011E71620D0E62878DE
:107750000F287AD1A868E061072069460870206A7E
:107760000490E069029011200871029808210170CC
:107770006169CA6A4978022902D0012101E011E158
:10778000002114235943183151581022401C0EF087
:10779000CCFC00216846FFF791F80020E06115203D
:1077A00030710A2069460870206A049029466846AC
:1077B000FFF784F82BE028780F2846D10720694688
:1077C0000870206A0490906802900820087102985E
:1077D0000921017061690622C969097841706169EE
:1077E000801CC969491C0EF0A0FC00216846FFF707
:1077F00065F8AAE760694178022901D0012200E01A
:1078000000220832805C400703D51720C8E70746EE
:10781000B5E0012953D070E028780F2815D1A86869
:10782000E06118203071E168052008706069006A25
:1078300048606069C06A09308860F848C860206A9A
:1078400008620698FFF7E9F8E1E76FE028780B286F
:107850006CD16069C16A4078022801D0012000E043
:107860000020142250431C300858102269680EF082
:107870005CFC072069460870206A0490E069029069
:107880001120087102980A2101706169CA6A497859
:10789000022901D0012100E00021142359431C31A9
:1078A00051581022401C0EF040FC00216846FFF7A2
:1078B00005F80020E0616069407801281DD1192099
:1078C00016E660694278022A09D000210831411881
:1078D000097800290DD0CA0703D00E2106E0012146
:1078E000F4E7890701D5102100E01221017000277B
:1078F00072E0012A01D00D20FAE51C20F8E51D20D8
:1079000030710B2033E62978102948D1F0E5606901
:107910000178012943D0082941D00021317100F0BC
:1079200019FA0C2069460870206A049037E028781C
:107930000F2805D01020107003271B2030714BE05A
:10794000072168460170206A0490A868029002210D
:1079500068460171029805210170217E4170002165
:107960006846FEF7ABFF0B2168460170206A049061
:1079700029466846FEF7A2FF07461B203071012FFB
:107980000DD029E0012168460170206A049004218D
:1079900068460171217E41710020207612E0207E30
:1079A00000280FD06169132008701A2030710A2056
:1079B00069460870206A049029466846FEF77EFFF3
:1079C000074609E06069002801D01421017068466B
:1079D0000078002800D021E5384609B0F0BDF7B5A1
:1079E0000F4620373879012686B00C46002804D08F
:1079F000012828D002281CD197E02079012804D042
:107A0000022811D0032814D10AE0A0684078012888
:107A10000ED10620216A05F02CFD00287FD10CE054
:107A2000A1681320087008E0A0684178022901D0FD
:107A3000052674E00078082871D1012038710A20E9
:107A40006946087033E0089800780F2867D107214D
:107A500068460170206A049008988568029522792A
:107A60000220012A04D0022A29D0032A57D10FE08C
:107A70000646684606710B202870207B00214007CF
:107A8000400F68706846FEF719FFA068067045E071
:107A900006466846067105202870207B6870002124
:107AA0006846FEF70BFF3E710B2168460170206AA5
:107AB000049068460899FEF701FF06462FE06846E5
:107AC000017101202870207C6870607CC007C00FA5
:107AD000A870A07C4007400FE870E17C2971C007C6
:107AE0001FD0207D4007400F6871607D4007400F28
:107AF000A87100216846FEF7E1FEA068072229462A
:107B000030300EF012FBE068017AA068203001717D
:107B1000A16828798870A16809200870002630467D
:107B20005BE70020A8716871E3E7A1681420087082
:107B3000012168460170206A0490042168460171A1
:107B4000217B41710021FEF7B9FEE7E7F0B585B072
:107B50000F4605460124287B800040198038C66FF7
:107B60003078411E0A290AD22C498000323140184F
:107B70008038C36F3A463146284698470446002C61
:107B800001D0012C11D1287B401E0006000E287365
:107B900001D00324DFE70D2069460870306A0490A5
:107BA000002101966846FEF789FE032CD3D02046BB
:107BB00005B0F0BD70B515460A4604462946104684
:107BC000FFF7C4FF0646002C0FD0207814280CD1F4
:107BD000207E002806D000202870204629460C3040
:107BE000FFF7B4FF204600F0B5F8304670BD70478F
:107BF00010B5012903D0022901D0052010BD417024
:107C000000F0A8F8002010BD002809D0027E002A4C
:107C100006D00A4601460C31CCE700000667010099
:107C20000120704730B5044687B00D46062005F0A8
:107C300046FC2946052005F042FC2078142805D092
:107C40000020694608702046FFF7DEFF07B030BD10
:107C50007FB50E4600216A4611730178092903D0C9
:107C60000A2903D0002407E0446900E08468002C5E
:107C700002D0217E002912D0154601462846FEF783
:107C8000CCFE032809D1324629462046FFF792FF51
:107C90006946097B002900D0042004B070BD254648
:107CA0000C35EAE700B50023012285B005280CD089
:107CB000062808D1684602700491022101714371BF
:107CC0000021FEF7FBFD05B000BD6846027004917F
:107CD0000271F4E710B590B00C4605216A461170A8
:107CE000019022480290001D03900AA96846FFF700
:107CF000AFFF002805D1102220460B990EF015FA8F
:107D0000002010B010BD30B505E05B1EDBB2CC5CCE
:107D1000D55C6C40C454002BF7D130BD10B50024A5
:107D200009E00B78521E5B00234303700B78401C64
:107D3000DC09D2B2491C002AF3D110BD70B50C4643
:107D4000054605F0BCFB782300222146284605F0B5
:107D500011FB70BD4178012900D0082101707047E6
:107D6000002801D0007870470820704700670100A4
:107D700038B50446002069460870204609F053FDD6
:107D8000002803D1FBA1A3200EF04DFB204609F0F3
:107D900099FC002803D1F7A1A8200EF044FB684607
:107DA000007838BD70B5F84D002428462C77203077
:107DB0008471C47101F09AF928464038047020306B
:107DC0008473847484772C75AC7170BD10B50C46C7
:107DD000EE4982888A8042884A8000780870084686
:107DE0000E38847009F050FC08F0FDFFFFF7DAFF51
:107DF00020460BF013F8E449A8310846813809F011
:107E0000ADFEE2480CF021FBE0480A3808F0FEFF26
:107E1000002803D0D7A1C5200EF005FB01F066F9BC
:107E200010BD7CB50E461D46144601A909F008F8A0
:107E3000002807D10AF091FB022803D1D248007D27
:107E4000002801D001207CBD01988030807C09F0A1
:107E50004DFC00280CD0684609F052FC0028F2D0F6
:107E6000002C03D009F011FCA04206D200207CBDFA
:107E7000C0A1C7480EF0D7FAF8E7009809F0D8F883
:107E80003146009809F0DBF8E2B22946009809F083
:107E9000F0F909F045FC002804D1BD48B5A11E3019
:107EA0000EF0C1FAB94C00250E3C6068A030417953
:107EB000002902D045710BF0D8F860688030458306
:107EC000C0E730B40179002904D0012907D030BCC3
:107ED00000207047831D42880488022103E0428805
:107EE0000488831D0121204630BC9AE7F8B51D4661
:107EF00014460E4607460AF030FB022803D0A2487B
:107F0000007D002823D0A1480E3841684988398077
:107F100040688030807C09F069FD002804D153203E
:107F200094A1C0000EF07FFA684609F069FD0028B0
:107F30000DD0009809F0BAF83070022808D0012856
:107F400006D093488BA167300EF06DFA0020F8BD83
:107F50002946009809F0A4F92080002804D1552072
:107F600084A1C0000EF05FFA09F05DFD002804D185
:107F7000874880A160300EF056FA0120F8BD38B570
:107F80000446831D821C6946FFF7B0FF00280DD010
:107F90000020607168460078012808D0022806D0C9
:107FA000FF2074A101300EF03EFA012038BD20718F
:107FB000FBE7F8B50AF0D1FA744D734C0E3D022878
:107FC00002D0207D00287DD0207F0026102818D1E7
:107FD000A079002803D067A16E480EF024FA6868E3
:107FE00001464030827F92070BD526724988618115
:107FF000C17F2173018CE181408C20820120A0711E
:108000002677614F203FB87C00285ED168686946BA
:108010008030807C09F007FC002805D0694668782C
:1080200009784018687004E05A4852A119300EF0DF
:10803000FAF9207D00283AD06868418852484038D3
:10804000806D4088814204D00F204AA1C0010EF00B
:10805000EAF968688030807C09F0C8FC002804D107
:108060004C4844A124300EF0DEF909F0EEFC002863
:108070001DD068688030807CFFF77AFE69784018F0
:10808000687041484038806D4030417A01290DD1F7
:108090002670696849886180807A20710120B877EC
:1080A000207F102801D0282800D1267726756978EE
:1080B00000290AD06868428833484038C286018760
:1080C000012000E001E0B8746E700AF029FA00287F
:1080D00005D1207D002802D0A878FAF7F9F8F8BD7C
:1080E000F8B50446FFF765FF274D0026203DA87E22
:1080F000002808D0667010202070E87EA070287FCD
:10810000E070AE769AE0204F403F3878002808D0E3
:108110002C22B91C20460EF008F80E2020703E706C
:108120008CE0A87B184F002815D0387F102808D085
:10813000282806D0002804D0FF200EA1C2300EF05F
:1081400072F90120E070E87BA070287C60700F203D
:108150002070AE7372E00121204609F099FC0028DE
:108160001AD0387D002857D10021204609F090FC14
:10817000F8BD00007372635C6C6C5F6374726C2E8C
:1081800073302E630000000094090020720000206C
:108190004F02000062070000A97CF8480090F848F0
:1081A000002910D0017805290DD2491C0170667094
:1081B0000D202070012028750622A01C00990DF0CA
:1081C000B4FFAE743AE0EE480670B879002812D0D9
:1081D000387F002804D00120EA4940020EF023F93C
:1081E00066700120E54920700A221431A01C0DF0B0
:1081F0009CFFBE7122E020460CF083F800281DD1C0
:10820000A87C002802D0DE480178CEE7A87F0028AD
:1082100002D0387D002801D00020A9E7387F00284F
:1082200003D0D849D8480EF0FEF866700A202070B6
:1082300006223946A01C0DF078FFAE77012097E7A3
:108240004EE710B5CD4C343C2178002904D01321E1
:108250000E2000F052FF10BDC9490088091D08F02A
:10826000EFFD002801D0022007E0C5484068014624
:1082700020318A79012A02D00C20207105E00022E9
:108280002271097E21724088E080012060711321F3
:10829000E1700E21A170207010BDB84810B53438BF
:1082A0000178002904D024210E2000F026FF10BD03
:1082B000012101702422C2700C220271417110BD93
:1082C00070B5AE4C0546343C2078002804D03E21E1
:1082D0000E2000F012FF70BD0AF03FF9002808D10F
:1082E0000AF03EF9002804D1A4480C30007F002891
:1082F00001D00C2003E0287809F033FD0020207124
:10830000012060713E21E170207070BD9B4810B566
:1083100034380178002904D03C210E2000F0EDFE15
:1083200010BD00210171012141713C22C270017018
:1083300010BDF8B5914C343C2078002804D03B2186
:108340000E2000F0DAFE13E70020A0710AF005F914
:108350008A4E01250C36022802D0307D002840D0FC
:10836000874F694678688030807C09F073FA00286E
:1083700003D1844985480EF056F8307D002806D098
:10838000A06D4030407A002801D0012600E0002690
:1083900078688030807C09F029FB002804D17B4874
:1083A000784908300EF03FF809F04FFB684031463D
:1083B000014316D07968FD2249882181217E400041
:1083C000490849003143114001432176684600784D
:1083D000002802D00420014301E0FB200140217667
:1083E000A5710020207165713B20E0702570BFE60B
:1083F00010B5624C343C2078002804D00E21084689
:1084000000F07BFE10BD5E4906220831A01D0DF074
:108410008CFE00202071012060710E21E17020701F
:1084200010BD70B5554C0546343C2078002804D06A
:1084300038210E2000F061FE70BD50480C30007FE6
:10844000002807D00C202071012060713821E170D4
:10845000207070BD287809F072FC28780CF05BF968
:108460000020F0E770B5454D0446343D28780028DB
:1084700004D037210E2000F040FE70BD3F480C3084
:10848000007F002801D00C200AE03D4E2188706852
:108490004088884203D10AF060F8022807D0022001
:1084A0002871012068713721E970287070BD7168EA
:1084B0007F2020310876487600208876A2788A715D
:1084C000E278CA7122790A72EAE710B52B4C343C83
:1084D0002078002804D039210E2000F00EFE10BDB7
:1084E0000AF03BF8032808D00AF03AF8032804D031
:1084F00022480C30007F002801D00C2003E01F49E7
:1085000000202C31C8712071012060713921E17087
:10851000207010BD70B5194C0646343C20780028F8
:1085200004D03A210E2000F0E8FD70BD0AF015F8E5
:10853000032808D00AF014F8032804D00F480C30A0
:10854000007F002801D00C2011E00C4D2C35E8797B
:1085500008280BD20001001910223146683000F0C3
:10856000D6FDE879401CE871002000E0072020716A
:10857000012060713A21E170207070BD88090020EF
:108580006400002074810000210200001708000030
:10859000F8B5FA4E04463078002804D03D210E206C
:1085A00000F0ABFDE4E5F5484030007F002801D045
:1085B0000C2034E0F24D218868684088884203D15D
:1085C00009F0CBFF022801D0022028E06F68648800
:1085D000FD883A896800B988401C844218D3E9486C
:1085E00041431046E84A50430DF019FE401EFF215A
:1085F00080B2F531884200D90846844200D2204634
:10860000691C401C0DF00BFE6D1C6843401E85B2BA
:10861000E620C05D002800D1BD84F58000203071C7
:10862000012070713D21F1703070A1E5F8B5D34C97
:1086300005462078002804D035210E2000F05DFD8D
:1086400096E5CE484030007F002801D00C2016E08F
:10865000A878002801D0012804D1A888FF21F5318D
:10866000884201D912200AE0C54F298878684088DD
:10867000884203D109F071FF022807D0022020713F
:10868000012060713521E170207071E57968002664
:108690000846C0310E70AA884A800122A0300271BB
:1086A000AA78012A00D000220A704079002801D05F
:1086B0000AF0DBFC2671E3E770B5B04C0546207884
:1086C000002804D030210E2000F017FD55E709F0F6
:1086D00044FF002804D1A9484030007F002801D081
:1086E0000C2003E028780AF0E0FB00202071012034
:1086F00060713021E17020703FE770B59F4C0546F6
:108700002078002804D033210E2000F0F6FC34E756
:1087100009F023FF002804D198484030007F00284A
:1087200001D00C2018E02978002911D00A290FD097
:1087300014290DD01E290BD0282909D0322907D0A1
:108740004B2905D0642903D0FF2901D0122003E072
:1087500028460AF023FC002020710120607133219B
:10876000E170207009E770B5844C06462078251D1D
:10877000002804D032210E2000F0BFFCFDE6314677
:10878000002009F0AEFA2870002805D17C480622A6
:10879000314608300DF0C9FC012060713221E170D2
:1087A0002070EAE670B5754C2178002904D031219B
:1087B0000E2000F0A2FCE0E600214156012504292C
:1087C00012D0002910D0081D0ED0001D0CD0001DA5
:1087D0000AD0001D08D0001D06D00A3004D00A308F
:1087E00002D01220207103E0084606F079FD657181
:1087F0003120E0702570C0E6FEB5604C0746207859
:10880000002804D025210E2000F077FCFEBD38881A
:10881000694608F015FB594D01460020083500292E
:1088200004D002212171286028710FE00098009E79
:108830000A30019060360020B07105222846019967
:108840000DF073FCB0790028F5D13888E0800E2057
:10885000A0702520E070012060712070FEBD10B571
:10886000464C2078002804D005210E2000F045FC5D
:1088700010BD0020207108F008FFE08008F0D1FF53
:108880002072012060710521E170207010BDF1B5EA
:108890003A4C2034A07B002804D010210F2000F097
:1088A0002CFC65E4354D4035A8790C2610270028AE
:1088B00016D1287F002813D109F04FFE022824D1B9
:1088C0002F4800994068098842888A421DD1014694
:1088D000C0310A7A002A05D04030807F80070DD44D
:1088E000E6730EE05E22125C920707D406220A723B
:1088F000A0304079002801D00AF0B7FB2F77002084
:10890000E07327740120A07332E40220F8E710B569
:108910001A480178002904D00F210E2000F0EDFB49
:1089200010BD00210171FF2181710021C943018126
:1089300013490E310A7882728A8882814988C181FE
:10894000012141710E2282700F22C270017010BD90
:1089500010B50A4C2078002804D02B210E2000F0FE
:10896000CCFB10BD0821A01D04F024FB00202071C9
:10897000012060712B21E170207010BD540900208E
:1089800064000020C40900001027000070B5FA4DF3
:1089900004462878002804D02A210E2000F0ADFBE0
:1089A000EBE5F54810222146303800F0B0FBF248E4
:1089B0001022A118203800F0AAFBEF4830380CF044
:1089C000BCFBED49102210392C46A81D00F09FFB7E
:1089D000002020710E20A0702A20E070012060711C
:1089E0002070CAE5F8B50546E348E34C40300090F6
:1089F000007F0C2628272034002801D0E6733EE0B3
:108A0000A07B002804D028210F2000F076FB04E48E
:108A1000A87805280DD013280BD0142809D01528C4
:108A200007D01A2805D0292803D03D2801D03B289B
:108A300003D12888D149884201D912201EE009F0CB
:108A40008CFD0228DAD1CE482A88406841889142BC
:108A500013D10146C0310A79002ACFD1AA784A71D0
:108A600001220A710099A0300F770021E17340794B
:108A7000002804D00AF0F9FA01E00220E07327741C
:108A80000120A0735FE4F8B5BB4F064638783D1D62
:108A9000002804D017210E2000F02FFB53E43146AC
:108AA000012009F01EF901242870002807D1B248DE
:108AB00006226030314605460DF037FBAC717C7103
:108AC0001720F8703C703EE470B5AB4C0646207839
:108AD000002804D00B210E2000F00FFB4DE509F01B
:108AE0003CFD032808D009F03BFD032804D0A24830
:108AF0004030007F002801D00C2016E03378002B96
:108B000003D0012B01D012200FE09B4DE035297AD4
:108B1000082909D22846721C0C3006F097FB287AE7
:108B2000401C2872002000E00720207101206071A5
:108B30000B21E170207020E510B58F4C20780028C3
:108B400004D00A210E2000F0D8FA16E709F005FD3E
:108B5000032808D009F004FD032804D086484030DB
:108B6000007F002801D00C2002E000F0BFFA0020B6
:108B70002071012060710A21E1702070FDE610B5BE
:108B80000AF032F9002803D07E497F480DF04BFCF3
:108B900008F04BFD0BF051FC002804D01720794958
:108BA00040010DF040FC08F0ACFF002804D0B920D3
:108BB000744980000DF037FC00F098FAFFF7F2F8E6
:108BC0006D4800210171012141710222C2700170C2
:108BD000D3E610B5684C2178002904D020210E205E
:108BE00000F08BFAC9E601781F290ED8411C0CD081
:108BF000002121710278411C104609F08FF80120F4
:108C000060712021E1702070B7E612202071F6E734
:108C1000F8B5594C2178002904D01B210E2000F012
:108C20006CFABFE401216171534E0C212171403671
:108C3000317F00296FD10078514F0025012804D0E1
:108C400000284AD01220207165E009F086FC002837
:108C500003D109F085FC002804D009F07EFC02282D
:108C600022D058E008F08FFF002854D0307D002833
:108C700051D1786801224580032108F0B4FB78685F
:108C800009F05AF97868923008F001FD002803D104
:108C90003C493E480DF0C7FB0AF00BF9002839D0DB
:108CA00085203849C00015E009F05AFC002832D16F
:108CB000707F00282FD001282DD004282BD008F059
:108CC00062FF002827D00AF0F4F8002822D02F48AD
:108CD0002C4918300DF0A7FB1CE009F03EFC0328DE
:108CE00004D009F03DFC03280FD014E000200AF066
:108CF00005F800280FD12571307D00280BD1786848
:108D00008030807CFFF734F805E0002009F0F6FFA2
:108D1000002800D125711B20E0700120207041E463
:108D200010B5154C2178002904D01A210E2000F02E
:108D3000E4F922E601781F290ED8411C0CD000214D
:108D400021710278411C104608F0FDFF012060717E
:108D50001A21E170207010E612202071F6E770B53C
:108D6000054E044630780C25002811D018210E201D
:108D700000F0C3F9AAE4000054090020FF0E00002F
:108D80006400002074810000D3020000240400006D
:108D900009F0E3FB03285AD009F0E2FB032856D080
:108DA000E14A107F002852D16079002801D00128C3
:108DB0002DD1A079002801D0012828D1A07B00283E
:108DC00005D0012803D0022801D003281FD1607BE1
:108DD00000281CD0C0081AD161880120800381427C
:108DE00002D82388834203D9207901280FD119E0C2
:108DF0002079002806D0012814D0022805D00328A5
:108E000005D102E020290BD30CE0A02B0AD2207957
:108E1000042805D12088202802D36188884201D9FE
:108E2000122514E0207950776079002802D00128BB
:108E300003D00CE0BD4A002105E0BB4A2032907906
:108E4000002804D00121204608F0CEFE054601206E
:108E5000357170711821F170307037E470B5B24C13
:108E60000546403C2078002804D02E210E2000F03A
:108E700044F92BE409F071FB0C22022815D1AA4811
:108E8000007F002811D1A9482B88083841684888FC
:108E900083421AD10846C030037A002B05D1203115
:108EA000C97E0F2903D0102901D0227103E00521CA
:108EB0000172002020710E20A0702E20E070288802
:108EC000E08001206071207016E40220F2E770B5A6
:108ED000954C0546403C2078002804D02D210E20DA
:108EE00000F00BF908E409F038FB0C21022814D13A
:108EF0008D48007F002810D18C4E2A88083E70686B
:108F000043889A4220D1C822125C002A05D13B2214
:108F1000125C0F2A03D0102A01D021710AE010221E
:108F2000A91CD6300DF001F970680421C03001721F
:108F3000002020710E20A0702D20E0702888E08095
:108F40000120607120700DE40220F2E710B5017875
:108F50000B000DF059FB3F9E9E399E9E599E9E9E92
:108F60009E3C3F9E9E8752559E9E999E9E9E432963
:108F70009E2D319E9E9E9E359E9E9E955C9E9E47FA
:108F80009E4B4F9E21259E6C6064689E709E7F83E1
:108F90007C788A8D74919E00801CFFF798FF76E0A4
:108FA000801CFFF75BFF72E0801CFFF7D8FE6EE0CD
:108FB000801CFFF7B5FE6AE0801CFFF729FE66E023
:108FC000801CFFF706FE62E0FFF7D9FD5FE0FFF7C8
:108FD000B3FD5CE0801CFFF777FD58E0801CFFF7D5
:108FE00052FD54E0801CFFF7FDFC50E0801CFFF7B1
:108FF000CDFC4CE0FFF7ACFC49E0FFF788FC46E015
:10900000801CFFF744FC42E0FFF729FC3FE0801C96
:10901000FFF7F2FB3BE0801CFFF7C4FB37E0801C4E
:10902000FFF7A1FB33E0801CFFF767FB2FE0801CFC
:10903000FFF742FB2BE0801CFFF7F8FA27E0801CCB
:10904000FFF7A6FA23E0801CFFF764FA1FE0FFF7A2
:109050003CFA1CE0801CFFF705FA18E0801CFFF7C3
:10906000E0F914E0FFF7C4F911E0FFF762F90EE050
:10907000801CFFF74BF90AE0801CFFF721F906E09E
:10908000801CFFF70AF902E0801CFFF7DAF80120E4
:1090900073E4002071E470B52349244C054640393F
:1090A000083C0A460126403260682B000DF0ACFAFD
:1090B00005171A1A04171A000122002108F093F963
:1090C000616800220846C0310A724A7209F067FFDF
:1090D000002803D016A11B480DF0A5F960E4167511
:1090E00088655DE4174812A13330F5E70E4900208A
:1090F000C031C8612039087270470B4A203A937E0C
:10910000002B03D1D076117701209076704730B5CF
:10911000134606E0CC18203CE47FD51A44555B1E6C
:10912000DBB2002BF6D130BD940900206C0000208A
:109130007372635C6C6C5F6374726C2E73302E633D
:10914000000000005108000070B5FD4D040008D07B
:10915000012C10D0022C07D0032C05D0F9A17020CF
:1091600007E0F8A1672004E02878012803D0F5A1E2
:109170006D200DF058F92C7070BD70B5F04D04469F
:1091800010280AD0112C16D028468178122C07D02E
:10919000132C0AD0EBA19F200BE0EAA1942008E059
:1091A000112908D0E7A1992003E0112903D0E5A1F6
:1091B0009C200DF038F9AC7070BD10B5E04894B04B
:1091C000007B002819D0172069460870DC4900A8E8
:1091D00006220D3102300CF0A8FF09A96846F9F704
:1091E000C2FE0446112805D0002C03D0D5A1BB2017
:1091F0000DF019F9204614B010BD3220E4E710B587
:1092000001220023114603F0B5FC10BDFFB595B057
:109210001D460E460746FFF7F2FF04000AD02078ED
:10922000222804D3A07F8006C00FA84204D10820C2
:1092300019B0F0BDC748FBE7372168460170478089
:10924000002D05D00121017146711799817102E04D
:1092500000206946087109A96846F9F784FEA07FD5
:10926000DF21084069010843A0770020E0E770B5DE
:109270000446084620380D4603000DF0C5F90A06DD
:109280000A11232C334249505761FF20ADA1083009
:1092900052E02078202851D1FF20AAA10B304BE0CA
:1092A000A7480178032949D08078132846D0207830
:1092B000242843D0252841D023283FD0FF20A1A136
:1092C0000E3039E02078222838D0232836D8FF20E5
:1092D0009CA1153030E0207822282FD0FF2099A1C2
:1092E000193029E02078222828D0242826D02628C2
:1092F00024D0272822D0292820D0FF2091A11C305B
:109300001AE02078252819D0FF208EA1233013E001
:109310002078252812D0FF208AA126300CE0207862
:1093200025280BD0FF2087A1293005E020782828A8
:1093300004D0FF2083A12C300DF075F8257070BD8E
:10934000FF2080A12F30F7E730B5834C0B88834A8C
:10935000022801D0934204D09D1FA54225D20228A5
:1093600002D04D88954203D04D88AD1FA5421CD236
:109370004C88A34219D88B88FF25F435AB4214D80A
:10938000022802D0C888904205D0C888724D0A3899
:109390002D1FA84209D2C888904208D0944206D016
:1093A0005B1C63438000834201DB072030BD00204B
:1093B00030BDF0B56A49884245D36A4A0125AD04FB
:1093C0001368A84201D398423DD30279002A06D0FF
:1093D000082A02D8067B082E05D90720F0BD047B99
:1093E000002CFAD0F6E7002A06D004688C422AD373
:1093F000AC4201D39C4226D3002E06D084688C4216
:1094000021D3AC4201D39C421DD300240CE005685B
:10941000A700ED598D4216D30127BF04BD4201D3E9
:109420009D4210D3641CE4B2A242F0D80022012570
:10943000AD040CE084689700E4598C4203D3AC423D
:1094400003D39C4201D21020F0BD521CD2B29642EE
:10945000F0D80020F0BDFFB50022099B002802D003
:10946000994205DC58E0002902D1002004B0F0BD8B
:109470000920FBE7845C002C12D087187D78112D21
:1094800043D010DC2B000DF0BFF80A401726262C25
:109490002C2E2E363640835C002B30D1521CD2B29B
:1094A0008A42F8DBE1E71C2D2FDA123D2B000DF08C
:1094B000ABF8042C2C121A2C022CD9D1BB78039CAB
:1094C000072B237001D25B0701D40A20CEE7029B51
:1094D00001241B7816E0E343DB0708E0012C08D0E9
:1094E00013E00620C2E70F2523072D075B19002B89
:1094F000F4D03046BAE7029B1B789C0701D50B20BD
:10950000B4E702242343029C2370835C521C9A1804
:10951000D2B28A4202DDABE7192676028A42A9DB83
:10952000A3E710B504780B46002C1FD001210E4A8A
:10953000012C1ED0022C22D0032C2AD125E00000C1
:10954000740A00207372635C6761705F636F726599
:109550002E630000023000007B0C0000FFFF0000C3
:109560000080010028000020023200000021197054
:1095700011E019708179890903290AD10BE019706A
:1095800081798909012904D105E019708179890956
:1095900001D0104610BD411C0622581C0CF0C5FD20
:1095A000002010BD08B51346002806D0FEA00068B4
:1095B000009048796A468009105C18700622581C91
:1095C0000CF0B3FD08BD30B50C46097895B02229E2
:1095D00002D2082015B030BD282369460B704880A0
:1095E000132A03D03B2A01D00720F3E708460A716B
:1095F00009A9F9F7B8FC050003D121212046FFF79E
:1096000036FE2846E6E700B595B0232369460B7081
:109610004880108888805088C880D0884881908889
:10962000088100208881C88109A96846F9F79BFC58
:1096300015B000BD70B50C00064610D0FFF7DFFD79
:10964000050003D1D949DA480CF0EDFEA68028893F
:10965000E0802889208168896081A889A08170BD07
:1096600070B50E46050003D00021092003F027FF46
:109670000120D04C022E207324D0032E04D0CC48DD
:10968000CA491E300CF0CFFECA4806210D3003F047
:1096900091FCA07C8006800EA074FFF78EFDA08B4D
:1096A00000280ED0002D0CD08300012200210920BB
:1096B00003F060FE092804D0BD48BC4928300CF0F6
:1096C000B2FE70BDBB480321103003F073FCA07CD8
:1096D00040218006800E0843A074B6480C3002F08A
:1096E00015F9DAE77FB501A9012003F0C3FA0028D4
:1096F00004D0AF48AD4967300CF095FEAE4E01A8DE
:1097000003F0C6FA050002D0052D4CD048E0029CBB
:10971000A07F01072CD520462230009068462346C2
:10972000628E80882146343301F07BFA0546A07FA3
:10973000F7210840A077002D05D0B5422FD09C48D6
:109740009A49783029E0E17F480889074000C90F2D
:1097500008432021095D4007400FC9000843E07716
:10976000207828281CD129212046FFF780FD17E00A
:109770004007C4D568462246808821460E32FFF74E
:1097800042FF0546A07FFB210840A077002D07D0AF
:10979000B54204D08648854992300CF044FE00253D
:1097A000284604B070BD0020FBE7F8B5040004D1E2
:1097B000ED207E4980000CF036FE7220207060683B
:1097C00008250178091F0B000CF01EFF11F90A3D56
:1097D0005FF83D0EF8F83E3D3D3D3DF986F93D0010
:1097E00073487249AA3074E087883846FFF707FD4E
:1097F000060004D16E486D49B2300CF014FE60785A
:109800000421284360706B4CA07F0843A07721217E
:109810003046FFF72CFDB07F8007800F012801D173
:10982000801EA080384602F057FE3846FBF72AFE1D
:109830003846FAF7C6F93946022003F040FEB07FF9
:10984000EF210840B077F8BD86883046FFF7D7FC97
:10985000002804D156485549D0300CF0E4FD60682A
:109860008078012804D052485049D2300CF0DBFDFA
:1098700060688179304602F04EFF0028E3D06178BD
:10988000294361706168C880F8BD87883846FFF752
:10989000B6FC060004D146484449E3300CF0C3FD51
:1098A00060783946284360706068C088308160689D
:1098B0000089708160684089B081022003F0FFFD5B
:1098C0000020B075FFF70EFF0028DDD001203749DA
:1098D00080020CF0A8FDF8BD80783C2815D0002748
:1098E000022815D00026002804D031482F49F8302E
:1098F0000CF099FD0021084603F0E1FD002107204E
:1099000003F0DDFD002E05D046E001270026F1E73B
:109910000126EAE76078284360702648817F294362
:109920008177002F38D160688688304601F055F87D
:109930000546807F6168800889798000012900D010
:1099400002210843A87760680622C08A28816068DF
:10995000008B68816068408BA8816068C079E87579
:1099600061682846183008310CF0DFFB6068062279
:10997000807B68706168A81C0F310CF0D6FBA87F53
:109980008107890F304602F090FDA87F8007800F85
:10999000012801D10748868006480178032913D0A1
:1099A0008078132814D00BE00302FF0144950000D7
:1099B00013030000740A0020023000000CE00FE0E6
:1099C000FF20FCA1453084E70120FFF7BDFBF8BD77
:1099D0001120FFF7D2FBF8BD204601F02AFCF8BDAC
:1099E000607828436070F8BDF7B505460078002719
:1099F00000090C463E4601287ED00022F14902288B
:109A00007BD0072804D00A2878D0EAA1EE482DE1BF
:109A1000686803780D2B31D006DC042B6FD0072B40
:109A200036D00A2B6AD106E0122B38D0132B40D047
:109A3000142BF7D1B2E011270726002C72D08088B2
:109A4000A0806968FB238979A171E04905468A7F76
:109A50001A408A77032103F0C5F80421284603F051
:109A6000C1F80021284603F0BDF80221284603F082
:109A7000B9F80121284603F0B5F8F9E001270926D5
:109A8000002CDBD08088A080686880792072EFE0AD
:109A900012270E2680882146FFF7CCFDE8E01A2722
:109AA0000726002CCAD04088A08068680079A07181
:109AB000DEE081783C2936D010271E26002CBDD050
:109AC0008088A0806868C08A20836868C08AE08235
:109AD0006868008B60836868408BA0836968207D1C
:109AE000497F4008C9074000C90F084320756968CD
:109AF000C007C00F497F03E05FE08AE0ADE01CE0F3
:109B000049084900084320756968A21DC8790831D1
:109B1000FFF748FD69682246887B0D320F31FFF759
:109B200041FD05E074E019270726002C70D0A271D2
:109B3000A648F722817F11407DE01B272E26002CAE
:109B400066D0A1806968A21D0879491DFFF72AFD2A
:109B500068682030C07A60736868C0780428A07B89
:109B600019D040084000A073F921084069681F22FD
:109B7000C9788907490F0843A07369684007C97A03
:109B8000400FC9000843A073696820460F300C31AC
:109B90000CF0CBFA6CE001210843E4E71E270E2607
:109BA000002C6DD0A1806868E21D407AA0716968C0
:109BB0008878C91CFFF7F6FC5AE0287A012805D0FE
:109BC000022815D080487BA132384FE01D270E2691
:109BD000002C55D06888A080A889E080E889208181
:109BE000288A6081688AA0817848DF22817FA2E785
:109BF00012270E266888FFF71DFD002C40D06878DC
:109C00004007400F032833D17048FD22817F92E73F
:109C100036E0287A03000CF0F7FC06041010202030
:109C2000202619270726002C2AD0A1806748A27178
:109C3000817F4908490081771AE019270726002CFF
:109C40001ED0A180287A012805D00320A0715F488A
:109C5000EF22817F6FE70220F8E721462846029A2B
:109C600001F04BFCFEBD532052A100010CF0DBFBC8
:109C70000298002C068001D0278066800020FEBD5F
:109C800002980680FAE710B5504894B080781328FF
:109C900002D0082014B010BD22206946087009A91E
:109CA0006846F9F760F904460021072003F007FC35
:109CB0002046EFE700B5454895B08078122801D0DE
:109CC0000820B5E41E216846017000218170C17032
:109CD00009A9F9F748F90028F3D10021072003F07A
:109CE000EEFB1120FFF749FA0020A1E400B5374848
:109CF00095B00078022801D0032818D11B2108A8AC
:109D000001730021817369460BA8F9F72CF900282B
:109D100004D1684640781B2801D0032088E4002144
:109D2000084603F0CCFB68468078002801D0082064
:109D30007EE40120FFF708FA002079E4F8B5234C0F
:109D400003000CF061FC0A068017808080804B3590
:109D50006E80FFF7CBFF00282AD1F7F7E9FD002836
:109D600026D02221017000210172F7F7C2FDA07FE9
:109D7000012152E08EB23046FFF741FA050004D1CE
:109D800011480CA12E300CF04EFB287821280FD062
:109D9000F7F7CEFD00281BD01221017002270772B1
:109DA00046800020A875F7F7A4FDA07F3843A07770
:109DB000F8BD00007372635C6761705F636F72650A
:109DC0002E630000FFFF000036050000740A00202B
:109DD000132229463046FFF7F6FBE9E7A578122D56
:109DE00006D0132D07D0FA49FA480CF01CFBDFE728
:109DF000FFF760FF01E0FFF746FF0028D8D1F7F733
:109E000097FD0028D4D022210170122D07D0022105
:109E10000172F7F76EFDA07F10210843C7E701210B
:109E2000F6E7A07C810901290BD0800904D0E9481C
:109E3000E74922300CF0F7FA03210020FFF710FC6D
:109E4000B6E70221F9E7E348E1492930CDE7F7B564
:109E500014460D0004D1DF48DD4931300CF0E3FA3F
:109E600028780827012807D002281FD0D948D849C8
:109E700062300CF0D8FAFEBD0098FFF7C0F906007A
:109E800004D1D448D24938300CF0CDFA0220B07554
:109E90001030207060783843607007CD083407C4F4
:109EA000CD482022817F11438177FEBD0098FFF7C6
:109EB000A6F9060004D1C748C54946300CF0B3FAEC
:109EC000A988C648814208D1EA88824205D1132276
:109ED00031460098FFF777FBFEBD814202D1E8884A
:109EE000002809D01220207060783843607007CDB8
:109EF000083407C4002006E07823002202200099DD
:109F000003F038FA0120B075FEBDB34840897047B0
:109F1000FFB591B01498F8F721FF00285DD1012416
:109F2000684603218471C9028180002201A920466C
:109F3000FAF719F9002850D16846152184714902B1
:109F4000818000261C2102A800960CF04DF901200A
:109F50000146684610310170002001466846417094
:109F60008178F9273940891C21438170017A0225C3
:109F70002943017212998186C6861F2101870C90A0
:109F800011980F9001A80B9009AA0BA902A8F9F744
:109F9000B5FE002821D168468F4E808CF08068463F
:109FA00084718F498180807809AA3840801C4108DB
:109FB0004900684681708586058713A80F900BA914
:109FC00002A8F9F79BFE002807D16846808C3081F3
:109FD00031460A311498F8F7D4FE15B0F0BD30B50B
:109FE0000C46804995B08C4241D37F4901229204AE
:109FF0000968944201D38C4239D3203800220125CC
:10A0000003000CF001FB06042F494D535C64002152
:10A01000082003F02EFA002802D0112015B030BD20
:10A0200024206946087000A80522A11C02300CF00B
:10A030007CF809A96846F8F796FF050002D0082DBC
:10A040000ED031E0082300221146184603F092F9A1
:10A05000082829D05F485E49D6300CF0E4F923E0A7
:10A060000620DBE76068002803D0884201D2102078
:10A07000D4E73D2168460170218841806188818054
:10A0800009A9F8F770FF05000ED1606800280BD011
:10A090006946098D018007E0206801F079FC02E043
:10A0A000204600F0D8FC05462846B7E73E2007E0EA
:10A0B000857000E0827009A9F8F755FFF3E73420B6
:10A0C000694608702078C0076846F3D0F0E707209B
:10A0D000A4E730B50C46444995B009688C4201D2DA
:10A0E00010209BE7203803000CF08EFA0504212194
:10A0F000232132002088FFF782F8002804D000785E
:10A10000222803D2082089E7384887E725216846B6
:10A1100001702188418009A9F8F725FF050015D1B4
:10A120000AA905220231A01C0BF0FFFF0EE0062554
:10A130000CE02068002805D0884201D2102505E0F7
:10A1400001F01BFC24480025808BA080284665E791
:10A15000072063E720481330704710B520211E48C0
:10A160000CF040F80120FEF7EFFF1120FFF705F893
:10A1700000211948C943818000218176E1218900AD
:10A18000818301460C300D310446F7F751FC12482B
:10A190000722214613300BF0C8FFFFF70EF8002806
:10A1A00003D00B4912480CF03EF900F0D5FF10BD6A
:10A1B00010B504463C210CF015F8A07F8008800003
:10A1C000A077202020700020A0752034607010BD82
:10A1D000B49D00008C050000740A0020FFFF000001
:10A1E000012A000000800100280000200230000049
:10A1F000FB0600007047FEB50546FF480C4681424D
:10A2000007D301208004844205D3FC4800688442BF
:10A2100001D21020FEBD002D02D0012D32D126E04A
:10A22000F74908220F4668460BF07FFF3946204663
:10A23000FFF777F90028EDD1FEF7BFFF060006D043
:10A240000722694638460BF070FF3046FEBD207885
:10A25000002801D0012805D1E94807223946C01D50
:10A260000BF063FF0021092003F029F90FE00978C2
:10A27000002907D0012905D0022905D0032903D0E0
:10A28000E048FEBD0720FEBD0120FFF7E9F9DC48EC
:10A290000C3885760020FEBD10B5D8490968884283
:10A2A00001D2102093E7D64902460C390B7B0D31C1
:10A2B0001846FFF777F9002089E7FFB599B0054602
:10A2C000002069460871087208A9087408751446C8
:10A2D000CA480122C849920400681E46002D05D0D4
:10A2E0008D420BD3954201D3854207D3002C08D071
:10A2F0008C4203D3944204D3844202D210201DB076
:10A30000F0BD2846204318D01F270CAB01AA0097A8
:10A3100028461A99FFF79FF80028F0D10DAB02AA42
:10A32000314620460097FFF796F80028E7D16846A7
:10A33000007AC10703D00A20E1E70720DFE78007A2
:10A3400005D568460079800701D50B20D7E703AF14
:10A35000002D0FD01A20694608731A988873294671
:10A36000F81C1A9A0BF0E1FE0EA903A8F8F7FBFD02
:10A370000028C4D1002C0ED02021684601738673BA
:10A3800032462146F81C0BF0D0FE0EA903A8F8F7C0
:10A39000EAFD0028B3D19A4908A8007C0C3948701E
:10A3A0000020ACE770B504460A2020700D46204618
:10A3B000F8F7D9FD002805D139202070294620461C
:10A3C000F8F7D1FD70BDF7B500260C4605460B2702
:10A3D0001AE02968B00009580978002903D001293A
:10A3E00001D00720FEBDA170296806220958E01C93
:10A3F000491C0BF09AFE277020460299F8F7B3FD2E
:10A400000028EFD1761CF6B22879B042E1D80026B8
:10A410003A270FE0A868B10041581022A01C0BF0A9
:10A4200084FE277020460299F8F79DFD0028D9D1B7
:10A43000761CF6B2287BB042ECD80020FEBDF0B509
:10A44000044671A003C897B06B4B00271591149078
:10A450009C4211D369480125AD040268AC4201D386
:10A46000944209D32078012809D16168994203D325
:10A47000A94204D3914202D2102017B0F0BD604926
:10A480000C390A78012A0CD18A88614B9A4203D090
:10A49000002806D0012804D08A7F13079B0F06D11D
:10A4A00001E00820E9E7D30701D1910701D5112088
:10A4B000E3E7218A574B0A46203A9A4207D30128FC
:10A4C00075D1002973D1628A002A70D111E0022867
:10A4D00001D0032801D1A02969D3012809D0484A15
:10A4E0000C3A5278D20704D0628A002A5FD0B42A8C
:10A4F0005DD8002806D0012808D0022804D00328FF
:10A5000055D117E0002518E0022516E0002902D1F8
:10A51000608A00280CD004256068007800280CD0E0
:10A52000012809D0022807D0032805D03548A4E720
:10A530000125F1E7032500E00127207A002806D055
:10A54000012806D0022806D003287CD105E0002689
:10A5500004E0012602E0022600E00326002D01D0DF
:10A56000022D14D1002E12D0E068FEF722FF002841
:10A5700083D123480C384078800702D02148401E00
:10A580007BE7022D03D1022E5DD0032E5BD0182174
:10A5900068460170218A4180218A8180857118482E
:10A5A0000C38007B002803D001286FD104E04AE07A
:10A5B00000216846C17102E001206946C871684601
:10A5C000077221780930012937D006210BF00AFEE5
:10A5D00069460E74207D8207C107D20F4007C90F5C
:10A5E0005200C00F11438000014314A8405C69462B
:10A5F000C873002827D00FE0008001002800002049
:10A60000800A002002320000070605040302010050
:10A61000FFFF0000E13F000009A96846F8F7A3FC2E
:10A62000002884D109A96846FFF7BCFE0028A7D1FD
:10A63000002D0AD0022D08D010E061680622491CC6
:10A640000BF073FDC4E7072017E7002E06D009AA18
:10A650006946E068FFF7B7FE002891D11B206946E4
:10A6600008700120887009A96846F8F77CFC00286A
:10A6700086D108A840791B2819D12B000BF0C4FF04
:10A680000504040707040A00032001E00FE002208C
:10A69000FEF75AFD012D0CD0608A002809D0002257
:10A6A00083001146104602F065FE002801D0032009
:10A6B000E3E60020E1E6F3B5032687B00D46002966
:10A6C0000AD0FA4885426FD301208004854203D323
:10A6D000F7480068854267D30798FEF790FD0400AD
:10A6E00005D02078222804D2082009B0F0BDF14816
:10A6F000FBE7A07F8707BF0F002D05D0294638460E
:10A70000FEF722FE0600F0D139460027EA4801296B
:10A7100007D0022931D0E949E9480BF084FE3046E0
:10A72000E3E7A27D2946012A02D0827F920701D564
:10A730001120DAE700291BD108216A46049711820B
:10A740000592418904AADF48FAF7FDF80028CCD128
:10A750006846008A082801D00320C6E768460188B9
:10A7600001814188418181888181C188C18102A99B
:10A77000079801F061FF0646D1E7A17D022916D1B5
:10A78000807F800613D4002D04D0A07F40070CD416
:10A79000002100E00121079801F08FFF0600BED1E3
:10A7A000A775002DBBD004E01AE01126B7E7002DF5
:10A7B00016D02A4621460798FEF725FF064611289F
:10A7C000ADD1A07F4007AAD42046082229460E30EA
:10A7D0000BF0ABFCA07F04210843A07700269EE786
:10A7E000102082E770B50C460546FEF708FD010013
:10A7F00004D022462846FEF7E6FE70BDAD4870BD87
:10A8000000B50146143195B0192901D2810707D04E
:10A8100001461E3104D00A3102D0072015B000BD18
:10A82000312269460A70887009A96846F8F79BFBCF
:10A83000F4E701B582B00220694608809E4802AB69
:10A8400000896A460021F9F7E7FE6946098802296E
:10A8500000D003200EBD1CB50021009102216A46E4
:10A860001180934901900968884201D210201CBDD3
:10A87000914801899348FAF766F8694609880229E0
:10A88000F5D003201CBDF0B50E46884985B01746AB
:10A8900005468E4207D386480122920400689642FC
:10A8A00004D3864202D2102005B0F0BD1F2F01D97B
:10A8B0000C20F9E7804C8D4226D3954201D3854286
:10A8C00022D3E08803A9F9F758FE0028ECD12878B4
:10A8D00069464873E08803A9F9F730FE0028E3D100
:10A8E0006946009008780221084369460870497B50
:10A8F000090703D00821084369460870E0886946C3
:10A90000F9F7B5FD0028CFD169468F80E08833463E
:10A9100001AA0021F9F780FE69468988B942C3D0AF
:10A920000320C1E71CB50C4600210091019122884B
:10A9300069460A805E4901900968002801D0884272
:10A9400001D38C4201D210201CBD002801D0002A66
:10A9500009D059486A46C1885A48F9F7F4FF694650
:10A96000098821801CBD0C201CBD10B50123FEF7F9
:10A970004DFC2CE4002310B51A461946FEF746FCA0
:10A9800025E430B505464A4895B000680C4681423A
:10A9900002D2102015B030BD2846FEF730FC00284A
:10A9A00007D00178222902D3807F800603D40820B3
:10A9B000F0E74048EEE7132168460170458009A999
:10A9C000F8F7D1FA0028E5D108AA0A2151567F29C3
:10A9D00001D02170DEE70520DCE7F8B5012304464D
:10A9E0001A46194602F0C6F8074601231A46022104
:10A9F000204602F0BFF8064601231A4604212046ED
:10AA000002F0B8F8054601231A460321204602F059
:10AA1000B1F80446002F03D128492B480BF003FD61
:10AA2000002E04D1AD20254980000BF0FCFC002D48
:10AA300004D125482149801C0BF0F5FC002C04D1E1
:10AA400021481E49C01C0BF0EEFC22213846FEF7BF
:10AA50000EFC3846F8BD10B50446006800280CD03E
:10AA60001249884207D301218904884205D310493D
:10AA70000968884201D2102014E400F071FFA08818
:10AA80000D4CA083A07E01280DD10021092002F0E9
:10AA9000F0FC002800D00120A17C8909012915D0F3
:10AAA0000321FEF7DDFD002006E400000080010028
:10AAB0002800002002300000740A0020B49D00002D
:10AAC000C6090000FFFF0000B30200000221E8E712
:10AAD00030B5F74B9A4207D301239B049A4205D322
:10AAE000F44B1B689A4201D2102030BD1578EB065A
:10AAF0005B0F042B07D85478072C04D39378102BC2
:10AB000001D8A34201D2072030BDD3785B0702D41D
:10AB100013795B0701D5062030BDC37FAC075B0806
:10AB20005B00E40F2343C3770878EF2318401378C2
:10AB30009B06DB0F1B0118430870F12318401378A4
:10AB4000DB065B0F5B001843087050780873002029
:10AB500030BD30B500240C70C378DB07DB0F0B7001
:10AB6000C578AD07ED0F6D002B430B70C5786D07F1
:10AB7000ED0FAD002B430B7014700179C907C90F9D
:10AB8000117003799B07DB0F5B001943117000798B
:10AB90004007C00F80000143117030BD70B51446EE
:10ABA0000D460646F6F7C4FE002809D0A221017022
:10ABB000142221460830F6F707FBF6F79AFE70BD1F
:10ABC000132229463046FEF7FEFC70BD70B51446D0
:10ABD0000E460546F6F7ACFE002809D0222101708A
:10ABE00045802178017261784172F6F782FE70BD6E
:10ABF000132231462846FEF7E6FC70BD10B5AE4C78
:10AC0000207C00280CD1204621461038FDF762F840
:10AC1000002803D0A9A1F2200BF005FC012020742C
:10AC200010BD70B594B015460C462C226946189E8E
:10AC30000A704880002B17D00822194601A80BF093
:10AC400074FA68468581102231460E300BF06DFA99
:10AC500009A96846F8F787F9002803D1A17F1022D7
:10AC60001143A17714B070BD002001900290E8E775
:10AC7000F0B50646008A97B080B20D460190FEF707
:10AC8000BEFA04468C48317848380746E8370990C0
:10AC90000B000BF0B9FC0EFCFB48085F8798B8D995
:10ACA000FAF9F8F7F6FC002301221946019801F0A1
:10ACB00061FF050004D1FF2080A130300BF0B3FB11
:10ACC000002C04D1FF207DA131300BF0ACFB387E8D
:10ACD000C00904D078486030C06DA86112E02B2014
:10ACE000694608720BA902A8F8F73DF9002804D0BC
:10ACF000FF2072A13C300BF096FB74490C980BF0CE
:10AD00008EFAA9617068A862B068E862A07F8007C7
:10AD1000800F012820780DD0252804D0FF2067A1BE
:10AD20004D300BF080FB324621460198FFF736FF8D
:10AD300017B0F0BD2528F6D0222806D0242804D04C
:10AD4000FF205EA146300BF06EFB25212046FEF76A
:10AD50008EFAE8E7002301221946019801F00AFF64
:10AD6000060004D1FF2055A158300BF05CFB002CED
:10AD700004D1FF2051A159300BF055FB2078252834
:10AD800004D03078012108433070D1E702202870C8
:10AD9000B068A860B068002802D000202871C7E71A
:10ADA0000120FBE72B2069460870434968464C396F
:10ADB000F8F7D9F8002804D0FF2040A178300BF034
:10ADC00032FB03201BE02A206946087000A81022ED
:10ADD000023071680BF0A9F904A810220230B168A2
:10ADE0000BF0A3F9344968464C39F8F7BCF8002851
:10ADF00004D0FF2031A189300BF015FB042028700E
:10AE00000998686094E7B068002804D1FF202BA15E
:10AE100095300BF008FBE07F400704D5FF2027A109
:10AE200096300BF000FBB06806220A3800903379A8
:10AE30000421019801F0FBF90028A6D0FF201FA1F2
:10AE40009B300BF0F0FA73E7002C04D1FF201BA11C
:10AE5000A3300BF0E8FA2046223010220546716834
:10AE60000BF063F928212046FEF701FAA07F800746
:10AE7000800F022814D100231A462146009501981C
:10AE800006E04BE1BAE0B0E095E03FE071E05FE161
:10AE9000FFF7C7FE11281BD029212046FEF7E7F94E
:10AEA000E07F317A4007400FC9000843E0773FE771
:10AEB0000080010028000020400B00207372635CBA
:10AEC0006761705F7365632E6300000040420F008E
:10AED000A07F000704D5FF20FD49B0300BF0A3FA96
:10AEE000A07F08210843A0770020608620463430E8
:10AEF0000BF078F9E07FFD220146C9071040890F69
:10AF00000843E077307A2034207011E700230122D3
:10AF10001946019801F02EFE040004D1FF20EC49EF
:10AF2000CD300BF080FA2B2069460872E94902A85F
:10AF3000F8F719F8002804D0FF20E549D2300BF0CB
:10AF400072FAE4488188204621300176090A417668
:10AF50000E2129702146FC316960017E2974407EF2
:10AF60006874DC482C30A860103030346C61E860C4
:10AF7000DEE6002C04D1FF20D549E6300BF053FA71
:10AF80002078212893D93079012802D0022808D1CD
:10AF900003E0E07F04210843E077387E0121084385
:10AFA0003876324621460198FFF7F8FD23212046E6
:10AFB000FEF75DF9BCE601220421019801F01FFCB7
:10AFC0000028A2D0002301221946019801F0D2FDE9
:10AFD000040003D1BE49C0480BF025FA0F202870A9
:10AFE000172028716E34AC60A2E60421019801F0AC
:10AFF00056FC002889D11020287099E600230122F0
:10B000001946019801F0B6FD050004D18720B0492A
:10B0100080000BF008FA2E462036307E41064DD5D2
:10B02000A17F8F07BF0FC00713D029468031486F1B
:10B0300000280ED0027CF37DD207D20F5B001A43AA
:10B040000274486F5108E27F4900D207D20F1143C2
:10B050000174307E000713D52A468032116F002913
:10B060000ED0087CF37DC007C00F5B001843087446
:10B07000116FE27F40084000D207D20F10430874DE
:10B08000307E80070BD5F8204259002A07D0012FC7
:10B0900005D02946307C31311032FEF783FA307EFC
:10B0A000C0060BD5F8204259002A07D0012F05D140
:10B0B0002946307C31311032FEF774FA0523684698
:10B0C0000370357E4570834822216038019A0170F3
:10B0D0004178C908C900C91C417042800372457299
:10B0E000F6F78EFD2078252809D021280BD07A4844
:10B0F00077495B300BF097F92078222803D9222179
:10B100002046FEF7B4F80021019801F06BFD0028FD
:10B1100000D10DE670486E49633092E674686D4D5B
:10B1200020786035092802D00A28F2D10BE0E168C6
:10B13000002902D02846F7F7E8FE2169002902D04D
:10B140002846F7F7E2FE21462846F7F7DEFEEFE550
:10B1500061485F49883074E65E4810B504222821B2
:10B160006030F7F7B9FE5B480024EC30017E4906F9
:10B17000490E01764038C465FCF739FD55493C312C
:10B1800008461038F6F78BFC52484C30047410BD5A
:10B1900070B50D46FEF733F8040004D14E484C4913
:10B1A000A7300BF040F9FF21053128460BF01CF8C1
:10B1B000A07F8007800F01280CD00221284688300C
:10B1C000FCF716FD002804D043484149AC300BF091
:10B1D0002AF970BD0121F1E70A46014610B5104673
:10B1E0008830FCF71FFD10BD70B5054611200C46D8
:10B1F0000870002161702121495D002908D00329D0
:10B200000ED0042910D034483149C6300BF00BF968
:10B2100020780009012802D9E87FC008607070BD5D
:10B220000007000F203002E00007000F30302070D0
:10B23000EEE7F0B504464068082601789BB008297F
:10B240000DD00B2903D00C294BD1012181716068ED
:10B2500087883846FDF7D3FF05004CD147E0478883
:10B260003846FDF7CCFF050004D1172018494001EE
:10B270000BF0D9F82878212833D0282833D16068FA
:10B2800002210C3000F050FF00282CD0606808210B
:10B29000001D00F049FF002825D02D2168460170CF
:10B2A000478029461022223101A80AF03EFF0FA94B
:10B2B0006846F7F758FE002804D007480449EF30E5
:10B2C0000BF0B1F8A87F10210843A877292105E0E9
:10B2D000BCAE0000F40A0020030200002846FDF77F
:10B2E000C6FF1BB0F0BD607830436070F9E7FE49DF
:10B2F000FE480BF098F8A87FEF210840A87729783E
:10B3000021290FD061688A79002A02D08978002922
:10B3100012D08007800F022849D0F448F249343017
:10B320000BF081F8FEF7DEF90028DAD0EF48EE499D
:10B330003F300BF078F8D4E7607830436070E87FF6
:10B34000C00701D0042100E00321212041552878C5
:10B3500029280BD03946062002F0B1F82878242895
:10B36000E0D122212846FDF782FFDBE700230122FE
:10B370001946384601F0FEFB040004D1C920DA4921
:10B3800080000BF050F825212846FDF770FF0D20B6
:10B3900008A90871204609A98830FCF735FC022865
:10B3A000C0D00028BED0D148CF491D30B8E7607862
:10B3B00030436070B6E7F7B58AB015460646FDF72C
:10B3C0001EFF002841D0017822293ED323293CD0FA
:10B3D000C17F490739D4807F8007800F01280DD0B5
:10B3E000002301220021304601F0C4FB0746C0487B
:10B3F0000290F7F781FD040007D101E00123F0E797
:10B40000BA48B94959300BF00EF8002F1FD08837D1
:10B4100067610298F7F770FD07460298F7F76CFD31
:10B4200009212170266225710B99E760A1602061D6
:10B4300003A92046FCF70CFC022806D0002804D003
:10B44000AA48A94975300AF0EEFF0DB0F0BD002002
:10B4500007466061E4E730B5002387B00546012266
:10B46000194601F087FB04462846FDF7C8FE007820
:10B4700022281BD9002C04D19C489B4981300AF01A
:10B48000D2FF0F21684601701721017120466E30EE
:10B49000029069461A30FCF7B7FB022806D0002854
:10B4A00004D0E520904980000AF0BDFF07B030BD10
:10B4B00030B5002387B005460122194601F05AFB3A
:10B4C00004462846FDF79BFE00782228EED9002C82
:10B4D00004D18648844993300AF0A5FF10206946BC
:10B4E000087020468830FCF78FFB0028DED0E9206A
:10B4F0007D4980000AF097FFD8E7F7B50546007848
:10B500000027000982B00C463E4602287ED007285C
:10B5100002D00A284AD14AE068680178082907D091
:10B520000B2930D00C292ED070486F49D33060E100
:10B5300014271A26002C6AD04088A080FDF75FFEF1
:10B540000090002804D169486749AF300AF06BFFCA
:10B5500000980099C07DA21D1831FEF723F8686895
:10B5600008228089E081696820461030091D0AF0B0
:10B57000DCFD207E01210843F92108402076009857
:10B580004021807F47E018270826002CD3D08088F0
:10B59000A080FDF734FE050004D1F7205249800059
:10B5A0000AF041FFA11D2846FFF71EFE23E1002CF3
:10B5B00001D0288BA080287A01287DD0022804D0D1
:10B5C00003282FD048494B4813E11C270726002C9D
:10B5D000B1D0A088FDF713FE0090002804D1FD2013
:10B5E000414980000AF01FFF287B8007800F012857
:10B5F000A07914D040084000A071FD210840297BAB
:10B600004907C90F49000843A07101E0E3E0DFE00A
:10B6100000988021807F084300998877EBE0012122
:10B620000843E9E713270B26002C84D0A088FDF7F8
:10B63000E6FD00900023A0880122194601F09AFA45
:10B6400005460098002804D12A48274960380AF0A6
:10B65000EAFE002D04D181202349C0000AF0E3FE58
:10B660000098807F8007800F012859D0E86A817890
:10B670008907890F0129A17954D049084900A1718E
:10B680008278FD255207D20F294052001143A17143
:10B69000E322114002785207D20E1143A171DF223A
:10B6A00011404278D207920E1143A1710021E1713D
:10B6B000C1782172427900E037E00179607AD307DE
:10B6C00040084000DB0F18439307DB0F28405B0066
:10B6D00018435207FB23D20F1840920010436072A8
:10B6E000A07A4008400007E0BCAE00000E03000056
:10B6F000540B002067040000CA07D20F10438A07CA
:10B70000D20F2840520049071043C90F1840890042
:10B710000843A0720098007823286CD92621AFE056
:10B72000A86AA4E701221143A9E7297BFE48022960
:10B7300010D017270C26002C4AD0012911D003293C
:10B740001ED004291FD005291DD0F849F8480AF059
:10B750006AFE23E019270726002C4CD00121A17195
:10B7600005E00121A171E17989088900E171017E7B
:10B77000CA094906D201890E49000A4302760DE042
:10B780000220A07106E0687B0007000F8030A071E6
:10B79000052918D0E07980088000E071A088FDF7C5
:10B7A0002EFD05460078212825D0232804D0E04826
:10B7B000DE490C300AF037FEA088002101F012FAB1
:10B7C000222128465DE0E07980088000401CE4E703
:10B7D0000498068015E0002C01D06888A080287AA3
:10B7E000032828D004280FD005284DD0D048CF49B1
:10B7F00064300AF018FE0498002C068001D02780DF
:10B800006680002005B0F0BD15270C26002CDFD087
:10B810000023A0880122194601F0ACF9050004D1EB
:10B82000C348C2492A300AF0FEFD0622A11DA869BC
:10B8300009F0DCF9DFE716270726002CC8D0A0881E
:10B84000FDF7DDFC00900023A0880122194601F0DD
:10B8500091F905460098002801D0002D04D1B44884
:10B86000B24938300AF0DFFD2878C00601D5022041
:10B8700000E00120A071009800782328BBD927217F
:10B880000098FDF7F4FCB6E717270C26002C9FD094
:10B89000A088FDF7B4FC00906D7A002804D1A4487C
:10B8A000A2494B300AF0BFFD0621A01D0AF09AFC08
:10B8B0000020A071207A032108432072FB21084058
:10B8C0000099C97FC907490F08432072680692D5BD
:10B8D000E07904210843E071A07AE90740084000BC
:10B8E000C90F0843E17A2A0749084900D20F1143DA
:10B8F000FD22AB07DB0F10405B001843A072E80687
:10B90000C00F114040000143E17274E710B50446D6
:10B91000807990B08009012804D04D20834900012E
:10B920000AF081FDFFF76AF90120694608707E4838
:10B930000AA9A0380190201D0290601C0B90684657
:10B94000FCF786F9002804D07948784987300AF056
:10B950006AFD0322601C0B990AF0E7FB10B010BDD2
:10B9600010B5714CA03C002805D00146102220469D
:10B970000AF0DBFB0120207410BD10B50446FFF770
:10B980003DF969491022A03920460AF0CEFB10BDCE
:10B9900070B50025644C00281CD06649884207D346
:10B9A00001218904884205D363490968884201D28C
:10B9B00010250DE0062109F003F9411C07D05A4972
:10B9C0004039C865207E80210843207600E00725A5
:10B9D000284670BD207E4006400EF6E7F3B50020F5
:10B9E00089B00D46029000290AD0524885421CD3E6
:10B9F00001208004854203D34F480068854214D358
:10BA00000998FDF7FCFB060003D03078222815D1F9
:10BA100002E04A480BB0F0BD002D08D1B07FC1094B
:10BA200003D08007800F022801D01020F2E7B07FFA
:10BA3000C10601D4000703D5002D01D00820E9E795
:10BA40003948007EC00712D1F07F400701D50D2094
:10BA5000E0E7002201231146099801F08BF8070066
:10BA600005D0B07F8007800F022802D00BE01120A4
:10BA7000D0E7002D07D02A4639463046FFF728F890
:10BA800002900028C6D128488C38F7F735FA040010
:10BA900003D126492A480AF0C6FC0A2020700998DA
:10BAA000206238468830A060B07FFB218007800F7D
:10BAB000012829D0002D4CD002202071381DE060D3
:10BAC00038780007400F20743878C006C00F6074C3
:10BAD000A07C2A788008D2078000D20F1043A0747F
:10BAE0000840F17F01AAC907490F0843A074A8784C
:10BAF000E07469462846FFF72CF8684600792075FF
:10BB000068460078607528E001202071207B2A7843
:10BB10008008D2078000D20F104320730840297894
:10BB20008907C90F89000DE0E00B0020BCAE0000C2
:10BB300053040000008001002800002002300000B3
:10BB4000630500000843207324213046FDF78FFB76
:10BB50000BE0032020710520207325213046FDF7DE
:10BB600086FBB07F4006400EB07703A92046FCF765
:10BB70006FF8022805D0002803D0FD49FD480AF0DF
:10BB800052FC029846E7FFB581B00A9D06461C4666
:10BB90001746142128460AF027FB0B980021016064
:10BBA000F8070ED0F44920680968884239D312306A
:10BBB00028602068143068602068A8600B982168AD
:10BBC0000160B80726D56068002803D0EA490968F3
:10BBD000884226D3029900290AD0FC3600280ED0CC
:10BBE00031461030FDF79DFC00281BD1606810E045
:10BBF000002816D0E86080366068B0670AE0FEF77B
:10BC0000A9FA0146072230460AF08FFAFEF7F6FF3E
:10BC1000DA48E860780707D5D749A06809688842FC
:10BC200001D21020EEE528610020EBE5FFB5D44AF3
:10BC30000E4607CA97B002AB07C3002700970197CB
:10BC40001798FDF7DCFA050005D02878262804D0DF
:10BC500008201BB0F0BDCB48FBE700231A4619466D
:10BC6000179800F087FF040004D1C248C049803013
:10BC70000AF0D9FBA87F8007800F1690012814D006
:10BC8000022824D0BB48BA4999300AF0CCFB0121E4
:10BC90000022852E31D01EDC002E26D0812E26D00B
:10BCA000822E26D0832E1ED125E0002EEFD12146F4
:10BCB0002846199AFEF70CFF0028CAD119988078F7
:10BCC000009019980078C007C00F0190DFE719981D
:10BCD000002808D1DBE7862E11D0882E11D0892EBE
:10BCE00011D08A2E11D00720B3E710460EE0084687
:10BCF0000CE002200AE0032008E0052006E0062010
:10BD000004E0082002E0092000E00A20002222715D
:10BD100001216A461176211D0791002801D020716A
:10BD2000FAE0169801280CD0A66AE06A02220121E6
:10BD300010900020A0602846173002291AD0012157
:10BD400019E0E66AA06A1090032030702078FB2387
:10BD5000C006C00F7070B07801221840009BF370CD
:10BD60008008019B800018430221B0700020707190
:10BD70003071DEE70021890009190861681C022A78
:10BD800001D0012100E00021890009190861B07883
:10BD90008007800F01285ED1109880788007800F7F
:10BDA000012858D110980079844610984079009065
:10BDB000169801281DD0317908A801747179017590
:10BDC00008A8027C6046024008A8007D009908404F
:10BDD000139010433FD06C491A98884207D3012131
:10BDE0008904884215D364490968884211D2102019
:10BDF0002FE70CAA0DA91998FEF7ABFE08A8007C46
:10BE000061460840307108A8007D009908407071B3
:10BE1000D6E720463C3021460090F031169801913B
:10BE2000022834D000211A9B20460C33FFF7ABFECA
:10BE30000028DDD12046503021460090F43116987C
:10BE40000191012825D0002120461A9B139AFFF763
:10BE50009AFE0028CCD110988078400702D4E87F61
:10BE6000C0072BD0169902A8012914D0109909787F
:10BE70004900405A21780907490F4900C8408707FF
:10BE8000BF0F2AD0012F14D0022F0FD113E00121B0
:10BE9000C9E70121D8E721780907490F4900405A2D
:10BEA000109909784900C8408707BF0F032F04D0B5
:10BEB00004E0022711E001270FE00227169801286D
:10BEC0000BD1B078FB210840E97FC907490F08432F
:10BED000B07020780007400F3070207810224008A2
:10BEE000400020701099D2434978C907C90E114308
:10BEF00008402070C00623D4022F21D0012F21D06A
:10BF00000020A061E0612062606220461830A060DD
:10BF1000E87F40084000E877204606A98830FBF714
:10BF200073FE002806D0022804D06F2010490001BB
:10BF30000AF079FA25212846FDF799F9002088E6CC
:10BF4000032008E020460D211B300AF04BF9204663
:10BF50001830A060042069460875E87F0121084375
:10BF6000E87705AA29461798FEF730FED4E70000C7
:10BF7000BCAE00008E05000028000020400B002011
:10BF8000606701000230000000800100F0B587B05A
:10BF900015460E0004460DD06A48854207D301209D
:10BFA0008004854206D368480068854202D210208A
:10BFB00007B0F0BD2046FDF722F9070004D038781D
:10BFC000272803D00820F3E76048F1E700231A464A
:10BFD0001946204600F0CEFD040003D15C495D48BF
:10BFE0000AF021FA0020002E05D0022E08D0012EE2
:10BFF00011D00720DCE701216A461171A06018E02A
:10C00000234618336946A360087110222946184652
:10C010000AF08BF80DE021461831A16069460871DD
:10C02000A061E061206260620621284608F0C8FD38
:10C03000A0612078C10714D0400840002070022081
:10C04000694608702046183002907030FBF7DCFD1E
:10C05000022806D0002804D03E483D4923300AF08B
:10C06000E2F925213846FDF702F90020A0E770B576
:10C0700094B00D460646002B02D0072014B070BDC8
:10C08000FDF7BDF8040007D02078222802D3A07F56
:10C09000400603D40820F1E72C48EFE7002D19D023
:10C0A0002D216846017046801022294601A80AF019
:10C0B0003CF8E07F297C4008C9074000C90F0843CD
:10C0C000E077297C40078906400FC90EC900084364
:10C0D000E07703E02E2168460170468009A9684692
:10C0E000F6F741FF694609782D2905D1002803D1CB
:10C0F000A17F10221143A177A17FBF221140A17718
:10C10000BCE710B50C46FDF77AF8002805D00E49BB
:10C1100009688C4203D2102010BD0C4810BD214686
:10C12000FFF762F8002010BD05E00278401C002AED
:10C1300001D0002070470A46491E89B2002AF4D176
:10C14000012070470080010028000020023000001C
:10C15000BCAE00000F07000030B50346072903D02E
:10C160000820DA781C7916E00720FAE707290BD0B7
:10C170005500ED186D79072D01D0401EC0B2521C3C
:10C18000D2B20F2A07D105E05500ED186D79072DC1
:10C19000F3D0F4E700222546641EE4B2002DE5D179
:10C1A00030BDFFB581B00C461646114620460A9FA9
:10C1B0000B9DFFF7D1FF00280AD020790F2803D369
:10C1C000FEA1A0200AF02FF9A078C00907D019E03D
:10C1D000072E02D0112005B0F0BDFD48FBE7019805
:10C1E0002880381D6880002068712871EF800498CD
:10C1F00028812846F6F7DFFE002803D1EFA1AD2005
:10C200000AF011F9E07821794018491CC0B2217177
:10C210000F2801D30F38C0B2400000194671817950
:10C22000F12249084900114081710020D3E7FFB590
:10C2300083B01C4616460F4600231A4602210C9D69
:10C24000039800F097FC010008D033463A46019568
:10C2500000940398FFF7A5FF07B0F0BDDC48801EEF
:10C26000FAE7F0B5054616460F4650888DB0002314
:10C270000122022100F07EFC040003D1CFA1DF20C7
:10C280000AF0D1F8002069460871A078400603D171
:10C29000CAA1E3200AF0C7F8042F5ED32A78D0079A
:10C2A000C017401C06D161786B78994255D121782E
:10C2B000090752D00121142A46DA012A42D0122A53
:10C2C00002D0132A40D128E00C2F3DD1A27852068B
:10C2D000520E012A38D0207800090001401C20703D
:10C2E000687860706846017168792A7901021143A3
:10C2F00068460181E879AA790102114368464181C3
:10C30000687A2A7A0102114368468181E87AAA7A1A
:10C31000010211436846C1811AE0062F14D120782A
:10C320000009000120707188012001F0C8F8022185
:10C3300068460171C91E018168792A790102114399
:10C3400068461FE0062F0AD06A461279002A1BD0E1
:10C350007088324601A9FDF77AFD0DB0F0BD207856
:10C360000009000120707188012001F0A8F8022165
:10C370006846017168792A79010211436846018192
:10C380000021C9434181E3E70028E6D0748868466C
:10C3900081766978C176022181830021C18304A856
:10C3A00005220090062311462046FFF740FF002893
:10C3B000D3D088A1D6200AF036F8CEE7F7B58CB0F6
:10C3C00015460C990D98F9F7CEF9C0B2082851D14D
:10C3D000002069468885688800230122022100F038
:10C3E000C9FB040004D1FF2074A163300AF01BF8DC
:10C3F00001230021E07822790BE046003619767996
:10C400009E4201D1491CC9B2401CC0B20F2800D1C4
:10C4100000201646521ED2B2002EEED1002902D1C3
:10C4200017206946888504AB02330BAA00950C9946
:10C430000D98F7F73BFC0006000E07D002281BD032
:10C44000032817D0FF205DA1893011E06846808D58
:10C4500000280FD002A901910090688804230122CE
:10C460002146FFF79EFE002804D0FF2053A176301E
:10C4700009F0D9FF0FB0F0BD68781021084368704B
:10C48000F8E70020584902464300401CCA520828D9
:10C49000FAD3704700218170017809090901017000
:10C4A00000214170C1700171704770B50D460023C5
:10C4B0000122022100F05EFB040004D1FF203FA115
:10C4C000CF3009F0B0FFA0786906C009C001490E5D
:10C4D0000843A07070BD704710B50146012000F000
:10C4E000EEFF10BD3EB58DB2002301220221284689
:10C4F00000F040FB040004D1FF2030A1E43009F03B
:10C5000092FF20786946000900012070022008701F
:10C5100036488880C88000222846FDF798FC3EBD3A
:10C52000F7B505460078002700090C463E4601286D
:10C5300004D0FF2021A1F33009F075FF287A0328E9
:10C540000CD041201DA1C00009F06DFF0298002C05
:10C55000068001D0278066800020FEBDEA89702712
:10C5600010460A3086B2002C0AD06888A080A889BC
:10C570002081E28020460A30296909F0D6FDE5E7EE
:10C5800002980680E8E7F8B543680246D9799C79B5
:10C59000090221435C7A1E7A25025C88981D354386
:10C5A000241FA14238D11B79022B35D1042D34D060
:10C5B000052D3DD0062D34D0402D19E07372635CFB
:10C5C0006C326361705F636F72652E630000000000
:10C5D000043000007372635C6C326361705F636F80
:10C5E00072652E6300000000000C0020FFFF0000B9
:10C5F00012D3061D0F461446284600F0E9F9082814
:10C600000AD01120207003202072A581E7812661C5
:10C610006078082108436070F8BD001DFFF7CEFE6A
:10C62000F8BD031D50880A461946FEF7C4FEF8BD42
:10C63000001DFFF716FEF8BD70B50D4600238CB047
:10C6400006461A46022100F095FA040031D02078FF
:10C650000007000F01282ED01220694688746078E8
:10C660000523801CC874082088822888C8826888AE
:10C670000883A8884883E888888302A90C20019150
:10C6800000901A4621463046FFF78BFD00280ED158
:10C69000F02300223146012000F06CFE20780009D2
:10C6A0000001401C20706078801C607000200CB07D
:10C6B00070BDCD48FBE71120F9E770B50D460023AA
:10C6C0008CB006461A46022100F054FA040006D047
:10C6D00020780007000F012803D00820E7E7C248B0
:10C6E000E5E71321684681746178C1740221818273
:10C6F000C58202A906200523019100901A46214611
:10C700003046FFF74EFD0028D1D120780009000106
:10C7100020700020CBE7F3B581B00D460023012245
:10C720000221019800F026FA00260446002803D1D1
:10C73000AE49AF4809F077FE2079A8423BD2AC4819
:10C74000AA49401C09F06FFE35E0E07841000F195E
:10C75000401C7979C0B20091E0700F2801D100200F
:10C76000E0702079401E2071B879C00708D0009889
:10C770000199042815D09D498220183109F053FEF3
:10C78000B8790007410F08D0400F019904280CD058
:10C7900096498F20183109F046FE009807280AD1E3
:10C7A00007E00846FEF784FEEAE70846FEF753FE78
:10C7B000F3E7761CF6B228466D1EEDB20028C4D110
:10C7C0003046FEBD10B500230122022100F0D2F94F
:10C7D000040004D1B5208549800009F024FEE078EA
:10C7E00021794018C0B2E0700F2801D30F38E070F3
:10C7F00000202071A07880210843A07010BDF8B5FA
:10C8000017460D4600231A46022100F0B3F9040032
:10C8100005D0002D0CD0002F07D0062006E0072DF4
:10C8200001D00820F8BD0720F8BD0820A84204D890
:10C830006F486E49423009F0F6FD29462046FFF761
:10C840008BFC0646002F28D0002E26D1E0782179D7
:10C850001CE0420012195379072B03D093791B0770
:10C860005B0F04D0401CC0B20F280CD00CE040007D
:10C8700000198079F12318406B071B0F1843907142
:10C8800000290AD104E00020491EC9B20029E0D1E4
:10C89000574856495A3009F0C6FD3046F8BDF8B53C
:10C8A0000D4600231A46022100F064F9040004D169
:10C8B0004F484E49683009F0B6FD681E052804D37C
:10C8C0004B484A49693009F0AEFD0F21E2782079E2
:10C8D000002310E0560036197779AF4206D1B179BE
:10C8E00049084900B1715B1CDBB21146521CD2B23F
:10C8F0000F2A00D100220646401EC0B2002EE9D108
:10C900000F2905D248000019817901221143817154
:10C910001846F8BD10B50446402801D2072010BDC6
:10C9200000F056F8082802D03120000210BD002186
:10C93000304802E0491C082903D24A00825A002AE2
:10C94000F8D1082903D049004452002010BD04202A
:10C9500010BD10B5402801D2072010BD00F038F8F6
:10C96000082805D00021234A40001152084610BD76
:10C97000052010BDF0B58BB016460C00074607D059
:10C98000002E05D06188402904D207200BB0F0BDED
:10C990001020FBE72088002801D0172801D90C209F
:10C9A000F4E7084600F014F808280FD0258803A8FB
:10C9B0002A463146023009F0B8FB01A8009062888F
:10C9C0002B4607213846FFF732FCDFE70520DDE77D
:10C9D00001460020074A02E0401C082803D2430019
:10C9E000D35A8B42F8D1704702300000BCC500001A
:10C9F000AD020000000C0020F8B50546E54C079E8E
:10CA0000069821706270A370E6702071681C42085D
:10CA10005200E14B0021880000198446C261605C2D
:10CA200040008218002D0AD0002005E0664647002D
:10CA3000F669401CF353C0B2665C8642F6D8491CC6
:10CA4000C9B20529E7D30026D21C9708B000BF0061
:10CA500000198760304600F042F9A15D761C48431A
:10CA6000C219F6B2052EEFD3501B80B2F8BDF0B557
:10CA70000546C84F8C460020FF247E5DA9009646DF
:10CA80000346CF190CE0F9695A008A5AC2498A4212
:10CA900004D1401CC0B2FF2C00D11C465B1CDBB291
:10CAA0009E42F0D86146002909D100280BD0002D04
:10CAB00007D0B84949788E4203D2401EC0B2002840
:10CAC00001D071460C70F0BD70B5B24C8D000023E2
:10CAD0002D19615C09E0EC695E00A45B844202D11F
:10CAE0001370012070BD5B1CDBB29942F3D80020AB
:10CAF00070BDFEB51C4617460D46060008D0002D39
:10CB000006D0F01C80088000B04203D01020FEBD8B
:10CB10000E20FEBD002F03D0002C01D0A74201D96A
:10CB20000720FEBD0094234622463946002001948A
:10CB3000FFF762FF2988814207D0814201D2042198
:10CB400000E0092128800846FEBD009423462246C5
:10CB5000394630460194FFF74FFF28800020FEBD84
:10CB600010B5044600F0C5F8002801D0E0B210BDB1
:10CB7000FF2010BDFFB50546874881B01E460C4614
:10CB8000854204D0052C02D20398022802D300204B
:10CB900005B0F0BD002769460F7028466A46214659
:10CBA000FFF792FF00280ED068460178204600F07B
:10CBB000A8F8002EECD00028EAD1284600F099F819
:10CBC000002809D103E03846002EF6D1E0E7FF2027
:10CBD00072A15C3009F027FC21462846039A00F038
:10CBE0009CF8D5E7F8B505460C4600206A4E694624
:10CBF0006E4F0870B5423BD0052C01D30720F8BD1D
:10CC00000A4621462846FFF75FFF002830D06846D5
:10CC10000178204600F075F8230009F0F5FC0504C2
:10CC2000090C11161B0001462846FEF7D5FA15E03F
:10CC3000FDF7E0FA12E001462846FFF74CFC0DE054
:10CC400001462846F6F7B5FF08E001462846F8F702
:10CC500012FC03E056A17B2009F0E5FB4D4A684633
:10CC6000A10000788918C96940000E520020F8BD63
:10CC70003846F8BD524A1268914201D210207047DE
:10CC8000052801D3072070470872002048727047BA
:10CC9000F8B504464A480068844201D21020F8BD25
:10CCA000207A3C4A83009B18617A3B4D125C11E06C
:10CCB000DE694F00F65BAE420AD04A1C6272DA6946
:10CCC0004B00D25A228000F01CF860600020F8BDB2
:10CCD000491CC9B28A42EBD861720520F8BD0EB575
:10CCE000384B40000ECB0091029301926946085ADE
:10CCF0000EBD28494978814201D9012070470020A2
:10CD0000704770B50C460546FFF7E9FF214AA900B8
:10CD1000891889686043401870BDF8B50C4606460E
:10CD200000206946134608706A4619462046FFF7F8
:10CD30009EFE002500282BD0164A6846A1000078E8
:10CD40008918C96940000E52684601782046FFF7ED
:10CD5000D8FF0546230009F057FC0504090C0F1401
:10CD6000170029463046FEF713FA11E0FDF720FAC6
:10CD70000EE0FFF78FFB0BE029463046F6F7E0FEAA
:10CD800006E0F8F771FB03E009A1622009F04BFB14
:10CD90002846F8BD100C0020FFFF00007372635C92
:10CDA000686F73745F636D2E6300000002300000D3
:10CDB0007372635C686F73745F636D2E6300000051
:10CDC000280000206C67010010B5014620220948A8
:10CDD00009F0ABF907490020C877084610BD06499D
:10CDE000012048610548064A0168914201D10021AD
:10CDF00001607047400C00200005004078000020D2
:10CE0000BEBAFECA8107C90E002808DA0007000F63
:10CE100008388008C24A80008018C06904E0800891
:10CE2000C04A800080180068C8400006800F704724
:10CE3000BD4948788978884201D3401A02E021220E
:10CE4000511A0818C0B27047B74923314878897819
:10CE5000884201D3401A02E02122511A0818C0B2B8
:10CE60007047B149463148788978884201D3401AE1
:10CE700002E02122511A0818C0B27047A94910B522
:10CE80000C310868FF22120290430122D2031043A2
:10CE90000860A54900202331487088702339487004
:10CEA0008870463148708870A04808F0C8F89F48DC
:10CEB000401C08F0C4F8F5F741FC00F028F910BD5B
:10CEC00020207047B4E770B50C4605460026FFF7F2
:10CED000AFFF9549A04214D30A46203A00232046CA
:10CEE000641EE4B200280BD08878105C2870887823
:10CEF0006D1C401CC0B288702128F0D18B70EEE709
:10CF0000012600F004F9304670BD202070479BE7F1
:10CF100070B50C4605460026FFF796FF824923317F
:10CF2000A04214D30A46203A00232046641EE4B2ED
:10CF300000280BD08878105C287088786D1C401C05
:10CF4000C0B288702128F0D18B70EEE7012600F086
:10CF5000DEF8304670BD202101700020704710B50A
:10CF60000446FFF77EFF2070002010BD70B50C4610
:10CF70000546FFF776FF6C494631A04215D30A46B5
:10CF8000203A00232046641EE4B200280BD08878A3
:10CF9000105C287088786D1C401CC0B288702128F5
:10CFA000F0D18B70EEE7002400E0614C00F0AFF8A8
:10CFB000204670BD70B50C460546212904D9FF20D6
:10CFC0005CA1473009F02FFA55484068103840B24C
:10CFD000FFF718FFC6B20D20FFF714FFC0B286425C
:10CFE00007D2FF2053A14D3009F01DFA01E0F5F7FB
:10CFF000E8FB21462846FFF766FF0028F7D070BD02
:10D00000F8B507464948484C401E474E007825462B
:10D0100046362335002806D1A9786878212200F009
:10D020006BF800280ED0A1786078212200F064F817
:10D03000002814D0B1787078212200F05DF8002823
:10D0400028D033E038496878C91C0F546878401CF0
:10D05000C0B26870212829D10020687026E03249CA
:10D06000607820390F546078401CC0B2607021286D
:10D0700001D1002060702D4F7F1E3878002815D018
:10D08000A1786078212200F037F800280ED0002027
:10D0900038700BE02449707826310F547078401CAA
:10D0A000C0B27070212801D100207070A978687812
:10D0B000212200F021F800281DD0A17860782122DB
:10D0C00000F01AF8002816D0B1787078212200F00C
:10D0D00013F800280FD0F5F756FB144807F0B7FFF8
:10D0E00001214903884203D016A1C12009F09BF910
:10D0F0000E4807F0C4FFF8BD401C884205D090429E
:10D1000001D1002901D0002070470120704710B5DF
:10D11000064807F09CFF002801D1F5F723FB10BD5E
:10D1200000ED00E000E400E0800C00207D00002025
:10D13000072000007372635C736F635F72616E64DB
:10D140002E6300007372635C736F635F72616E6461
:10D150002E6300000C4908784A78401CC0B2904207
:10D1600000D008707047094A074820BF40BF20BF61
:10D170004178037843701368002B02D103788B4207
:10D18000F3D00020704700007F00002000E200E0A4
:10D19000FEB5F34C07466068FF213E0181552178BA
:10D1A000FF2913D00901083141583246491E08327F
:10D1B00009020192090A805800F0C8F9002802D03B
:10D1C0002478254615E06168207888552770FEBDD3
:10D1D000E34842680198115828010090083010581F
:10D1E00000F0B4F9002806D1DD482C4641680098CB
:10D1F0000D5CFF2DECD1DA4821014068855547547C
:10D20000FEBD70B5D64A04460020157A53680AE080
:10D210000201561C9E5DA64203D10C329A588A42E6
:10D2200004D0401CC0B28542F2D8FF2070BDF8B5D2
:10D23000CB4F3E7801F013FE0146FF2E68D034013B
:10D24000254678680835405900F080F9022802D94F
:10D25000786840595AE0C2494868025D0A70A11CCA
:10D26000425C002A0CD0521E425441590122D20580
:10D2700089180902090A41513046FFF789FF30E059
:10D28000631CC25C0092221D94468258002A10D072
:10D2900001239B029A420FD99205920D43595703DD
:10D2A000DB191B021B0A43516346C3589A1A920AA0
:10D2B00009E0FF21C1540AE0435952039A181202AF
:10D2C000120A4251002242543046FFF761FFA4483F
:10D2D0000C344168C26800980959800012580098BF
:10D2E00090479F4C2078FF2812D001F0B8FD0146EE
:10D2F0002078626800010830105800F027F90128F2
:10D3000096D92078616800010830085801F09AFD2C
:10D31000F8BDF8B51C4615460E460746FF2B03D34D
:10D3200090A1D32009F07FF88D48FF21C7604560A8
:10D3300004720674017000224270104604E002017B
:10D34000521C401CA954C0B2A042F8D3F8BD70B51D
:10D35000834C06466578207C854203D381A1E62074
:10D3600009F061F8E068A90046506078401C6070E0
:10D37000284670BDFFB581B01D46FF2401F06FFD4A
:10D38000774F064679780198814203D875A1F42039
:10D3900009F049F872480021037A406810E00A0158
:10D3A0009446521C825CFF2A24D0019FBA4205D1C8
:10D3B00062460C328758029A97421DD0491CC9B266
:10D3C0008B42ECD8FF2C17D021014B1C019AC25480
:10D3D0000B33029AC250039B614F0022012B0ED0E7
:10D3E0000B1DC25001239B029D4216D9AA05920D26
:10D3F00008D008E00C46E1E7FF2005B0F0BD0B1DAA
:10D40000C550EFE71A4653039B190E461B02083618
:10D410001B0AAA1A8351920A09E0002D00D10125A6
:10D420006B039B191D022D0A0B460833C550891C3E
:10D4300042543D463E782046FFF7AAFE2878B04287
:10D4400015D001F00CFD014628786A68000108300B
:10D45000105800F07BF8012807D928786968000186
:10D460000830085801F0EEFC01E0FFF7E0FE0198FB
:10D47000C3E770B50C46054601F0F1FC06462146AF
:10D480002846FFF7BEFEFF2817D0354D0401204681
:10D49000696808300858314600F058F8012109033E
:10D4A00040186968A41C095D400B002901D089025D
:10D4B0000818002800D1012070BD002070BDF3B510
:10D4C00081B00F460198FFF79CFEFF282AD0244D1B
:10D4D0002E7869683246344604E0844205D02646F8
:10D4E0002301CC5CFF2CF8D11CE0FF2C1AD0A64203
:10D4F0001FD11001085C2870FF2818D001F0AFFC84
:10D500002A780146120168680832805800F01EF837
:10D51000012809D92878696800010830085801F005
:10D5200091FC06E00020FEBDFFF781FE01E001F066
:10D5300091FC39460198FFF79CFF22016968FF239F
:10D54000541C0B558A5C3301CA54FEBD401A0002BC
:10D550000121000AC905884200D900207047000057
:10D56000CC0C00207372635C736F635F74696D65CC
:10D57000722E6300F0B500241C4A01211C4B0803E5
:10D58000546018601B4B1C601B4C20601B480469D6
:10D59000E443E406E617046910252C430461184CA3
:10D5A0006160184D2960761C00E020BF1F68002FC5
:10D5B000FBD0002E03D107691026B743076190689E
:10D5C0008005906801D5104A10436960A160002170
:10D5D00019600121084A09031160F0BD10B5044625
:10D5E000FFF7C8FF2060002010BD000000C500400C
:10D5F00080E100E000C1004080E200E000ED00E0DA
:10D6000000C3004000C0004000FCFFFF70B51F4990
:10D610000A68002A17D000231D4601244A68521CBC
:10D620004A60092A00D34D600E792246B2400E6846
:10D6300016420AD072B60B6893430B6062B6496813
:10D640000160002070BD052070BD5B1C092BE5D377
:10D650000FA1362008F0E7FEF5E70120104980050C
:10D6600008607047EFF31081CA07D20F72B601212C
:10D6700081400648036819430160002A00D162B660
:10D68000EBE7024800210160416070478400002000
:10D690007372635C736F635F6576742E6300000062
:10D6A00000E200E001208107086070470120810747
:10D6B000486070471048C068C00700D0012070471C
:10D6C0000D488068C00700D0012070470A484069B3
:10D6D000C00700D0012070470748C069704706495D
:10D6E0008A69D20306D589698907890F814201D1E8
:10D6F000012070470020704700040040F8B5F84C46
:10D70000207BE17A88421CD00126F64D0027E07A82
:10D71000215C14200A4642435019037C052B11D08A
:10D72000037C062B1CD0037C072B28D0437C012BC9
:10D7300033D0EDA1EF4808F076FE207BE17A8842F5
:10D74000E5D1F8BD0674E07A0A2807D0E07A401CDB
:10D75000E072491CC8B2AA5802210CE00020F7E789
:10D760000674E07A0A2808D0E07A401CE072491C6E
:10D77000C8B2AA5803219047DFE70020F6E70674F5
:10D78000E07A0A2807D0E07A401CE072491CC8B24F
:10D79000AA580821EFE70020F7E74774E07A0A2843
:10D7A00007D0E07A401CE072491CC8B2AA58072191
:10D7B000E1E70020F7E770B50024CF4E0620707235
:10D7C000CE4825464477047738300473C472CC4879
:10D7D00007F035FCCB480575F572CB49601E8860B3
:10D7E0007571B570F57035717570C848643905701C
:10D7F00045701420604340180574641CE4B2052C85
:10D80000F7D30120F5F764F80020F5F761F801205F
:10D81000B071F4F727FDBE48F4F736FDBD4C20701B
:10D82000BD48F4F731FD6070F4F7F2FF70BD10B53C
:10D83000F5F719F8B74C2078F4F744FD6078F4F761
:10D8400041FDAD4C207A002803D0F4F7CAFD00203A
:10D85000207210BD70B5A84CA079002804D0A2A1F8
:10D86000AE4808F0E0FD70BDE07A002803D19EA12B
:10D87000AB4808F0D8FD0126A6710025E572607A54
:10D88000042114225043974A801801749E488168ED
:10D89000491C04D0691E81600120F5F719F80020A9
:10D8A000F5F716F8F4F7FAFF07F00AFDF5F7FBF8BD
:10D8B0009C480560056001209B49C0030860F5F79E
:10D8C00071F992480078022804D0032804D1E07846
:10D8D000002801D0A67000E0A570F5F7D0F870BD63
:10D8E000034680490520142242435218203A127FF1
:10D8F000002A04D0401E0006000EF4D17047142206
:10D90000424351180A46803AD366012220390A77E9
:10D910007047012805D0032805D1002903D1002034
:10D9200070470029FBD010B4734C00236370774A12
:10D93000002890700CD002280AD007291AD20800BB
:10D9400078440079001887441505070D0F1113005E
:10D95000D37003E01B2000E03A20D07001206070FB
:10D9600010BC70475820F8E77720F6E79620F4E7D8
:10D97000B520F2E710BC0020704710B5634840782E
:10D98000F5F798F880B210BD411E1422504310B52F
:10D99000544A8418203C042902D8207F002803D14F
:10D9A00051A1624808F03FFD207F012804D0B32038
:10D9B0004DA1800008F037FD0020207710BD70B524
:10D9C0004E4C607F217F884201D1012500E0002577
:10D9D000F5F709F8F5F76EF8617F227F914201D1E2
:10D9E000012100E00021A942EBD170BDF7B5074647
:10D9F000481E84468EB0C0B2142205905043394A66
:10DA000085180495287C2D1D07282AD1344C002622
:10DA1000E07A227B824221D0235C059A934201D195
:10DA2000012601E0002E04D00A2811D0421CA25C7D
:10DA300022540A280ED0401C227BC0B28242EBD175
:10DA4000002E0BD0207B002806D0207B401E04E057
:10DA50000022ECE70020EFE70A202073049A01205F
:10DA600010746046244C042813D8142041431D48E8
:10DA700008182038007F00280BD00498007C01286B
:10DA80000BD00498007C012803D01098807A0128DC
:10DA900007D015A1264808F0C6FC1098807A012806
:10DAA0006FD104980F4B007C022845D00C4C207B92
:10DAB0000A2872D0207BE17A401C884203D10AA157
:10DAC0001C4808F0B0FC049901204874217B05989B
:10DAD0006054207B0A2864D0207B401C20731CE10A
:10DAE000D80D0020E80D00207372635C72656D2E06
:10DAF00063000000CF0500006C0E0020A00D002088
:10DB0000780E0020C00D00204C0E00208E0000205A
:10DB10002FD200008C000020FDD600007D02000006
:10DB20005E02000000F5004080E200E0CB02000051
:10DB30001503000022030000607A059A0146904216
:10DB400006D0014614267043C018807C9042F8D15C
:10DB5000627A824208D1617A14225143C918897CC1
:10DB600061720121A17207E014224243D2181426E7
:10DB70007143927CC9188A74142206215043C0183C
:10DB800081741098007A062819D201007944097925
:10DB900049188F440812100E0C0AE07A00288ED023
:10DBA00091E700209AE700200FE0B4200DE07320F9
:10DBB0000BE0322009E00A2007E0062005E0FF2004
:10DBC000FDA1E03008F02FFC0020029010980168C1
:10DBD0000298081A28601099097A002912D00221A7
:10DBE000401A0102090A296010980268406810185A
:10DBF0000002000A68601098807A0228109803D00A
:10DC0000007B74E00421EBE7007A002813D00222A5
:10DC1000029810188446109842686046083016181A
:10DC2000E848029A4078904202D9E278002A04D06B
:10DC30003046083005E00422EAE7029A801A80198B
:10DC40000830627A062A1CD0627A14235A43DE4BCB
:10DC5000D2185268914214D0DC4B0793617A142297
:10DC60005143D94A89184A688968D21BC91B1202D4
:10DC70000902120A090A90423AD89A4238D89942BF
:10DC800036D83818801B0002000A286010996044BA
:10DC9000CF4AC9680002000A9446421A01239B0534
:10DCA00007929A4201D2104614E00A1A09929A4247
:10DCB00001D207980EE0079A6346624503D9591AC4
:10DCC0000818401C06E0099A624506D9181A40183F
:10DCD000401C4042002860DC03E0B7A1BD4808F0CA
:10DCE000A2FB286880190002000A686000202872E0
:10DCF0006868082608300002000A68601098407AB8
:10DD0000A8721098007A687203280ED200280CD0EE
:10DD1000FFF7D0FC002803D007E0002011B0F0BDD1
:10DD200002983A210E1A32200290A6480178012961
:10DD300001D0032909D141780298814205D9E078C0
:10DD4000002802D10298081A861928689F4AC01B29
:10DD5000844601026868090AC01B03021B0A029379
:10DD60008E421AD81346914217D80299994214D874
:10DD7000617A062915D0667A6146062203920092DE
:10DD80001422914B7243D2189368DB1B8B4216D836
:10DD90000396967C062EF3D177E0059801F055F9AD
:10DDA000BBE70499022205980A74627A062A00D019
:10DDB000627A8A7460720120A07211B0F0BD062EE2
:10DDC00063D000223146944614227F4B4A43D21836
:10DDD0005368DB1B834229D2917BAB7A99421FD8CF
:10DDE00004980521059C01747B4D287B0A2811D0DD
:10DDF000287BE97A401C884203D16FA1774808F05C
:10DE000012FB287B2C54287B0A2807D0287B401C37
:10DE1000287382E7E87A0028EFD0F2E70020F7E7DE
:10DE200001218C46917C0629CED102E06046002873
:10DE30002AD03546009114202A46424362480621E2
:10DE4000171839741038007B0A28634816D0017BF4
:10DE5000C07A491C814203D157A1614808F0E3FA16
:10DE60005D48017B4554017B0A290BD0017B491C8D
:10DE70000173BD7C0098A842DDD106E0C07A00287D
:10DE8000EAD0EDE70021F3E70096049902204E4D19
:10DE90000874607AB04207D1049900988874059894
:10DEA00060720120A07221E00398062E0FD0062890
:10DEB00003D141A14B4808F0B6FA0398142250430D
:10DEC0004019059981740499009888740EE0062819
:10DED00003D139A1444808F0A6FA0398142250430C
:10DEE000401905998174049906208874012011B0A5
:10DEF000F0BD70B50D463D4A441900210B46101A7D
:10DF00008B4103D22CA13A4808F08DFA394885425A
:10DF100003DD29A1384808F086FA3848854203DA3B
:10DF200025A1374808F07FFA3648844205DA002CEC
:10DF300001DB204670BD334800E03348201870BD37
:10DF4000401E70B5C0B2142148431F494418607B7D
:10DF5000062813D201007944097949188F44020C2C
:10DF60000A080604002068E0B42010E073200EE0E8
:10DF700032200CE00A200AE0062008E0FF200EA173
:10DF8000E03008F050FA617B0020002955D00221D2
:10DF90004018616840180002000AF4F78BFD0C2558
:10DFA0006557124A441900210B46101A8B412FD293
:10DFB00001A10F482AE000007372635C72656D2E48
:10DFC000630000008E000020E80D0020FFFF3F00EE
:10DFD000FFFFFF000E070000D80D00200702000021
:10DFE000C5030000DD030000E3030000FF7F841E83
:10DFF000F50300000020A107F603000000E05EF832
:10E00000F70300000080841E00807BE108F00BFA1B
:10E01000FB48854203DDFB49FB4808F004FAFB4856
:10E02000854203DAF749FA4808F0FDF9F9488442D5
:10E0300007DA002C03DB204670BD0421A8E7F54871
:10E0400000E0F548201870BDF0B5064683B0F348EF
:10E050000190457A029534687068001B0702F04809
:10E060003F0A001B0090062D2DD014202946414365
:10E07000EC480122081884464168E9489205864622
:10E08000081B904210D3631A93420DD30246704688
:10E09000724503D900984018401C05E073450ED91D
:10E0A000411A0819401C404200280CDA60460295CB
:10E0B000857C0198C0790028D5D003B0F0BDD14946
:10E0C000D94808F0B0F90298854226D01421484377
:10E0D000D4490123401802908068D1499B058C46A1
:10E0E000011B8646994210D3221A9A420DD36346E9
:10E0F000614503D900997144491C06E019466245FF
:10E100002DD9091A0819401C4142002905DD029841
:10E11000B17A807B814200D37446062D15D0C14967
:10E120001420454368184268121B1202120ABA42B0
:10E130000BD2B37A827B934200D38468857C0198AA
:10E14000C0790028B9D1062DEAD13068A042B4D0F8
:10E15000E0190002000A3460706003B0F0BDA94904
:10E16000B14808F060F9D8E7F0B5B049044648680E
:10E1700085B0C005C00D1CD0103840B200280CDAA4
:10E180000207120F083A920892005118C9698007D5
:10E19000C00EC1400806800F09E08108A44A89002A
:10E1A000891809688007C00EC1400806800F002842
:10E1B00008D000272078002806D0012804D00020AD
:10E1C00005B0F0BD0127F5E72079062813D201003C
:10E1D0007944097949188F44020C0A080604002082
:10E1E00018E0B42010E073200EE032200CE00A208A
:10E1F0000AE0062008E0FF208249E03008F013F929
:10E2000021790020002905D002214618834D002FD6
:10E2100002D003E00421F8E70020E871694602AA71
:10E22000A068F4F751FC694608228A56E06801A903
:10E2300080180122C01C1F2801DA019209E003AAFC
:10E24000F4F742FC6846007B002802D00198401C8D
:10E25000019000990198401808300002000A0190CE
:10E26000881B0002000A0090607969468872009855
:10E270000390F4F7B8FB009A019B121A181A6D4923
:10E2800012020002120A000A8A4216D8884214D8E2
:10E290006846FFF7D9FE00990398814205D0881996
:10E2A0000002000AF4F706FCA0600120E9790029C9
:10E2B00086D0002FB0D005B0F0BD0020F6E7F3B552
:10E2C0008FB05D480C460B9006F0C1FE5B4A0F997B
:10E2D000524F56185A4D203E00280BD05948007D09
:10E2E000002803D058A15B4808F09DF82078012849
:10E2F0007ED060E1687F0A280CD0687F297F401CAF
:10E30000884203D150A1544808F08DF820780128A4
:10E3100004D00CE0287F0028F4D0F7E7F07F002835
:10E3200003D049A14D4808F07EF80120F077697FBD
:10E330000F9814224A4E51438919087420780228F4
:10E3400022D0687F14214843861920793072607981
:10E35000707232460C323146A068F4F7B5FB0C20DF
:10E3600030560F2804DD1F3830733068401C306091
:10E370000C217156301DE26801905018C01C1F28F6
:10E3800070DA01200199FDE028494868C005C00DF8
:10E3900021D0103840B200280CDA0207120F083AD8
:10E3A000920892005118C9698007C00EC140080642
:10E3B000800F09E081081E4A8900891809688007D2
:10E3C000C00EC1400806800F002804D105201EA100
:10E3D000000208F028F8687F1421484386190021BC
:10E3E000E0686A460691117006A9F4F76DFB00E03B
:10E3F000D7E06A46002010560F2834DD012033E0B4
:10E400000020A107B8DF0000F603000000E05EF87E
:10E41000F70300000080841E00807BE16C0E00206A
:10E42000FFFFFF00E80D00200E07000000ED00E0F8
:10E4300000E400E0FFFF3F00780E00209200002083
:10E44000A00D0020C00D00207372635C72656D2EFC
:10E450006300000011050000EF040000F404000058
:10E46000E00C002082E0002006994018079002206E
:10E47000B0722079307260797072A068311DC01C52
:10E4800006911F2801DA012009E0F4F71DFB684618
:10E490000078002804D0069806990068401C08609F
:10E4A000307A062813D201007944097949188F443B
:10E4B000020C0A08060400200FE0B4200DE07320CF
:10E4C0000BE0322009E00A2007E0062005E0FF20EB
:10E4D000FD49E03007F0A7FF00202179002943D053
:10E4E00002214018069071680830081807990890B2
:10E4F00009180698081A0C900020F871F4F773FABE
:10E5000004463060079820180002000AF060787A0C
:10E51000062825D0797A14204143EC480818406831
:10E520000899029040180002000A0390707A694628
:10E53000887402A8FFF788FD0299039A091B121B31
:10E5400009021202E24B090A120A0C98994207D8F2
:10E55000824205D80299069808180002000A306025
:10E56000F8790028C8D110E00421BAE704AA01997B
:10E57000F4F7AAFA6846007C002804D001980199B3
:10E580000068401C08602078B072687F0A2806D0B6
:10E59000687F401C68770B9806F071FD47E000200B
:10E5A000F8E7F07F002804D0A320CAA1C00007F03C
:10E5B0003AFF0120F077CA490F98087420780228A2
:10E5C00003D1C4A1C74807F02EFFC54E2079307291
:10E5D0006079707232460C323146A068F4F774FAF2
:10E5E0000C2030560F2804DD1F3830733068401C73
:10E5F00030600C22B256301DE16801908818C01CB2
:10E600001F2802DA012001990BE003AA0199F4F70F
:10E610005BFA6846007B002804D0019801990068E5
:10E62000401C08602078B072AD4901200875687FF1
:10E63000297F884224D07C7A062C23D0F4F7D3F9A2
:10E6400014214C43A14961180A7C042A18D00A7C81
:10E65000032A15D04B6889681B1A081A1B0200028E
:10E660009B4A1B0A000A082B0AD31146934207D87B
:10E67000884205D8687F297F884201D0F4F7FFF9E6
:10E6800011B0F0BD687F297F8842F7D111B0F0BD8D
:10E6900010B50020F4F709F910BD10B50120F4F70A
:10E6A00004F910BDF1B5009802281ED08E4C607A96
:10E6B000062803D187A18D4807F0B5FE0026A67174
:10E6C0000125E572607A03211422804F5043C0195E
:10E6D0000174F4F7D9F9009800280BD0012829D04B
:10E6E000032879D07BA1824844E082480078F3F780
:10E6F000EFFDF8BD8048007F002803D075A17F485A
:10E7000007F091FE65717C4D00202E60F4F7E0F873
:10E71000A968481C04D0012300221846F4F70EF91A
:10E72000607A617A401CC0B2142251437A580121A8
:10E730009047F8BD0120F4F7CBF8607900280DD0A0
:10E740006D488068401C09D0607A617A401CC0B274
:10E75000142251437A5806219047F8BD6648007F3D
:10E7600001280AD0022812D0032822D0042834D04D
:10E7700058A1634807F057FEF8BD2079002803D060
:10E780002671F4F786F9E5705B480677F8BD207AC4
:10E79000002802D1F3F7FCFD2572607A617A401CF3
:10E7A000C0B2142251437A5800219047524806774C
:10E7B000F8BD514F0123397B78680022411A184671
:10E7C000F4F7BCF82079002803D02671F4F761F93A
:10E7D000E57002203877F8BD19E0474E217870685F
:10E7E0000123411A00221846F4F7A8F8207A0028DD
:10E7F00002D1F3F7CDFD2572607A617A401CC0B278
:10E80000142251437A58002190473577F8BD607A39
:10E81000617A401CC0B2142251437A5805219047B6
:10E82000F8BD10B5304C607A062803D129A13548CF
:10E8300007F0F9FD607A617A401CC0B2142251439E
:10E84000224A52580421904710BDF0B583B00620EB
:10E850000290F4F7C8F8244C0090617A2A4801909D
:10E86000062920D0617A1420414318480918097CF0
:10E87000042918D0617A142251430818007C032817
:10E880007BD0019900980B6849681B1A081A1B0273
:10E8900000020F4A1B0A000A082B6ED3114693424E
:10E8A0006BD8884269D814488068401C03D009A1FD
:10E8B000164807F0B8FD00206071607A06282CD158
:10E8C0006078002829D023E0B8DF0000E80D0020A0
:10E8D000FFFF3F007372635C72656D2E6300000082
:10E8E000C00D00201E0500006C0E00204F0500002A
:10E8F000A20500008C0000204C0E00205B050000EB
:10E9000096050000A90500005C0E0020E50500004A
:10E91000FE48C178417081780170607A062815D070
:10E92000607A1421FA4A48438018007C04280DD1EB
:10E93000607A0290607A0121142358438018017490
:10E94000607A58438018807C6072A172F14D687FB4
:10E95000297FF14F884233D0F04E287F142148435D
:10E960008019007CC05D0128287F07D048438019AA
:10E97000007CC05D02282FD044E0FDE11421484313
:10E980008019807A01280AD0287F0221142250435E
:10E990008019007CC155287F0A2808D009E0287F0B
:10E9A0000021142250438019007CC1552AE0002028
:10E9B00001E0287F401C2877687F297F8842CCD1DE
:10E9C000D74D287D00284CD0287CC15D012928D056
:10E9D000C05D022830D03AE0287F142148438019D6
:10E9E000807A012803D0CFA1D14807F01CFD297FF0
:10E9F00000201422514389198872297F51438919B3
:10EA0000097CC855287F142148438219287F484330
:10EA10008019017C0098FEF7E9FF287F0A28C8D1F9
:10EA2000C5E7A97A012904D00221C1550020287523
:10EA30000DE00021C1550AE0A87A012803D0B9A150
:10EA4000BC4807F0F0FC0020A872297CC855287D3E
:10EA5000002806D0297CB24A0098FEF7C7FF0020A4
:10EA60002875029806281ED014214843A84940184A
:10EA7000017C012917D107210174AF4D287B0A2899
:10EA80003CD0287BE97A401C884203D1A5A1AB4841
:10EA900007F0C9FC297B02986854287B0A2831D0EA
:10EAA000287B401C2873607A06287DD0A07A002835
:10EAB0007BD00020A072617A1420414394480E1844
:10EAC0009F49B56873680A46F6687C32CB679660E2
:10EAD00055609C4D697E002916D00226617A142269
:10EAE0008B4851430818407B06281BD2010079440B
:10EAF000097949188F440A1412100E0CE87A00287C
:10EB0000C4D0C7E70020CDE70426E7E700210FE0E7
:10EB1000B4210DE073210BE0322109E00A2107E066
:10EB2000062105E0FF208849E03007F07CFC002149
:10EB30002973687E022801D0012810D12869009A23
:10EB40004018821A1202120A3A2A08D932380321CE
:10EB500000026976000A28613220287308E0322911
:10EB600006D2207A00280AD1F3F712FC012005E032
:10EB7000207A002803D0F3F734FC00202072634988
:10EB80000822487820700978012901D0032906D18C
:10EB900001212171297B884201D9421A0832A378C8
:10EBA000002B00D0921C01E08DE09BE02179002930
:10EBB00001D1002B5DD09446644A00990092019ADD
:10EBC000176852687F1A511A3F0209023F0A090A60
:10EBD000BC451BD85D4A974218D8009A914215D877
:10EBE000297B884223D92B69421A9A1A1202120AE7
:10EBF000101880190002000A2A616860002914D0E8
:10EC0000032028770006000E3ED14CE00020207142
:10EC1000A070297B002925D028694018801900029E
:10EC2000000A6860022028772EE00120E9E781428F
:10EC30000BD92A69511889190902090A6960002843
:10EC400001D00420DDE70220DBE7002B03D135A152
:10EC50003F4807F0E8FB286980190002000A686055
:10EC6000002004E0296989190902090A69602877E6
:10EC700019E0287B00280FD02969081880190002A4
:10EC8000000A686002202877286901238119002280
:10EC90001846F3F753FE09E0286980190002000ABC
:10ECA0006860002028770120F3F712FE607A1421B3
:10ECB000484317490C2240188256012300206968F6
:10ECC000F3F73CFE0EE00120F3F702FE0020F3F71D
:10ECD000FFFDF3F7E3FD207A002803D0F3F781FB73
:10ECE00000202072A078002804D0F3F7D2FE002084
:10ECF000E070A0706078002804D00448C1784170AA
:10ED000081780170207900282BD023E08E0000202C
:10ED1000E80D0020A00D002091000020E00C002054
:10ED2000C00D00207372635C72656D2E630000007D
:10ED30000706000023060000D80D0020350600005D
:10ED4000E00D00204C0E0020B8DF0000FFFF3F0068
:10ED5000870600000020CF49E0700978002900D123
:10ED60002071CD48017BC07A814203D0CB484078E6
:10ED7000F3F7AEFA0120E07103B0F0BDF0B5C84C76
:10ED80000746607A83B0062803D1C6A1C84807F0B9
:10ED90004AFB607A1421C74E48438019007C03283F
:10EDA00003D0C0A1C44807F03EFBC44DA868401C76
:10EDB00003D0BCA1C24807F036FB607A1421484357
:10EDC00081190C20085600216A4600911171C01962
:10EDD00001AA6946F3F778FE6A46042010560F2808
:10EDE00001DD012000E0002000994018696840180A
:10EDF0000102090AA9606079002804D001230022D9
:10EE00001846F3F79BFD03B0F0BD70B5AE4CAD4AAC
:10EE10000B1AA34214D3451AA54211D3934203D926
:10EE2000101A43185B1C0BE0954204D9511A0818BC
:10EE3000401C434204E0A549A54807F0F4FA00232A
:10EE4000184670BD10B50146012300220220F3F7D9
:10EE500075FD10BD10B50220F3F73AFD10BD10B5D9
:10EE6000F3F7C1FD10BDF0B58D4D0446E87A83B0CF
:10EE7000002803D18BA1974807F0D5FA642C4DD315
:10EE8000954900200246091B824147D39348417FA0
:10EE9000007F814242D19248007D00283ED1687AAD
:10EEA0001421844F4843854EC519306801AA0019C2
:10EEB0006946F3F709FE694604200856002802DD7A
:10EEC0000098401C0090A96800986B680A18D21A34
:10EED0001202844B120A9A4220D8AA7C062A08D031
:10EEE00014235A43D2195268511A0902090A81425D
:10EEF00014D3B068401C05D00120F3F7E9FC0020D2
:10EF0000C043B060306800193060A86800994018AC
:10EF10000002000A7061012003B0F0BD002003B0C0
:10EF2000F0BDF8B50646401EC5B2142061496843DD
:10EF30004418207C002803D15AA16B4807F073FACB
:10EF40006648017F407F81420CD0684A14234B43BE
:10EF50009B181B7CB3420CD00A290CD0491CC9B2A7
:10EF60008142F3D15E48017D002964D0007CB0422B
:10EF700061D10020F8BD0021F1E7217C052905D0F1
:10EF8000217C062902D0217C072928D10121217466
:10EF9000C17A0023027B8A4221D00246565CAE42EF
:10EFA00001D1012301E0002B04D00A2911D04E1C0D
:10EFB000965D56540A290ED0491C167BC9B28E4262
:10EFC000ECD1002B0BD0117B002906D0117B491E00
:10EFD00004E00026ECE70021EFE70A211173617CD1
:10EFE00000292AD06774C17A0023027B8A4224D088
:10EFF000425CAA4201D1012301E0002B04D00A297E
:10F0000012D04A1C825C42540A290FD0491C027B50
:10F01000C9B28A42ECD1002B0FD0027B0146002AF4
:10F0200006D00A7B521E04E00022EBE70021EEE747
:10F030000A220A7301E018480027217C01299CD18B
:10F04000617C002999D10120F8BD70B505461420D6
:10F05000184A05216843801801740F4C207B0A2848
:10F0600011D0207BE17A401C884203D11749204807
:10F0700007F0D9F9207B2554207B0A2807D0207B74
:10F08000401C207370BDE07A0028EFD0F2E700202A
:10F09000F7E700008E000020D80D00208C00002033
:10F0A0006C0E00207372635C72656D2E630000004D
:10F0B000EA060000E80D0020EB0600004C0E0020E0
:10F0C000EC060000FF7F841E0020A107B8DF0000CF
:10F0D0000E0700002D070000FF1FA107A00D002054
:10F0E000C00D0020FFFF3F006A070000E00C002079
:10F0F0000702000070B5FF4D00246C702C70AC61ED
:10F1000000F0CEFC284620304470C473AC6214304A
:10F110002C6305F094FF002804D0FF20F6A14E30A8
:10F1200007F081F92C7770BD0B23DB4310B5C21AB1
:10F13000F54998421FD008DC1C3222D00A2A20D080
:10F14000142A1CD0182A08D117E0083011D004283E
:10F150000DD0082809D00C2805D0FF20E6A1753075
:10F1600007F061F910BD04200CE000200AE0FC204B
:10F1700008E0F82006E0F42004E0F02002E0EC20B3
:10F1800000E0D820C86010BD70B50125DF49022617
:10F190000E60DF490022CA63CD63DE49C96A0907F0
:10F1A0000ED4DC494031CB6ADB4A53620B6B93626D
:10F1B0004B6BD3628B6B1363C96BD30519435163DC
:10F1C000D14C002826D0012828D0FF20CAA1A13088
:10F1D00007F029F9D148A063FF200430606325635C
:10F1E00003202061C849962040314860C1491C2055
:10F1F0000856FFF799FFCB49C9488860C948CA49F2
:10F2000080304160C9490160C9480660C949102081
:10F21000486070BDC8486061C84803E0C848606184
:10F22000C648801FA061D5E770B50C46B14D0146B8
:10F230000622A81C06F079FF2C7270BDAD48203064
:10F2400040787047AB4A517010707047F8B504466B
:10F250000D465079117900020843690009190884A4
:10F260001F461646501C06F0C1FF317800020843C5
:10F27000A90060502846083001268640002F0ED095
:10F28000012F04D0FF209CA1E83007F0CCF8206BC0
:10F29000304301460120A84001432163F8BD206BA3
:10F2A000B043F6E770B50D460446082904D9FF209F
:10F2B00091A1F93007F0B7F80022A24809E09100C7
:10F2C000635809180B6053001B191B8C0B62521CEE
:10F2D000D2B2AA42F3D3206B9A494031086070BD84
:10F2E00010B50446FFF720FF8248047710BD81481F
:10F2F0002030007B704710B5834CC178616206F006
:10F3000075FF0002E06110BD252808D0262808D02E
:10F31000272808D041000A2807D8091D06E0022145
:10F3200005E01A2103E0502101E0891DC9B2764AA7
:10F33000916075494031486170476E4988617047F6
:10F3400070B5002818D002226A4C784B0320A272B4
:10F35000F0331860734D72486860002001262075F4
:10F3600000290BD0012910D002291BD0952062A1C1
:10F37000800007F058F870BD0122E5E77248012AC5
:10F3800001D0466070BD066070BD5A48012A006B0E
:10F3900005D00121490508432063696070BD012142
:10F3A0000905F8E7A069002803D153A1674807F0D1
:10F3B0003AF8A169A06A40186549886059486549CA
:10F3C0008030816060491031C1600120216BC00331
:10F3D00001432163686047482030C67370BD08B59B
:10F3E0000C20694608705148002110380161564AC6
:10F3F000012111610BE000BF00BF00BF00BF00BFD3
:10F4000000BF00BF00BF6A461178491E11706946EF
:10F410000978002902D001690029ECD068460078FB
:10F42000002804D1494834A1203006F0FCFF08BD73
:10F43000F8B53E4CF034206886083E48B600416876
:10F44000C906CD0F10218160002727603549344857
:10F450008860FFF7C4FF35481038076100F020FBD3
:10F460002660002D02D0334910204860F8BD10B549
:10F4700006F0BCFE00022449000AC86310BD2349FF
:10F48000022008602A49086070472049022080391C
:10F4900008607047304908707047164810B534301E
:10F4A00005F0D5FD002804D0284813A15A3006F0F5
:10F4B000BAFF10BD0F4810B5343005F0E0FD10BDA7
:10F4C00011494860704770B50A4D0446A86AA042C9
:10F4D00004D31E4808A16B3006F0A5FF0120287355
:10F4E0001C49002008392C6148601948446000F02C
:10F4F000DEFA70BD7C0E00207372635C68616C5F25
:10F500007263732E630000000015004080E100E08C
:10F51000C01F004080000010001700405B06000084
:10F520000040000400F50140408000401011004000
:10F5300080E200E000130040060102002500030203
:10F5400005010300001600400010004047020000C3
:10F5500040850040488100409700002010B5FF48DA
:10F5600002210173C6210161FD4A00215160806AB8
:10F57000FC49C630486000F09AFA10BD0121FA48F3
:10F5800089058160F548026B8A430021026301739B
:10F590007047F64801214160C160F1490020486090
:10F5A000F0494860ED4988627047F149402008629F
:10F5B000F0490A6802430A607047EE480168402239
:10F5C00091430160EA49002008627047E9480168F8
:10F5D000102291430160E849012088617047E749A2
:10F5E0000020C861E34801681022114301607047A0
:10F5F000E249CA69012A01D000207047DC4A9268BA
:10F600005206520E524202700020C861012070471B
:10F6100070B5D248D24D017B002902D0696801291A
:10F6200009D00024D5490A69012A06D00023807A2E
:10F63000012804D006E00124F4E74023F7E7CA6874
:10F64000012A04D000221A43012802D004E020221B
:10F65000F9E74B68012B05D000231343C84A022861
:10F6600002D007E01023F8E71668012E02D1CE6819
:10F67000012E04D000261E43022802D007E00826EF
:10F68000F9E71268002A02D1CA68012A04D00022D0
:10F690003243022802D005E00422F9E7002C01D011
:10F6A000022300E000231343022807D14868012801
:10F6B00004D16868012801D0012600E00026B14885
:10F6C0001E4302681206120E02D04A69012A00D0B7
:10F6D0000022A24C2034227300680006000E02D0E3
:10F6E0008869012800D000206073A148006A0028C2
:10F6F00003D000F0A8FA012800D00020A07300F089
:10F70000C7F9002068603046F3E670B50C00054686
:10F7100003D19D499D4806F086FEE00706D0012CE6
:10F7200004D06D209849C00006F07DFE002D0ED05B
:10F7300002218A4801294172C4728E4809D00229E7
:10F740000AD0924890491A3006F06DFED1E60121A8
:10F75000EFE70168042201E001680822114301601B
:10F76000C7E670B57D4C0022E37A990701D54107C1
:10F7700014D47A49DD062031002D05DA4D7B002DA9
:10F7800002D08D7B002D09D01D0702D50D78002DEC
:10F7900004D15B0703D54978002900D10122637A9F
:10F7A0007449002B06D00225284010430CD0FFF7E7
:10F7B0003FFE9EE66C4A76489060086880088000AC
:10F7C000086000F06DF994E6012B07D0022B0ED0F3
:10F7D0006E486D496B3006F026FE8AE60868042202
:10F7E0009043086000F05CF90120A07281E608688F
:10F7F00008229043086000F053F9A57279E6574952
:10F8000008757047F8B5554F544D2037FA7B564C64
:10F810000021286B002A31D00122D203A26090433C
:10F820002A46544D10632E685A4A102090600020DA
:10F8300028601014A060FFF7D2FD00F029F92E60B7
:10F84000281460605349102048604448817A4A482F
:10F8500001290DD002290ED04C484FA1801F06F07F
:10F86000E2FD0020F8733D48007D022874D0F8BD09
:10F8700001210160F5E701214160F2E73A4A906019
:10F880000E462963FFF7C4FE044636482E754168CC
:10F8900069620068A862AA7A022A0AD16A78002AF4
:10F8A00007D0334B403B5B681B7813402A789A4360
:10F8B00008D03E70E20708D0084603F04AFD012157
:10F8C000A86A09E001223A70F4E7A10601D50221F5
:10F8D00002E0A10702D5002103F04BFD2448403887
:10F8E00041680622A81C093106F0F2FB002809D164
:10F8F0001F48297A403840680078C009814201D108
:10F90000012000E0002078702046FFF72AFF2648FB
:10F91000007800280DD001284AD002285BD00328A7
:10F9200078D01DA1214806F07EFDA87A022870D06B
:10F93000A3E0A00701D502F0EDFB200702D50120CE
:10F9400002F020FC600702D5002002F01BFCA0069C
:10F95000EBD502F07CFBE8E793E000007C0E002092
:10F96000408100404085004000F50140008000409B
:10F9700040150040001200400010004000110040FF
:10F980000014004040160040F8F40000630300003B
:10F9900000400004001300407372635C68616C5F98
:10F9A0007263732E6300000097000020E6040000DD
:10F9B000A00701D504F0BBFF200702D5012004F009
:10F9C00021FF600702D5002004F01CFFA006ACD583
:10F9D00004F0A4FEA9E7A007BF27002802DA3C40F4
:10F9E000F3F702FB200703D53C400120F3F7FBFAB5
:10F9F000600703D53C400020F3F7F5FAA00602D5D6
:10FA00003C40F3F7EFFA60068FD5F3F7EEFA8CE798
:10FA100000E012E0A00701D5F3F7EAFA200702D5CB
:10FA20000120F3F7E4FA600702D50020F3F7DFFACC
:10FA3000A00690D5F3F7DAFA77E7287B00281CD0E8
:10FA40001F494E6002281FD0012803D01D491E48BF
:10FA500006F0E9FCA96A2869884204D81A481949BD
:10FA6000401C06F0E0FC2969184841600120296B20
:10FA700080050143296316494860287D012800D08C
:10FA8000F5E6F3F7C5FAF8BD2969A86A4118EBE76E
:10FA900010480021C160016141604161816170478E
:10FAA0000D480021417281720121C17270470A48DC
:10FAB0000121026B89050A430263054841607047D2
:10FAC0004081004098F90000FB04000040850040A0
:10FAD00000F50140001100407C0E00202E4800215E
:10FAE00001704170704770B5064614460D460120FE
:10FAF000F1F758FC28490120284B08709E60DC6013
:10FB00001D6170BDF8B504460120F1F74BFC224998
:10FB10000120087021494C60214900264E600321D4
:10FB2000204D0906A960204F002C0AD0012C03D0DB
:10FB30001EA1412006F077FC3E60032000066860AD
:10FB4000F8BD386001200006F9E710B512480178C9
:10FB500000290ED00321134A0906916010494A6812
:10FB60000021002A03D0154A1268427000E041705B
:10FB700001700020F1F716FC10BD0748017800293C
:10FB800007D007484068002802D00C480068C0B27F
:10FB900070474078704700009800002000F5004052
:10FBA00000F1004000F5014000F200407372635C18
:10FBB00068616C5F63636D2E6300000000F40040B9
:10FBC0003A4800210170417010218170704770B572
:10FBD000064614460D460220F1F7E4FB01203349A6
:10FBE000334A0870E41E14619660556070BD10B50C
:10FBF0000220F1F7D7FB2D49012008702D48002184
:10FC000001604160816001202B49C005486010BD42
:10FC100010B5264C2078002811D001202649C005B7
:10FC2000886000F034F80021002804D001206070C2
:10FC30002248006801E061701020A070217000204F
:10FC4000F1F7B0FB10BD10B51848017800290BD0B2
:10FC500018480068002805D000F019F8002800D0E6
:10FC6000012010BD022010BD407810BD10B50F4816
:10FC70000178002909D000F00AF8002803D00F48C5
:10FC80000068C0B210BD102010BD807810BD0948BA
:10FC90000168002905D04168002902D08068002849
:10FCA00001D0002070470120704700009A0000201A
:10FCB00000F5004000F1004000F5014000F4004074
:10FCC000FFB593B0044600201D9E049015981C9D1E
:10FCD0001027082806D0E06901F014F8002809D0A0
:10FCE0003770CCE028880921384328801F980227E4
:10FCF000017016E0E169012088710521E269C902FD
:10FD00009180E1698872E169F9480881E169002020
:10FD10008873288820210843288011211F980427F0
:10FD200001701F980225801C0390307810900A20E3
:10FD30003070204618301190F6F76BFC00206FE011
:10FD40001598102809D1022D07D06846828A049997
:10FD50000398401A8270110AC1706846C08A1699C9
:10FD6000884203D9E349097A149106E0884204D114
:10FD70001099002901D0317021E003990870000A20
:10FD800048701E980088401BC01B83B2FF20C01B18
:10FD9000984200D203460398149AC0190CA9009205
:10FDA000019002912020015D6846C08A0022F6F78A
:10FDB000A5FC3070002806D0C0B2832862D0684607
:10FDC000C08A208345E00F98002805D0C948006804
:10FDD00000790A2830D33CE06846008EC119C9B2C8
:10FDE0000491022D0FD01F99049A4978914203D1B2
:10FDF0006A46128C824209D0BE480491006801789C
:10FE0000032909D027E008461F994870B9480068BF
:10FE10000178042906D008E000790A281BD20120C5
:10FE20000F9009E06946C98A8180039904980818EF
:10FE300003900498281885B205AA14991198F6F72A
:10FE4000EBFB002805D11E980088401BB84200DB60
:10FE500076E7022D0ED01598102807D1049A039941
:10FE60006846808A891A8870000AC8701E980580C2
:10FE7000002030709F4800680078032802D00020DE
:10FE800017B0F0BD0220FBE7F8B50446406B002632
:10FE9000134600282BD0491F8DB2618F2A460832A5
:10FEA000278F8A18BA4221D89A7840185F781102B1
:10FEB00039430170090A41701A79DF781102394318
:10FEC0008170090AC1700571290A41712A46591DBC
:10FED000801D06F02AF9608FAD1D401980B2608741
:10FEE000626B002110180170417000E00926304655
:10FEF000F8BD30B50B88048F9C4212D9446BE018D2
:10FF00004478057824022C430BD0447905792402E7
:10FF10002C436404640CA41D1B190B80106000208A
:10FF200030BD822030BDF7B588B000256846058217
:10FF300005275DE00398417802780E021643417967
:10FF4000027908021043000452D40A980123068063
:10FF500005A802905B02002200970195304609999E
:10FF6000F6F7CCFB04004AD16846018A0183039866
:10FF70004179027909021143437802781C02144343
:10FF8000B4421ED10A041CD44B0401215B0C89032A
:10FF900000950B4301970295C17880780A020243CD
:10FFA00020460999F6F7C6F9040011D1039948795A
:10FFB0000A79000210430122D20310430871000A9B
:10FFC000487103AA06A90898FFF793FF0400CED052
:10FFD0000399009501970295487809780002084333
:10FFE00069468B8A00220999F6F7A4F9822C06D17A
:10FFF00003AA04A90898FFF77CFF04009AD068467A
:020000040001F9
:10000000058209E003984179027909021143490404
:10001000490C0171090A417103AA04A90898FFF764
:1000200068FF0028EED0822C02D020460BB0F0BD35
:100030000020FBE730B50446406B002597B0002850
:100040000DD00B2268460270228F0281606B0391F3
:10005000019000216846F3F7E2FA6846057065638F
:100060006587258717B030BDF8B50F460546696B23
:100070000020069E144600290FD0012B0DD13246D8
:1000800039462846FFF74FFF002806D1002C04D040
:1000900032463946284600F044FEF8BD0022028070
:1000A000C262831D0263C3614263428702872030BC
:1000B0000170704710B50022D24302800420FDF782
:1000C000FEF910BD10B596B00446FFF7B3FF208EC1
:1000D000002808D0012069460870E06A01900021DC
:1000E0006846F3F79CFA0020E062206316B010BD6A
:1000F00001280000B40E00200146098800200A07EC
:1001000000D501200A06120F01D002221043CA05B1
:1001100001D5042210438A0501D510221043490558
:1001200001D5202108437047FFB5A9B00600329DD4
:10013000359C2B981F46229016D0007841060FD48C
:100140008106890E1E2909D021884A05520E0BD13D
:100150003A88172A08D3FE4A914205D0C10906D031
:100160008006800E122802D003202DB0F0BD20465C
:100170002C302690F7492A980872002018AA03907C
:1001800010726A46107404AA0A60339A4A6020AA60
:10019000908090812298007801908106681C1C90C4
:1001A000701F1D902B98890EC21C2492224620326B
:1001B0001B92083A401C02920B0006F025FA1FFD24
:1001C000FD11FD1FFD8EFDFCFDFBFDFAFDF9FDFCA3
:1001D000FDF8FDFDFDF7FDF6FDFDFDFDFDF5FD0066
:1001E000032E76D102E018A9087219E303202870C3
:1001F0001C9917220A7000224A70CFE2052EF0D116
:100200004178027808021043208320A98880249A2C
:100210005178127809021143618300287ED0884208
:100220007CD800202072E080401E60840298F6F79F
:10023000F0F905202870A81C0190022000901BAA4C
:100240002A990298F6F7E8F9002868D118A8807C66
:10025000012803D002206870102002E0012068709D
:1002600002202490002225A91CA8F2F746FD0028B0
:100270002BD120A8007D2499814226D13A8800996B
:10028000801C511A814220DB10A8C18D0198017099
:10029000090A417001991CA8891C01910099019AD1
:1002A000891C009125A9F2F728FD20A8007D01995D
:1002B0001BAA091801910099081880B200902A9988
:1002C0000298F6F7A9F90028CCD00098022826D089
:1002D00064E272E018A9087261E2072E6DD34178DA
:1002E0000346027808021043208320A98880249ABC
:1002F0005178127809021143618300280ED0884298
:100300000CD8012020725879197900020843E08046
:1003100000202073E06900F0F5FC01E098E0A9E01E
:1003200000280ED1E169012088710521E269C90226
:100330009180E1698872E16987480881E16900205C
:100340008873F01F60842298C01D60620298F6F7DF
:1003500060F907202870681C00900120019000209F
:1003600010A9C8852FE00198012814D0E069807990
:10037000012830D000981E38417F007F09020143D8
:1003800000980170090A41700098801C0090019843
:10039000801C80B2019010A8C18D00980170090ADC
:1003A00041700098801C09E00AE296E13BE1DFE041
:1003B00004E29BE077E036E016E2AFE000900198BF
:1003C000801C80B201901BAA2A990298F6F724F9A2
:1003D000002803D007E010A8818DD1E73988019863
:1003E000081A0428BFDA0198012843D0E06980790F
:1003F000012804D010A8818D5548814206D110A84B
:10040000818D00980170090A417009E000981E383A
:10041000417F027F0802009910430870000A48706B
:100420000198801CBAE1072E01D0152E76D14178B3
:10043000027808021043208320A98880249A5178EA
:100440001278090211436183002801D0884201D942
:1004500001203FE7012020720020E0802073052E5C
:100460000AD01D982299E269C0B2491DF2F71FFC1B
:10047000002801D00A202DE70020C04360841AA87C
:10048000019023A9229802970395009100780023F8
:100490008206920E20462A99FFF712FC0390208BC9
:1004A00020A988807BE1032EC0D1402220A98A8127
:1004B0004178027808021043208320A988802A9975
:1004C0001EAB1C9A02930192009139880022491EAA
:1004D0008BB21B990978F6F711F918A90872002850
:1004E00033D10B20287010A8008F3FE0052E9DD13E
:1004F000802220A98A814178027808021043208353
:10050000249984464A78097812020A43628420A911
:1005100088801248824202D30720DBE6AFE03F200A
:100520008002024362842A981FAB1C9902930191B6
:1005300000903888401E83B21B9801786046F6F719
:10054000DDF818A9087200280CD08328AAD107E08A
:10055000FFFF0000B40E002001280000010200008F
:100560000220B8E00D20287010A8808F401C15E1F3
:1005700001990C22C9095143C91CB14204D90198FF
:1005800040067CD5002009E1427803781002184328
:1005900020AA9080844622980078400609D505203C
:1005A0006A46107422980078C00905D000201074A3
:1005B0001DE106206A46107424981F902A9A009024
:1005C0000023701A029383B21E9001921B9800229E
:1005D00001786046F5F7AEFE18A908720022694658
:1005E0000A74832801D102200390229800784006E3
:1005F0000DD52088C00506D520A9208B8988884282
:1006000001D100206062002018A90872C6E0FF2115
:10061000013120A88181808820831E9860841F98E2
:1006200060621320B8E0052E29D3417802780802D1
:10063000104320A98880218F002902D0FE4A9142D0
:1006400006D10A216A4611740121C943218702E0BB
:1006500007216A46117422992A9A491D0192009134
:1006600001221D990023D203029311438BB22499D6
:100670004A78097812020A431B99097800E0C9E018
:10068000F5F758FE18A90872002269460A7401227B
:10069000520220A98A81832808D0002809D0218FFE
:1006A000E54881427ED10020208778E08888208339
:1006B0004DE7606B002808D031462046229AFFF7AC
:1006C000E3FB18A90872002869D12B463A46304648
:1006D000229900F056FB039061E02298022E4078A8
:1006E00001907DD1002801D0012879D108206946E8
:1006F00008740198087521A800901B9800220178C1
:100700002046019BFFF7B0FC6946002248758A75B8
:10071000002802D10198012809D0208F002806D096
:10072000002008740120800220A988810EE004A81E
:100730003399F2F774FF0390002069460874012092
:10074000800220A988810398022807D0BB4800684E
:100750008079002805D018A908722BE00198208321
:100760001DE00398002803D0812018A9087240E0FA
:1007700021A800901B98012201782046019BFFF7D9
:1007800073FC18A9087220463499FFF753FC18A986
:10079000087A002803D11920287001203880684683
:1007A000007C00E03CE0002804D004A83399F2F774
:1007B00036FF0390039800282ED01AE0062012E599
:1007C0002078000713D5012E11D109216846017444
:1007D000A188818204203499FCF771FE082100E091
:1007E00005E020A88181CDE60198400612D50320BE
:1007F000039020A9208889890843208020A988891E
:100800004005400E04D026992B98086026988680D3
:100810000398AAE40420E6E418A8007A00280ED081
:100820000120287022980078687020A88088A8701D
:10083000000AE87018A8007A28710520388020A9DD
:100840002088898988432080E2E7FFB50746A1B068
:1008500000201C903A7801209040794A7C68104032
:1008600010AA1087744B22885B1C9A4203D0002880
:1008700004D0100702D5012025B0F0BD249E002031
:10088000307023980025028810A8028518A80575E5
:100890006A4B68461972057404A8186020462C300B
:1008A0001B902A985860249E94463878721C052123
:1008B000039201282DD0022808D003287DD130785A
:1008C000800980011D303070B889A08038780228F6
:1008D00004D13078800980011B303070F01C1FAAD1
:1008E00001900292009110A8008D0022C01E83B2D8
:1008F0002020015DB889F5F701FF0028DED10398BB
:10090000B9890170090A417010A9888FC01C088537
:1009100028E1787B18AA10753A7B012A02D0022AB6
:10092000CCD1FCE022887F231B011A4010AB1A8730
:10093000802A4AD006DC102A10D0202A0ED0402A65
:100940000AD124E0FF3A013A65D0FF3A013A79D062
:10095000FF3AFF3A022A76D00525A2E02078C006A9
:1009600001D5082000E010201C9004206A46107475
:10097000002090821AA81DAA1EAB03960192029035
:1009800000933B8A20461C9AFFF79AF984E0228B59
:100990003B8A9646934268D10A221C92002839D19C
:1009A000039801906046401E1FAA83B20292202045
:1009B0000091015D0022704600E0BAE0F5F79EFE6E
:1009C000014618A801750B201AE0228B3B8A964637
:1009D00093424AD10C221C92002862D103980190C4
:1009E00060461FAA401E0292009183B22020015D42
:1009F000628C7046F5F782FE014618A801750D203D
:100A0000307010A8818F491C01850421684601744B
:100A1000218B818245E0238B3A8A9C469A4224D1DD
:100A200012221C9200283CD1606A002813D00022B8
:100A30006B4607C3638C07E0FEFF0000B40E002086
:100A400009F800000DE04BE02020015D6046F5F75D
:100A500071FC18A9087513203070012010A90885B1
:100A60001FE0398A228B914201D00425B6E016217D
:100A70001C91002815D11B98818802682046FFF739
:100A800003FA18A9087500280BD11B983346016892
:100A900080881AAA00F075F9054602281BD0042D9B
:100AA00019D01B988088002811D06846007C002847
:100AB00004D004A82A99F2F7B2FD05460120694640
:100AC00008741B981B990068059000208880002DF1
:100AD00048D0052D2ED06846007C032878D07DE0D4
:100AE00018211C91002806D0388A20832046B96836
:100AF000FFF7A0FAD5E72046183000902020015DCE
:100B0000237E01222046FFF7AFFA18A908750028B6
:100B1000ECD119203070012010A90885E6E7208863
:100B200001214902084010A90887FF38FF38022830
:100B300006D0052510A92088098F884320804DE024
:100B4000208F9849884290D116201C90386900283F
:100B500005D06063B88A20870020608702E000200B
:100B6000C043208710A8008F7F21090102468A43D5
:100B70000DD0782300220420B968FCF7FBFB3878FD
:100B8000A07010A92088098F0843208002E02188E6
:100B9000814321806846007C002805D08248416856
:100BA00004A8F2F73CFD054618A8007D002815D0E2
:100BB0001C98707001203070208BB070000AF070AB
:100BC00018A8007D3071052110A8018506E0FFE717
:100BD0007548416804A8F2F722FD05467248017A7B
:100BE00020884005400E22D11B98808800281ED006
:100BF000239A0026138810AA1385249A2A9B6F46ED
:100C00004CC71B9A039412681AABFFF78DFA05467E
:100C100002280CD00120694608741B982A990068A4
:100C2000059004A8F2F7FBFC05461B98868010A8E7
:100C3000018D2398018028461EE600B597B0042850
:100C400007D102206A461070019100216846F2F730
:100C5000E6FC17B000BD10B5534C037800222168A4
:100C6000012B02D0022B42D126E00B78002B01D0C1
:100C7000042B03D10A712268032111702168838833
:100C80000A79D200921D8B5221680A79D20008326B
:100C90008918C2880A80216803890A79D2000A3239
:100CA0008B52428920680179C9000C314252216877
:100CB0000879401C08711EE00A7482888A802168C5
:100CC000C288CA80226801891181226841895181C4
:100CD000C1682068C1606168F2F7A1FC0146022882
:100CE00007D02068007C002802D1002903D0812091
:100CF00010BD832010BD002010BD406B002800D027
:100D0000012070478178012909D100880521C90295
:100D1000884202D0491C884201D10020704705203A
:100D20007047F7B586B00024684615460F468481A3
:100D300005261AE0049841780278090211432980B7
:100D4000811D019602940091417902790B021343AF
:100D5000C178827809020A43417800780902084381
:100D60003946F5F7E7FA002806D104AA03A9069840
:100D7000FFF7BFF80028DDD0822800D1002009B09D
:100D8000F0BD10B51488844201D2052010BD17248F
:100D90001C701080421E581C491C05F0C6F900202A
:100DA00010BD0000FEFF0000B40E002010B540484A
:100DB00004F04DF9002801D00C2010BDFF211131A5
:100DC0003C4805F011FA3B4901200870002048809A
:100DD000E03188718874887520310871344804F0D6
:100DE0004EF9002010BD10B5314804F028F9002854
:100DF00003D031A1312005F016FBFFF7D7FF002803
:100E000003D02DA1382005F00EFB10BD10B504460F
:100E1000274804F01CF9002801D00C2010BD2549FA
:100E20000878002807D0002008702148216004F0CD
:100E300026F9002010BD1E4804F021F91F2010BD26
:100E400070B505460C461A4804F001F9002801D097
:100E50000C2070BD174A5088A84202D11078002893
:100E600004D0134804F00BF9122070BD1048226022
:100E700004F005F9002070BD10B504460C4804F0DC
:100E8000E6F8002801D00C2010BD0A48017800299E
:100E900007D00020C0432080054804F0F0F812205D
:100EA00010BD40882080024804F0E9F8002010BD01
:100EB0009D000020C00E00207372635C6C6C5F6448
:100EC000622E630010B5282105F08CF910BD70B5B5
:100ED000054600780A0700090001120F1043287028
:100EE0000B0005F091FB07050705070509050B0039
:100EF000062408E00C2406E0222404E00024F2A1E9
:100F0000572005F090FA68788009800120436870C6
:100F100070BD00780007000F704710B50622C01C96
:100F200005F003F910BD10B50622093005F0FDF8F3
:100F300010BD0278BF23C9071A40490E0A43027048
:100F4000704702785206520EC9010A430270704778
:100F500070B515460E4604461F2A03D9DAA1A8200B
:100F600005F061FA20462A463146093005F0DDF8E1
:100F70006078AD1D80098001A906890E0843607064
:100F800070BD70B515460E4604461F2A03D9CEA182
:100F9000CC2005F048FA20462A463146093005F0B3
:100FA000C4F86078AD1D80098001A906890E084348
:100FB000607070BD70B501780907090F03292ED044
:100FC000052931D1411C827E0C46437E1102194312
:100FD000037FC27D1D02037EC67E1B021343827DFA
:100FE000407835438006800E22281DD106291BD368
:100FF0001920C001814217D8FF26F436B54213D814
:10100000002A11D0082A0FD88A420DD28B420BD861
:10101000617F227F09021143814207D904E04078B1
:101020008006800E0C2801D0002070BD012070BD0C
:1010300000210A464254491C2229FBDB704710B5A7
:1010400002788B07920892009B0F1A430270427835
:10105000520952014270012908D0022906D0032901
:1010600005D0FF2098A1EE3005F0DDF910BD01217B
:101070000A43427010BD10B502788B0792089200A7
:101080009B0F1A43027042785209520142700129A3
:1010900007D0022905D0032904D08BA18E4805F082
:1010A000C2F910BD01210A43427010BD00788007CB
:1010B000800F70470278EF23C9071A40C90E0A4310
:1010C0000270704770B50546C1700B0005F09CFAC0
:1010D0000E080A0C0E1012120C14141212160C1810
:1010E0000C2413E0082411E002240FE017240DE083
:1010F0000D240BE0012409E0092407E0062405E0A3
:101100007548002470A1A03005F08DF96878400979
:1011100040012043687070BDC0787047017AC27981
:10112000080210437047817A427A080210437047E0
:10113000017BC27A08021043704781794279080224
:101140001043704700797047817B427B080210434F
:10115000704770B5017AC37909021943431C857A37
:101160001C46467A2B023343657926792C02344398
:10117000C21C5A4E00798D1FB54214D8FF25F43594
:10118000AB4210D800280ED008280CD888420AD2CA
:101190008C4208D8507A117A00020843B11D884267
:1011A00001D8012070BD002070BD0B4610B5011D97
:1011B0000522184604F0B9FF10BD817A427A080270
:1011C0001043704701717047007970470B4610B5A6
:1011D000011D0822184604F0A8FF10BD027B0A700A
:1011E000407B487070470B46014610B508220E310F
:1011F000184604F09AFF10BD0B46014610B50422B4
:101200001631184604F091FF10BD10B50822001DDC
:1012100004F08BFF10BD10B504220C3004F085FFE4
:1012200010BD017170474171090A81717047C17128
:10123000090A017270470079704781794279080282
:1012400010437047017AC279080210437047017158
:101250007047017170470B4610B5011D08221846F2
:1012600004F063FF10BD10B50822001D04F05DFFFF
:1012700010BD70B515460E4604461B2A03D912A1AF
:10128000174805F0D0F82A463146E01C04F04DFF1F
:101290006078E90640094001C90E0843607070BDDE
:1012A00070B5054640780E46C406E40E1B2C04D9E2
:1012B0000B4805A10C3005F0B6F82246E91C304673
:1012C00004F033FF204670BD7372635C756C5F7011
:1012D00064752E6300000000070200007A0C000015
:1012E000F7030000C1074008C207C90FD20F511809
:1012F0004008C207D20F51184008C207D20F511838
:101300004008C207D20F51184208D007C00F40183A
:101310005208D107C90F0918500840187047002219
:1013200002808271C271C2720273427382738270D0
:10133000C270027142714276828303464284203336
:101340009A7102859A72C2750276C2730274DA7259
:101350001A739A7319750284FF21603081709A752F
:10136000704770B504460020A083208C1E46484379
:101370001546114604F061FF2084F000294604F070
:101380004EFF401C80B20146192269439202E0835D
:10139000914201DD401EE0837D202946000204F0D9
:1013A0003EFF401CA08470BD70B50546087B0E460C
:1013B000C006C00E08730020A87504463019007AD4
:1013C000FFF790FF29194874A97D641C0818E4B23E
:1013D000A875052CF2D3C0B2252803D979A18A209B
:1013E00005F021F870BDF8B5044630302646274692
:1013F0002546C036A03780350090032909D0002942
:101400001AD0012924D0022902D1A11CFFF7CCFF58
:10141000F8BD1146FFF783FF002028836883A88367
:10142000E883288468847871E88538732621085514
:10143000A08430703071F8BD0020E885B871A188B3
:1014400023890A460098FFF78CFFA11C0098DDE76E
:101450000020E885B38A328AA1880098FFF781FFCF
:10146000F8BD70B5867D0D460446002E01D0252EB0
:1014700001D9122070BD002A18D0287EE17D50438A
:101480000818252104F0CBFE0846E1754207520FEB
:10149000C908504B69189A5C097A8A4368D031466A
:1014A00004F0BDFE491CCAB2002007E0002070BD58
:1014B000002803D02118097C511ACAB22118497C8E
:1014C00091423AD32918097AC943CB07DB17D21ABC
:1014D000521E1206120E35D08B07DB17D21A521E7F
:1014E0001206120E30D04B07DB17D21A521E12060C
:1014F000120E2CD00B07DB17D21A521E1206120E38
:1015000028D0CB06DB17D21A521E1206120E24D098
:101510008B06DB17D21A521E1206120E20D04B0673
:10152000DB17D21A521E1206120E1CD00906C9175A
:10153000511A491E0A06120E18D0401C0528B7DBA6
:101540001F2070BDC00013E0C000401C10E0C000B0
:10155000801C0DE0C000C01C0AE0C000001D07E0B8
:10156000C000401D04E0C000801D01E0C000C01D9F
:1015700020769BE738B505460C466846FEF738F8F6
:1015800000281ED0694600200856207209216156A5
:101590000022411A00D5494220356B798B420FDC7D
:1015A000FF2B0DD0A17A491CC9B2A172AB79994227
:1015B00002D8617A7F2903D160720020A0720122D3
:1015C000104638BD7372635C6C6C5F7574696C2E09
:1015D000630000007667010010B5040004D0FF200E
:1015E000FAA1AB3004F01FFFFB4821464143FB4802
:1015F000FF230918FF330022581C5A544254C81DB7
:10160000FF30FA3002704270F448001FC378A342E2
:1016100002D18270FF23C370EF48EF4BC01E081841
:101620009B1EC91802700A7010BD70B5EB480026E9
:10163000001F8670FF24C47035462846FFF7CCFF94
:101640006D1C2D062D0EF8D00020E4490B229201CE
:10165000E14B43435B189B181E74401C0006000EB0
:10166000F6D0DF48FFF7E4FC0021DD48FFF722FD5C
:101670000121DB48FFF7E3FCDA4804704470847012
:10168000C4700471447170BDCFE71B20704730B542
:101690000021D24A0B239B01CF4C4C43A418E418E1
:1016A000247C002C05D0491C0906090EF4D000202A
:1016B00030BDC94C01254C43A218D21815740170D5
:1016C000284630BD10B5044600F0D0F900280CD0F3
:1016D0002046FFF781FFC0490B224C43BF49002041
:1016E0006118920189180874012010BD10B50446D4
:1016F00000F0BCF9002802D0BA484471012010BDA6
:10170000034610B5B748B44940794843B349421835
:101710001046FF30E130C17F807F04F0D5FF10BD5F
:1017200010B5B048AC4940790F224843AB49401846
:10173000A949D239095CFF30FF3004F09FFF10BD8A
:1017400010B5044600F092F9002802D0A5480471B3
:10175000012010BD034610B5A2489F4900794843B7
:101760009E4942181046FF30E130C17F807F04F06F
:1017700098FF10BD70B59B4C97492079974D484311
:101780004019C11DFF31F931FF30E130807F0F2258
:1017900004F064FF002813D020798F494843401992
:1017A000FF30FF3002300178491C01700178407829
:1017B000814204D1884885A1773804F034FE0120A5
:1017C00070BD884884490079484384494018FF30F7
:1017D000E130C17F807F814201D10120704700202C
:1017E000704770B57F487C49007948437B49401871
:1017F000FF30E130867FC57F0F242946304604F054
:1018000026FF002801D0204670BD70066906400EF4
:10181000490E884201D3401A01E0081A201AC0B2CA
:1018200070BD0F20704770B50C46054600F01EF9DC
:1018300000280ED0002020706748454367482818CC
:10184000FF30FF300230017842788A1A22704170EE
:10185000012070BD70B50C46054600F007F9002860
:101860000BD05D4845435D482818FF30FF300230FB
:1018700001784078081A2070012070BD5849016035
:10188000704710B5044600F0F1F8002802D0554822
:101890000470012010BD5149091FCA78FF2A02D0E7
:1018A0000021016007E08A784C492439012A02D0DE
:1018B000016001207047002070474848801E017871
:1018C000012908D001210170464801784348001FD2
:1018D000C170012070470020704710B5044600F029
:1018E000C5F8002802D03F484470012010BD3B4994
:1018F0003C4B091FCA785B789A4206D18A78203916
:10190000002A02D001600120704700207047334850
:10191000344A001FC1785278914209D1FF21C17029
:10192000801C0178002903D000210170012070473C
:101930000020704729482B4A001FC17852789142F5
:1019400004D18078002801D0002070470120704722
:1019500010B5044600F08AF8002802D02148C4706F
:10196000012010BD034610B51E481B49C0784843EE
:101970001A494018C21DFF320B21FC328901401860
:10198000C17B807B04F0A0FE10BD10B51548124944
:10199000C0784843114940180B2189014118C97B7F
:1019A0000D4AD21E8018062204F068FE10BD0D48B4
:1019B0000949C0784843094941180B20800108189B
:1019C000C17B807B81420FD1012070477372635CC1
:1019D000646D5F712E630000D1020000F40F0020DF
:1019E000C51200209E0000200020EEE710B504463E
:1019F00000F03CF8002802D021488470012010BD7E
:101A0000034610B51E481F49807848431E494018B8
:101A1000C21DFF320B21FC3289014018C17B807B43
:101A200004F03FFE10BD10B51548164980780B2212
:101A300048431549920140181249891E41188018DF
:101A4000807B062204F00AFE10BD0D480D49807807
:101A500048430D4941180B2080010818C17B807B49
:101A6000814201D10120B0E70020AEE7002805D176
:101A70000648007C002801D00120A6E70020A4E74A
:101A80009E000020D1020000F40F0020B4120020BC
:101A9000F8B5FF4E0446B079002500280AD0002989
:101AA0002DD1657010202070F079A070307AE07030
:101AB000B57124E0F64F203F387A012804D0707ABF
:101AC000012810D00020F8BD002918D1657013201E
:101AD000EF4920701C221639A01C04F026FB0120BF
:101AE000A0713D720BE0002909D165701420E8490E
:101AF000207008220A31A01C04F017FB7572012027
:101B0000F8BDF8B5E3480178002902D00C2630462C
:101B1000F8BD0026DE4D3446403D2E756E75EE75DF
:101B20002E76AE75294620396E730F464E734037B8
:101B30007E717F218170687E002804D0FDF73DFD15
:101B4000FEF766F86C763C72D14884711430FFF76A
:101B5000B9F9CF483C30FFF7B5F9D8E710B5CD4B10
:101B600000221A70CA4B203B1A711A46603A11665D
:101B7000D065FFF7C6FF002804D0FF20C6A187303C
:101B800004F051FC10BDC2484038007D7047C04988
:101B900010B54039C87B897B42078307D20FDB0F22
:101BA000D218C007C00F101840000B0004F02CFD25
:101BB000050B060B04080F00BB4906E0BB4810BD2F
:101BC000B949083101E0B8490839085A10BDFF2069
:101BD000B1A1A73004F027FC002010BDAC48B449E7
:101BE0004038008A48437047F8B5A94C0646407B08
:101BF000403CE07337791346A773012F26D0308815
:101C00002082A348B27B203882710546603D29704E
:101C100006221946681C04F088FAB0796873062217
:101C2000F11DE81D04F081FA607B0126002800D038
:101C3000667597486038407B002800D0A6753B0049
:101C400004F0E2FC0506082549084B000020D7E710
:101C500000211DE08E4801211430FFF738F98C482F
:101C6000E91D1430FFF75FF9687B002807D00128D1
:101C700007D0FF2088A1EE3004F0D5FB0CE0002156
:101C800000E0012182481430FFF75BF904E00621EF
:101C90007F481430FFF71BF90020E07520767C4860
:101CA000691C1430FFF739F9794829781430FFF7A7
:101CB00040F9774804213C30FFF709F97448691C62
:101CC0003C30FFF72AF9724829783C30FFF731F9A8
:101CD00026750020F8BD0221DAE7FF206EA1F8305A
:101CE000CAE770B56A4C0125403C0346257620467C
:101CF0002030007A002801D03A2070BD64480022CC
:101D0000803806789E4206D1E2750622401C04F017
:101D10000CFAE57500E02276002070BD70B504462F
:101D20005B4D0020403DA87528462246323804F01D
:101D3000FCF92846203844730120A87570BD544929
:101D400020390871704710B5514C0022403C627533
:101D5000607302462046123804F0E7F901206075EE
:101D600010BD4B49203948717047F8B500F0A4FB0D
:101D7000474C0025403C607E002804D0FDF71DFC48
:101D8000FDF746FF6576434F3D70FDF793FBA07B63
:101D9000012804D00021084601F0A6FAF8BD002170
:101DA000022001F0A1FA3A4C203C207A002809D008
:101DB000374881790029F1D11321C17105720121C0
:101DC0008171F8BD78780028FBD0314E0622803E24
:101DD000707BE0733078A0753046F11D703004F0F0
:101DE000A4F930460622711C773004F09EF93C209D
:101DF000A072012020727D70F8BD10B5244C403CCB
:101E0000E17BA07CCA0701D0C2070BD08A070FD59F
:101E100082070DD42620FDF777FAA07C0221084323
:101E2000A07410BD2520FDF76FFAA07C0121F6E714
:101E30004907F6D54007F4D42720FDF765FAA07CC2
:101E40000421ECE770B5134E3078002872D1104CA5
:101E5000403C207D00286DD0FDF71FFB0025A574B8
:101E6000E57475702846FDF715FB0020FDF78CF929
:101E70000D480D38FDF73FFA0B481038FDF7F7FA1B
:101E8000FDF76CFBFFF7B9FFFDF7FFFA012111E049
:101E900068130020A40000207372635C6C6C5F61A7
:101EA00064762E63000000008E6701009A8913009B
:101EB000710200000020FDF743FA0F210520FDF715
:101EC000C1F92646403E3178701CFDF7ADF9A07B84
:101ED00001280CD004280AD0607D002807D02146B4
:101EE00012390846627B6630FFF732F86575A07DCF
:101EF000002807D0FE480146427B12399C30FFF78C
:101F000040F8A575306E0178002903D00178001DD6
:101F1000FDF7C8F9F06D0178002906D0F44A401C9D
:101F2000C732FDF754FE01206076FDF7C3FA0020AA
:101F300070BDFFE70C20FBE7EE494860704770B5C5
:101F4000050001D0FFF759FFE94C2034E07C002860
:101F50000AD0A07B012804D19920E749C00004F0F1
:101F600062FAFFF702FFE3E7002D0DD00221002007
:101F7000FDF7E6F9DE4840300079032801D001285A
:101F800002D10220FDF73BFCE07D002600280DD0A9
:101F9000D74D203D2846691C9430FEF7BEFF2846E9
:101FA000691CBC30FEF7B9FFE6752676D048743060
:101FB000FDF786FAA07B030004F026FB0504040469
:101FC0000D04090001210846FDF79FFB03E0CA4903
:101FD000CA4804F028FAE17BA07C81430120002953
:101FE00003D1A17B012903D0E074C24908709FE7A7
:101FF000A674FAE710B5FDF750FABE48007800283D
:1020000018D1BB482030007D002813D00020FFF7F6
:1020100096FFB74840300079002809D001280FD03A
:10202000022805D003280BD0B349B54804F0FBF9CA
:10203000002010BD00F040FAFDF73CFA0C2010BD66
:10204000F0F7E6FFF4E7AB49012048707047F8B5B8
:10205000002400F0E0FF002824D0FF202D30FDF701
:102060006CF9A44D2878A24F403701281DD00228D2
:1020700001D0032834D0A2489F496B3004F0D3F933
:10208000287800280DD0387900280AD0012808D0F7
:10209000022838D0032836D099489749803004F078
:1020A000C2F9F8BDFFF761FEF8BD914E2036B07B56
:1020B000032815D0707E002803D0FDF798FDFDF7AA
:1020C00074FA8B48C430FDF7FBF9B07B012812D0BD
:1020D000042810D0B879012806D0032804D004E0E1
:1020E0000120FFF72CFFCBE7102421460E200143EF
:1020F0000020FDF70AFB7879012801D1FDF76FFA7E
:1021000002202870BCE728780228CDD10120FDF7F5
:1021100076FBF8BD70B5764840304079012801D192
:1021200000F0D4F9724C2034607E002803D0FDF713
:1021300044FAFDF76DFD00F06EFF00280CD06D4DE8
:102140002878022804D06E486B49A33004F06BF95C
:10215000A07B012803D006E0FFF707FEE8E6992000
:102160008000FDF7EAF80120FFF7E9FE2878002853
:10217000F4D028780128F1D039205F49000104F01B
:1021800052F9D5E6F0B5074689B000200690FDF774
:10219000AEF800900020019056480078022804D044
:1021A00057485549F03004F03EF9514D40356879B3
:1021B000012801D100F08AF94D48C430FEF7A9FE8C
:1021C0004B4E04462036002F70D03046A430FEF728
:1021D000F1FE0028F8D0FDF731F80028F4D0707E29
:1021E00000280AD005277F1EFFB2FDF72CFD02282C
:1021F0000FD0012800D0002001903D492046C43175
:102200000C46643C030004F0FFF906A4A4A40CA44B
:1022100056A4002FE7D177203AA1C00004F003F9BB
:10222000E9E7B07B012841D004283FD0019A00980B
:10223000104304D1A879002801D0022836D168794A
:1022400001281DD1607A00281AD101206072087817
:1022500006224006C00FA0722548C91C6B3003F04F
:1022600064FF244C224FA07871377F2804D1A92025
:1022700024A1C00004F0D7F8A07838707F20A070A7
:102280001B489C30FDF71CF91A480321017028797E
:10229000002860D001280AD002285CD0032806D08C
:1022A000164818A1E03804F0BEF854E051E00120CF
:1022B000FDF7A5FA4FE00E480F462038C978C079DF
:1022C000814230D10A4839792038027A91422AD1A4
:1022D0007979427A914226D1B979827A914222D192
:1022E000F979C27A91421ED1397A027B914211E08A
:1022F00008130020A4000020981E0100F60400002E
:10230000DE0200007372635C6C6C5F6164762E6346
:102310000000000007D13978407B4906C90F81428F
:1023200001D1012100E00021B07B012801D0042867
:1023300001D100290AD100280BD101990098084346
:1023400004D1A879002801D0012802D1307E0028CC
:102350001FD001200690707E002803D0FDF72DF9D4
:10236000FDF756FC0698002802D00120FFF7E7FD94
:102370005D48017800290AD00178012907D000784A
:10238000032804D095205949C00004F04CF809B046
:10239000F0BD55480422406855490F3003F0C5FE92
:1023A000387806224006C10F4F4840680177F91C73
:1023B0001D3003F0BAFE4C484D4940680322091D08
:1023C000133003F0B2FE4848494A4068B97D817530
:1023D0000F3A117ED37D09021943018311468B7E8A
:1023E0004F7E1B023B438380137FD77E1A023A4302
:1023F000C2808A7F4B7F1102194301813C4905222B
:1024000010310A3003F091FE3948374A1130017912
:102410005768C906C90EB97600794009F876287A56
:10242000002809D0A07900283AD11320E0710020BB
:1024300020720120A07133E00020A8727888B08556
:10244000387FE8732A48394606221D31833803F065
:102450006CFE27490622F3390878A87508467730BC
:10246000491C03F062FEB888F087F888208038891C
:102470006080F87E20710198002860790BD00121DE
:1024800008436071FDF7F2FB61794000C907C90F8D
:102490000143617102E04008400060710120287230
:1024A000114C0020207000F007F8FDF703F8012020
:1024B000616800F019FF4EE710B5FDF76AF8FDF707
:1024C0005DF8FCF7B5FFFCF7DAFF10BD064810B564
:1024D000801CFDF78DF8002802D103497F20887009
:1024E000FDF774F810BD0000A400002004230100D3
:1024F000DB1300208107C90E002808DA0007000F4F
:1025000008388008F74A80008018C06904E0800815
:10251000F54A800080180068C8400006800F7047A8
:1025200010B500F03BFF10BD70B5F04C0546626879
:10253000002908D0002A04D0FF20EDA10C3003F0C0
:1025400072FF656070BD002A04D1FF20E8A112303F
:1025500003F069FF0020606070BDE948C07E7047ED
:10256000E7482830C07E704738B5E04C20680168E5
:102570004978012925D001216846FAF7C9FC684647
:102580000078E049000203F04AFE2068426AC06811
:1025900012685118FBF7ADFC2168C860D84A206862
:1025A00028320321904218D0028B002A15D0012234
:1025B0004272017200210171021D017F00F0FBFED9
:1025C00038BD7D21C068C900FBF793FC2168C86055
:1025D000FFF7DDFA21680861E0E7028B521C0283F5
:1025E0004172E6E7FFB5C64E85B0706A346805688B
:1025F00060680190306A0390298E0798401A80B273
:1026000002900898002804D02746383720464830E2
:1026100002E0371D2846A830009003203871059845
:10262000002820D001287DD002285ED003287AD04F
:10263000AFA1B54803F0F7FE0898002807D0387915
:10264000032804D0B048AAA1093003F0ECFEA16A27
:102650007069FBF74EFCB860616A206A88427DD9D8
:10266000009801601FE1306A002804D1A648A0A1AB
:102670007A3803F0D8FEA449288B373948434018EC
:10268000069900F0A6FEA0619F49A8883739484303
:10269000069900F09EFEE061316A9B48891CA162A8
:1026A0002A8B37384243A069974B121AE63BD2185F
:1026B0005118A162944BAA7D373B5A4340008018C1
:1026C000FF30193020626062306A081AED21FF384D
:1026D000C90015388842AFD28C49884204D28A4852
:1026E00083A15D3803F09FFEB6E0874A288B373A16
:1026F000E16850430818069900F06BFEA06182491A
:10270000A88837394843069900F063FEE061306AD3
:10271000002804D17C4876A1553803F084FEAE2011
:10272000405B01E02CE05AE00028288B784AE16801
:102730001DD050430818A169401AA0622169A06801
:10274000734A4843A1694018A97D4000514340188D
:10275000FF3017302062A888504300E0A1E0E16913
:10276000411A6F20C000081A6062A06A34E050432A
:102770000818A169401A3168D63849684018DCE762
:10278000284680300190C08D002802D0306A002891
:1027900004D15F4856A1401F03F045FEA8885C495C
:1027A000E3694843C01AA06201999C46CA8D216919
:1027B000A368521A4B43A169591863465343C91879
:1027C000AA7D534B49005A438918FF3117312162C2
:1027D0006F21C900411A6162316A401A35E00898D8
:1027E000002803D03420005D002878D1A88848490B
:1027F0004843E169401A02994843A0622846803064
:102800000490C08D0028019829D0002804D03E48AB
:1028100037A1163803F007FE04983D4AC18D02988F
:102820000818E16948434000FF3017302062A8884B
:102830005043411A6F20C000081A606200F0AEFDDC
:1028400000281CD0A16A0398081AED21FF38C9009E
:102850005538884200D3EFE601203871ECE60028B5
:1028600002D00398002804D1294821A11A3003F08E
:10287000DAFD0198A16AD6380818A062CCE7FBF708
:102880009EF8726901461046FCF7BFFAA16A081A61
:10289000ED21FF38C90050388842DCD2012009B050
:1028A000F0BD0099086000981A4900688035081842
:1028B000F860298B0798081A00B2002804DD0598F3
:1028C000022801D0032000E00120787108983870B8
:1028D0000898002820D03420005D00281CD0022059
:1028E000DDE7000000ED00E000E400E0B4000020BF
:1028F0007372635C6C6C5F6C6D2E73302E630000C2
:10290000F413002010270000190500002902000020
:10291000E20400004B1700000898012148402034D1
:102920006075317F3A46304600F045FD0020B6E73D
:1029300010B5FE4900280A68516A096807D0126874
:102940008988FB4BD2695943891A03F068FC10BD92
:10295000F8B5F64F38680468416A26460D68203697
:10296000717D00290AD0618E2A8E914206D1407A6B
:10297000012803D1EF49F04803F055FDFBF71FF89C
:10298000014638684069FCF740FAFFF7D1FF2A8E0C
:10299000618E1318994202DB491C618602E0401CDB
:1029A00010186086B07D002806D19C21608E495B9E
:1029B000884201D1401C6086DC480168088B0328EE
:1029C00002D2401C088302E0618E982041532846C1
:1029D00040300646C1898089081A298E401E401859
:1029E00087B218E0D148EB7E00685B00406A00794E
:1029F0004100D248415AC05A401881B2207D00237C
:102A0000FFF7F0FD00280FD001280ED0CA48C949B1
:102A10003A3003F008FD628EB81A00B20028E1DAFD
:102A20000820B07200F010FEF8BD608E401C608679
:102A3000F1E770B5BD4D002168680162C27E1300E8
:102A400003F0E2FD045656034A56426A14680268CF
:102A500011700268516000682030407D002808D164
:102A6000FAF7ADFF69680968096CFCF7CEF9002830
:102A700018DC6868228E0168498E914206D1214691
:102A800080318B8B9A1ACA83238605E0891A9E228D
:102A900011530168498E21860268C1681164C168BA
:102AA000416111E068680168098E228E8B1A224606
:102AB0008032D3830168098E218601680B6CC36064
:102AC0000B6C4361886C9062204601F0D8FC0028B2
:102AD0000DD098499A4808E0C1684161FFF7B2F902
:102AE000002804D096489349801D03F09CFC70BDDB
:102AF000934890490D30F8E710B58C4A0B001268E6
:102B000003F082FD0906090F1F0C2E2E082B2E0044
:102B1000FFF78FFF10BD00F068FC10BDFCF772FEE0
:102B200010BDD07E022806D0D07E032806D0FF201C
:102B30008049A3300EE0FFF70BFF10BDFFF714FD37
:102B400010BDD07E0228F6D0D07E0328F6D0FF201C
:102B50007849AE3003F067FCF0E7FAF715FF10BDD7
:102B6000FF207449BC3003F05EFC10BDF3B581B0AA
:102B70000E4601276D4D734C0B0003F045FD090611
:102B80002F39392F40403939400001216D48FFF776
:102B9000CBFC31460198FFF7AFFFE07E022826D13B
:102BA00068680568406A0668FAF7E7FEB188604A17
:102BB0005143EA69891AD639E962B72802D26248D4
:102BC000081803E0081A6049B7314018E8625F4806
:102BD000E96A814200D80846E86205E00198FFF7FB
:102BE0008BFFE07E022802D1206820300775FEBDF1
:102BF0002C600198FFF780FF00202860FEBDFF20B9
:102C00004C495C3003F00FFCFEBD70B50C46064627
:102C10000B0003F0F9FC09060D10100D1A1A101024
:102C20001A00484801212830FFF77EFC2146304633
:102C3000FFF762FF70BD43483C4D283028603046A6
:102C4000FFF75AFF0020286070BDFF20394982300D
:102C500003F0E9FB70BDF0B5344C0020216885B06D
:102C600003258D76CA7E0746032A03D0C97E002934
:102C700029D029E0087F002803D12E49344803F0E9
:102C8000D2FB2068067F684605714571FAF797FE0A
:102C90000290FF20F53003900121684601706946DB
:102CA0003046FBF70CFB00E020BF2068007FFCF7FC
:102CB00038F90028F8D02068007FFAF765FE206810
:102CC000077700F072FB012021688F7605B0F0BD18
:102CD00016490A68907600E020BF0A68D07E002876
:102CE00003D0D07E937E9842F6D0D07E002803D0C9
:102CF00000200021917670470120FAE770B5114954
:102D00000024CA7E094D032A03D02831CA7E032A33
:102D10002ED12960002827D0012821D00C48054950
:102D2000973003F080FB0020296813E0B4000020F6
:102D3000E2040000F0280100F70500009E67010092
:102D4000A1030000F4130020C4F8FFFF38120000B4
:102D500072020000086048622860002C08D070BD34
:102D60000320FFF7B5FF01E0FFF775FF0446DAE740
:102D70000C2070BDF8B5F94F04461F25E67E3300E0
:102D800003F042FC042920031B20F548844204D0B0
:102D9000FF20F449FC3003F046FB02203C60FFF7C3
:102DA00097FF002805D03968002008604862386025
:102DB00011E00C25002038600AE00120FFF79EFF9B
:102DC000054603E0E749E84803F02DFB002D02D05B
:102DD000E07EB042D2D1E07E002804D0E248E14952
:102DE000801D03F020FBF8BD10B5DD48FFF7C2FFE2
:102DF000DB482830FFF7BEFFD94900205031087565
:102E0000D649C91F4870D64948610A4628325061E0
:102E100088769076D1494860086010BD70B5044648
:102E20000120FFF767FBC5B20B20FFF763FBC0B2C1
:102E3000854204D0FF20CB49C63003F0F4FA0120CC
:102E4000FFF758FBC5B21820FFF754FBC0B285420C
:102E500004D0FF20C349C73003F0E5FA0420C04383
:102E6000FFF748FBC5B21920FFF744FBC0B285420B
:102E700004D0FF20BB49C83003F0D5FAB748B849A1
:102E8000083804700020C87688760A462832D07642
:102E90009076B24B012408331C711860486250626E
:102EA00008601060FFF7A0FF70BDAC4908310871E1
:102EB0007047FEB5AA49CA7E08462830A74C002AAA
:102EC00002D1C27E002A03D0C97E022903D005E0C8
:102ED000A648216006E0C17E002901D00C20FEBD7D
:102EE0002060A348FAF7FCFC216808779B4920681A
:102EF000C91F0160C91C4162007F002804D1AD20B8
:102F00009849800003F08FFAFAF737FD9949884213
:102F100000D20846FF30C83086B220680325C57647
:102F2000FEF735FE21680861FEF758FE00270028ED
:102F300027D0FEF753FE21684A6A10600968012015
:102F4000087001466846F9F7E3FF684600788A4949
:102F5000000203F064F90191FAF731FD019971184B
:102F6000FAF7C7FF2168C8602068057245720771CB
:102F7000021D017F00F01FFA2068078300202760F0
:102F8000FEBDFAF71CFD3146FAF7B3FF2168C860B1
:102F900008680770096801204870E5E77047F8B5D0
:102FA0006F4EF17E002904D131462831C97E0029B7
:102FB00001D00C20F8BD0221F176694C674F5034E6
:102FC0000837776234600025386025753979C07E0E
:102FD0004A006A4940008A5A085A2B46101881B2A2
:102FE0002A462846FFF7FEFA002804D0CF205D4984
:102FF000800003F018FA25610120A5602075658620
:1030000025865748703085753968088E401E0886B9
:1030100035830020F8BD10B5504801244068817EFA
:1030200003290CD001684978002906D0006A544968
:10303000884202D90024FFF706F8204610BD00247C
:10304000FBE74648406802681178491C1170016A24
:103050000068C26A914204D8007D012801D0012095
:1030600070470020704700207047F8B53B4C3C4843
:103070002060416A00680D68002634210E54A621A4
:10308000495D00294BD1007D032848D1FAF797FC10
:10309000014620684069FBF7B8FE00283FDDFFF7D6
:1030A00047FC298E401C4118206802681186006880
:1030B000018E9C22525B511A09B200292FDD012199
:1030C0002030817528464030C1898089081A298EB0
:1030D000401E401887B21BE0496A09794A00274917
:1030E0008B5A028E007D9446EA7E5200895AC91896
:1030F00089B201236246FFF775FA00280FD0012834
:103100000FD002280BD01B481649193803F08BF951
:1031100021680868028EBA1A12B2002ADCDA266028
:10312000F8BD20680068018E491C0186F0E7F8B5FB
:103130000A4D00266A680128516A0C6853D1087943
:103140000E4940000B5A1068077D032F1AD0027DEC
:10315000022A24D0007D012834D044E0B4000020AD
:10316000F4130020F0280100070200006D2B01007D
:103170000B2C0100F6050000102700009E670100DF
:10318000D98213000661106886609C20025BE07E95
:103190004000085AC01881B2002303201BE02246D9
:1031A0008032D78D0761E07E928B4000085AC018AC
:1031B00081B200230220FFF715FA6A680121126824
:1031C00011750AE09C20025BE07E4000085AC0189E
:1031D00081B200230120FFF705FA002803D09C49A3
:1031E0009C4803F020F9FAF735FB9B480078EFF78D
:1031F0006FF8686806830268218E51860068203067
:103200008675F8BD38B5944C0021083460680D46C9
:1032100000684278002A01D045701FE0007800283D
:1032200009D001216846F9F773FE684600788B499A
:10323000000202F0F4FF6068426AC0681268511828
:10324000FAF757FE01466068C160057103214172BB
:10325000021D017F00F0AFF860680583FAF7FAFA03
:103260007D480078EFF734F838BD7B4A10B5014649
:10327000083250680B0003F0C7F9060D1504081753
:103280000C31012100F0D1F807E00021106800F0B6
:10329000CCF810BD0120FFF74AFF00210846FFF7D8
:1032A00043F910BD032116E0416A02680968D36939
:1032B00093608A886A4B5A430368DA600A46C032D0
:1032C000D3890B83137B8B75138A8B80538ACB80B6
:1032D000928A0A8102210068017510BD5D485C492F
:1032E000913003F0A0F810BD70B500280BD05A4CF7
:1032F000083401280ED002281ED056485449B43054
:1033000003F091F870BDFFF77DFF00210846FFF73D
:103310000BF970BD6068002501684D7000F045F83C
:103320000320F5F7B8FEFAF795FA4B486560007888
:10333000EEF7CEFF656070BDFFF764FF606800F0D8
:1033400034F800210846FFF7EFF80420F5F7A3FE54
:1033500070BD414908314968CA7E022A08D10A680D
:103360001378002B04D150600968CA6A1018C8622B
:103370007047394A10B50832526800290CD001292B
:1033800007D0022907D033483149D93003F04BF830
:1033900010BD801E00E0401F106210BD2E48083096
:1033A0004068002800D0012070470021C176817656
:1033B00001604162704710B50B46C17E847EA14218
:1033C00004D011461846FAF77AFF10BDFFF7EDFF5B
:1033D00010BD024610B50020002905D00846504314
:1033E000204902F01CFF401C10BD1B4810B50830DE
:1033F0004068C07E030003F007F9041515030B15A0
:1034000001F05EF900280CD00F2017A1800106E022
:10341000FEF7F0FD002804D0F12013A1800003F096
:1034200002F810BD10A11448F9E710B504460029B0
:1034300003D00020FFF77BFE03E007480078EEF79B
:1034400047FF2046FFF7B1FF0020F5F724FE10BD2F
:10345000F028010092060000AC00002010270000B8
:10346000E204000040420F007372635C6C6C5F6C9E
:103470006D2E73302E630000CB030000F8B5FEF70D
:10348000B0F90446FEF756FAF84E0546706920304A
:10349000407D002809D0012827D002282AD00328FF
:1034A00032D0FF20F2A19A3037E0F0481830FEF712
:1034B0001EFA002801D003200FE0EC481830FEF778
:1034C00049F9002804D070695B21095C002908D003
:1034D000E6481830FEF7D2F90120716920314875AD
:1034E0001DE002212030417519E0E0481830FEF758
:1034F000C5F914E0DD481830FEF72CF900280ED18C
:10350000FF20DBA18C3008E0D8481830FEF7EFF937
:10351000002804D1FF20D6A1943002F084FFB069C6
:10352000F72201781140017072692032937DDB0728
:103530001B0F1943FB2319400170D37DDB075B0F81
:1035400019430170577DEF23022F04D0012F07D0BC
:10355000032F07D00CE0012C06D8002D04D007E083
:103560006D1E2C43002C03D019401023194300E09A
:1035700019400170D17F002916D0517D012913D047
:10358000BF48FBF79DFFBE480021283001767269D5
:10359000916ED26E42610161B949B269FCF7A3FA3A
:1035A0000020FCF7AFFA03E0FBF78AFFFCF7CDFA47
:1035B000B0690078C00606D4F0690078C00602D46D
:1035C000F079002806D0B079002803D101210846FF
:1035D000FCF79BF8032030703079002803D1FBF70B
:1035E000BDFF01203071F8BD70B5A0481C30FEF75A
:1035F000B9F901259D4C002802D00020607002E03E
:1036000065709F48E061606940300078002802D012
:103610006078002805D0E069FBF752FFFCF795FAC7
:1036200070BD9748FBF74CFF9548283005766269D6
:10363000116F526F42610161914AE169FCF753FADF
:103640000120FCF75FFA70BD10B588490023486976
:1036500002462030C3768377012049239854A03254
:103660009279002A03D008700021022001E0002195
:103670000320FFF7FAFD10BD70B57C4C6079C206DF
:103680002046406901468031002A01DA002202E02A
:10369000CA8DCB8BD218CA850246C0321379002B53
:1036A00005D0034640331D8AC98B69181982617A97
:1036B000002903D03D2001F051F94AE003462033B0
:1036C000D97E042945D0217A002913D0480701D496
:1036D000C80601D51E2030E0080701D53D202CE0AA
:1036E000C80705D1880703D461A1664802F09BFE94
:1036F0002A2022E04030817D002905D0418A4D1CDE
:103700004582858AA9420FD2517A062902D0117AC0
:10371000062905D1018B4A1C0283828A914203D279
:10372000028AC1898A4201D3222006E09A7F8089D9
:10373000002A0AD088420FD3082001F00FF96069EF
:103740002030C07E042804D006E0062804D33E20A2
:10375000F3E7FFF779FF70BD0120207000210846D4
:10376000FFF783FD70BD10B5404840690146203128
:103770008A7F002A29D0012A27D0022A06D0032ACC
:1037800004D03BA1404802F04EFE10BDC97E032983
:103790000FD0082919D001464031CA898989511AA8
:1037A000891E89B2032900D303218030828B5118EE
:1037B00009E0014640318A89032A06D3028EC9896D
:1037C00080305118491C018310BD8030818BFAE78D
:1037D00000B5030002F018FF0604070B0F121217C2
:1037E00000290ED00FE0891E02290AD90BE0891F9B
:1037F000012906D907E0082903D004E00B390C2978
:1038000001D8012000BD002000BDFEB505461748C7
:103810001830FEF740F8002804D11B4814A1D13815
:1038200002F001FE114CA069FDF702FC0321A06922
:10383000FDF721FCA069EF220178114001702946B3
:10384000FDF740FC002601272B0002F0DDFE0E5C98
:103850005C085C2C6060255C4C5C603C375C60699B
:103860006521095C002911D0062111E0C400002067
:103870007372635C6C6C5F736C6176652E630000C1
:1038800090140020430200005C080000C030417921
:10389000A069FDF797FC3AE060698030417CA0693F
:1038A000FDF7D7FC33E06169A069B831FDF7ADFCE5
:1038B0006169A0698C31FDF7AEFC28E00621A069A2
:1038C000FDF7C5FC23E020690178A069FDF7A9FC9C
:1038D00020698188A069FDF7A6FC20694188A0695C
:1038E000FDF7A5FC13E00096019660696030007951
:1038F000002803D069460878384308706946A069F3
:10390000FDF7B1FC03E0F949F94802F08CFDFDF741
:10391000D4FF002804D1F648F449801D02F083FD4D
:103920000C2D06D0072D03D0606940304682877584
:10393000FEBD606940300683FEBDF0B5ED4CC82089
:1039400061698DB0405C04280AD0052835D15C201F
:10395000405C00282AD0012060314871022026E016
:1039600010226846D63101F030F86169102204A8AF
:10397000B03101F02AF8684601F0DFFB08AE8DCEC9
:10398000616984250E4678360DC66F5000250D6797
:103990004D67012540267554D74D88318DC5284681
:1039A0000822093002F0C1FB052000E00D20FFF7DE
:1039B0002CFF61690020C03108720DB0F0BDF8B570
:1039C000CC481830FDF767FF002848D0C94C207A52
:1039D000002844D16069C421095C002500290ED06B
:1039E0002030C17E0120FFF7F3FE002807D1606977
:1039F0002030C17E0420FFF7EBFE002806D060696E
:103A0000C921095C0126062907D00DE06069502113
:103A10000D526030457102204EE02030C17E0420FE
:103A2000FFF7D6FE002813D0616908462030C27E19
:103A3000921E130002F0E8FD166262621D6262626D
:103A400060621F6262622843626262626262466210
:103A500060695E21095CC90702D0C0304572F8BDBB
:103A60000C20FFF7D2FE60694030817F31438177BF
:103A7000F8BD072020E0FDF79AFF0028F8D0606924
:103A8000403005700B2017E0F9F741FA0C28EFD30E
:103A900060690821B830F9F73BFA002806D0606960
:103AA00004218C30F9F734FA002804D1C72093A1FF
:103AB000C00002F0B8FC0420FFF7A7FEF8BDFFF736
:103AC0003CFFF8BD00228A66CA66C6770A4678318E
:103AD000C8C9894878322838D26842632830C8C0BB
:103AE00008220D30091D02F020FB0620FFF78DFE95
:103AF000606940308575F8BD0920DDE700F036FFCC
:103B0000F8BD70B57B4C3B216069095C08292FD159
:103B10000146028EC0314B89521C9A4228D1227A2A
:103B2000002A25D10A8A83889A4207D14B8AC58800
:103B3000AB4203D18B8A0589AB4209D043884B85C0
:103B40008A854A8ACA858A8A0A860122E6210A5417
:103B500001221146FDF747FC00210420FFF785FBF9
:103B600060690021C92211542030C1760321817778
:103B700070BD70B55F4C60692030C07E172803D0DF
:103B80005EA1624802F04FFC616900220B4640339F
:103B9000DA7608469A75E030867D0B240125002EE2
:103BA00006D0837C002B14D1C4740275857410E098
:103BB0001E7F002E07D01A774C88FA235C520276BB
:103BC0000C23837505E04E88FA235E520276057752
:103BD00084752031CA7670BD70B5464CA0798007D7
:103BE00036D5207A002833D160692030C17E01208B
:103BF000FFF7EEFD00282BD1A0690126C078002533
:103C0000030002F001FD0E8585088537465F0A85B1
:103C1000168526625285032152E060692030C07EFD
:103C2000052804D0394835A1333802F0FCFB60691F
:103C30000CE060692030C07E092804D033482FA1F1
:103C40002D3802F0F0FB606956210D542030C57606
:103C500070BD60692030C07E0B2804D02B4827A19E
:103C6000263802F0E0FB60695B210E540C21203005
:103C7000C17670BD60692030C07E0F2804D0234813
:103C80001EA11F3802F0CFFB60695B210E5410218A
:103C9000EDE760692030C07E102804D01B4817A1D2
:103CA000183802F0C0FB12210AE060692030C07EA3
:103CB000102804D0154811A1123802F0B4FB1421C9
:103CC0006069D4E7FFF755FF70BD60690146C030F9
:103CD000027A062A04D14031897F890700D505720E
:103CE000417A0629F0D1457270BD0000703801009C
:103CF000CD070000C4000020B81400207372635C7C
:103D00006C6C5F736C6176652E6300004C0500007F
:103D1000FD49FE4802F087FBE6E710B5FC4C606900
:103D20002030C17E0020FFF753FD002803D1207A08
:103D3000012108432072207A002808D1E069FDF7AC
:103D4000EBF961699122505405202031C87610BDED
:103D500010B5EF4C60690146C0314A7A002A06D09E
:103D6000097A062903D0217A012211432172217A8E
:103D7000002928D14030807F800715D4E069FDF705
:103D80005AFA61694031C877E069FDF756FA61690E
:103D900040310884E069FDF755FA6169022240313B
:103DA0004884887F10438877606900220146C031CB
:103DB0000B7A062B00D10A724030837FDB0702D1D9
:103DC00006234B72028310BDF8B5D14C60692030D8
:103DD000C17E0020FFF7FCFC0125002807D16069A7
:103DE0004030007F002802D1207A28432072207AB8
:103DF000002830D160690026014640304682857532
:103E0000B031E069FDF7EFF96169E0698831FDF7EC
:103E1000F3F960690146E030827D0827002A06D068
:103E2000817C002913D1C774067585740FE04A8818
:103E3000F8204252FA31E069FDF7C8F96169E0699A
:103E4000FF310331FDF7CAF96069E03087756069B9
:103E50000F212030C176F8BD10B5AD4C606920301F
:103E6000C17E0020FFF7B4FC002803D1207A012195
:103E700008432072207A002812D1E069FDF769F921
:103E800000280ED0E069FDF75FF96169CA2250523F
:103E9000098E00F0D6FD002806D0282000F05EFD37
:103EA00010BDFFF73AFF10BDE069FDF74BF96169FE
:103EB000C0310873E069FDF740F96169C031C8811C
:103EC000E069FDF72BF96169C0310882E069FDF70F
:103ED0002AF96169C0314882E069FDF729F9616911
:103EE000D422505208202031C87610BDF8B5884C35
:103EF000A079C00776D0207A002873D1606920307D
:103F0000C17E0120FFF764FC002863D1E069002531
:103F1000C178022701260B0002F076FB0D1613086C
:103F2000415A5A445C575A192F545A00FDF74CF91C
:103F30006169C62250543B20475440314D828E75F2
:103F400048E000F093FD45E0FFF786FF42E060693E
:103F50002030C17E0020FFF73BFC002802D1207AF0
:103F600030432072207A002834D160690146403104
:103F70004D828E750B2120300FE0606901462030A4
:103F8000C27E0C2A02D0227A3A432272227A002A76
:103F900020D1C57740310E770D21C1761AE0FFF7A9
:103FA00013FF17E0606901462030C27E122A02D05A
:103FB000227A3A432272227A002A0BD140318D753F
:103FC0001721EAE7FFF7C4FE04E000F00DFD01E071
:103FD000FFF7A3FE62690023106F516F401C594127
:103FE00051671067F8BDF8B5494C05466069203047
:103FF0008079012801D1FBF7E9FA012D14D160691C
:104000004021095C002903D12030C07F002801D065
:10401000FBF79BFDFBF7BDFAFBF7B0FAFBF708FADD
:10402000FBF72DFAFBF746FA60790225C107012656
:10403000002901D180070ED560692030817F0029D9
:1040400002D0032902D006E0867700E085770021C0
:104050000120FFF70AF960692030817F012903D12F
:104060006179090700D58577607A002803D100F0CF
:1040700027FDFFF7A4FC207900250028606902D005
:104080008030058403E08030018C491C0184607914
:10409000C00705D06069AC210D544030858104E033
:1040A000616940318889401C8881E079002806D008
:1040B0006169A031087B022806D8401C087360693A
:1040C000A030007B022806D9606901468030058453
:1040D0004584A0310D7360692030C17E0020FFF758
:1040E00077FB002804D160692030C07E072855D1B5
:1040F00060690146C0310A7A062A4FD0497A0629FA
:104100004CD03E21095C05E0FC3C0100BA050000F2
:10411000C4000020022941D1A030007B00283DD1FD
:10412000FDF74FFB002839D0FDF704FC002835D0FF
:1041300061690A468032508B01282FD90846A03089
:10414000844646716038C7898389B81E834201DB83
:10415000012002E0F81A401E80B2138CA789BB42EE
:1041600001D3012302E0FB1A5B1C9BB2984200D9E9
:104170001846012801D163465D71C0310B78002BD0
:1041800010D0528C49888A4201D3012102E0891A59
:10419000491C89B2884205D9084603E061690120BB
:1041A000A0314D7161690A8E803110188883FFF744
:1041B000DAFAFFF761FAFEF756FF002809D06069C6
:1041C0000146FF3001300279002A02D14988C180BE
:1041D00006716069A0308571F8BD70B5F84C6069F2
:1041E0002030407D00283ED0022810D1FDF7C2FAD1
:1041F000002804D17120F349000102F014F962692A
:104200000023916ED06E491C58419166D06660695A
:10421000002520304575017D012904D10575A1795E
:1042200010221143A171C17C012915D1C574A07957
:1042300008210843A071FDF76AFB002804D1E5209E
:10424000E049C00002F0EFF860690023816EC26EA1
:10425000491C5A41C266816660692030817D01290E
:1042600002D0012181753FE585753DE570B5D44CDF
:104270000026E169012508788207920F0420012AAF
:1042800015D0022A13D0032A03D0217A01432172C8
:104290002AE560780028FBD1606920308574A17917
:1042A0002943A17122E0C6751EE5C5751CE5497854
:1042B000CA0624D06278002AEAD1C906C90E1B2991
:1042C00018D8617901436171FDF75FFB002804D1C3
:1042D0003B20BC49400102F0A6F860690023016F51
:1042E000426F491C5A41426701672030C17D012954
:1042F000DBD1D8E7207A102108432072F4E460690A
:10430000F3E77CB504460020C0436946888001A8D5
:10431000FCF7B2FD00287AD169468888FCF790FD49
:10432000002803D0A749A84802F07DF8009801466C
:10433000E030827C0025002A08D0657010212170B1
:10434000C17CA170017DE170857472E082799C4E20
:10435000002A13D065700720207008E07169E620FC
:104360008D8445540A22A01CE83101F0DEFE00983D
:10437000E03080790028F1D1A5705AE0827D002AD2
:1043800038D0827D130002F03FF90D2F2F2F2F2FF1
:104390002F2F2F112F2F24082F0065700C21217033
:1043A000017EA17071694988A18010E065700820C4
:1043B00020707069082240886080201DFA3101F069
:1043C000B4FEFF2100980331095AA181E0308575C0
:1043D0002FE065700B212170017EA1707169498801
:1043E000A180017FA171F2E7774876495D3002F044
:1043F0001AF81EE0C81DF9300279002A08D01122EF
:1044000065702270811C89886180057111E012E05D
:10441000027A002A0FD012226570FF312270033118
:1044200004E005720A8962804A89A280027A002A21
:10443000F7D101207CBD00207CBD614800780128B7
:1044400001D00C2070470020704770B55C4C0546C9
:104450002078002804D05C485A49933001F0E3FFEB
:1044600000202561A07201202070FFF7E6FF0028E0
:1044700004D0554853499E3001F0D5FF34E4F8B5D7
:104480004F4F3978012901D00C20F8BD0126A62113
:1044900078610E548030807CFDF752F900282FD0CF
:1044A00078698030807CFDF753FA002828D078693D
:1044B0008030807CFDF7E5F9002821D078698030D4
:1044C000807CFDF70AFA00281AD0FAF7E6FF78692F
:1044D00000258030408B002827D039481830FDF760
:1044E000DAF9002821D07869C421095C00291CD0A0
:1044F0002030C17E0120FFF76BF9002802D014E0C4
:104500001220F8BD78692030C17E0420FFF760F9E1
:1045100000280AD1786950210D526030457102207F
:10452000FFF773F97869A03045717869E621095C75
:10453000002903D1818CC288914200D8C188B981F9
:1045400001468031CA8B521E93B20A8CD21892B2A5
:104550000A8494460246A0321479002C02D04D847D
:10456000157102E04C8CE4184C8404464034A78951
:10457000FF18A7814C8B012C01D8641C4C83002BA5
:1045800000D015732030C07E0D4C04281ED0507909
:1045900000281DD0A1898C451AD2FDF712F90028F8
:1045A00016D060690146C0310A78002A10D08030E8
:1045B000408C498888420BD3A570E6700AE0000061
:1045C000C4000020FC3C010081080000A67001E04E
:1045D000A570E5706069A5210D543B21095C062991
:1045E00001D0072918D1CA21028E095A511A09B2DD
:1045F000002911DB01460522CC310A3001F095FD7E
:10460000012202216069FCF7EEFE6069C9210D54A8
:104610003B210D546030867160699E210A5A811CCD
:104620003030FCF71EFFA07800283DD16069C02122
:10463000095C002901D0803045840120FAF7A4FDEF
:1046400060691330FAF713FF60690F30FAF753FE11
:104650000120FAF71FFF61694020405C002803D168
:104660003F20405C00280DD00A467831C8C9F9487F
:104670007832D26842632830C8C008220D30091D44
:1046800001F053FDFAF701FF01210846FAF758FE41
:1046900060698030806AFAF716FFFEF7A5FF60694F
:1046A0004030007AFAF730FE6571E571A571257228
:1046B0006572257102202070FAF7FCFE0020F8BD1B
:1046C00010B5E54C2078022801D00C2010BDA07850
:1046D000002803D00020FFF786FC17E0FAF7DDFE84
:1046E00000F033F9606920308079012801D1FAF7B0
:1046F00076FFA07A002809D0012807D0022807D029
:10470000032805D0D549D64801F08DFE002010BD04
:10471000EEF77EFCFAE7D0498872704710B5CE4CB0
:104720002078032804D0CE48CC49293001F07BFE04
:10473000606901212030827C002A06D00022827428
:104740000175A27904231A43A271A2691378DB438D
:104750009B0707D1C37C002B04D1C174A07902212F
:104760000843A0711078C00606D4E0690078C0063E
:1047700002D4E07900280CD06078002809D1A07913
:10478000002806D1FEF75DFC002802D0207A002820
:1047900003D00120FFF727FC03E0FEF725FF00F020
:1047A000D4F8207801280DD0A07A00280AD001285A
:1047B00008D0022807D0032805D0A948A7496830A7
:1047C00001F031FE10BD0120FBF719F810BD10B546
:1047D000A14C606920308079012812D1FAF7F6FEE9
:1047E0006169881C3031FCF7C5FE002809D060697A
:1047F000C21D4388F93253812030007E107301209E
:10480000107210BD70B5944C05462078042804D071
:1048100093489249803001F006FE617910200143EF
:104820006171002D50D0FBF7A8F96178012508438C
:10483000002811D160694021095C00290CD0E16990
:104840004A78D20608D0097820300907C07DC90F00
:10485000814201D165724EE0E078002809D0E0691C
:104860004178C90605D10078C00602D4FFF7AFFF32
:1048700041E0FFF7ACFFE06900784007C10F6069D5
:104880002030807D814205D0FFF7A7FC60790821A8
:1048900008436071E06900780007C10F606920304B
:1048A000C07D814201D1FFF7E1FC6079284360714E
:1048B0000020E071A079000704D560692030C07E37
:1048C000032818D0207A14E0022001436171E079B6
:1048D000401CC0B2E07101280DD8606940300078FA
:1048E00000280CD05B484078C106C90E052906D2C5
:1048F000C006002803D00120FFF775FB01E0FEF79A
:10490000BDFD207801280DD0A07A00280AD001280A
:1049100009D0022806D0032805D051484F49E2307B
:1049200001F081FD9FE40120FAF769FF9BE410B5D7
:1049300049480078042804D049484849EA3001F041
:1049400072FD0120FFF74FFB10BD10B501210020C3
:10495000FAF7DBFE40490420087010BD3E494A22A8
:104960004969505404202031C876704710B53A4C3C
:10497000C8206169405C00281CD0062806D0203180
:10498000C97E0020FEF724FF002813D0606901468D
:10499000C0310A7A130001F037FE070D0D0D0D0D21
:1049A0000D050D004030807FC20704D0C043800752
:1049B00000D1087210BD0C20FEF727FF60690122AC
:1049C0004030817F1143817710BD10B5002A0AD095
:1049D000002306E0D41A6418203CE47FC4545B1C16
:1049E000DBB29342F6D310BD7CB51B4C606920301E
:1049F000C17E0020FEF7ECFE0125002802D1207ABE
:104A000028432072207A00281AD16946E069FCF711
:104A100022FC684600780022C107C90F6846017071
:104A20006069002902D06030057101E060300271D8
:104A30006069014640304282857509202031C87680
:104A40007CBD401A074900B2884201DC00280BDC1B
:104A50000120704790140020C4000020FC3C01009D
:104A6000F4090000FE7F00000020F2E710B5534C6F
:104A700060692030C17E0020FEF7AAFE0028207A5F
:104A800010D000280DD1E069FCF797FB6169CA22BC
:104A90005052098EFFF7D5FF002807D02820FFF7D6
:104AA0005DFF10BD01210843207210BD6169E069FE
:104AB000CC31FCF77AFB606906212030C17610BD4D
:104AC00010B500F04EF83D4C607940070BD5606999
:104AD0002030C17E0520FEF77BFE002803D0207A1F
:104AE000082108432072FFF701FA00F018F8FFF7D9
:104AF00073F8A079C0060FD5207A00280CD1606920
:104B00002030C17E0B0001F07FFD07070707070774
:104B1000070507000721C176FEF7F3FF10BD10B5AA
:104B200026488179490715D5017A002912D14069B3
:104B30003B21095C891E0B0001F066FD07050C0C8A
:104B40000C0D0C0F0C00002256210A54C030807945
:104B5000FFF704FF10BD012100E00221C0304172C7
:104B600010BD10B515488179090720D5017A0029B3
:104B70001DD1406902462032D47EA41E230001F0DC
:104B800043FD13160B1616161616161616161616BF
:104B90001616161616171600562211546030407954
:104BA000002801D0062000E01620FFF7D7FE10BD38
:104BB0004030C1768175D17610BD0000C400002060
:104BC00030B50346002002460DE09C5C2546303D92
:104BD0000A2D02D30020C04330BD0A256843303877
:104BE0002018521CD2B28A42EFD330BD70B50D46A8
:104BF000144608E00A2101F012FB2A193031203A4C
:104C0000641ED177E4B2002CF4D170BD10B500233E
:104C100010E0040A00020443A0B2CC5C4440200629
:104C2000000F60400407240C44402006C00C604084
:104C30005B1C9BB29342ECD310BD000010B572B662
:104C400000F0DCF800280BD0ECF72AFBF8F7EFFDBA
:104C500000F0A5FD6E490020C86288626D490860B9
:104C600062B6002010BDF3B5002501200007C06A20
:104C700081B0C0430006000E04D167480068401CA4
:104C800000D1012572B600F0B9F8002802D062B652
:104C90000820FEBDECF75AFAECF706FB5F4B604EBE
:104CA00000211A68CA40D2071FD00246CA40D20764
:104CB00018D14AB2002A07DA1407240F083CA408C6
:104CC000A400A419E46904E09408564FA400E41970
:104CD00024689207D20ED4402206920F012A04D0F3
:104CE000032A02D062B65048FEBD491C2029D8D301
:104CF0000198030001F088FC14212323232323239C
:104D000023230B0D0F11131F1517191B1D2E002424
:104D100016E0012414E0022412E0032410E004242D
:104D20000EE008240CE009240AE00A2408E00B2421
:104D300006E00C2404E0052402E0072400E0062439
:104D4000F06901210002000AC9070843F061002D43
:104D500004D009E062B601200003FEBD2C4D3348AB
:104D6000E862ECF7A1FAA8622A49314808603149A3
:104D700002980860ECF798FA214600F0F7FCF8F783
:104D80001AFD00F0FDFE00F073FD0198ECF756FAF5
:104D9000040062B603D0FFF751FF2046FEBD00209D
:104DA000FEBD10B5044600F029F8002800D001200F
:104DB0002070002010BD204908600020704710B509
:104DC0000C46102808D011280BD012280CD013281C
:104DD0000ED00120086010BD03CC083CFFF743FF54
:104DE0000AE0FFF72BFF07E02068FFF7DAFF03E098
:104DF0001149206808600020206010BD05480C495A
:104E00000068884201D101207047002070470000EF
:104E100000050040780000200010001000E100E0D4
:104E200000ED00E000E400E00110000000190000C7
:104E3000BEBAFECAE40000200400002010B52038ED
:104E40000C46030001F0E0FB33A6AAAEB2B8BCC02A
:104E5000C5E0DBE41B1F23272C31373C41474D5075
:104E600054585C606D71656974787C8084888C901E
:104E700094989C9FA2CACFE9F0F3D3D7F80020689A
:104E800000F0DDF8D6E0206800F0E1F8D2E020681C
:104E900000F0F5F8CEE0207840B200F0D7FAC9E093
:104EA000207840B200F0F5FAC4E02078616840B2A2
:104EB00000F008FBBEE0207840B200F018FBB9E03B
:104EC000207840B200F023FBB4E02078217940B292
:104ED00000F02EFBAEE02078616840B200F058FB95
:104EE000A8E000F064FBA5E0206800F068FBA1E00A
:104EF000207800F07DFB9DE02068F8F72CF899E021
:104F00002068F8F72CF895E021792068F8F72EF85A
:104F100090E0206800F0E6F98CE0206800F0E7F906
:104F200088E0207800F0E7F984E000F0F1F981E012
:104F3000207800F0F3F97DE0207800F005FA79E0C0
:104F4000206800F01EFA75E0206800F020FA71E099
:104F5000206800F022FA6DE0206800F023FA69E092
:104F6000206800F025FA65E0206800F027FA61E08B
:104F7000206800F028FA5DE00846ECF7FFF859E0F9
:104F8000EDF719FA56E0EDF746FA53E02068EDF731
:104F90004EFA4FE0206800F0E1F84BE0206800F0A6
:104FA000E9F847E0206800F0F0F843E02078A268D4
:104FB000616800F0F5F83DE0207800F006F939E08E
:104FC000207800F017F935E02078616800F027F9C3
:104FD00030E02078616800F03AF92BE02179207800
:104FE00000F016FC26E0206800F06BF822E0206854
:104FF000F8F70CFB1EE02068F8F7F0FA1AE007CC8F
:105000000C3C00F0FFFC15E0206800F052FD11E0C0
:1050100003CC083C00F07DFD0CE0206800F06EFF42
:1050200008E009E003E0FFE700F080FF02E020680D
:1050300000F0B8FF206010BD0120086010BD002105
:105040000170084670470146002008707047EFF372
:105050001081C907C90F72B60278012A01D0012256
:1050600000E0002201230370002900D162B6002A6B
:1050700001D000207047012040037047E7E7EFF3BD
:105080001081C907C90F72B600220270002900D131
:1050900062B600207047F2E710B52848FFF7CFFF4F
:1050A000002803D026A11D2001F0BDF92348401C93
:1050B000FFF7C5FF002803D021A1212001F0B3F99B
:1050C00010BDF1B5224D6F6801261C48FFF7BFFFE8
:1050D0001A4C002803D10026601CFFF7D0FF1D4AA0
:1050E0001D490120506000BF00BF00BF00BF00BFCE
:1050F00000230B604B60009B6B60106000BF00BF23
:1051000000BF00BF00BF0868002802D1486800281F
:10511000F9D048680028E4D1002E04D06F60601CEC
:10512000FFF795FF07E0601CFFF791FF0028D3D140
:105130000248FFF7A4FF0020F8BDC2E7E800002006
:105140007372635C736F635F6563622E630000005C
:1051500000E5004000E0004000E100405A495B4BA0
:105160000A685B499A42096801D18904890C016087
:10517000002070475449554B0A6855499A4201D15D
:105180008004800C4860002070474F494F4B0A68EC
:105190004F499A4201D18004800C886000207047FA
:1051A00030B5494B494D1C684A4BAC4202D01028DF
:1051B00002D203E00E2801D3184630BDC300444894
:1051C000181801614261002030BD3F493F4B0A6819
:1051D0004049491C9A4202D0042802D203E0022826
:1051E00001D3084670473C4A0121C0008018016085
:1051F000002070473449354B0A683649491C9A42A9
:1052000002D0042802D203E0022801D308467047E6
:10521000314A0121C000801841600020704770B5FC
:10522000294A2C4B14682D4E284D82005B1C921984
:10523000AC4203D0042803D2116006E0022801D357
:10524000184670BD8804800C1060002070BD70B5D9
:105250001D4A204B1468214E1C4D82005B1C921984
:10526000AC4203D0042803D2106806E0022801D320
:10527000184670BD10688004800C0860002070BD66
:1052800010B5134A164890600E200021C3009B18E9
:1052900019615961401C1028F8D300200F4A05E01D
:1052A000022803D383009B18196005E083009B1834
:1052B0001C68A404A40C1C60401C0428F0D310BD7E
:1052C000034907488860704778000020BEBAFECACC
:1052D00000F501400820000000F0014000F8014006
:1052E00000C0FFFF47490968016000207047454939
:1052F0000860002070470121434A002803D001289C
:1053000003D042487047916300E0D16300207047AA
:105310003F49012008603D48801C704704223D4BF6
:105320003B49002805D05A600869012210430861F2
:1053300008E008694008400008619A60324900208E
:10534000C03188600020704731490622002808D00B
:10535000012809D002280DD003280FD02B48401C6B
:1053600070470869904302E008699043801C086117
:105370000020704708699043001DF8E70869104352
:10538000F5E723494A6A02434A62002070472049F0
:105390004A6A82434A62002070471D49496A016097
:1053A000002070471A49CA690243CA610020704749
:1053B0001749CA698243CA61002070471449C96904
:1053C0000160002070471249024600204031002A47
:1053D00003D0012A01D0072070478A6370470D4926
:1053E0000420886008490020C03188600A480168AC
:1053F0008022090A0902114301600849012008605E
:1054000070470000000400404000004004200000FD
:10541000000500400003004000E400E000E100E07F
:105420008107C90E002808DA0007000F0838800835
:10543000814A80008018C06904E080087F4A8000AB
:1054400080180068C8400006800F704710B50446F9
:1054500000F0DBF8002813D02046FFF7E1FFC0B2D0
:1054600000F0E1F800280DD07549E2060B78D20E65
:1054700001209040002B08D04A681043486006E0A5
:10548000704810BD6F48401C10BD6F490860002077
:1054900010BD10B5044600F0B8F800280BD06849DC
:1054A000E2060B78D20E01209040002B05D04A680E
:1054B00082434A6004E0634810BD6349803108605C
:1054C000002010BD70B50D46044600F09EF800287F
:1054D0000BD05E480068E206D20E012191400840E0
:1054E00000D001202860002070BD564870BD10B566
:1054F000044600F08AF8002807D0E106C90E012012
:10550000884052490860002010BD4E4810BD10B5BB
:10551000044600F07AF8002808D0E106C90E012000
:1055200088404A4980310860002010BD454810BDC0
:1055300070B50D46044600F068F8002819D02846DA
:1055400000F071F8002816D0A007C10EFF228A4093
:10555000A807000E8840002C10DA2107090F08392F
:105560008B0835499B005B18D96991430143D96188
:105570000CE0344870BD3348401C70BDA3082F496F
:105580009B005B181968914301431960002070BDAE
:1055900070B50C46054600F038F8002805D02846BE
:1055A000FFF73EFF2070002070BD264870BDBFF39E
:1055B0004F8F21492648C860BFF34F8FFEE770B573
:1055C0001F4C05462178012000290ED1207072B6AB
:1055D00000F0F4F81C4E803631688143616000F0C1
:1055E000EDF8C043306062B600202870002070BD26
:1055F00013490A78002A06D0002804D1124A4868C4
:105600001060002008700020704710B50446202864
:1056100007DA00F0D3F80121A140084201D10120AE
:1056200010BD002010BD012803D0032801D00020A8
:10563000704701207047000000ED00E000E400E04A
:10564000EC0000200120000000E100E000E200E0AA
:105650000400FA05F8B50446800700250126002855
:1056600004DA5848C563C66302208443E00404D5C5
:105670005548C563C66380148443600003D553480E
:10568000456080058443E00504D55148C563C66381
:1056900080158443A00404D54E48C563C6634014F6
:1056A000844360042704C00FF90F884203D04AA145
:1056B000612000F0B8FEB80F0AD04C49CD634C48C9
:1056C000C563C563CE63C663C6630320800384439A
:1056D00020050AD5474FFD632F20EBF765FDFE63DC
:1056E0002F20EBF761FDF8148443FFF7C9FD424812
:1056F000044203D038A18D2000F095FEF8BDF0B52E
:1057000000210A46FF230446CC40E4072AD04CB2CD
:10571000E606F60E0125B540384E3560384E356048
:10572000002C11DA25072D0F083DAE08354DB600C7
:105730007719FD69A407E60E1C46B440A54314463C
:10574000B4402543FD610DE0A6082F4DB600761943
:105750003568A407E70E1C46BC40A5431446BC4070
:1057600025433560491C2029CDD3F0BD70B5274CA9
:105770000D462060FFF76EFF2068FFF7C0FF284648
:10578000ECF7EAFEFFF788FCF7F778FBFFF778FD08
:10579000FFF725FEECF766FD00F06AF870BD10B566
:1057A0001A4C2068FFF756FF2068FFF7A8FFFFF7A5
:1057B00067FDECF74BFF0020206010BD1348006828
:1057C00070470000C01F0040C0CF004000E501400E
:1057D000C08F0040C0DF00407372635C736F635F13
:1057E000636F6E6669672E6300000000C0EF0040C3
:1057F000C0FF0040C0BF0040FEFF0FFC80E100E0A2
:1058000080E200E000ED00E000E400E0F4000020B1
:1058100070B5002402460D4620462146002A1ED0BF
:10582000012A04D0022A04D0032A1ED103E0012059
:1058300002E0022013E003202B0000F0E5FE071633
:105840000507090B0D0F1600012108E0022106E0F3
:10585000032104E0042102E0052100E00621F8F71D
:1058600058F8002801D0204670BD0724FBE700004F
:10587000B348002101708170704770B5B14D0123AC
:105880006B60B14B1C68002CFCD0002407E00E6854
:1058900006601E68002EFCD0001D091D641C944289
:1058A000F5D30020686018680028FCD070BD70B582
:1058B000A34C0E466178884203D0A4A16F2000F06B
:1058C000B2FD0325330000F09FFE09520624245246
:1058D0005252524952002078022803D09BA17320D3
:1058E00000F0A1FD2570A078022802D0012804D084
:1058F00008E0A06800F0D2FB04E02046083007C8AA
:10590000FFF7BBFF0020A070F7F7A4FF0420207072
:1059100070BDF8F754F801466068F9F776FA064664
:105920002078022803D089A1872000F07CFD8B4AD3
:105930008B498C48964205D86269032A02D2521CD0
:10594000626102E0864207D84D71801BC8608449BD
:105950006078F8F7B4FC70BD032003E0A07800285D
:10596000FAD10220F7F77EFE00F0E1F870BD77A1D2
:10597000B12000F058FD70BD70B50546F8F71FF86E
:105980006F4C60602078012803D070A1B82000F02F
:105990004AFD73490220087000220A718D600422BA
:1059A0004A71704ACA6020706078F8F788FC70BD50
:1059B00010B5634CA078002802D12078002801D0CF
:1059C000112010BD6848F7F78BFF607060780028E1
:1059D00004D0012020700020606110BD032010BDA4
:1059E00010B50124020B64040121604BA04202D2D5
:1059F0009140186802E0203A58689140084000D071
:105A0000012010BDF8B50E46910005464F19144609
:105A10003F1F009100F053FB009980028919091F74
:105A2000B14201D2012200E00022002C03D0FF216C
:105A300001318C4201D90920F8BD4D498D4219D35D
:105A4000AF4217D3854205D2874203D2284630435E
:105A5000800701D01020F8BD8E420BD3002A09D157
:105A60002846FFF7BDFF002804D13846FFF7B8FFEE
:105A7000002801D00F20F8BD3E483F490068884209
:105A800005D0224631462846FFF7F7FE0FE0FFF724
:105A90008FFF0028EFD12A480121C660856004618C
:105AA00081702046302148431830FFF765FF002001
:105AB000F8BD10B504462E48800A84420BD300F08E
:105AC000FEFAA04201D8102010BDA0020446FFF744
:105AD00087FF002801D00F2010BD26482649006806
:105AE000884203D0204600F0D9FA0AE0FFF760FFB1
:105AF0000028F1D112480221846081701F48FFF70D
:105B00003BFF002010BD1A48010B01208840401EB9
:105B1000704700B50B460246FFF7F5FF104201D073
:105B20000F2000BD114802604360002000BD10B589
:105B3000034C6078F7F728FF00202070A07010BD9C
:105B4000F800002000E5014000E401407372635C4E
:105B5000736F635F666C6173682E6300307500005D
:105B6000E0140020D0FB0100AF5801000006004007
:105B70000080010078000020BEBAFECA3A5600003C
:105B8000F74805218170002101704170C17081606A
:105B9000704710B5F3490A78022A07D0CA6810186E
:105BA000C860C8689638F9F7E9F810BD8A68101817
:105BB00088608868F6E70378EB49EC4A002B02D04E
:105BC000012B10D014E00379002B01D0012B0FD151
:105BD0004379002B01D0012B0AD18368643B8B42AF
:105BE00006D2C06810E00379002B03D0012B01D04E
:105BF000002070474379002B01D0012BF8D1C368F6
:105C0000643B8B42F4D280689042F1D80120704707
:105C1000F8B504460226F8F740FD0068002803D0D6
:105C2000D3A1BD2000F0FFFB0127CD4D002C08D0F3
:105C30002078002817D0012805D0022811D0032889
:105C400013D02F710DE06068C82808D3F9F70BF95D
:105C5000002804D06068FFF79CFF012603E00026BF
:105C600001E000F0F9F93046F8BD28780028F8D1B5
:105C70006068FFF7A0FF0028E3D060680078002884
:105C800026D0A878042803D0B9A1F72000F0CBFBD8
:105C9000B44F0020387060680079012800D00020DF
:105CA000387160684079002837D0042078716068C6
:105CB0008168E868F8F71DF9B8606068C0689630D8
:105CC000F8600320A870A749E878F8F7F8FAC8E761
:105CD000A4480221017061680979012919D00021C5
:105CE000017161684979002915D004214171616809
:105CF0008968963181606168C968C160C068984CE4
:105D000014346060F7F75BFE20606F700220A870AB
:105D1000A7E70321E4E70321E8E70320C6E7F8B596
:105D20008F4C0D46E178884204D0FF2090A11930B5
:105D300000F079FB28468A4F00250126143703001E
:105D400000F062FC090612375A7C8D97C4A0C4008B
:105D5000A078032807D0A078022804D0FF2084A1CF
:105D60001D3000F060FBF8BDA078032807D0A078B4
:105D7000022804D0FF207EA1213000F054FB042033
:105D8000A07025712078002810D1FFF702FFE0787D
:105D9000F8F7D6F8E0607D49886A7D4A02402261C2
:105DA0007B4AD24310408862002050E000F054F952
:105DB000F8BDA078032807D0A078022804D0FF20DF
:105DC0006BA1423000F02FFB2078002802D000F0B9
:105DD0004FF9F8BDA07803281FD104202AE0091A42
:105DE0006048C1600146E078F8F769FAF8BD042020
:105DF000F7F738FCA570F8BDA078032807D0A07885
:105E0000022804D0FF205AA1633000F00CFB207858
:105E10000028DCD1A07803280BD0F7F7D0FD01468D
:105E20003868F8F7F2FF0028E1DB79688142DEDBB1
:105E3000D5E70520F7F716FCA670F8BDA078042872
:105E400004D0FF204AA1843000F0EDFA0220A168BE
:105E50008847FFF7DDFEFF260546BD3642E0A07805
:105E6000042804D0FF2042A1893000F0DCFA012090
:105E7000EDE7A078042899D0FF203DA18E3000F0F6
:105E8000D2FA93E7A07804280AD06078002802D0DC
:105E9000A078022804D0FF2035A1933000F0C3FA87
:105EA0002078002893D12079002804D00620F7F725
:105EB000D9FB2571C0E76078002805D02949E07832
:105EC000F8F7FDF96570F8BD0720B3E7FF2028A1BA
:105ED000AE3046E7002D0AD0012D06D024A1304671
:105EE00000F0A1FA022DF5D1F8BD042000E0032056
:105EF000A1688847FFF78CFE0546F3E770B50500FB
:105F000005D0174CA078052803D0112070BD1020B3
:105F100070BD2048F7F7E4FCE070E078002803D07B
:105F2000A5600020A07070BD032070BD10B50C48A6
:105F30000178002901D0112010BD817805292BD0CE
:105F4000817801292AD08178002927D00121017088
:105F50008178012922D0807800281FD020E000001D
:105F600010010020F01400203D860100FF1FA10752
:105F70007372635C736F635F726164696F5F74698E
:105F80006D65736C6F742E630000000000050040A7
:105F9000028100001F5D01000F2010BD00F068F8B5
:105FA000002010BDF8B5394E0446B078002801D065
:105FB00001280DD1002C0DD02046FFF7FCFD002854
:105FC0000AD02078324D002808D0B078012823D09C
:105FD0000F20F8BD1020F8BD0720F8BD02272F7054
:105FE0002079012814D0002028716079002811D070
:105FF00004206871A0689630A860E068E860E868EE
:10600000224C14346060F7F7DAFC2060B77019E0B6
:106010000320E9E70320ECE700202870207901281D
:1060200016D0002028716079002813D004206871F0
:10603000A168F068F7F75DFFA860E0689630E86057
:106040000320B0701249F078F8F739F90020F8BD54
:106050000320E7E70320EAE710B50E48816A0E4AFD
:1060600011400A4A126911438162F7F7F3FB10BD30
:1060700010B5064CE078F7F787FC0820F7F7F2FA3E
:106080000520A07000202070607010BD100100205D
:10609000F014002000050040FD7EFFFF0A4A0221A7
:1060A00051600A490B68002BFCD0906008680028FA
:1060B000FCD00020506008680028FCD07047012008
:1060C000000740697047000000E5014000E401401E
:1060D000034610B50B439B070FD1042A0DD308C804
:1060E00010C9121FA342F8D018BA21BA884201D9A8
:1060F000012010BD0020C04310BD002A03D0D307EB
:1061000003D0521C07E0002010BD03780C78401C1F
:10611000491C1B1B07D103780C78401C491C1B1B16
:1061200001D1921EF1D1184610BDF8B5042A2CD326
:10613000830712D00B78491C0370401C521E830742
:106140000BD00B78491C0370401C521E830704D0EF
:106150000B78491C0370401C521E8B079B0F05D007
:10616000C91ADF002023DE1B08C90AE0EBF72CF870
:10617000F8BD1D4608C9FD401C46B4402C4310C064
:10618000121F042AF5D2F308C91A521EF0D40B7854
:10619000491C0370401C521EEAD40B78491C037042
:1061A000401C012AE4D409780170F8BD01E004C064
:1061B000091F0429FBD28B0701D50280801CC90767
:1061C00000D00270704700290BD0C30702D00270C4
:1061D000401C491E022904D3830702D50280801C7B
:1061E000891EE3E70022EEE70022DFE70378C278AA
:1061F0001946437812061B0219438378C0781B04A2
:10620000194311430902090A000608437047020AAC
:1062100008704A70020C8A70020ECA707047002221
:1062200003098B4273D3030A8B4258D3030B8B426F
:106230003CD3030C8B4221D312E003460B437FD4A3
:10624000002243088B4274D303098B425FD3030AB5
:106250008B4244D3030B8B4228D3030C8B420DD3C8
:10626000FF22090212BA030C8B4202D31212090256
:1062700065D0030B8B4219D300E0090AC30B8B4294
:1062800001D3CB03C01A5241830B8B4201D38B0342
:10629000C01A5241430B8B4201D34B03C01A5241E7
:1062A000030B8B4201D30B03C01A5241C30A8B422A
:1062B00001D3CB02C01A5241830A8B4201D38B0215
:1062C000C01A5241430A8B4201D34B02C01A5241B9
:1062D000030A8B4201D30B02C01A5241CDD2C3092B
:1062E0008B4201D3CB01C01A524183098B4201D3A7
:1062F0008B01C01A524143098B4201D34B01C01A92
:10630000524103098B4201D30B01C01A5241C30809
:106310008B4201D3CB00C01A524183088B4201D378
:106320008B00C01A524143088B4201D34B00C01A64
:106330005241411A00D201465241104670475DE079
:10634000CA0F00D04942031000D3404253400022FC
:106350009C4603098B422DD3030A8B4212D3FC22A5
:10636000890112BA030A8B420CD3890192118B4224
:1063700008D3890192118B4204D389013AD092113A
:1063800000E08909C3098B4201D3CB01C01A5241F5
:1063900083098B4201D38B01C01A524143098B42BE
:1063A00001D34B01C01A524103098B4201D30B01A7
:1063B000C01A5241C3088B4201D3CB00C01A5241CC
:1063C00083088B4201D38B00C01A5241D9D24308B3
:1063D0008B4201D34B00C01A5241411A00D20146F0
:1063E000634652415B10104601D34042002B00D55A
:1063F0004942704763465B1000D3404201B500201C
:10640000C046C04602BD70477047704710B500F0E7
:106410003BF810BD012308CB134B1860134B1960D8
:10642000134B1A607047134A134B13607246053AB8
:10643000F0E7114A0F4B1B689A420ED10D4B00201A
:10644000186001980D4B04B598470CBC9E46024657
:10645000029800990A4B1B68184706980599094B42
:106460001B68DB6818470000340100203801002059
:106470003C0100202C010020EFBEADDEC9CD0000A4
:10648000E4000020040000201D481E497047FFF76B
:10649000FBFFEAF753FE00BD01200007C06AC0B24F
:1064A000FF2804D1184819490968884202D01848C1
:1064B00018490160184819490968884203D1184AE7
:1064C00013605B68184700BD20BFFDE71248134901
:1064D000096888420ED1134B18680B498842F3D0E3
:1064E00080F308881049884204DD104802680221C0
:1064F0000A4302600E4880470E4880470E48004716
:106500000015002000150020FFFFFFFF0010001005
:106510002C050040080000000010000000000020D2
:10652000040000200080010000200020240500401D
:10653000DFCD000099640100156401001348704527
:1065400002D1EFF3098101E0EFF308818869023895
:106550000078102814DB202810DB2B280BDB0C4ADA
:1065600012680C4B9A4203D1602804DB0A4A104798
:10657000022008607047094A10470000084A104787
:10658000084A12682C32126810470000FDFFFFFF16
:1065900078000020BEBAFECAAD1200003D4E0100D8
:1065A000BF4D0100040000200D4B0E4908470E4B63
:1065B0000C4908470D4B0B4908470D4B0949084743
:1065C0000C4B084908470C4B064908470B4B05493B
:1065D00008470B4B034908470A4B0249084700008C
:1065E00079250000192200009D2B00003F2A0000A1
:1065F000ED2900009F270000B912000013140000CD
:10660000012B00000F23000030B47446641E25786F
:10661000641CAB4200D21D46635D5B00E31830BCD6
:10662000184703B5684600784006400E401C884273
:1066300005D269460878401CC0B208700CBD684697
:106640000078000601D500200CBD80200CBD414023
:10665000802901D0002070470120704737B50878A5
:106660000C4669460978884206D020781146FFF723
:10667000D8FF207001203EBD00203EBD37B5044646
:106680000078154669460979FFF7E1FF002801D037
:1066900000203EBD20782946FFF7C3FF207001206F
:1066A0003EBD0FB568460179007881420AD0684640
:1066B000007922214006400E4843801818600120CE
:1066C00004B000BD0020FBE77FB5684601791C4699
:1066D00015460078FFF7BBFF002802D0002004B069
:1066E00070BD6846007822214006400E484340199C
:1066F00020600120F3E70000FFFFFFFF0000FFFF25
:106700000100030000000100000000000000000084
:1067100000000000000000008700000000000000F2
:10672000000000000000000000000001020304005F
:106730000D0E0F100000000033690000516B0000C7
:10674000196C0000736C0000C76C00002F6D000016
:106750008D690000456A0000D16D0000DF790000FE
:10676000100110013A0200001A02000004013C006E
:10677000230044000E0001020408102040805555FB
:1067800055D6BE898E0000007006120DB4130000AD
:1067900014035A06A00900006004F208840DF401F5
:1067A000FA00960064004B0032001E001400000046
:1067B000E067010008000020100000000411000044
:1067C000F0670100180000202801000004110000FB
:1067D0001869010040010020C013000020110000D2
:1067E0000249022208681042FCD0704700E200E033
:1067F0000000000000000000000000000000000099
:106800000000000000000000000000000000000088
:106810000000000000000000000000000000000078
:10682000000000000100010054000020FB349B5FC9
:106830008000008000100000000000000000000048
:106840000000000000000000000000000000000048
:106850000000000001000000000000000000000037
:106860000000000000000000000000000000000028
:106870000000000000000000000000000000000018
:106880000000000000000000000000000000000008
:1068900000000000000000000000000000000000F8
:1068A00000000000000000000000000000000000E8
:1068B00000000000000000000000000000000000D8
:1068C00000000000000000000000000000000000C8
:1068D00000000000000000000000000000000000B8
:1068E00000000000000000000000000000000000A8
:1068F0000000000000000000000000000000000098
:106900000000000000000000196401000000000009
:0869100000000000000000007F
:1080000000400020F11802002D1902002F19020073
:108010000000000000000000000000000000000060
:108020000000000000000000000000003119020004
:1080300000000000000000003319020035190200A2
:10804000371902003DC101009523020037190200D3
:108050003719020000000000F11902003719020070
:108060003719020081250200D11F020037190200D2
:1080700037190200371902003719020037190200B8
:1080800037190200371902003719020037190200A8
:1080900037190200650702004D150200371902006A
:1080A000371902003719020000000000000000002C
:1080B00000000000000000000000000000000000C0
:1080C00010B5064C2378002B07D1054B002B02D0AE
:1080D000044800E000BF0123237010BDD020002021
:1080E000000000005CD00200044B10B5002B03D050
:1080F0000349044800E000BF10BDC0460000000076
:10810000D42000205CD00200164B002B00D1144B71
:108110009D46402292029A1A924600218B460F46B3
:108120001348144A121A13F024FB0F4B002B00D0F3
:1081300098470E4B002B00D09847002000210400E8
:108140000D000D48002802D00C4800E000BF0EF0E2
:10815000F1FF2000290013F0C3F80EF0D5FFC04650
:1081600000000800004000200000000000000000A7
:10817000B82000209029002000000000000000002E
:1081800082B013B50400049205930FF0B3FB20688E
:10819000A03003F0C9F824680749A03401A801F011
:1081A0007DFE01A9200010F031FF01A810F04DF86C
:1081B00013BC08BC02B0184707D002001FB5036803
:1081C0006846A933FF330C009988818099798171C1
:1081D0000E49009199680291197B0173597B417393
:1081E0009B7B8373002C01DD002A04D100216846AB
:1081F00003F000FE1FBD012152119140684603F0BB
:10820000F9FD2100684603F0B5FEF3E768B9020006
:108210001FB5694603686846A933FF339A888A8088
:108220009A798A71074A00929A6802921A7B0A73B5
:108230005A7B4A739B7B8B73002103F0DBFD05B0F7
:1082400000BDC04668B90200F7B503680500FC33FD
:10825000D86F0C0010F087FA44490BF023F902267E
:108260000BF016FC6B46320069461880200013F0B4
:1082700064FA2B68FC33D86F10F082FA3B490BF09C
:1082800011F90BF005FC6B46320069461880A01905
:1082900013F053FA2B68FC33D86F10F04FFA6B468B
:1082A00040429F19320039003880201D13F045FAF2
:1082B0002B68FC33D86F10F048FA32003900388050
:1082C000A01D13F03AFA2B68FC33D86F10F044FA73
:1082D0004042388020003900BE273200083013F0B9
:1082E0002CFA2B687F00D85902F074FC010028009A
:1082F0000FF01AFC01A90880200032000A3013F0A8
:108300001CFA2A68D05910F0F7FAFA216A46890057
:10831000971D0AF0D9FA38802000320039000C305D
:1083200013F00BFABE2329685B00C85810F0EBFA73
:10833000FA2189000AF0C8FA38802000390032009A
:108340000E3013F0FAF9BE222B685200985810F044
:10835000E1FAFA2189000AF0B7FA388020003200E9
:108360003900103013F0E9F9F7BDC04600007A4437
:10837000074B10B59A4200DD1A0009010B00006896
:10838000A933FF33C018110003F034FD10BDC046FF
:10839000FD030000F0B5040085B01F000CAB1B8886
:1083A00010300E00150001930FF0E0FF2000243084
:1083B0000FF078FE26806580182013F08BF902AE4E
:1083C000050033000AAA03CA03C32F602800082748
:1083D00000213A000C3013F0CCF93A003100281D8E
:1083E00013F0ABF9064B02226B61200000230199C8
:1083F000A5600A43E360A2802362E36205B0F0BD9A
:108400003B770200F0B587B01E000EAB050004916B
:1084100005921F88002E24D00C9B002B02D10D9BAF
:10842000DB071ED5302013F055F96B460400029788
:108430000CAA03CA03C333000499059A2000FFF76E
:10844000A9FF2B6821005B6828009847002806D008
:1084500020000FF0B0FE200013F031F9024807B001
:10846000F0BD0248FBE7C04616FCFFFF17FCFFFF0C
:10847000504BF0B59C4604000025030021600E001F
:1084800061460573103385C985C385C985C385C910
:1084900085C309686246196021002832383189CACB
:1084A00089C1200013688FB00B60192229004C305D
:1084B000A56413F05EF9200029001422683013F03F
:1084C00058F920002900E5673C22803013F051F96B
:1084D00030001930FF3010F06CF97D35FF35002881
:1084E00003D02368585910F0D6F92368585910F072
:1084F000CEF9002803D12368585902F08FFA236877
:108500000821FC33D86F0025036810269B69984723
:1085100020686A4680308446274F05950497029666
:1085200004AB03CB03C260462A0023000121FFF7FE
:1085300069FF6A46206806970795029606AB82CBCC
:1085400082C280302A0023000221FFF75BFF1B4A12
:10855000206808926A460995029608AB82CB82C2CF
:1085600080302A0023000D21FFF74CFF144A0B95A1
:108570000A926A4602960AAB206882CB82C2FA212E
:108580002300890001228030FFF73CFF0D4A0D9542
:108590000C926A4602960CAB206822CB22C2FA21CA
:1085A0002300022289008030FFF72CFF20000FB04B
:1085B000F0BDC04678B90200C77702001578020006
:1085C0008181010085780200F0B591B00400169811
:1085D000002802D11798C00713D5102002906846D2
:1085E00016ADC0CDC0C004A8FFF7D4FE236804A90F
:1085F0009B682000984704A80FF0DDFD002011B013
:10860000F0BD0148FBE7C04617FCFFFFF0B50025B1
:108610008BB004006A461E4E00680296039502ABBA
:1086200082CB82C2803023002A000121FFF7CCFFD9
:108630006A4620680496059504AB42CB42C280305E
:1086400023002A000221FFF7BFFF124A206806928A
:108650006A46079506AB42CB42C2803023002A000F
:108660000D21FFF7B1FF0C4A206808926A46099570
:1086700008AB42CB42C2803023002A002900FFF71A
:10868000A3FF606813F01BF820000BB0F0BDC046DC
:10869000C77702001578020087770200F0B597B01F
:1086A0000400059104920FF0BAFA00286CD02068FB
:1086B0000027803084466A46059D494E6435ADB238
:1086C0000696079706AB03CB03C2290023000222BC
:1086D0006046FFF779FF20686A4680308446089636
:1086E000099708AB03CB03C229002300032260468D
:1086F000FFF76AFF20686A46803084460A960B9727
:108700000AAB03CB03C22900230004226046FFF713
:108710005BFF20686A46803084460C960D970CAB50
:1087200003CB03C22300052229006046FFF74CFF5C
:10873000049B012B2AD12068102280308446694690
:108740000E9602920F970EAB05CB05C123000222B5
:1087500029006046FFF756FE102202926A4610ABCF
:1087600010961197206842CB42C22300032280302A
:108770002900FFF747FE059B20681B01A933FF3343
:108780001818049903F05AFC17B0F0BD049B022B93
:108790001DD12068102280308446694612960292CC
:1087A000139712AB05CB05C12300042229006046B4
:1087B000FFF728FE102202926A46206814AB149636
:1087C000159742CB42C2803023000522D0E7049B9C
:1087D000002BD9D1059B1801A930FF302368CFE7C2
:1087E00087770200F0B50E788FB0130004AF050054
:1087F0000C007211022A4AD11D321640012E25D1D9
:108800006A466946FA609A1DD208D2008A1A9546CD
:108810000020112104AE9A1E30706944B318B8606C
:10882000581A03D4B86808700131F9E7A11C300068
:1088300012F083FF0A22637831005A4328000FF0B8
:10884000A4F8FB689D46BD460BB0F0BD022E0FD1CB
:108850004A1C00210FF072F8A21D280001210FF020
:108860006DF8220031000B3228000FF067F8EAE7BC
:10887000032EE8D14A1C31000FF060F82800A21D39
:1088800004210FF05BF828000FF064F8DBE7012A01
:1088900060D11E3232404E78042A10D130012B684C
:1088A000A930FF30181803F06FFAA27831002800C1
:1088B0000FF04BF90023AD1948352B70C3E7012A9F
:1088C00008D130012B68A930FF308978181803F0DF
:1088D00025FAEFE7022A0BD11023F8180231C0184D
:1088E00012F02BFF3A8C31002800FFF741FDE1E741
:1088F000032A28D116230231013AF81812F01DFF7D
:10890000102008233818211D0222C01812F015FF6C
:108910001023F818A11D0222C01812F00EFF30011A
:10892000A9302B683A8BFF301818F98A002A05D134
:10893000FA22374BD20003F0EFFABBE73B8C002B57
:10894000F9D1334BF7E7052AB4D18A783100FFF724
:10895000A5FEAFE7032A16D11C321640012E0CD11A
:108960001023F81801311B3AC01812F0E6FE6279A4
:10897000396A2800FFF722FC65E7002E00D062E785
:10898000FFF746FC5FE7002A00D05CE71F231E408C
:10899000022E00D057E74E78032E00DD53E731005A
:1089A000A37800687B601B4B80309C467B686431F9
:1089B000B860F960012B1BD1102107337918CB184F
:1089C0006146B96110215A600291694611CB11C10B
:1089D0002B00F968B868FFF715FD30012B68A93046
:1089E000FF301818AD1903F04BFA48357B6864E77F
:1089F0001023F918CB186146396269465A6011CBC9
:108A000011C12B00F968B868FFF7DEFD1BE7C0460F
:108A1000DC050000C777020070B5C82001F03CF803
:108A20008C2012F057FE050000F0EAF8074C0848C9
:108A3000256011F098F92068002805D00FF0F6F9AC
:108A4000132001F029F8F6E770BDC046EC200020A5
:108A5000E823002010B50400034B036040300FF002
:108A6000F4FB200010BDC046B8B902001FB50024B9
:108A70000D4800F09BFB0D490D480FF0CCFA0D4955
:108A800003A801F0E7FA2300220003A9019400944F
:108A9000094802F04DFD03A80FF095FC01F01AF80B
:108AA000200004B010BDC046F0200020D59A01007F
:108AB000198A0100F4C902009021002010B5054C6C
:108AC000200000F0CBFA044A0449200012F0FBFD1C
:108AD00010BDC046F020002000200020E18A0100E7
:108AE000D7239B0010B50400C01804F0B3FDD223B7
:108AF0009B00E01804F086FEBE23114A9B00E25062
:108B00001C33E0180FF0A1FBC4239B00E0180FF00A
:108B10009CFB20004130FF3001F052FE2000193054
:108B2000FF3001F04DFE2000A03002F0E1FA2000FD
:108B3000803002F07DFF201DFFF78CFF200010BD6C
:108B400084BF0200F0B5040085B001930AAB1E8813
:108B50000BAB1B78451C02930EAB1B7817000393DD
:108B60000B78102203704B8A01314382280012F0E7
:108B7000E4FD268300260122019B67616383039B3A
:108B8000E6832377029B2000EB77A31CDA770C9B0C
:108B90000C25636223000D9A28331A705E709E7054
:108BA0002A0031002C3012F0E4FD2000064BE66371
:108BB000A3632A003100403012F0DBFD2000034B9C
:108BC0002665E36405B0F0BD597C02004B7C0200D1
:108BD0007FB504006846436002AB00921A0060C88B
:108BE00060C22000E16208221900303012F0A5FDB9
:108BF000024BA3630123293423707FBD677C0200ED
:108C0000F0B50700A9B01422002112F0B2FD38001F
:108C100007220021143012F0ACFD3800122200218E
:108C20001B3012F0A6FD3800142200212D3012F066
:108C3000A0FD380014220021413012F09AFD3800C6
:108C400002220021553012F094FD3800022200214A
:108C5000573012F08EFD380002220021593012F0F8
:108C600088FD3800012600215B30022212F081FDD0
:108C7000E54DE6492B683966E54C334208D12000C2
:108C8000FFF7F6FBE34AE44920002E6012F01BFDDB
:108C90000022E2497C661FA8A7600FF082F85420EA
:108CA00012F018FD01230024142504930D3306004F
:108CB000019300952B003A001FA903940294FFF73B
:108CC00041FF0123BE660236F3772200D4491FA874
:108CD0000FF067F8542012F0FDFC012302227919ED
:108CE000049306330600019200930A0003941FA91F
:108CF0000294FFF727FF0123FE660236F377220076
:108D0000C8491FA80FF04DF8542012F0E3FC0600EC
:108D100038000222122101231B30019202001FA8F9
:108D2000049300910B000394010002943000FFF7BC
:108D300009FF01233E670236F3772200BA491FA8D4
:108D40000FF02FF8542012F0C5FC06003800012364
:108D500012212D3002001FA8049301912B00010065
:108D60000095300003940294FFF7ECFE01237E6728
:108D70000236F3772200AD491FA80FF012F85420F5
:108D800012F0A8FC06003800012312214130020035
:108D90001FA8049301912B0001000095300003945B
:108DA0000294FFF7CFFE0123BE670236F37722005D
:108DB0009F491FA80EF0F5FF542012F08BFC050010
:108DC0003800022201265530130001920092020061
:108DD0001FA801000496280003940294FFF7B2FE36
:108DE000944B28001A00FD6708933900230009946A
:108DF000FFF7EEFEFB6F22000233DE778E491FA8DD
:108E00000EF0CFFF542012F065FC0500380002225E
:108E1000573013000192009202001FA8010004962F
:108E2000280003940294FFF78DFE3B1DDD67814B04
:108E300028001A000A93390023000B94FFF7C8FE9C
:108E40003B1DDB6F220006930233DE777B491FA8B0
:108E50000EF0A7FF542012F03DFC0500380002225E
:108E6000593013000192009202001FA801000496DD
:108E7000280003940294FFF765FE380008300600CE
:108E8000C5676C48230002000C90280001253900BA
:108E90000D94FFF79DFEF06F2200831CDD7768497B
:108EA0001FA80EF07EFF542012F014FC02233A009B
:108EB00006901FA801000495019300935B32039470
:108EC00002940698FFF73EFE3B0088331D00069B88
:108ED00039002B60574B06981A000E9323000F940D
:108EE000FFF776FE01222B6830200233DA77BB6E63
:108EF0001F93FB6E20933B6F21937B6F2293BB6F7D
:108F00002393FB6F24933B1DDB6F2593F36F269315
:108F10002B6827933B6E06938033079312F0DAFB9E
:108F2000050010300FF022FA280024300FF0BAF8B4
:108F3000444B18202B6012F0CDFB0600424B07601B
:108F4000082221000C301093119412F012FC10A989
:108F5000301D082212F0F1FB12213C4BEC607361D2
:108F6000069BA9800433DB6FAE602C62EC625B6809
:108F7000290007989847A04205D028000FF01BF958
:108F8000280012F09CFB12AD0022314928000EF09F
:108F900008FF412155202B7817AC23706B8A1022D3
:108FA000638202ABC918C01812F0C7FB0923D1268F
:108FB000002223751FABA3613B6EB6009859A283B4
:108FC00011F02DF8036821001B6898473B6E9859F3
:108FD00011F025F80600142012F07CFB002204009A
:108FE0001C4B0261139280C008322900129312F0C8
:108FF000A4FB194BE360B369002B03D13800B461C3
:1090000029B0F0BD2361F9E754240020F0200020AE
:1090100058240020002000200D86010067CA0200AD
:1090200057CA020077CA020087CA020097CA020024
:10903000A7CA0200317D0200B7CA0200C7CA0200F7
:10904000D7CA0200E8030100FB7C0200917C020009
:1090500047CA0200957D0200D17C0200F0B50400F1
:109060001427250095B064353B000097192218217C
:10907000043003F0B3F8280010F074FC23006833C8
:10908000390013221800129310F010F820008030DD
:1090900002F0EEFC2300A033434A0721180013938B
:1090A00002F04AF820000026012319301A00009629
:1090B0001121FF3001F090FB200041300096012388
:1090C00002221021FF3001F087FB200069300323CA
:1090D00002220121FF3002F09DFD2700129801F0CD
:1090E000F9F8FC37F867129801F0D0FBBE235B005B
:1090F000E0500100200000958130139BFA6FFF3093
:1091000001F02AFF2000913029000822FF3003F0EF
:10911000FDF9792320001193023B109301330F9343
:10912000033B0E93013B0D93013B0C93013B0B93CF
:10913000013B0A93013B0993013B0893013B0793D1
:10914000013B0693013B0593013B0493013B0393D1
:10915000013B0293013B0193A930013B652200933F
:109160006421013BFF300FF0C3FFBE239B00E018DA
:10917000290004F06FFEC7239B00E018092102F0CC
:1091800079FFD1239B00E6500433E01828221221F6
:1091900004F0B0FBD7239B00E01804F0F5FA2000A0
:1091A000267015B0F0BDC046C0B902000123F0B56D
:1091B00006788FB004001E4000D086E003008033A4
:1091C0001800039300F0F8FA00F0D4F9302012F000
:1091D00081FA050010300FF0C9F8280024300EF095
:1091E00061FF6C4B18202B6012F074FA07006A4B79
:1091F0000460082231000C300C930D9612F0B9FA7D
:109200000CA9381D082212F098FA644BAF607B61FC
:109210001223EE60AB802E62EE622900039802F00A
:109220009BFB002805D028000EF0C5FF280012F097
:1092300046FA012322785A491343237023006433EA
:109240001800059310F094FB56490490059810F00F
:109250008FFB00250690642000F01EFC2F002E00DE
:1092600023001933FF33180007930FF0A2FA0028E8
:109270002DD1049B002B33D1069B002B30D1D1255F
:109280004949AD00080000F0B7FC6359002B1CD120
:1092900000F08CF801000AA800F000FE0BA80EF008
:1092A00056FEBE239B00E018069B0BAA0AA900935A
:1092B000039B04F025FE0BA80EF0C7FF0AA80EF0D2
:1092C000C4FFC0239B00E35863510FB0F0BD2000E2
:1092D0004130FF300FF06DFA0028CAD0182EC8DCDC
:1092E0002000153039B22AB2FF23FF30013700F0D9
:1092F00043FEFFB2322000F0CFFB0136052F02D132
:1093000000270135EDB2049B192E06D0002BA7D003
:109310002349059803F08EF801E0002BF8D104985A
:1093200012F0CDF9069812F0CAF91F49080000F0B2
:1093300063FCBE239B00E3180893D1239B00E358F2
:109340000993002B1ED100F031F801000AA800F0AB
:10935000A5FD0BA80EF0FBFD01230BAA0AA90093A3
:109360000898039B04F0CCFD0BA80EF06EFF0AA832
:109370000EF06BFFC0239B00E3580993D123099A99
:109380009B00E2502100079AA031089804F092FF58
:1093900066E7C046FD030000DB7E02009B7E020004
:1093A0001DCB020028CB020000200020F0B58DB0BC
:1093B00004ABDF1D19221549380012F0BEF9002256
:1093C000134B05245A7180225205566E0122250046
:1093D0000194029203930199300009F071FA080098
:1093E000029909F0E7F9019B03996B430193029BF2
:1093F000361A6B430293631E2C1B6C433C19225C90
:109400001C1ECA54E7D108000DB0F0BD38CB0200D5
:10941000B8280020BFF34F8F024B034ADA60BFF336
:109420004F8FFEE700ED00E00400FA05F0B5484B71
:109430008FB01B680600002B00D10133DBB2009314
:10944000444A0123002109A808F0F2FC424B9E4245
:1094500000D9002672B6414B64211D68404B300094
:109460000593052409F030FA60435030281806901F
:109470000A21300009F028FA0A2109F00BFB6143A8
:1094800050316918079130000A2109F003FB80264A
:1094900061430024503169180891B601009B002BEC
:1094A0004ED004AD0027032C02D180260024B60143
:1094B0006B682C4A02936300D31803930023019333
:1094C00006205843039A1218527894466146029A2D
:1094D000525C9446039A105C1022024110006246CE
:1094E000104204D001209840019A024301920133B6
:1094F000092BE5D1019B2A68D9431B4B090119406F
:10950000029B93421AD1312F18DC002109A812F0D6
:10951000A1F8FA23013401377600E4B25B009F42E0
:10952000C1D1043508ABAB42BCD1094B1B68002B41
:10953000B4D0009B013BDBB20093AFE73143E5E7DA
:10954000BFF34F8F094B0A4ADA60BFF34F8FFEE734
:1095500028250020F0FF0000E70300000420002081
:1095600087CB020051CB0200F01F000000ED00E0AD
:109570000400FA05F8B50023124C23600EF008FD34
:10958000002808D0042120000EF0FEFC002801D0A5
:109590000D4B2360F8BD0122A12704250B4B0C497C
:1095A0001A602268FF0048604E68002EFCD0DE5929
:1095B0001202013D3243002DF5D1226001225A6092
:1095C000E8E7C04624250020ED5EBC0B00D000403B
:1095D000FCD00040F0B585B01F000AAB1B88060028
:1095E000029115000393002F1BD0302012F072F867
:1095F0006B4604001989039BAAB200933B000EF04E
:10960000C0FD336821005B6830009847002806D011
:1096100020000EF0D0FD200012F051F8024805B0F5
:10962000F0BD0248FBE7C04616FCFFFF17FCFFFF3A
:109630000B4B70B51C68002C10D0656D00F0EAFB78
:10964000A36C002901D1834206D820000EF0CDFC86
:10965000044920000EF0B9FC2C00ECE770BDC046B8
:109660003025002050250020F0B595B007932A4BF7
:1096700004AC1E68049005910692002E4AD0274B38
:10968000258867881C6800230293002C2ED0636D08
:1096900023480393A36C9AB2A36C1B0C99B2854226
:1096A00014D12048824211D1002B01D0B9420BD1F4
:1096B000029B002B08D120000EF097FC1A492000D5
:1096C0000EF083FC01230293039CDEE7002A01D005
:1096D0009542F9D1002B01D0B942F5D120000EF00E
:1096E00084FC114920000EF070FCEDE70F4BEB18E5
:1096F000012B0FD910233A00009329000C4B08A826
:109700000EF03FFD336808A99B683000984708A811
:109710000EF051FD15B0F0BD2C2500206025002075
:10972000FE030000FF0300005025002002FCFFFFA5
:109730006996010010B572B60E4B1C68002C0ED055
:1097400020000EF052FC0023E3640B4BE36372B67F
:109750000A4B1A681C60A26562B6200010BD62B692
:109760005C2011F0B7FF5C220021040012F001F828
:10977000E9E7C0465825002000400020542500207D
:10978000074B10B51C68E36CDB0706D5FFF7D2FF6B
:10979000044B1860002800D00400200010BDC04613
:1097A0006425002034250020024B1878012318403E
:1097B0007047C046BE280020F7B50600FFF7F4FF4B
:1097C000051E33D11A4C2660FFF7B4FF194B1A4916
:1097D00018600EF0FAFBFFF7ADFF184B1860184B3E
:1097E0004363184B8363206800280ED0C027164EB1
:1097F0002A00330015490097FFF7ECFE009733006D
:109800002A0013492068FFF7E5FE0C2011F062FFE3
:109810000023838083710F4B03600F4B836000F044
:1098200011FB01230D4A11780B431370F7BDC0469D
:109830002C25002064250020502500205C250020D8
:10984000FC3F00209980020069960100FF030000A0
:10985000FE030000E0B9020031960100BE2800209E
:10986000F7B5134E050033680F00002B1ED0FFF72D
:109870009BFF00281AD0FFF783FF04003B042B4313
:1098800083640EF0B2FB20000A490EF09EFB0A4BE7
:109890000024EB18012B07D9C02300933A00074B93
:1098A00029003068FFF796FE2000FEBD044CFBE760
:1098B0002C2500206025002002FCFFFF6996010096
:1098C00016FCFFFFF7B506000D00170001930028F6
:1098D00002D100242000FEBD0029FAD0FFF72AFFA4
:1098E000041EF6D0074B019A43630660456087600B
:1098F000054B002A00D0054BA363054920000EF05C
:1099000064FBE7E7FC3F00206380020081800200E7
:1099100050250020F8B50500EFF30884C36B006CF8
:109920001C1B6B6C1B1A9C4210D91F23084E203441
:1099300037689C433560002801D000F0BDF9200055
:1099400000F086F92864001968643760F8BDC046E5
:1099500064250020024B1868434258417047C046B6
:1099600050250020002310B504499C006258002AAD
:1099700001D00133F9E76050100010BD38250020F8
:10998000002310B5044A99008C58844201D0013359
:10999000F9E70020885010BD3825002010B50024BC
:1099A000084BA200D058002802D003685B68984793
:1099B0000134062CF4D1044B1B68002B00D120BFCE
:1099C00010BDC0463825002050250020F8B5FFF70F
:1099D000EBFE00281CD02A4D2C68E36CDA0718D562
:1099E00002273B43E364274B1E680423F26C3000DC
:1099F0001343F364636BF363FFF78CFF3000716C08
:109A000004F079FE2868C36C3B4201D004F0ADFE3F
:109A1000F8BD1D4F1D4E3A683168002A1ED12960DD
:109A20002A68914208D11B0706D52C60FFF7B6FFC4
:109A30003B68002BFAD02B6029688C42E8D0336851
:109A4000994214D1124B4B63124B8B632000FFF7EA
:109A500061FF2968626C4B6C20000DE0206DB842FC
:109A600003D1606D002800D002002A60D8E79C4234
:109A7000ECD1002210004B6C04F0FCFDC8E7C0469E
:109A80006425002034250020502500205C2500207E
:109A9000FC3F00209980020070B50400FFF784FEAF
:109AA000002803D1200011F015FD70BDFFF768FEFE
:109AB000050000F0AFF92418AC6428000EF095FA08
:109AC000034928000EF081FAFFF780FFEDE7C0465A
:109AD00030250020F8B5FFF767FE002827D00024C6
:109AE000184E30680EF081FA174D2B68002B02D00B
:109AF00001345B6DFAE7032C0ADD2F68013C7B6DB6
:109B0000386C2B6000F0D8F8380000F0D5F8F2E798
:109B1000290030680EF059FA72B60C4932680B68A9
:109B2000934206D19B6D0B6062B6FFF74FFFF8BD05
:109B30000B00002BF8D0996D8A42F9D1926D9A658D
:109B4000F2E7C04664250020582500205425002057
:109B5000F7B507000D0000282ED0FFF725FE0028DE
:109B60002CD00724164E3068C36C1C4007D0154A11
:109B7000290038000EF05DFA00242000FEBD04F03C
:109B8000DCFD02213268D36C1940019103D003211E
:109B90008B43D364F1E701242343D3642800B847FF
:109BA0003268D36C1900A143D164019C5B07E4D5F2
:109BB00028000EF05DFAE0E7034CDEE7034CDCE73B
:109BC000642500207180020017FCFFFF16FCFFFFD8
:109BD000020010B5014B12CB12C210BD6825002047
:109BE000034B1A68034B1A607E225A607047C046C6
:109BF000042000206825002070B5114E3278022A1A
:109C00001AD081421AD90C1A072C17D90D00032338
:109C100005432B4012D172B60A4DD2005051AA18FA
:109C200051608022A4081206144304603278013285
:109C3000327062B6180070BD0348FCE70348FAE7CB
:109C4000C02800207025002013FCFFFF17FCFFFF39
:109C500070B5051E23D0124C124E2378002B0CD168
:109C6000114912483370FFF7C7FF114B984202D1D8
:109C70001E20FFF7DBFB0123237000243378A3426F
:109C800009DD0C49E300C91828000EF00FFA00287E
:109C900005D10134F2E71420FFF7C8FB002070BDA6
:109CA000BF280020C0280020003800209029002074
:109CB00017FCFFFF7025002070B5002819D0104B4D
:109CC00010491C7800239C4216DDDA005558854265
:109CD00010D28A18526882420CD9041F2368002BC4
:109CE00002DC1E20FFF7A2FB802322681B06134321
:109CF000236070BD0133E6E71E20FFF797FBF8E70E
:109D0000C02800207025002070B5051E14DD0B4E04
:109D10000B4C3368002B02D0206811F066FAFA2150
:109D200020680024074B89008361C4626943356061
:109D300011F063FA200070BD0348FCE78025002085
:109D4000B0250020F19D010017FCFFFFF8B5114F71
:109D500006003D68002D0AD1302011F0BBFC040044
:109D600007F098FD0C4BA5612360E5623C600B4D4C
:109D70002B68002B09D1102011F0ACFC040011F06D
:109D800088FA20002C6011F05EFA3000FFF7BCFF6B
:109D9000F8BDC046B025002014C30200AC25002049
:109DA000014B18687047C0468025002070B50D4CE7
:109DB0002368002B03D00C4B1B68002B02D106201C
:109DC000FFF7C4FF206811F055FA02000749C317D6
:109DD0000D684E685219734120680A604B6011F09B
:109DE0004FFA70BDAC250020B0250020B82000201F
:109DF00010B5FFF7DBFF0024054BA200D058002868
:109E000002D003681B68984701340A2CF4D110BDB6
:109E10008425002010B5FFF7C9FFFA22034B9200FA
:109E200018685968002308F0B3FE10BDB820002060
:109E300010B5FFF7BBFF024B1868596810BDC0464C
:109E4000B82000200B4B10B51B680400002B03D07A
:109E5000094B1B68002B02D10620FFF777FF002378
:109E6000064A99008858002801D00133F9E78C5040
:109E700010BDC046AC250020B02500208425002060
:109E8000002310B5044A99008C58844201D0013354
:109E9000F9E70020885010BD8425002010B504008B
:109EA000002902D00B78002B03D1034B2360200044
:109EB00010BD0EF0D1F9FAE7F0B90200F8B50400D0
:109EC0000E00150000290AD00B78002B07D0002ABD
:109ED00005D0080097B211F08CFC874203D90B4BD8
:109EE00023602000F8BD681DFFF7B2FE20600EF071
:109EF00048FB23682A005F8023683100181D11F099
:109F00001CFC23685D1900232B71EAE7F0B90200FD
:109F1000014B03607047C046F0B9020010B5054818
:109F2000054C20600EF030FB044A0549200011F07A
:109F3000CAFB10BDF0B90200B425002000200020AB
:109F40004B820200084B73B51C680500002C0AD038
:109F50000100266808310822684611F0EEFB0CCD9E
:109F600031682000884773BDB8250020014B03608D
:109F70007047C046F8B9020030B500684488A14275
:109F80000CDA8588AA4209DA002907DB002A05DBFA
:109F90005443401800198371002030BD0048FCE78D
:109FA00017FCFFFFF0B5070085B00E001D0000296B
:109FB00021DD002A1FDD002B1DD004686388039378
:109FC0008B4200DD0391A3880293934200DD02924D
:109FD000002306340193019B029A93420EDA290072
:109FE0002000039A11F0A9FB3B68AD195B88E418C7
:109FF000019B0133EEE7024805B0F0BD0020FBE70E
:10A0000017FCFFFFF8B504000D0016001F00002923
:10A0100001DB002A02DA0E4B2360F8BD1000484332
:10A020000630FFF715FE20600EF0ABFA23685D8066
:10A0300023689E80002F06D03B00320029002000BC
:10A04000FFF7B0FFE9E720000EF0D2F9E5E7C046E0
:10A05000F8B90200F7B506000D1E03D1244B0360CA
:10A060003000FEBD00200F000400010001903B788D
:10A07000002B1AD03022524294469C446246092A50
:10A0800011D90A2B0AD1019B241801330193A14253
:10A0900000DA2100002004000137E8E70028FBD0A7
:10A0A00001340020F8E70120F6E70127019A09B200
:10A0B00012B230007F42FFF7A5FF39000A20336853
:10A0C0009A1D2C78002CCBD02300303B092B08D8CC
:10A0D000FB43DB173B4043431B19303B1F0001355B
:10A0E000EFE7002FFBDB177001320F00F7E7C046E8
:10A0F000F8B90200F0B5040089B006A80E0002927B
:10A100001D00FFF765FD236802995A88914235DAF0
:10A110009B889D4232DA1F2E30D9079B01939E42C5
:10A120002CDC0523002273430393069B0493039BBB
:10A1300004999B18A03BCB5C00210593AE18029BB1
:10A14000CF1823685888019087420EDA9888B04269
:10A150000BDDDB1910270F41019870431B18059880
:10A160000740781E87417F429F7101310529E6D162
:10A170000132052ADBD1002009B0F0BD0048FBE721
:10A1800017FCFFFFF7B50468070063880E1E0193F4
:10A190001EDD994218DA0023063400933B68009ACA
:10A1A0009B889A4212DA019BA1199D1B2A0020006C
:10A1B00011F0C3FA601931000EF00CF93B685B88AE
:10A1C000E418009B0133E8E70EF012F9002000E0EC
:10A1D0000048FEBD17FCFFFF10B50548054C206088
:10A1E0000EF0D2F9044A0549200011F06CFA10BDB6
:10A1F000F8B90200BC25002000200020C78302001F
:10A2000010B5054C012120000EF0B2F9034A0449B3
:10A21000200011F058FA10BDC025002000200020B9
:10A220002D8502000388074A10B50120934208D00B
:10A23000834202D00020DB0703D41E20FFF7F6F88C
:10A24000002010BDFFFF00000048704716FCFFFF14
:10A2500010B53220FFF7EAF8004810BD16FCFFFFEA
:10A2600010B5124C0023083482800460416202243D
:10A270001422010083718472036383860281363164
:10A280000A78C360A243F1342240036143618361D1
:10A29000C36103620A70020040321370021DD3874B
:10A2A000013343878387C38710BDC04600BA0200CD
:10A2B0008B8883808B798371054B03608B68836007
:10A2C0000B7B03734B7B43730E23CB568373704717
:10A2D00068B90200F0B5624C8DB026680500002E0A
:10A2E00025D13A210FF0E2FB071E2AD0082011F0F9
:10A2F000F1F901223300110007000FF010FE0B23CB
:10A300001C22822104A801F0BDFC04A908A8FFF7C3
:10A31000CFFF5C2011F0DEF90523060001933533F1
:10A32000009308AA3B00290002F00CFC26604D4B6C
:10A330001868002802D021680EF0BCFA20680DB021
:10A34000F0BD322128000FF0DFFB061E21D00820CF
:10A3500011F0C0F901223B00110006000FF0DFFDF3
:10A360000B231C22822104A801F08CFC04A908A85C
:10A37000FFF79EFF5C2011F0ADF9052301932D330B
:10A38000009308AA33002900070002F077FD276038
:10A39000CDE73C2128000FF072FB071E26D00820D5
:10A3A00011F098F901223300110007000FF0B7FDFA
:10A3B0000B231B22842104A801F064FC04A908A833
:10A3C000FFF776FFA42011F085F90623060002931B
:10A3D000013B01933733009308AA3B00290002F0A8
:10A3E000CFFA204B266044361E60A0E730212800BB
:10A3F0000FF0B8FB06000820002E1FD011F06AF9FC
:10A400003A000223012106000FF089FD0B231522DB
:10A41000822104A801F036FC04A908A8FFF748FF30
:10A420005C2011F057F9052301932B33009308AA00
:10A4300033002900070002F0C9FEA8E711F04AF92D
:10A4400001223300110007000FF069FD442011F0D4
:10A4500041F9050005223900FFF702FF256066E794
:10A46000C4250020C8250020F0B56149C56885B025
:10A470008D4254DA0300022236331B78134059D13F
:10A4800004698C4264DA020036321278520768D4CA
:10A49000426901920200019E40328E426FDA010051
:10A4A00036310978090774D4002B7DD113780293D3
:10A4B000002B16D006000127011DCB8F3636013345
:10A4C0009BB2CB8703963678BC46374000D188E0F4
:10A4D0001D2B06D963469E43039B1E700023CB872A
:10A4E00013700EF093F8434A0723904276D94249FD
:10A4F000043B8D4272DBC8220133920095426DDC31
:10A50000023B8C426ADB013B944267DC01980433D6
:10A51000884263DB0133904260DC00235EE0C822A6
:10A52000002352009542ABDD030036331A78002336
:10A530009207A5D4012306001F003636327854084E
:10A54000A7433C0002279C40BA432243327097E75E
:10A55000C822520094429BDD020036321278520724
:10A5600096D406000122363633789F08BA43970006
:10A57000042293431A003A433270012388E7C8212A
:10A58000019E49008E428FDD0100363109780907AE
:10A590008AD40100012636310B78DF08BE43082734
:10A5A000F600BB4333430B701378032B00D97DE7D0
:10A5B0000133DBB21370012B03D10021031DD987B6
:10A5C00074E7042B00D071E7020036321178033BA8
:10A5D0000B43137000230430C3870B33180005B0FE
:10A5E000F0BD092B00D87CE7029BCF87013B77E7C2
:10A5F00070FEFFFFFF700200E0FCFFFFF0B50400FB
:10A6000087B0C0680BF004F80090019120690AF04F
:10A61000FFFF0490059160690AF0FAFF020006004E
:10A62000802000060B180F00009801990BF0A6F986
:10A630000BF07AF8E062051C0BF062F90390281C1D
:10A640000BF020F9051C03980BF01CF8009A019BF5
:10A650000AF0EEF900900191281C0BF013F832007B
:10A660003B000AF0E5F902000B00009801990AF09E
:10A6700051FC02000B00049805990BF07FF90BF0D8
:10A6800053F80022051C00233000390008F032FA8C
:10A69000002806D1A5620223A2791343A37107B053
:10A6A000F0BD0021281C08F05FFA0B4E002811D1E4
:10A6B0000A4F281C0AF0E6FF02000B0030003900A8
:10A6C0000AF028FC32003B0009F08CFA0BF02CF861
:10A6D000A062E0E7024FECE7EA2E4454FB21F9BF09
:10A6E000FB21F93F70B5C369C1681A68451D8AB07E
:10A6F0000400EB7F114255D0002B58D1EB7F082B83
:10A700000DD90122A379134209D11343A371A18862
:10A71000130006A80DF034FEFFF77CFB2062EB7FF0
:10A72000012B23D80123A2791A421FD00025A1882A
:10A73000A571022202A80DF023FEA31DDE7F012ECB
:10A7400014D1FFF767FB2B00226A801A9941009011
:10A750000191019BA188AB4203D1174B009A9A4209
:10A7600027D90123042206A80DF00AFE0322A379AB
:10A770001340012B14D1FFF74DFB0023226A801AEE
:10A780009941994202D10D4B984209D90223A279ED
:10A79000A1881343A3710522012306A80DF0F0FD43
:10A7A0000AB070BD0B2BA9D80133EB77A6E7013BAC
:10A7B000FBE733000322D6E7E7030000DB050000D8
:10A7C00010B50400034B08330360FFF759FB20006A
:10A7D00010BDC04634BA0200F0B5070000250E00D7
:10A7E000040085B002930AAB1B78083703930F4B24
:10A7F0000192083303608580857129001822380092
:10A8000010F0B7FF039A3100380010F0D9FD019B1A
:10A81000029AA380A31DE671DA77631D25622000EA
:10A82000DD77FFF70FFB200005B0F0BD34BA020062
:10A830000048704716FCFFFF10B53320FEF7F6FD09
:10A84000004810BD16FCFFFF002310B504008380F4
:10A8500083710D482164083020608020C000A06111
:10A86000E0612062E3602000236163616362A362B0
:10A87000E36223636363A363E363636411000DF026
:10A88000DEFF200010BDC0464CBA0200F0B5614D9D
:10A890008DB02E680400002E25D11D210FF01DF96A
:10A8A000071E28D0082010F015FF012233001100E8
:10A8B00007000FF034FB0B231D22832104A801F0B5
:10A8C000E1F904A908A8FFF7F3FC602010F002FFEB
:10A8D000062301931733009308AA3B0021000600CA
:10A8E00002F002FA2E604C4B28681B68002B00D047
:10A8F00043640DB0F0BD3C2120000FF01CF9061E92
:10A9000021D0082010F0E6FE01223B0011000600D5
:10A910000FF005FB0B231D22832104A801F0B2F9DF
:10A9200004A908A8FFF7C4FC602010F0D3FE06239A
:10A9300001933633009308AA33002100070002F088
:10A9400041FB2F60CFE73C2120000FF098F8071E55
:10A9500025D0082010F0BEFE0122330011000700B0
:10A960000FF0DDFA0B231B22842104A801F08AF9E1
:10A9700004A908A8FFF79CFCA42010F0ABFE062356
:10A9800006000293013B01933733009308AA3B0072
:10A99000210001F0F5FF204B1E604436A2E7202184
:10A9A000200002F027FE06000820002E1FD010F025
:10A9B00091FE3A000223012106000FF0B0FA0B23AA
:10A9C0001722842104A801F05DF904A908A8FFF763
:10A9D0006FFC702010F07EFE062301931A33009363
:10A9E00008AA33002100070002F0D8FDA9E710F003
:10A9F00071FE01223300110007000FF090FA482089
:10AA000010F068FE040006223900FFF71DFF2C60DD
:10AA100069E7C046C8250020C425002030B50425BC
:10AA2000837985B004002B421BD10368DB6998470A
:10AA300020000DF030FFA379A1882B43A3710322DE
:10AA4000012368460DF09CFCA0790300AB43A37181
:10AA50000223184043425841034B4042184005B07E
:10AA600030BD0248FBE7C04614FCFFFF15FCFFFFAA
:10AA7000F0B5040089B0406C0DF082FE071C606CDC
:10AA80000DF071FE02222100061C05A80DF014FF36
:10AA9000069809F01DF8051C079809F019F8041C20
:10AAA000381C0AF02DFF0390381C0AF0EBFE0190D1
:10AAB000301C0AF025FF0290301C0AF0E3FE0399D7
:10AAC000071C201C08F0EEFC0199061C281C08F04D
:10AAD000E9FC011C301C08F017FE061C059808F064
:10AAE000F7FF391C08F0DEFC0299071C281C08F04F
:10AAF000D9FC039908F0D6FC011C381C08F060F959
:10AB00000299051C201C08F0CDFC019908F0CAFC34
:10AB1000011C281C08F054F9311C0AF033FF0F49BE
:10AB200008F0C0FC0AF0AEFD0D4A0E4B09F076FBB2
:10AB30000AF0FAFD011C0C4808F0E6FD0021041C97
:10AB400007F0FEFF002804D0201C044908F038F963
:10AB5000041C201C08F09CFF09B0F0BD0000B443A9
:10AB6000EA2E4454FB2119400000B4421FB50122D3
:10AB7000010001A80DF0A0FE029808F0A9FF041C36
:10AB8000019808F0A5FF211C0AF0FCFE0D4908F011
:10AB900089FC0AF077FD0C4A0C4B09F03FFB0AF0E8
:10ABA000C3FD0021041C07F0CBFF002804D0201CAB
:10ABB000074908F005F9041C201C08F069FF04B0DF
:10ABC00010BDC04600003443EA2E4454FB21094026
:10ABD0000000B44310B5837904005A070DD49B07D5
:10ABE00001D4FFF71BFF636C2000002B02D0FFF79E
:10ABF0003FFF10BDFFF7BAFFFBE70148F9E7C0468A
:10AC000015FCFFFF82B0F0B50400EDB06420739333
:10AC1000729210F05FFC052210A811000DF0F1FBFC
:10AC2000994911A8FFF716FA002221AB6CA91A6006
:10AC30005A609A600C339942F9D12F2008AB19223F
:10AC4000C018002110F095FDA0680EF014FA00263F
:10AC50000B90FF21A06800F0C7FC8C4FA06800F0AB
:10AC600063FB07960996894B9F4203D0884B9F420E
:10AC700000DBFFE0A0680EF000FAA56885491AA87D
:10AC8000FFF70CF978221AA9280000F083FC1AA813
:10AC90000DF0DBFA00267D4F0322099B606801332B
:10ACA0001A4009920DF04AFD050060680DF04DFD57
:10ACB0000022794B05929D4210DB013205922A0059
:10ACC000C8320BDBAA22042192000591954205DCD3
:10ACD00002220592C82D01DD013205920022069262
:10ACE000984210DB012306930300C8330BDBAA2331
:10ACF00004329B000692984205DC02230693C82882
:10AD000001DD0133069310A80DF072FB00252F23FF
:10AD100008AA9B18EB5C012B08D160496B00CA188C
:10AD20005278C95C10A8FF23FFF726F90135192DC9
:10AD3000EDD16B4618229A5E6B4610A81421595E1D
:10AD4000099BFFF719F9002F01DB0F2E07D900230C
:10AD5000A068009374301A0010A90DF05FFB012366
:10AD60000893089B05995A004C4B9B189A1E127821
:10AD70008A4226D1013B1B78069A934221D1089A38
:10AD80006CAB9B18633BFF3B0A931B78012B18D0DD
:10AD90000C23079A216853431D0000220CA80DF0D4
:10ADA0008BFD21AA2B0094460CAA634423CA23C31B
:10ADB00001220A9B01361A70079BF6B20133DBB2FF
:10ADC0000793089B013308931A2BCAD1642010F013
:10ADD00081FB079B643F3FB2182B00D843E71A0062
:10ADE00021A91AA80DF08BFF6A461DAB23CB23C205
:10ADF0001B6813601A991B9A1C9B20680DF031FD8B
:10AE0000E568002D0CD0264912A8FFF747F81C234F
:10AE10001AAA12A928000EF0E4FD12A80DF015FAE6
:10AE2000A0680EF02AF911A912A8A5680DF0D8FAA9
:10AE300000221C4B009212A901932800130000F07D
:10AE400019FB12A80DF0BFFAFA20800010F042FBA7
:10AE5000A0680EF012F90B99A06800F0C5FB11A8CC
:10AE60000DF0B1FA10A80DF0AEFA6DB0F0BC08BC50
:10AE700002B01847002F02D00F2E00D00CE7A068B8
:10AE800000F052FA08E7C04667CD02008C3C000093
:10AE9000D18AFFFFACCD020058FDFFFFCCCD0200F0
:10AEA000C1CD0200DC050000F0B587B001930EAB08
:10AEB0001B88060003930D9B0D000093019B0292DB
:10AEC0000C9F002B40D0002F02D1009BDB073BD50D
:10AED000302010F0FFFB040010300DF047FA200086
:10AEE00024300DF0DFF8029B18202580638010F0DD
:10AEF000F1FB0500009B08220593019B00210360E4
:10AF00000C30049710F035FC082204A9281D10F01D
:10AF100014FC0E4B02226B6100230399E360236251
:10AF2000E36233680A43A560A2805B6821003000B9
:10AF30009847002806D020000DF03DF9200010F0C1
:10AF4000BEFB034807B0F0BD0248FBE723890200BF
:10AF500016FCFFFF17FCFFFF70B58CB08360109BE1
:10AF600001604260C3600400184918000EF000FD43
:10AF7000051E14D001001C22103105A810F0DDFBC5
:10AF80006A4608AB43CB43C21B681360206805992F
:10AF9000069A079B0DF065FC280010F090FB0C4B07
:10AFA000186800280ED00B4A05AB059200220692C5
:10AFB000C03202926A4622CB22C22300032206211B
:10AFC000FFF772FF20000CB070BDC046C1CD02007B
:10AFD000B825002005AC0100F0B5040085B0637A07
:10AFE0009C46002B04D120000DF0A7FE05B0F0BD5B
:10AFF000A37A266F01931023019AF35600259B181C
:10B0000001229A402900F36803920293029BAB420B
:10B0100031DDB368019A6B439B1872695B00E77A74
:10B02000D3181A785878E379012F14D15F1E3F1A8C
:10B0300010003A005B004343606F8218D3189B797D
:10B04000634500DD6346627B1A4202D00123AB40B8
:10B0500019430135DAE7022F05D15F1EBA1A277AA4
:10B06000013F381AE6E7032FE4D1277A013FBF1AE0
:10B0700002003800DEE71123C943F356606C9940A3
:10B0800023691940039B194310F0E4FAA27B072AB5
:10B09000ACD8637B0C495B006373531CDBB290003C
:10B0A0004158A373022A03D8080010F008FA96E763
:10B0B000064B2000236300236363054BE462236493
:10B0C000143010F09AF891E778BA0200D9AF010075
:10B0D000258D020010B50400044B036010F085F8C4
:10B0E000200006F0EDFB200010BDC04614C3020096
:10B0F00010B504000E4B08330360FEF7C1FE2000BC
:10B1000074300DF060F9200060300DF05CF9200023
:10B1100058300DF09AF8200050300DF096F82000CD
:10B12000044B14306361FFF7D5FF200010BDC0460B
:10B1300098BA020028C30200F8B500250400324B7B
:10B140008580083303608571143016000F0006F007
:10B15000A1FB20002D4BE562636125645030FEF7B2
:10B16000D7FE20005830FEF7D3FE20006030FEF7F7
:10B17000FDFE20000423F25E33682667590009B201
:10B1800074300DF03EF93368226FE3717368012665
:10B19000237210236581A7802561D35691685918C1
:10B1A000994204DD3000984001330543F8E711234C
:10B1B0000120D356D1685918994206DD02009A4001
:10B1C0002669013332432261F6E7142010F082FA37
:10B1D000226900212A430123060006F029FEFF23ED
:10B1E000220063720133A381002348326664A37393
:10B1F00020001370A366FEF725FE0123A27920002C
:10B200001343A371F8BDC04698BA020028C30200D8
:10B21000F0B5437A85B00400002B04D120000DF076
:10B220008CFD05B0F0BD0122837A11009C461023ED
:10B23000066F0025F356039263449940029129005A
:10B24000F3680193019BAB422CDDB36872696B43D9
:10B2500063445B00E77AD3181A785878E379012FB2
:10B2600010D15F1E3F1A10003A005B004343606F2D
:10B270008218D3189B79002B02D0039BAB40194353
:10B280000135DFE7022F05D15F1EBA1A277A013F89
:10B29000381AEAE7032FE8D1277A013FBF1A0200E4
:10B2A0003800E2E71123C943F356606C99402369E3
:10B2B0001940029B194310F0CDF9667AB31EDBB238
:10B2C000FC2B14D8FEF76CFD0B4B05002363002309
:10B2D0000A4863630A4BFF21E4622364704307F06A
:10B2E000F3FA29004143200014300FF086FF637AFF
:10B2F000012B00D995E791E73B8D0200B6030000D2
:10B30000258D02001FB5012381881A0068460DF0C3
:10B3100037F8012303491A0068460DF031F805B0EB
:10B3200000BDC046FE0300001FB5030048331A7875
:10B330000400002A0DD000221A70012381881A000F
:10B3400068460DF01DF8012304491A0068460DF007
:10B3500017F8200074300DF04BF81FBDFF030000FC
:10B3600010B50400230048331A78002A07D01B7850
:10B37000012B04D0012102480CF06AFEF2E710BD57
:10B38000FF03000010B50121040007200CF060FE4F
:10B39000064B984208D148342378002B04D02378F8
:10B3A000012B01D020BFF7E710BDC04616FCFFFF00
:10B3B00070B50600141E19DB050048352B78002BEC
:10B3C00002D02B78012B13D1002330001A007430E7
:10B3D000FEF790FE002C07D033004A331C80002477
:10B3E00007234C3634802B70200070BD014CFBE7E6
:10B3F000014CF9E717FCFFFF12FCFFFFF8B5050051
:10B400000B00171E2DDB0A685288002F02D111B2E3
:10B41000012926DC012A09D1002118000CF099FF2E
:10B420003A0001002800FFF7C3FFF8BD2E004836A0
:10B430003278002A02D03278012A14D12A0000245E
:10B4400028005C321900148058300CF05DFF2B008E
:10B450004A331F800323013F4C352F802000337077
:10B46000E3E70248E1E70248DFE7C04617FCFFFFD9
:10B4700012FCFFFF73B5079C0500002C1CDB0600C7
:10B4800048363078002802D03078012816D1069846
:10B490001BB2C0B20090280012B274300CF0BEFF94
:10B4A000002C07D02B004A331C80002407234C3586
:10B4B0002C803370200076BD014CFBE7014CF9E78E
:10B4C00017FCFFFF12FCFFFFF7B506000F00141E6C
:10B4D00026DB002A04D10B6802229B5E012B1FDCB5
:10B4E0003000FFF73DFF330048331D78EDB2002DEB
:10B4F00018D1390001A80CF0FFFE220001A930008C
:10B50000FFF77CFF040001A80CF09FFE3B685B88FE
:10B51000012B03D03000FFF735FF2C002000FEBDCB
:10B52000014CFBE7014CF9E717FCFFFF11FCFFFFA3
:10B53000F0B587B00D9C06000F0002920393002C1B
:10B5400020DBFFF70DFF330048331D78EDB2002DEF
:10B550001AD1390005A80CF043FF0C9B019400930D
:10B56000029A039B05A93000FFF784FF05A80CF0A1
:10B570002AFF002C03D03000FFF704FF2C0020002E
:10B5800007B0F0BD014CFAE7014CF8E717FCFFFFEC
:10B5900011FCFFFFF8B50400171E1DDD060048363C
:10B5A0003378002B02D03378012B17D12200E379B6
:10B5B0005632013B137023000025200054331D80B8
:10B5C00050300CF0A1FE23004A331F8002232800D4
:10B5D0004C3425803370F8BD0148FCE70148FAE798
:10B5E00017FCFFFF12FCFFFFFF2902D84172002069
:10B5F00070470148FCE7C04617FCFFFF13B5040085
:10B6000004A80078009020000FF065FD002801D10B
:10B61000207516BD0048FCE70EFCFFFF13B50400C3
:10B6200004A80078009020000FF03DFD002801D113
:10B63000207516BD0048FCE70EFCFFFF7FB50D002E
:10B6400011000F226A4404001E1E117016D0089BC0
:10B65000002B13DD012329000093FFF7DFFF0028F3
:10B6600002D0074804B070BD0090089B320029004A
:10B670002000FFF7C3FF0028F4D0F2E70148F1E70C
:10B680000EFCFFFF17FCFFFF10B5040086B0006C36
:10B6900006F078F9237BA0219A00105100200C4A73
:10B6A000C90050500B4914305050626C6846517CB0
:10B6B000C91849B20DF0E1FD039B019A03211A60FC
:10B6C000207B0130C0B207F0FBF8217306B010BD3B
:10B6D000007000400405000082B070B50400002531
:10B6E00088B00C920D93636C9A68AA420ADD197CAB
:10B6F00002A8491949B20DF0C0FD069B039A013515
:10B700001A60F0E75D7C237B02A8ED186DB229007A
:10B710000DF0B3FD039A059B01921A6000211822D7
:10B7200002A810F026F802A8002229000FF048FE17
:10B73000206C002801D00FF0C2FF08200FF0CAFFD4
:10B740002900060006F0F8F8094B2000E362002308
:10B75000FA212363074B2664A462E36310300901D6
:10B760000FF04BFD08B070BC08BC02B01847C046D3
:10B7700089B6010025920200F0B5040085B01F00D3
:10B780000CAB1B8810300E00150001930CF0EEFD81
:10B79000200024300CF086FC2680658018200FF0F5
:10B7A00099FF02AE050033000AAA03CA03C32F6043
:10B7B0002800082700213A000C300FF0DAFF3A0089
:10B7C0003100281D0FF0B9FF064B02226B612000EB
:10B7D00000230199A5600A43E360A2802362E3622B
:10B7E00005B0F0BD3B92020070B5040086B0103089
:10B7F0000D0006F04FF80023184AA3622261184A90
:10B80000E36316686564237323606360A3609E42EC
:10B810001FD0144A3020049205930FF05BFFC02321
:10B8200005006A46029304AB03CB03C22300072141
:10B8300002222800FFF7A0FF336829005B68300070
:10B840009847002805D028000CF0B5FC28000FF020
:10B8500036FF00232000236406B070BD28C3020019
:10B86000B8250020D9B6010030B5134B93B01D6840
:10B870000400002D17D0114B6A4604930023059352
:10B880001033029304AB03CB03C22300022207212F
:10B8900006A8FFF771FF2B6806A99B682800984748
:10B8A00006A80CF088FC2000054B10302361FFF740
:10B8B00011FC200013B030BDB8250020D9B601001E
:10B8C00028C30200F7B507000D1E3FD00023022653
:10B8D00004690193002C35D0AA88A38853403342D1
:10B8E00004D1324204D1AB88334226D0E46AF1E776
:10B8F000A968A0680EF0F8FA0028F4D02B88002B75
:10B9000002D022889A42F1D16B88002B02D0628843
:10B910009A42EBD1EB68E268934201D0002BE5D16B
:10B920007B68002B01D020009847A288084B134366
:10B93000A380019B01330193D8E7A368AA689342CF
:10B94000D4D1DBE7019B2000002B00DC0148FEBDC9
:10B950000080FFFF17FCFFFFF0B5060085B00D1E4D
:10B960005DD001270469002C26D00221AA8800237B
:10B970000A4202D0A3885B083B40226829688A42B9
:10B9800014D1A068A968002B0ED00EF0ADFA0028E3
:10B990000CD0EB68E268934208D1A3881AB2002A5F
:10B9A00006DB204805B0F0BD8842F2D0E46ADAE751
:10B9B0005B045B0CA380F4E730692A88002807D178
:10B9C00035610123184968460CF0DAFC0020E9E7EC
:10B9D000010003001C88944206D2DC6A1900002C86
:10B9E0000DD02300F6E723001C88944207D15F881E
:10B9F0006C88A74203D8DC6A1900002CF3D1884276
:10BA000009D10B889A4204D305D148886B889842A3
:10BA100001D9E962D4E7CB6AEB62CD62D1E7034892
:10BA2000C0E7C04616FCFFFFFD03000017FCFFFF48
:10BA3000064B10B51A00040008322C3302608360F4
:10BA40000830FDF79DFF200010BDC046B0BA0200CF
:10BA500008B4024B9C46083808BC604731BA010064
:10BA600008B4024B9C46083808BC6047D9920200D3
:10BA70000C4A002311002C32083110B54360838139
:10BA80008373826003614361836183830160040087
:10BA90000830FDF767FF044B1A68002A00D11C60CC
:10BAA000200010BDB0BA0200B825002082B0F7B562
:10BAB0000125402709930CAB1B7804690892019378
:10BAC000002C37D008AA238812889A4201D0002B74
:10BAD00028D108AA638852889A4201D0002B21D12C
:10BAE000FDF762FE0123002806D0C022A388134080
:10BAF000C03B5A425341DBB2019A934218D1A68807
:10BB000033B2002B14DB102208A9A0180FF015FE89
:10BB10003E4209D1FDF748FE002805D02100084823
:10BB2000FEF716F8E46ACBE720000DF0DEFBF9E73C
:10BB30000025F7E72800FEBC08BC02B01847C04645
:10BB4000EB92020008B4024B9C46083808BC6047E0
:10BB50008594020010B502480CF008FC10BDC046E8
:10BB6000C0200020F0B587B001930EAB1B88060003
:10BB700003930D9B0D000093019B02920C9F002BE1
:10BB800040D0002F02D1009BDB073BD530200FF0C7
:10BB9000A1FD040010300CF0E9FB200024300CF073
:10BBA00081FA029B1820258063800FF093FD050029
:10BBB000009B08220593019B002103600C30049731
:10BBC0000FF0D7FD082204A9281D0FF0B6FD0E4B7B
:10BBD00002226B6100230399E3602362E36233680E
:10BBE0000A43A560A2805B682100300098470028C6
:10BBF00006D020000CF0DFFA20000FF060FD0348B3
:10BC000007B0F0BD0248FBE7D394020016FCFFFF2B
:10BC100017FCFFFFF0B50400160000258380164ACC
:10BC2000164B85710260218146810573186889B0C1
:10BC30008C46A8421DD0124A05950492C022029259
:10BC40006A4604AB82CB82C223002A006146FFF71A
:10BC500089FFC022094B0A49186802926A46069178
:10BC600006AB079582CB82C223002A003100FFF782
:10BC700079FF200009B0F0BDF4BA0200B825002019
:10BC8000FD95020030B5002403730123034D847138
:10BC90000560818082734373846030BD68B902009F
:10BCA00070B583790400DB0702D580680FF007FDCB
:10BCB000A3799B0702D5A0680FF001FDA3795B076C
:10BCC00007D5A0230021144ADB00D150A0680FF053
:10BCD000F6FCA3791B0708D5A568002D05D0280020
:10BCE0000EF079F928000FF0EAFCA379DB0605D500
:10BCF000A068002802D00368DB6898476023A27917
:10BD00001A4205D0A068002802D003685B689847F3
:10BD10000023A360A37170BD00700040F7B5022737
:10BD2000037B04000D003B4226D0012926D88679EA
:10BD30003E40009614D1FFF7B3FF18200FF0CAFC65
:10BD40000E230600E3561822009901930FF011FD0F
:10BD5000019930000FF046FBA379A6603B43A37125
:10BD6000A3685A68002D04D00025DB681A602800FB
:10BD7000FEBD1B691A60FAE7014DF8E7014DF6E7D1
:10BD800016FCFFFF17FCFFFFF7B50126037B04003D
:10BD900033422AD0612385791D4017D1FFF780FFF8
:10BDA00018200FF097FC0E230700E356182200938B
:10BDB000637B290001930FF0DCFC019A00993800A5
:10BDC0000FF0FEFAA379A7603343A3716023A27931
:10BDD000A0681A4202D00FF09FF9FEBD4369406887
:10BDE0001B681840431E9841F7E70148F5E7C04635
:10BDF00016FCFFFF70B5037B04000D001B0713D575
:10BE00000B4B994212D80DF087FC030000208342AF
:10BE100009D1280007F05CFE064907F06BF9011C08
:10BE2000A06802F017FD70BD0348FCE70348FAE77D
:10BE3000FF03000000C07F4416FCFFFF17FCFFFF5C
:10BE400070B50425037B04002B4214D083792B4268
:10BE50000DD1FFF725FF08200FF03CFC0E21060056
:10BE6000615605F069FDA379A6601D43A571A06820
:10BE700005F088FD70BD0148FCE7C04616FCFFFFD9
:10BE8000F7B50127037B04003B4219D010238579C5
:10BE90001D4011D1FFF704FF28200FF01BFC0E21DD
:10BEA000A2883B00615600950600FEF795FC102223
:10BEB000A379A6601343A371A0680CF07AFCFEBDC1
:10BEC0000048FCE716FCFFFF70B5037B05000E0081
:10BED0001B0714D5002914DB0DF01EFC041E12D123
:10BEE000A86802F0CBFC0949884202D0A86802F099
:10BEF000CBFC3100A86806F09FF8200070BD044C10
:10BF0000FBE7044CF9E70024F7E7C046204E0000A9
:10BF100016FCFFFF17FCFFFFF8B51C00037B0700B2
:10BF200015001B071ED500291EDB002A1CDD002C76
:10BF30001ADD0800B42900DDB420FA26B600B421C9
:10BF4000704306F0C1FCEB0F68435D196D10641B74
:10BF500074433100001906F0B7FC01003800FFF708
:10BF6000B3FFF8BD0148FCE70148FAE716FCFFFF04
:10BF700017FCFFFF10B583791B0703D5806802F01B
:10BF800083FC10BD0048FCE716FCFFFF10B5012440
:10BF9000837941731C4004D080680FF0A2FA00201E
:10BFA00010BD6022134203D080680FF0BCF8F6E7A2
:10BFB0000048F5E716FCFFFFF8B56023857904001B
:10BFC0000E001D4025D1FFF76BFE58200FF082FBBD
:10BFD0000E210700615600F00DFB3800A760617B61
:10BFE0000FF0A1F80122A068114B124F43620462C6
:10BFF0008562476311001C3005F0ACFDA0680E4B54
:10C000008463C3630564C76401221C30022105F008
:10C01000A1FD6022A3799343403A012E05D0022E60
:10C0200002D00020A371F8BD40221343F9E7C046B7
:10C03000B597020003970200D997020010B50300DC
:10C040000C00032912D8080006F0AAFB0C02020813
:10C050001800FFF7B1FF0024200010BD1800FFF703
:10C060000FFFF8E718000DF0C9FBF5E7004CF3E708
:10C0700017FCFFFF70B5040000250C4B0E000833C1
:10C08000858085710360210018300DF0EEFB2000E3
:10C09000210020300DF00EFC054BA680E5802572B6
:10C0A000E5602561656120001C6070BD04BB020075
:10C0B000CC2500208379DB0702D5C16000207047C2
:10C0C0000048FCE716FCFFFF8379DB0701D5C06859
:10C0D00070470148FCE7C04616FCFFFF70B5456994
:10C0E0000400002D22D0037A032B21D8FFF7ECFFA8
:10C0F000A8622C200FF0EEFA2C22002105000FF090
:10C1000038FB002263695A622369934208D163694C
:10C1100023610020237A65610133237270BD13000F
:10C120005A6A002AFBD162695A62F2E70148F5E7D0
:10C130000148F3E717FCFFFF13FCFFFF144B70B53A
:10C140005A68144C002A03D000225A600132A260BF
:10C150001A69002A17D0002119618023DB000E4DD7
:10C16000E3582868012B0FD1A923DB00E15849428D
:10C17000FFF7A0FF2868FFF7B1FF2B685A69074B4C
:10C18000E2500123A36070BDFFF794FFF9E7C046BA
:10C19000FC10004000100040CC25002004050000E9
:10C1A00003000069002809D00221054AD167426ACC
:10C1B0001A611A7A013A1A72024B19607047C04626
:10C1C00004E100E000E100E010B5002903DB024BD0
:10C1D00019600EF0ECFF10BDD025002070B50400F2
:10C1E0001E0004AB1D7805F01FFB20000E4B4030F5
:10C1F0002360FDF78DFE230001364C33013522000C
:10C200001E701D730023E1214E32A3646365138009
:10C2100053809381D381013B200063644902FFF77F
:10C22000D3FF200070BDC046B8B90200F7B5802723
:10C230007F053D697C690822113C6C4306002100A2
:10C2400068460FF07AFA104B009A9A4219D0009380
:10C250000023019379693000133969430DF03FFBE6
:10C26000019A009930000DF056FB210030000DF0CE
:10C2700036FB7969AB0813396943220030000DF0B1
:10C280003AFB0198FEBDC046FECA0000F0B50D00A5
:10C29000A9B00D9200213022060010A80B930FF0D8
:10C2A00068FA28000FF0A5FA431C0C93102B00D954
:10C2B000B5E00B9B202B00D9B1E0290030000DF038
:10C2C00057FB071E50D129000C9A10A80FF035FA21
:10C2D0000D990B9A14A80FF030FA80235B051A69A8
:10C2E0005F690C92113F7A4330005D690B92FFF752
:10C2F0009DFF3022002104001CA80FF03AFA29000B
:10C3000000270C9B1339594330000DF0E8FA0D97C4
:10C3100030257D430B9B0833ED18A74242DA2900F4
:10C3200030221CA80FF009FA10A91CA80FF057FA28
:10C33000002827D13C49300022000E910F940DF0C7
:10C34000EAFA6A46099513AB23CB23C223CB23C257
:10C3500023CB23C23000129B1099119A0DF0E9FAF9
:10C3600001230D930137D3E710300B9A0D990FF08D
:10C37000D5F9040038000FF0A2F9002CA3D1200059
:10C3800029B0F0BD6A4609951FAB23CB23C223CB4E
:10C3900023C223CB23C230001C991D9A1E9B0DF093
:10C3A000C8FADFE7E5433023ED1725405D430B9BDB
:10C3B00008355D190D9B002B1DD10C9B3021981E5B
:10C3C00006F0F8F9A0422CD01749013430002200C1
:10C3D0000E910F940DF09FFA6A46099513AB23CB8B
:10C3E00023C223CB23C223CB23C230001099119A3E
:10C3F000129B0DF09EFA0B9930000DF070FA80231D
:10C400005B0559690C230C9A133963434A43023381
:10C41000110030000B9A0DF06EFA0024AFE7034CC8
:10C42000ADE7034CABE7C046FECA000017FCFFFFB8
:10C4300013FCFFFF8023F0B55B051A6995B00392EA
:10C440005A6905910399113A51435D69039B133D64
:10C45000040002915D43FFF7E9FE061E3BD0002772
:10C4600030220021083508A801950FF082F90199C2
:10C4700020000DF034FA049730237B43029D0835E9
:10C48000ED18B7421FDA2900302208A80FF055F93D
:10C49000059908A80FF0A3F900280AD11949721EBE
:10C4A0002000069107920DF036FA0123049301371C
:10C4B000E2E70C23019A290020000DF01CFA019BF1
:10C4C00030330193F3E7049B002B06D10D49320072
:10C4D00020000DF020FA0C4812E0029920000DF027
:10C4E000FEF980235B0559690C23039A13394A43EB
:10C4F0007343110020000233029A0DF0FCF9002072
:10C5000015B0F0BDFECA00000CFCFFFF70B50400C2
:10C51000A280FA22002308000C4992000831216011
:10C52000A3716061E260A360638209490DF020FAA3
:10C53000051E09D0010020001031022212300FF038
:10C54000FCF828000FF0BBF8200070BD1CBB0200F7
:10C55000FECD020030B50225837987B004002B425E
:10C5600004D1FDF7FFF9A3791D43A57120000DF05B
:10C5700049FA00281CD06B46DD1C28000DF039FA62
:10C580002B78002B17D001A80DF031FA0321019A66
:10C59000D3170B409B189B102382FDF73BFCE368ED
:10C5A000A18818180123A0601A0002A80BF0E8FE69
:10C5B000002007B030BD0122064B1A60064A5168C0
:10C5C0000029FCD000215160044A12680192012226
:10C5D0005A60DBE700C00040FCC0004008C50040D6
:10C5E00010B50400024B036005F0EEF8200010BD0A
:10C5F0003CBB020010B5040005F0F2F8034B00222A
:10C600002360002320002265636510BD3CBB02004F
:10C61000022802D10122014B1A707047C128002064
:10C6200070B5064C05002378002B04D1044802F0B5
:10C6300083FA01232370280070BDC046C228002061
:10C6400011C6010070B50C000BF0A2FC002810D040
:10C650000023144DA40A2B7020000DF000FA0028CE
:10C6600003D00A200EF036FFF6E72B78002BFCD023
:10C6700070BD02210C4B0D4A99508021C900080061
:10C680005D58002DFCD0A121C9005C50195800292B
:10C69000FCD0002199508021C9005A58002AFCD0B2
:10C6A000E6E7C046C128002000E001400405000084
:10C6B000F8B50C0015001E000BF06AFC002811D024
:10C6C0000023174F3B703200290020000DF0C5F900
:10C6D000002803D00A200EF0FDFEF4E73B78002B83
:10C6E000FCD0F8BD01210F480F4B84461950802122
:10C6F000C9005A58002AFCD080270022FF00964229
:10C7000007DD910068586050D9590029FCD00132EA
:10C71000F5E7002261465A50DA59002AFCD0E0E7DA
:10C72000C12800200405000000E0014008B4024BCD
:10C730009C46443808BC6047639A0200FA21F8B569
:10C740000389C9000400594332480DF0E3FBFA2184
:10C75000890006F02FF8304F2081A17A38000DF0C3
:10C76000D9FB23002600250022894C33A072A03675
:10C770001A808C35317800232A2228680CF09EFC20
:10C78000002801D02548F8BD31781F235B22286896
:10C790000CF094FC0028F5D1317820235C22286825
:10C7A0000CF08CFC0028EDD1317801232C22286874
:10C7B0000CF084FC0028E5D1317801232D22286873
:10C7C0000CF07CFC0028DDD1317801232E22286872
:10C7D0000CF074FC0028D5D1A17A38000DF095FB3F
:10C7E0003178C3B20E2228680CF068FC0028C9D149
:10C7F000FA2123898900594306480DF086FB01235D
:10C800000343DBB231782A2228680CF057FC002859
:10C81000B9D0B7E74CBB020044BB02000EFCFFFFDF
:10C8200008B4024B9C46443808BC60473DC7010031
:10C83000074B10B51A00040008323C330260436411
:10C8400044300BF0CAFF20000BF0D9FE200010BDD1
:10C85000ACBB020008B4024B9C46443808BC60479D
:10C8600031C8010008B4024B9C46443808BC6047FC
:10C870006D9A0200F0B5042583798BB004002B4239
:10C8800004D1FDF76FF8A3791D43A5712000903006
:10C89000FFF77AFA0026B0420FD12300A0331978AF
:10C8A00020000C2307AD00938C302B000122006880
:10C8B000FEF7C4FE061E03D02C4E30000BB0F0BDB8
:10C8C0000A2304AA9B182A785A706A781A700022E0
:10C8D000985EAA785A70EA781A700022995E0391DD
:10C8E0002A795A706A791A7000229F5EAA795A7062
:10C8F000EA791A7000215A5E04922A7A5A706A7A8A
:10C900001A7000215A5E0592AA7A5A70EA7A1F2597
:10C910001A7000229B5EA27A03999C4651434942B9
:10C920005043CB172B407A435B185B11A361C317AD
:10C930002B401818D3171D406423AD18059A5B428D
:10C940005343A36764236146049A40115A434B43FF
:10C95000E2676D11221DE06125622000D3670BF0B4
:10C96000C0FE200044300BF03FFFA6E70EFCFFFFA7
:10C9700008B4024B9C46443808BC604775C80100A7
:10C98000F7B51E00040008AB1B881500019309AB26
:10C9900000911A8831000AAB1F88FDF761FC200066
:10C9A0003A0031004430FDF74FFF134B20001A00CE
:10C9B0003C336364230008322260009A8C331A608F
:10C9C000AB8890308380AB79019A83710B4B032144
:10C9D0000360AB6883602B7B03736B7B4373AB7B20
:10C9E00083732300A0331A80FFF7D0FA2000FFF7EB
:10C9F000A5FE2000FEBDC046ACBB020068B9020027
:10CA0000F8B5FA260189B6000400714326480DF0F6
:10CA100081FA310005F0CEFE244F2081A17A380042
:10CA20000DF078FA2500A0725835297800232A22C3
:10CA3000606C0CF043FB002801D01D48F8BD29783C
:10CA400010232B22606C0CF039FB0028F5D12978DB
:10CA500001232D22606C0CF031FB0028EDD12978E8
:10CA600001232E22606C0CF029FB0028E5D1A17A6D
:10CA700038000DF04AFA2978C3B20E22606C0CF02F
:10CA80001DFB0028D9D12189074871430DF03DFADB
:10CA900001230343DBB229782A22606C0CF00EFBE1
:10CAA0000028CBD0C9E7C04614BC02000CBC020071
:10CAB0000EFCFFFF10B50400034B083303600BF0BE
:10CAC0009EFD200010BDC04674BC02007FB5042549
:10CAD000837904002B4204D1FCF744FFA3791D4362
:10CAE000A57120004830FFF74FF90025A8420ED16C
:10CAF00023000A265833197806236E440093012236
:10CB00003300606CFEF79AFD051E03D00C4D280023
:10CB100004B070BD022300210420F356A27ADB008A
:10CB2000715630565343C000C900514342435B42E3
:10CB3000A3612368E16122629B6A20009847E6E7CF
:10CB40000EFCFFFFF8B50400150006AA168807AA18
:10CB50000F0012881900FDF783FB0F4B6764083341
:10CB600023602300AA8848339A80AA7920009A710A
:10CB70000A4AA264AA6822652A7B1A736A7B5A73DE
:10CB8000AA7B9A730023A371230058331E80FFF7FA
:10CB900037FF2000F8BDC04674BC020068B902002F
:10CBA00010B50400034B083303600BF016FE2000A1
:10CBB00010BDC04608BD0200F0B507005C3787B065
:10CBC0000400397800231022806C0CF077FA0326D9
:10CBD000002802D01F4807B0F0BD0F2502ABED18AA
:10CBE0000123397808220093A06C2B00FEF726FD64
:10CBF000184B9842EED02B78334203D06420FCF7D8
:10CC00004BFFEAE7FA262189134DB600714328004D
:10CC10000DF080F9310005F0CDFD20813978A02399
:10CC20001122A06C0CF04AFA0028D3D1A36C218900
:10CC30000393714328003F780DF067F901231843EF
:10CC4000C3B21022390003980CF038FA0028C2D081
:10CC5000C0E7C0460EFCFFFFA8BC02007FB5082558
:10CC6000837904002B4204D1FCF77CFEA3791D4399
:10CC7000A57120004C30FFF787F8061E0ED0230068
:10CC80000A255C33197806236D44009301222B009A
:10CC9000A06CFEF7D3FC061E03D0124E300004B089
:10CCA00070BD2A7802AB5A706A7820001A70002290
:10CCB000995E64224A43A263AA785A70EA781A708D
:10CCC0000022995E6422524251436163297959706E
:10CCD0006979197000215B5E5A432368E2631B6A1D
:10CCE0009847DBE70EFCFFFFF8B50400150006AA25
:10CCF000168807AA0F0012881900FDF7A5FD0D4B35
:10CD0000A764083323602300AA884C339A80AA7949
:10CD100020009A71084AE264AA6862652A7B1A7345
:10CD20006A7B5A73AA7B1E829A73FFF745FF200025
:10CD3000F8BDC04608BD020068B90200F7B5FA2583
:10CD40000189204FAD000400694338000DF0E2F87E
:10CD5000290005F02FFDA17A20811B480DF0DAF89B
:10CD60002600636CA072009321895836337869439A
:10CD7000380001930DF0C9F807230343DBB22022EA
:10CD8000019900980CF09AF9002801D00F48FEBDD7
:10CD9000317810232222606C0CF090F90028F5D134
:10CDA000A17A0948656C37780DF0AFF880235B42B3
:10CDB0000343DBB22322390028000CF07FF900285E
:10CDC000E5D0E3E73CBD020034BD02000EFCFFFFEE
:10CDD00010B50400034B083303600BF010FC200077
:10CDE00010BDC046ACBD0200F0B50425837985B006
:10CDF00004002B4204D1FCF7B5FDA3791D43A571B6
:10CE000020004830FEF7C0FF061E0ED023000A2582
:10CE10005833197806236D440093A8222B00606CC8
:10CE2000FEF70CFC061E03D0134E300005B0F0BD1B
:10CE30001F200023EA5ED31703409B180222A95E3D
:10CE40005B11CA170240521804216F5E5211F91784
:10CE50000140C91949112B806A80A980A07A4343F7
:10CE6000424341435B42E36123685242A261216233
:10CE70009B6A20009847D8E70EFCFFFFF8B5040036
:10CE8000150006AA168807AA0F0012881900FDF7D8
:10CE9000E7F90F4B6764083323602300AA884833FF
:10CEA0009A80AA7920009A710A4AA264AA68226527
:10CEB0002A7B1A736A7B5A73AA7B9A730023A37125
:10CEC000230058331E80FFF739FF2000F8BDC0460D
:10CED000ACBD020068B90200F7B5FA25040001896B
:10CEE000134EAD00694330000DF014F8290005F031
:10CEF00061FC2700A36C208100935C373B7881B2F2
:10CF00006943300001930DF000F86022C3B201992B
:10CF100000980CF0D3F8002801D00648FEBD3978FF
:10CF200001236222A06C0CF0C9F80028F6D0F4E7C7
:10CF3000E0BD02000EFCFFFF10B50400034B0833F8
:10CF400003600BF04AFC200010BDC04608BE020082
:10CF50007FB50825837904002B4204D1FCF702FD3C
:10CF6000A3791D43A57120004C30FEF70DFF051E6F
:10CF70000ED023000A265C33197806236E440093F2
:10CF8000E8223300A06CFEF759FB051E03D00C4DC0
:10CF9000280004B070BD0223F25E96235B425A4320
:10CFA00062630021725E20005343A3630423F25E98
:10CFB00096235343E36323681B6A9847E8E7C04618
:10CFC0000EFCFFFFF8B50400150006AA168807AA94
:10CFD0000F0012881900FDF737FC0D4BA7640833CA
:10CFE00023602300AA884C339A80AA7920009A7182
:10CFF000084AE264AA6862652A7B1A736A7B5A73DC
:10D00000AA7B1E829A73FFF767FF2000F8BDC04617
:10D0100008BE020068B90200FA2170B503898900D0
:10D02000040059433B480CF075FFA17A20813A482F
:10D030000CF070FF2500A07258352978B623142211
:10D04000606C0CF03BF8002801D0344870BD0F260E
:10D050006420FCF721FDA37A297833403200606C0C
:10D060000CF02CF80028F0D12389297833401022C5
:10D07000606C0CF023F8031EE7D129781322606C52
:10D080000CF01CF80028E0D1062329783422606CCB
:10D090000CF014F8031ED8D129781622606C0CF01D
:10D0A0000DF80028D1D1102329781722606C0CF0DC
:10D0B00005F8031EC9D129781822606C0BF0FEFF19
:10D0C000031EC2D129781922606C0BF0F7FF0028EB
:10D0D000BBD1297881231A22606C0BF0EFFF002866
:10D0E000B3D1002329781B22606C0BF0E7FF031EED
:10D0F000ABD129781E22606C0BF0E0FF0028A4D190
:10D10000297802232022606C0BF0D8FF00289DD0E4
:10D110009BE7C0463CBE020034BE02000EFCFFFF8F
:10D1200010B50400034B083303600BF068FA2000CD
:10D1300010BDC046A4BE0200F0B50425837985B0B9
:10D1400004002B4204D1FCF70DFCA3791D43A5710B
:10D1500020004830FEF718FE0026B0420ED1230012
:10D160000A255833197806236D44009302222B00B8
:10D17000606CFEF763FA061E03D0134E300005B054
:10D18000F0BD1F200022AB5EDA170240D218022346
:10D19000E95E5211CB1703405B1804216F5E5B11EF
:10D1A000F9170140C91949112A806B80A980A07A1A
:10D1B000434342434143E3612368A26121629B6A86
:10D1C00020009847DAE7C0460EFCFFFFF8B50400E0
:10D1D000150006AA168807AA0F0012881900FDF785
:10D1E0003FF80F4B6764083323602300AA88483355
:10D1F0009A80AA7920009A710A4AA264AA682265D4
:10D200002A7B1A736A7B5A73AA7B9A730023A371D1
:10D21000230058331E80FFF7FFFE2000F8BDC046F4
:10D22000A4BE020068B902007FB5FA210389890013
:10D230000400594379480CF06DFE822320814B2273
:10D240002021A06C0BF03AFF002802D0744804B0F3
:10D2500070BD6420FCF720FC01234B222021A06C30
:10D260000BF02CFF0028F1D16430FCF715FC23896A
:10D270004C22DB00DBB22021A06C0BF01FFF00284A
:10D28000E4D184234E222021A06C0BF017FF00284C
:10D29000DCD123005E331878032800D9BCE005F008
:10D2A0007FFA02B09AA5012351222021A06C0BF035
:10D2B00005FF02230028C9D152222021A06C0BF0C7
:10D2C000FDFE0028C2D10125230000955F335D22B9
:10D2D0002021A06CFEF7B2F90028B7D123000095F9
:10D2E000613364222021A06CFEF7A8F90028ADD19B
:10D2F0002300009560335E222021A06CFEF79EF98A
:10D300000028A3D123000095623365222021A06C60
:10D31000FEF794F9002899D1230000956C3371220F
:10D320002021A06CFEF78AF9002800D08EE72300A8
:10D3300000956D3370222021A06CFEF77FF9002844
:10D3400000D083E70E2502266D4400962B006A224A
:10D350002021A06CFEF772F9002800D076E76A78E9
:10D360002B781202134322006432138000962B00A4
:10D3700068222021A06CFEF761F9002800D065E743
:10D380006A782B781202134322001BB26632138094
:10D39000538000962B0062222021A06CFEF74EF9EC
:10D3A000002800D052E76A782B781202134322003B
:10D3B0006A32138000962B006C222021A06CFEF7AD
:10D3C0003DF9002800D041E76A782B781202134318
:10D3D0006E3423803BE7072351222021A06C0BF001
:10D3E0006DFE2223002800D166E72FE71723512284
:10D3F0002021A06C0BF062FE5123002800D15BE7D6
:10D4000024E7042351222021A06C0BF057FE0028B2
:10D4100000D01BE716234FE7024818E7D8BE0200EA
:10D420000EFCFFFF17FCFFFFF0B50825837989B0DC
:10D4300004002B4204D1FCF795FAA3791D43A57192
:10D44000082306AD009342222B002021A06CFEF79A
:10D45000F5F80390002800D08DE0AB79DA0700D40E
:10D4600086E06A782E78E97812021643AA780902D3
:10D470000A4312B2D21004926A7928791202104338
:10D4800000B242100592E97936B20902194323002D
:10D490006E331B888F10F610029319009803002F2B
:10D4A00000D0390005F010FA344BC01800B2050066
:10D4B000230045436D331B78ED115BB25D432300C0
:10D4C0006C331B78DB01584380232D185B036D12EE
:10D4D000ED18230061331B785BB2A0336B431B1341
:10D4E0005E4323005F331B7876135BB2DB00F618D4
:10D4F00023006A3300229A5E059B36B29A1A2300F3
:10D5000068330021595E6B460820185E230064339F
:10D510001B88381A48437900594380231B02C918D5
:10D520002300D20380106633101A00229B5E091478
:10D53000C91805F0C9F9230062331B78049A5BB25D
:10D54000A0336B431B135A43602553136422655762
:10D550005242ED005B191BB253436363642300B274
:10D5600058435E432368E063A6631B6A2000984724
:10D57000039809B0F0BD024B0393F9E700C0FFFF29
:10D580000EFCFFFF10B50400034B083303600BF0E3
:10D5900024F9200010BDC04620BF0200F8B50400E9
:10D5A000150006AA168807AA0F0012881900FDF7B1
:10D5B0004BF90E4BA764083323602300AA884C3331
:10D5C0009A80AA7920009A71094AE264AA68626581
:10D5D0002A7B1A736A7B5A73AA7B9A7301221033CF
:10D5E0009A701E80FFF720FE2000F8BD20BF0200C9
:10D5F00068B9020070B501230C004B222021050000
:10D600000BF05CFD00280BD16430FCF745FAE1B269
:10D61000402228000BF05FFD32384342584170BD74
:10D620000048FCE70EFCFFFF084B8000C018A22357
:10D630000322DB0010B50649C45821432243C150E0
:10D64000C046C046C046C25010BDC0460060004043
:10D65000031F000010B50400034B08330360FCF700
:10D660000FFC200010BDC0464CBF0200F8B5A0233F
:10D6700003223049DB055A5004315A5080212E4A8A
:10D680008905995080210127A225C9052B4C995065
:10D690002B4BED00E75063592A492B4E0B40635149
:10D6A00062592A4B002013436351FFF7BDFFA35972
:10D6B000244938000B40A351A259254B1343A351D1
:10D6C000FFF7B2FFC046C046C046224B224A23495C
:10D6D0005A51A322D2009C519950214A21492248F3
:10D6E0005A5004315850214921485C500431585057
:10D6F00020495A500F2220495A50204B104A9F501F
:10D7000000225A5004315A5002325A51A822322172
:10D71000D200DF6099501A4A0139995004323231EF
:10D720009950184AC919995080225C399200995031
:10D73000F8BDC046740700000C0500000060004002
:10D74000FC0F0000FFE0ECFF14050000001D0300CB
:10D75000001E130000F0014040A1004044A1004021
:10D76000046000401C05000048A1004024050000A2
:10D770004CA100402C0500000405000000A0004062
:10D78000440500004C0500000023154A10B508327E
:10D790000260EE21A0228380837104000320D20561
:10D7A000C900505080200F494005505032220E4988
:10D7B00020000A700D490A700D490A70FA210D4ABD
:10D7C000090113700C4A118001210C4A11700C4A96
:10D7D0001370FFF74BFF2000FCF734FB200010BD57
:10D7E0004CBF02000C050000C4280020C528002002
:10D7F000C6280020C728002068280020C328002051
:10D80000C828002010B50400034B08330360FCF760
:10D8100037FB200010BDC04664BF0200F7B50121F0
:10D820000C008368324A9C40A023DB059C503224C4
:10D83000013CC046C046C046C046C046C046C04681
:10D84000C046C046C046C046C046F1D105001135AD
:10D850000195A1250400ED00AC460D3407250E000E
:10D860008768BE4027782F410F4232D06746DE518D
:10D87000C046C046C046C046C046C046C046C04678
:10D88000C0469E50013DEAD2019D0134A542E5D13A
:10D8900001210C0083689C40A023DB059C503223AF
:10D8A000013BC046C046C046C046C046C046C04612
:10D8B000C046C046C046C046C046F1D1827B437BCD
:10D8C000047C9B18C27B12199B18002B0ED041744C
:10D8D000F7BD6746DE51C0469E50C046C046C046B2
:10D8E000C046C046C046C046C046CBE74374EFE7DB
:10D8F0000C0500000023F7B50400838083712448E1
:10D90000227308302060A0200322A160C131FF31C2
:10D91000C00589000A50A168023A8A402500260005
:10D920001C490D354250277B63746373A373E37303
:10D930002374113601912878784307F069FE00229C
:10D94000154B06F06BFC05F05BF928700135B5420C
:10D95000F1D10123A26801999340A022D20553502E
:10D960003223013BC046C046C046C046C046C04602
:10D97000C046C046C046C046C046C046F1D12000A1
:10D980000CF026F92000FCF75DFA2000FEBDC04631
:10D9900064BF02000C05000000E06F4010B50400F9
:10D9A000054B083303601C300AF04FFC2000183090
:10D9B0000AF04BFC200010BD7CBF0200FF23F0B535
:10D9C0002C4D8DB02B70002301AE04003100008877
:10D9D000019303F0FDFC002801D1B3782B70264E93
:10D9E0003368DB68002B07D1002320881A00190058
:10D9F0000CF004F90DB0F0BD2B78032BF4D81F49BF
:10DA00006846FCF74BFA33686946DE6804A80AF0FA
:10DA100073FC04A930000BF0DEFF0027060004A809
:10DA20000AF013FCBE421ED031002022103104A89F
:10DA30000DF083FE30000DF042FE297804ABC900E2
:10DA40005918082202A80DF078FE20880123082228
:10DA500002A90CF0D3F80137002804D12088084A25
:10DA60000C210CF0C9F868460AF0EFFB002FBBD080
:10DA7000C0E7C04688200020E025002027CE020015
:10DA8000FFFF0000F0B5837991B004005B071BD560
:10DA9000FCF7C0F900232269801A9941994203D109
:10DAA000F423FF3398420FD9A068002808D0364BE2
:10DAB0001D880CF0B0FA036815221B6A29009847EC
:10DAC0000422A3799343A371A3799B0759D52F4DC2
:10DAD0002B68DB68002B50D02D4B1B78032B4CD8C8
:10DAE000294B2C491B8804A80193FCF7D7F92B6814
:10DAF00004A9DE6808A80AF0FFFB08A930000BF0B3
:10DB00006AFF070008A80AF0A0FB02AB9E1D0823CD
:10DB10003200338006A9073B01980CF071F8002F02
:10DB200008D039002022103108A80DF006FE380078
:10DB30000DF0C5FD164B32881B7806A9DE0008AB38
:10DB40009E1930000DF0EAFD002813D0082206A926
:10DB500030000DF0F2FD2B6804A9DD6805A80AF07D
:10DB6000CBFB202308AA05A928000BF03AFF05A843
:10DB70000AF06BFB04A80AF068FB0222A379934326
:10DB8000A37111B0F0BDC0466A280020E025002036
:10DB90008820002027CE0200F7B5089E0500152931
:10DBA00022D8012007008F40244C27421CD0E97F57
:10DBB000CC181F2C41DC69183418A14210D8002160
:10DBC000C8B2834204D9545C701884700131F7E7FD
:10DBD00032789A183270EA7F9B18EB7700202CE09D
:10DBE0000878C8540139E8E73478013CE4B2A3422C
:10DBF00008D10023D9B28C42F0D9D05CF1188870DA
:10DC00000133F7E7EF7F0120FF183F1B1F2F14DCC4
:10DC10000227A01C7F423618381B0190E87F2F187E
:10DC2000BE4204D23078019FF0550136F6E7041B5E
:10DC3000023CEC7728000CF016F8FEBDFC0020003A
:10DC400070B504000D1E036809D15B699847FA207E
:10DC500080006843074904F0ADFDE08070BD9B681B
:10DC60009847A842F3D9236820009B68984705008D
:10DC7000EDE7C04671020000F0B507001600A1B044
:10DC800002C704006B4918A81D000CF033F8331EBE
:10DC900003D030000DF0ADFD83B2012204920022CA
:10DCA00003920292023201920093320018A93800C6
:10DCB000FAF748FF23006049583318A807930CF07F
:10DCC00019F82B1E03D028000DF093FD83B201221A
:10DCD00004920022039202920232019200932A00DF
:10DCE00018A90798FAF72EFF23005449AC3318A857
:10DCF00008930BF0FFFF269B002B03D018000DF0BC
:10DD000078FD83B201220492002203920292023231
:10DD100001920093269A18A90898FAF713FF631C3A
:10DD2000FF33474918A809930BF0E4FF279B002B0A
:10DD300003D018000DF05DFD83B201220492002291
:10DD4000601C03920292023201920093279A18A952
:10DD5000FF30FAF7F7FE23005533FF33394918A88F
:10DD600009930BF0C7FF289B002B03D018000DF080
:10DD700040FD83B2012204920022039202920232F9
:10DD800001920093289A18A90998FAF7DBFE23005C
:10DD9000A933FF332C4918A80A930BF0ABFF299B3A
:10DDA000002B03D018000DF024FD83B20122049251
:10DDB000002218AD03920292023201920093299A36
:10DDC00029000A98FAF7BEFE204B1B780B93002B14
:10DDD0002CD1079B12971393089B0DAF1493631CD0
:10DDE000FF331593099B1A4916930A9B3800179322
:10DDF0000BF080FF1D2149203B7810222B707B8A7D
:10DE000012AE6B8206ABC918C0180DF096FC062343
:10DE10002B750B9B2068AB83AE610CF000F9036897
:10DE200029001B6898470122084B1A70200021B076
:10DE3000F0BDC046292A0000242A0000252A00003F
:10DE4000272A0000262A0000282A0000C9280020CE
:10DE50000A18000070B5002504000B4B85800833BC
:10DE600085710360C1601830FCF752F820001C3047
:10DE7000FCF74EF80123621CD377044AA560656164
:10DE800020001460A37170BD7CBF0200E02500205B
:10DE9000FA2130B585B005000123022289006846C9
:10DEA0000AF06EFA074C2068002809D00BF05BFFDF
:10DEB0002988054B22681980022391790B439371BD
:10DEC00005B030BDE02500206A28002010B50C0008
:10DED00007290DD880680CF09EF8064B1957036887
:10DEE0005B6C9847431E9841034B4042184010BD5D
:10DEF0000248FCE71FCE020016FCFFFF17FCFFFFE5
:10DF0000F0B59C4C0D00A544040096AB1B7808A806
:10DF10000793994B06921968FBF7C0FF2000290070
:10DF20001C300AF0F1F9954909A8FBF7B7FF9449AD
:10DF30000AA8FBF7B3FF0CAE09AA08A90BA80AF0C0
:10DF4000F2F92A00300011AD0BA90AF0ECF90AAA87
:10DF5000310028000AF0E7F9290008A80AF0D4F9EE
:10DF600028000AF072F930000AF06FF90BA80AF0E5
:10DF70006CF9E020C00000F0D5FD08200DF0AAFBF0
:10DF80000700002100F0BEFC0C22A7600021300039
:10DF90000DF0EFFB2B0007CE07C37A4B2900EB6097
:10DFA000002338002B610CF01FF8A0680CF033F848
:10DFB00008220021059012A80DF0DBFB14200DF0C3
:10DFC00089FB714B2A0011930300C2CAC2C36F4B75
:10DFD000059FC3600023A43703613B68002B00D07A
:10DFE000C2E03860A0680CF01AF808220021060090
:10DFF00012A80DF0BEFB14200DF06CFB644B1193C6
:10E00000030086CD86C3634BC36000230361336B7B
:10E01000002B00D0AAE03063A0680BF0FCFF0822C0
:10E020000021059012A80DF0A4FB14200DF052FB66
:10E03000594B11AD11932A000300C2CAC2C3574BFA
:10E04000059EC3600023983603613368002B00D01F
:10E050008EE03060012004AB1B7F04AA03430BA9B0
:10E0600013770BF0CFFDA0680BF0DDFF03684C4980
:10E070005B6A9847A0680BF0D6FF036849499B6923
:10E080009847A0680BF0CFFF0021036800911E683D
:10E090000A000B00B047079B002B0AD020000BF0B2
:10E0A0006BFE032805DDA0680BF0BDFF0368DB688D
:10E0B000984706212000FFF709FF18200DF00AFB02
:10E0C000A16800F01FFA384B384A1B68A168039317
:10E0D000374B28001B680CAD0293364B00261B689B
:10E0E0000193069B1B6804330093234B12681B6843
:10E0F000FFF7C2FDA0680BF08EFF036829009B6A42
:10E1000098470823A0682B80DB186B80AE800BF04B
:10E1100082FF03682900DB6A98470621A0680BF09C
:10E12000F5FD089A09219378A06804320BF001FEEE
:10E13000A0680BF070FF0671A0680BF06CFF322135
:10E14000FFF77EFDA0680BF066FF0BF0C9FD0AA883
:10E150000AF07BF809A80AF078F808A80AF075F820
:10E1600091239B009D44F0BD03613AE7036152E7B0
:10E1700003616EE7BCFDFFFF0C20002040CE0200D3
:10E180000ACF0200099C020091DE0100179C0200E8
:10E19000BDD90100259C0200539C0200339C020063
:10E1A000B9E10100EDE10100DC250020D8250020C7
:10E1B00008200020D425002013B506226846FBF76E
:10E1C0007DFE094B1C68002C0AD0694601A80AF0A4
:10E1D00093F8200001A90BF0EFFD01A80AF035F833
:10E1E00068460AF032F813BDE0250020002373B51D
:10E1F00001AE0C0031000500019303F0E9F800289E
:10E2000002D1B278064B1A70064B1868002806D067
:10E2100061426141044BC9B21D800BF0D5FD73BD55
:10E2200088200020E02500206A28002030B50D005D
:10E23000FF248DB021002800FDF7D6F9053C02200F
:10E24000FBF72AFC002CF5D128000AF016FF172353
:10E250006B441922164918000DF06FFA0522172396
:10E2600011006B4403A80AF0D3F803A904A80AF02C
:10E27000B7F8019400942300220004A92800FDF7B8
:10E2800057F904A80AF09FF821002800FDF7ACF91F
:10E2900005340220FBF700FCFF2CF5D1962040004E
:10E2A000FBF7FAFB03A80AF08EF80DB030BDC046AC
:10E2B00006CE0200F0B58A4B8DB005921A6808238D
:10E2C00004000391D16C07A80B43D3648549FBF785
:10E2D000E5FD854908A8FBF7E1FD220000251C3279
:10E2E00007A90BA80AF01FF808AA0BA909A80AF0A9
:10E2F0001AF80BA809F0A9FF631CDD77A0680BF0E2
:10E300008AFE03685B699847A0680BF084FE0700EB
:10E3100006000A371F22290038000DF02AFAFD777F
:10E3200030000BF0D4FC0621A0680BF0EFFC099A3A
:10E3300009219378A06804320BF0FBFCA0680BF075
:10E340006AFE0571A0680BF066FEC821FFF778FC35
:10E35000A0680BF060FEFF272E000581A0680BF07F
:10E360005AFE0BF0BDFC0398FCF7DEFF2000FBF724
:10E37000F9FA03992000FFF759FF039920000BF0E9
:10E3800036FD0495012563691D402DD057490AA823
:10E39000FBF760FE0AA90BA80AF022F800220BA9DD
:10E3A0001300019200920398FDF7C2F80BA80AF03F
:10E3B0000AF8049B002B42D1043F282F41DD0025A1
:10E3C000FE2F00DC049D05980AF0F3F9002806D022
:10E3D000012362699A4313000422134363610026F8
:10E3E0000AA809F0F0FF049504226369134233D0B0
:10E3F000FF210398C826FDF7F7F80025B600A369AA
:10E4000002229B5EAB4222DD200029B2183009F0C7
:10E41000A0FF0023010003981A007430FBF76AFE86
:10E420003000FBF739FB03980AF027FEC820FBF702
:10E4300033FB02226369134209D10135DFE7043758
:10E44000BBE703980AF019FE002FBCDDBAE7FA20FB
:10E450008000FBF721FB0026022365691D421CD0CA
:10E4600006331D4024D022490AA8FBF7F3FD0AA970
:10E470000BA809F0B5FF00220BA90192009213002E
:10E480000398FDF755F80BA809F09DFF1948FBF715
:10E4900003FB0AA809F097FF174E6420FBF7FCFA6C
:10E4A000164B01369E4200DC6CE7FAF7B3FF69E7D2
:10E4B00013490AA8FBF7CEFD0AA90BA809F090FFA3
:10E4C0002B002A000BA9019500950398FDF730F861
:10E4D0000BA809F078FF0AA809F075FFDDE7C04630
:10E4E0006425002033CE02000ACF020043CE020092
:10E4F00088CE0200983A00008C0A00008B0A0000C7
:10E50000C5CE02000022554BF0B50833060003606B
:10E510001000A9B00391B1600BAB9918013248709B
:10E52000102AFAD10F3A4E4C1A700E32105D991A19
:10E530000874013AFAD2997B5A7B09020A433100E6
:10E5400045270C31029125211B7813AD2B7002ABAE
:10E55000FF186A82C918102238000DF0EEF8029BED
:10E560000A226B610123002402A9FA773C32521877
:10E570002B77D37719931DAB1C706D235B181C7020
:10E580006E230C225B181EA82100EC836C621C70A9
:10E590000DF0EFF8334B0C22210023A8AB63EC63A2
:10E5A0000DF0E7F82200304B2C65EB6405953473D1
:10E5B00006AD2B1901345A70102CFAD101232B48C7
:10E5C0002B700E33195CEA1A1174013BFAD2112137
:10E5D0002520AA7B6B7B12020BAC13432A78638243
:10E5E00002ABC9182270C01810220DF0A6F8012342
:10E5F00000272375039805ABA361A7830BF00FFDDC
:10E60000036821001B68984713ABDB8BB068B382AB
:10E610000BF005FD03680097B18A029ADC680123BC
:10E62000A047B0680BF0FBFC070014200DF052F877
:10E63000002304000361069340C00133082229002F
:10E6400007930DF07AF80A4BE360BB69002B03D106
:10E650003000BC6129B0F0BD2361F9E794BF02002E
:10E660003FCF0200597C02004B7C02004FCF0200DA
:10E670004F9E0200002815D0006041608260C36098
:10E68000046145618661C761444604624C46446248
:10E69000544684625C46C462644604636E464663C4
:10E6A00074468463002A06D0C46B043C043A25688F
:10E6B0001560B442F9D18C6BA6464E6BB546002B63
:10E6C00006D0CC6B043C043B1D682560B442F9D1F4
:10E6D0000C6BA446CC6AA3468C6AA2464C6AA1463F
:10E6E0000C6AA046CF698E694D690C69CB688A684F
:10E6F000086849687047006041608260C3600461D7
:10E7000045618661C761444604624C464462544692
:10E7100084625C46C462644604636E464663744623
:10E720008463C46B043C043925680D60B442F9D19C
:10E73000C769866945690469704700604160826005
:10E74000C360046145618661C761444604624C460A
:10E750004462544684625C46C462644604636C4608
:10E7600044637446846304697047846BA646446BB3
:10E77000A546046BA446C46AA346846AA246446ABA
:10E78000A146046AA046C769866945690469C368E9
:10E79000826800684168704710B5041E0CD00DF007
:10E7A00028F8431EE3189C4208D222781978013BCE
:10E7B00021705A700134F6E7014810BD0020FCE7D3
:10E7C00017FCFFFFF0B585B002900C1E2AD0002385
:10E7D000C217161A56400193019B30005D1C631945
:10E7E0000A215F1E039304F055F949423031397014
:10E7F00030000A2104F068F847420600002F0FD1CC
:10E80000029B002B04DA2D23019D039A023513701D
:10E81000002320006355FFF7BFFF380005B0F0BDAF
:10E820000195D9E7004FF8E717FCFFFF0268084B96
:10E83000406810B5C018C000101803009A4205D8EF
:10E840001C688C4202D31800083BF7E710BDC04695
:10E85000FFFFFF1F70B50D1C06000021281C04F0EF
:10E860006FF9041E06D13000291C03F09FFC200024
:10E87000756070BD0048FCE717FCFFFF014B18688E
:10E880007047C0461020002070B504000D0003F052
:10E89000A1FC61682000FFF7DDFF024B00201D6036
:10E8A00070BDC0461020002070B5002817D1114D52
:10E8B0002E68002E11D108300CF00CFF0660466067
:10E8C0000D4E04003368002B02D10BF0EBFD3060DD
:10E8D00023682C609B00F3586360286870BD012298
:10E8E000064907480B681340F8D1026043600A608C
:10E8F000F4E7C046E8250020F4250020E4250020A8
:10E90000EC250020002370B50400016043609942AB
:10E910000AD1064D2B68002B02D10BF0C3FD2860F5
:10E9200023689B00EB586360200070BDF425002035
:10E93000436810B50400002B02D104480CF012FD0E
:10E94000606803681B69984710BDC0465FCF02002E
:10E95000436810B50400002B02D104480CF002FDFE
:10E96000606803689B69984710BDC0465FCF02008E
:10E97000436810B50400002B02D104480CF0F2FCEF
:10E98000606803685B6A984710BDC0465FCF0200AD
:10E9900010B5040001F0E8FC034B1B68002B01D00C
:10E9A0002000984710BDC046FC250020F0B58BB074
:10E9B000050002F047FB002000F0D2FB03680700CF
:10E9C0001B6998473B6804009B69380098473B687F
:10E9D00006005B6A380098470300288810380B2827
:10E9E00061D803F0DDFE063D6060605A60606066DD
:10E9F0006078AF88200039000BF05CFF22006B7B51
:10EA0000583201931378A8799C46022361460B4340
:10EA1000137004AB1F80012304AA93701300D070FD
:10EA2000019AE91D9A722B000622163305A8099354
:10EA30000CF083FE29000B2004AB06220E31C01817
:10EA40000CF07BFE94346368A360A06800282AD091
:10EA5000C36804A99847A368002BF4D01B69F3E7A7
:10EA600020002F49AF880BF025FF220002205832EA
:10EA70001378A9798343137004AB1F809970A03475
:10EA80006368A360A06800280DD0C36804A99847F4
:10EA9000A368002BF4D01B69F3E75B69A888A91D64
:10EAA000002B00D09847290030000CF02AF80BB05A
:10EAB000F0BD636E002BF6D0AF79A366A06E002880
:10EAC000F1D0C36839009847A36E002B01D1636E63
:10EAD000F3E71B69F1E7012269460D27AB7BEF578E
:10EAE0001A4001925A07920FDB080A720B73062232
:10EAF000E91D04A80CF021FE019A04ABDA716A4604
:10EB0000127A9F711A726A46127B20005A722B0089
:10EB10000F3307938C348030236804A99847C2E7E9
:10EB2000FFFF00000723D72802D9024B18600023FB
:10EB300018007047F8250020014B18607047C04648
:10EB4000FC2500201FB58022A323D205DB00D3586B
:10EB50000820DB0700D405301D4B48221D4902F078
:10EB6000B1FC00280AD080B2002807D1BFF34F8F34
:10EB7000194B1A4ADA60BFF34F8FFEE7002302A851
:10EB8000029301330370164B1B6843600BF053FA7A
:10EB9000002802D0072005B000BD6B46581C0BF0C2
:10EBA00048FA0028F6D16B46591C0BF040FA0028B1
:10EBB000F0D10C4802F0B6FC80B20028EBD10A4834
:10EBC00002F0BAFC80B20028E5D100F0C3FFE2E712
:10EBD0003BA002000026002000ED00E00400FA0542
:10EBE000F8250020ADE9010091E9010080B200287C
:10EBF00007D1BFF34F8F034B034ADA60BFF34F8F48
:10EC0000FEE7704700ED00E00400FA050048704799
:10EC1000FFFF0000F0B597B00593036807AD1B68D0
:10EC20000491039311002B00060091C991C30024A5
:10EC3000D36821000C220CA8EB602C610CF099FD2C
:10EC400022000B4B10940F9311AB1C701919013457
:10EC50004A70102CFAD15A820193059B2A00009326
:10EC600004990CAB3000039CA04717B0F0BDC04620
:10EC70005DA1020070B5FC30046C0500002C0DD1C4
:10EC800024200CF027FD064B44608361054B846013
:10EC9000C46004614461C46103602864286C70BD71
:10ECA00074C002005CC1020070B5FC30C56B04008A
:10ECB000002D11D134200CF00DFD084B8560436010
:10ECC000074B45610361074B0562C361064BC56293
:10ECD0008362064BE0630360E06B70BDA4C002007A
:10ECE00094C0020004C1020014C1020024C1020049
:10ECF0007FB503791548002B23D0154E154C33787A
:10ED00002000002B1DD10A256D4428000BF003FACA
:10ED1000002810D16B88592B0DD12B78AA88D91FC8
:10ED2000012910D800920C4A2021200008F042FA54
:10ED30000123337004E02022084920000CF060FD1C
:10ED4000200004B070BD0092054AEDE782CF0200BA
:10ED5000EA280020CA280020A4CF02009CCF02008D
:10ED6000C1CF020010B50400024B08C00BF0B3FA8B
:10ED7000200010BD94C0020010B50400024B08C072
:10ED80000BF0BEFA200010BDA4C00200064B70B507
:10ED9000040003604068002804D005690CF08FFC73
:10EDA0002800F8E7200070BD84C00200064B70B553
:10EDB000040003604068002804D005690CF07FFC63
:10EDC0002800F8E7200070BDB4C00200064B70B503
:10EDD000040003604068002804D005690CF06FFC53
:10EDE0002800F8E7200070BDC4C00200064B70B5D3
:10EDF000040003604068002804D005690CF05FFC43
:10EE00002800F8E7200070BD04C10200064B70B571
:10EE1000040003604068002804D005690CF04FFC32
:10EE20002800F8E7200070BD14C10200064B70B541
:10EE3000040003604068002804D005690CF03FFC22
:10EE40002800F8E7200070BDA8BF0200064B70B58F
:10EE5000040003604068002804D005690CF02FFC12
:10EE60002800F8E7200070BDB8BF0200064B70B55F
:10EE7000040003604068002804D005690CF01FFC02
:10EE80002800F8E7200070BDC8BF0200064B70B52F
:10EE9000040003604068002804D005690CF00FFCF2
:10EEA0002800F8E7200070BDD8BF0200064B70B5FF
:10EEB000040003604068002804D005690CF0FFFBE3
:10EEC0002800F8E7200070BD74C0020070B5FC3067
:10EED000046C0500002C0DD124200CF0FBFB064B2C
:10EEE00044608361054B8460C46004614461C46113
:10EEF00003602864286C70BD74C002005CC102000D
:10EF0000104B10B5083303600F4B0400C36080231F
:10EF10000E4A5B00C250C018FCF7DCF820000C4B16
:10EF2000B830E360FFF7B2FF2000AC30FFF79EFF80
:10EF30002000A030FFF78AFF20006C30FFF776FF3B
:10EF4000200010BD88C10200D0C1020028C3020009
:10EF5000E8BF0200F8B505000400AC356B68AB6093
:10EF6000A868002807D0C36821009847AB68002B29
:10EF7000F4D01B69F3E72500B0352868002804D0D9
:10EF800006690CF09CFB3000F8E72200FC212860A9
:10EF9000583213780B40137023005C331870200034
:10EFA0000A300BF076FA200034300BF072FA606E03
:10EFB000002804D005690CF082FB2800F8E7250042
:10EFC000983560662868002804D006690CF077FB45
:10EFD0003000F8E72600A43628603568002D05D0FB
:10EFE0002F6928000CF06BFB3D00F7E7200035602F
:10EFF00029000C226C300CF0BCFB2000074BE567AD
:10F00000A36729000C2280300CF0B3FB2300044AD4
:10F010008C33903428001A602560F8BD41A10200AD
:10F0200033A10200444AF0B50600C260A022434B5F
:10F0300016360833036001000023428204003200C8
:10F0400085B003718360037483823531137001329C
:10F050009142FBD1802580222000AD00D201F377C0
:10F060003584110000933830002300F09DFD23000B
:10F070002100403303931A002B0000255F311570E7
:10F0800001328A42FBD1039AFC21D57722006032FB
:10F090001380137920000B401371230068331D7017
:10F0A000274B2567E3660C22002178300CF061FBCA
:10F0B0002300270088331D60224B0837FB67843705
:10F0C00000210C2238000CF054FB1F4B1F4AFB6040
:10F0D0002300A0333D611A601D4A5D60DA601D4A5D
:10F0E0001D619A61DD6130000BF0D3F903980BF0DC
:10F0F000D0F9194B601CE3602300C4331D705D70B0
:10F100009D70FF3002F0C6FB8C235B00E5502300AE
:10F110001933FF335D618023104A5B00E250230006
:10F1200001222000FE3352425A86023B9D63DD637A
:10F130001D6405B0F0BDC046E8BF020088C10200F2
:10F14000A8BF020041A1020033A10200B8BF020023
:10F15000C8BF0200D8BF0200D0C1020028C302000D
:10F1600070B5074C2368002B07D1A02040000CF09D
:10F17000B1FA0500FFF756FF2560206870BDC04654
:10F180004826002070B50C220D00002104000CF070
:10F19000F0FA00232361024B25602000E36070BD7C
:10F1A0004FA1020070B500250400254B8580036047
:10F1B000244BC5608360244B85614361234B4562CA
:10F1C0000362234B0563C362224BC563836329003B
:10F1D0004430FFF7D7FF200029005830FFF7D2FF57
:10F1E000200029006C30FFF7CDFF1B4B220023606D
:10F1F00023008032F83320C29342FCD126001D0048
:10F20000E936FF3628000822002108350CF0B1FA53
:10F21000AE42F7D18E2300229B00E11804C6B14212
:10F22000FCD18E2300219B00E2540C4B0C4AE318C6
:10F23000A218198002339A42FBD1200070BDC0464B
:10F24000D4C0020084C0020094C00200A4C0020026
:10F25000B4C00200C4C002005CC202003A02000056
:10F2600062020000024B0B60092313607047C04626
:10F27000E6CF020010B504000020FFF771FF03681D
:10F280001B6998470300F3331C7086235B00C05052
:10F2900003000021044AFC335A61044A99615A620E
:10F2A000F4300BF0AAFF10BD6FA7020081A7020087
:10F2B000012110B5044A080001F064FA00239842C5
:10F2C00000D00B33180010BD75F20100F0B593B0FB
:10F2D000019000200C00FFF743FF03685B6A98472A
:10F2E00000F058F906AB00280ED000221A7105AACA
:10F2F0000692082218001A730AAA9A6000F01AFAF5
:10F30000002803D013B0F0BD1871187300272773BD
:10F310002771019BBA331B78BB4242D907237B4339
:10F320001A000199BB32CB18BB331B788A180292A2
:10F33000022B2ED1002506AE337BAB4223D9AB0086
:10F340000393089BAA00995802980BF0F4FA00283E
:10F350001CD0B3689C46AB001900237B6144029328
:10F360009A000868A368D050029B01332373337B53
:10F370005A1E954205D00C481B1860469B001B582E
:10F380000B6006AB1A730137FFB2C2E70135EDB26D
:10F39000D1E72379216802989A00013350502371F4
:10F3A000F1E70020AEE7C046FFFFFF3F70B50C78E5
:10F3B0000222012C08D04B88032C07D1A03B0B4D17
:10F3C0009BB22200AB4207D9100070BD203B084C15
:10F3D0009BB20322A342F7D8064B8C8803229C429F
:10F3E000F2D80BF06DFA0200EEE7C046603F000075
:10F3F000E03F0000FF3F0000F0B59DB01E006B46EF
:10F400005F1C3A7005000622981C0CF096F902ACBD
:10F41000002E2FD03388238073886380B388A38025
:10F42000F388E3800CAB04A9049314AB8B602E002B
:10F430000023B9360B710B733378002B22D10122D4
:10F440003378022608A9134058000B78B3430343CE
:10F45000229804AE4E6000281BD12800323000787C
:10F460009343104003430B70AB8D0B81EB8D4B81AD
:10F470002B8E1CE032232380DB186380F533A680BB
:10F48000FF33CEE72800FFF721FF0028D7D01DB0BB
:10F49000F0BD229893438079104003430B70229B68
:10F4A0001B880B81229B5B884B81229B9B882200BF
:10F4B00038008B810BF094F8030000208342E6D0E3
:10F4C0000630082BE3D006D80130042BDFD083426E
:10F4D00009D10420DBE70520112BD8D0034A934241
:10F4E000F7D0102BF5D00B20D1E7C0460232000038
:10F4F00070B500200D00FFF733FE03685B6A984784
:10F500002B780400142B1ED003D8132B0CD0002012
:10F5100070BD152B1FD0222BF9D16B681888236979
:10F52000002BF4D09847F2E76B68012518889B7888
:10F53000646819005A08DB0629402A405B0F002C3A
:10F54000E5D0A047E3E76B6818889978A368002B9B
:10F55000DDD09847DBE76868827813091207120F3D
:10F56000012A03D0022A0BD0002106E0013BDBB2C6
:10F570000021022B01D8064AD15C0088E368E6E747
:10F580000421012BF9D00131022BF6D0ECE7C04663
:10F59000EFCF0200014B18787047C046EB280020DF
:10F5A000F0B51D000023304F87B000923A78060076
:10F5B0000C009A4204D100F00BFF002803D00B236B
:10F5C000180007B0F0BD002D0ED003A9222003952E
:10F5D0000BF0AFF9002807D006230828F0D0113827
:10F5E000434243410433EBE702ABD81C00230370D2
:10F5F00001F0E2FA0028E2D101251C4902220B7831
:10F600002E40AB433343072693430193009B2C408A
:10F6100033409340AC409C46019B02AA1C431C23F0
:10F620009C4363461C430E239B181880104B0C70A0
:10F630000393022303AC2371093002AB0522C018E7
:10F640000CF07BF821000B4801F020FB002807D0CC
:10F6500033000428B4D0013B0828B1D00533AFE70C
:10F660003D700300ACE7C046EB2800208920002055
:10F67000F1F40100EC28002010B5074801F0DEFB92
:10F680000023984206D00733042803D0013B082802
:10F6900000D00533180010BDEC280020002373B5FE
:10F6A00001930F4B01AD1B780E0029002B7001F068
:10F6B0008FFE041E05D00423052800D00733180050
:10F6C00076BD3100280001F01BFB23000028F6D096
:10F6D00007230428F3D0013B0828F0D00533EEE7D8
:10F6E000EC28002073B56B46114C0E000500052276
:10F6F0002100D81C0CF021F8012E03D0022E11D0CD
:10F7000002230DE002222378B343934323706B4618
:10F710002800D91C0BF00BF90023984200D00B33C2
:10F72000180076BD012322781343B343EEE7C046A9
:10F7300089200020094B10B51A7801000923002AFE
:10F7400009D0074801F014FB0023984203D003338B
:10F750000E2800D00333180010BDC046EB2800204F
:10F76000EC28002013B504680093A46813000A0075
:10F770000149A04716BDC046FFFF000037B506ACE3
:10F780002578046801950093246913000A00014953
:10F79000A0473EBDFFFF0000F0B587B00D0000247C
:10F7A00069466F4616004C800DAA0CA9098812788C
:10F7B00039800193A2421BD101004479F83194426F
:10F7C0000DD908310F00083F3F88B7421BD13021C7
:10F7D0002032920012580132D27F0A4215D16A4675
:10F7E000310028000BF0BBF8002808D1062407E000
:10F7F0006A46310028000BF0B2F8002800D003243C
:10F80000200007B0F0BD0132D9E710210A40514273
:10F810004A41002002ACE3600CABA360174B0132FD
:10F820002680A270A0809D4207D1FFF799FC036853
:10F830001B6998470BF041F80500210028000BF0E8
:10F8400092F8002482B2A242DAD0112A13D00BD847
:10F85000082ACBD06A46310028000BF080F8052436
:10F860000028CDD0023CCBE7054B9A4203D0054B94
:10F870009A42EFD1BAE70524C2E7C046FFFF000075
:10F880000330000001340000F0B5050099B0080015
:10F890002E240C9100F00EF906ABE4181290220011
:10F8A00012A901200BF059F8002802D0032019B04A
:10F8B000F0BD23880C9A0B9093830C9B0B9A1B7DB5
:10F8C000934200D8C6E06B791D2B01D90720EEE7E3
:10F8D0000C9B9B690D930B9B0D9A9B009C58636935
:10F8E000002B07D1638B002B04D1631CDB7F022B21
:10F8F00000D1AAE0200000F0DDF823000026283324
:10F9000012900E960D960F930F9B1B78B34221D940
:10F91000626AB3009F58342206AB9B1800221A700B
:10F920000023002113AAD21801335170102BF8D1F3
:10F93000462206AB9B184A4A13A938001A800BF0DE
:10F9400091F8002803D07B690D937B8B0E930136D1
:10F95000F6B2D9E76979A31C1F31C9006918621C86
:10F96000DB7FD27F089121002A310978002007919E
:10F9700021002931097806910E9905910D9904917C
:10F98000217F0391218B0291618B0191616900912B
:10F9900012A90BF0E9F9002800D087E76B7907007E
:10F9A0001A00203292001F335451DB005B5BE3836B
:10F9B0006B7901336B71230028331B78BB4244D928
:10F9C0008E239B00EB5C132B00D97FE7626ABB00A0
:10F9D0009E580023180013A90B70CA1801335070E9
:10F9E000102BFAD11E4B30004B820BF03BF80D90E0
:10F9F000002827D1300000F05DF88E2189006A5C74
:10FA0000738B1E32FF325200AA180292327F12907C
:10FA10000192328B12A9009272690D980BF04EFA86
:10FA2000002800D042E78E2189006A5C531CDBB2BB
:10FA30006B541D337A32FF3392005B005651EB1842
:10FA40005B88F3830137FFB2B5E70B980130C3B28F
:10FA50000B9332E72B79002001332B7127E7C04647
:10FA60000129000070B505000AF041FD04000620E0
:10FA7000002C1CD128007822210080300BF079FE68
:10FA80002800E93050222100FF300BF072FE2800E0
:10FA900008222100F8300BF06CFE054B2822E818F4
:10FAA00021000BF066FE8E2320009B00EC5470BDFD
:10FAB0003A020000F0B5438A85B00193037805004F
:10FAC0000126002B35D0214A002411008319009310
:10FAD0001F4B1F68A74210D00023981E012804D98D
:10FAE0000098D65CC05C86422CD10133102BF4D137
:10FAF00011235C4309190E7C1BE000980BF01DF9E3
:10FB00002B7807000600002B01D112350095042C3C
:10FB10000FD0112565430D4B10225D190099280067
:10FB20000BF00BFE0023AB70EB70094B01342F740C
:10FB30001C6003AB9E705888019B000403431800AF
:10FB400005B0F0BD01341132C4E7C046ED280020F5
:10FB50004C2600201FB5002302ACA380283323804D
:10FB60006933FF336380E3806B46D81D1123052280
:10FB700003700C490BF0DAF980B200280FD1802015
:10FB800080000BF0CFF980B2002808D120000BF0E4
:10FB9000CBF980B2002802D10BF0C2F980B204B0D8
:10FBA00010BDC046F2CF0200F7B5FA26B600714389
:10FBB000009308AB1B780400080013491700019359
:10FBC00002F0F8FD85B23000258078430E4902F03E
:10FBD000F1FD009B80B2A380019B6080A371032D87
:10FBE00001D80423238080232288DB019A4200D994
:10FBF0002380032801D80422628062889A4200D9B7
:10FC000063802000FEBDC04671020000064B10B5A7
:10FC1000586980235B05421C04D0196989B202F03F
:10FC2000C9FD10BD5869FCE700100010034B10B56A
:10FC30001B78034A9B009B58984710BD322900202F
:10FC400084C202000B0037B50C24020018009D6826
:10FC500009786C43044D08302D680095034D1B69ED
:10FC60006459A04737BDC0465026002054260020C6
:10FC700080225205116914220E4B10B5187889B2F2
:10FC800042439B181A69501EDA881B898018C018D5
:10FC900002F090FD084B1A680123824207D300232B
:10FCA000824204D1054B1B6858424341DBB2180025
:10FCB00010BDC046602600208C260020A42600200F
:10FCC000082310B5034A116899431160FFF7AEFF8E
:10FCD00010BDC04690260020094910B50A681307D8
:10FCE0000AD4930702D5012313430B600222054B6C
:10FCF0001A70FFF79BFF10BDFFF7E2FFFBE7C0465E
:10FD00009026002032290020064B10B51B681B07E7
:10FD100005D40122044B1A70FFF788FF10BDFFF7CE
:10FD2000CFFFFBE7902600203229002010B50028E5
:10FD300006D0112805D10823094A11680B43136026
:10FD400010BD1423074A1178594304315118FFF7A5
:10FD500079FF0422044B1A7000F090F8F0E7C046D7
:10FD600090260020602600203129002070B5142440
:10FD70008025114B6D051A78104E54431C192B69C0
:10FD800021692089E2889BB2401861699A420DD9A5
:10FD90002C69A4B2141B2A69091992B2920820187E
:10FDA0000BF0CAF82B699BB2336070BD92080BF060
:10FDB000C3F8E388F8E7C046602600209C260020B0
:10FDC00070B58025094B6D052A691B6894B2013B0B
:10FDD0005C43FFF71BFF2B69411E9BB25943044B49
:10FDE00020001A680BF0A8F870BDC0468C260020D1
:10FDF00094260020142270B580260E4B76051978C3
:10FE00004A439B181A89DC881B69A4183169E418D5
:10FE1000200089B202F054FD0D00FFF7F7FE3369B0
:10FE2000411E9BB25943044B49191A6820000BF03C
:10FE300083F870BD60260020A426002010B5FFF7CF
:10FE4000E5FE8022074952051369146909681269A1
:10FE5000A4B2614392B2441E98B2920860430BF080
:10FE60006BF810BD8C26002010B5034B18680BF002
:10FE700061F8FFF75BFF10BD8C260020F0B52B4B1F
:10FE800085B0187803280ED802F08AFC020F124DB4
:10FE90000023274A1360274A1360274B5B78002B07
:10FEA00001D000F0F5F805B0F0BDFFF75FFFFAE70D
:10FEB000224C14252368802701930123019A7F0592
:10FEC0009A431D4B226002921A78396955435D1995
:10FED0002B6989B21800039302F06CFC184B0600E2
:10FEE0001860039B3969581EEB8889B2C01802F06C
:10FEF00061FC864210D10223029A13432360114B06
:10FF00001A68114B002A0CD121680232114208D123
:10FF10001A70FFF78BFEC6E70323019A9A4313007A
:10FF2000ECE70022F4E7FFF79FFFBCE73129002050
:10FF3000A02600209C26002060260020902600207D
:10FF40008C260020942600203229002014230C2027
:10FF5000F0B58025484A85B011786D054B43D3181C
:10FF6000DF68464A78431218148950895268604302
:10FF7000821829691C890292DA881E6913199B1953
:10FF80000193002303923E4A89B21360300002F0CD
:10FF900097FC2A00002918D12B6903999BB299423A
:10FFA00005D0029B01998B424ED1002C58D111698A
:10FFB000300089B202F0FEFB324B18600323324A54
:10FFC0001370FFF75BFF05B0F0BD022FEFD029697A
:10FFD000A01989B202F074FC2C4B89081960019AAF
:10FFE000029B2969934220D089B2019802F068FCF3
:10FFF00000291AD080246B4664052169188989B2CA
:020000040002F8
:100000009F8802F0D7FB26690500B1B2380002F0E4
:10001000D1FBADB280B2854209D16B466A461B89DD
:1000200092889B1A164A9B0813600223C7E723692C
:100030002169380089B29CB202F042FC89B2641A8C
:100040000F4BA4081C60F0E7022FB0D02969A0195B
:1000500089B202F035FC0D4B890819602969C3E7A4
:10006000022FA4D02969A01989B202F029FC074BFC
:10007000890819602B69D8E76026002054260020E3
:10008000A42600208C260020312900209426002060
:1000900014220D4B10B519784A439B18D9880B4A86
:1000A0001B791160DAB2012A05D0002A02D0033B85
:1000B000012B05D910BD064B1A70FFF7DFFEF9E7DB
:1000C000FFF744FFF6E7C0466026002050260020D8
:1000D00031290020F7B5124E0193757808AC2788B6
:1000E0000424022D19D034786419012C00DD023C5F
:1000F00014235C4334196261220020710C3209C957
:1001000009C2019B2781E3800024064B01351B783F
:100110007570A34201D1FFF7BBFF2000FEBDC046B2
:10012000602600203129002070B51424114D0020D4
:100130002978614304316918FFF784FD2300002208
:10014000012029784B43EB181A71DA80D8601A61C4
:100150005A611A816B780918013BC9B26B70022988
:1001600005D02970044B1A70FFF788FE70BD2A7005
:10017000F8E7C04660260020312900201422084BF1
:1001800010B519784A439B181B79042B02D0FFF74E
:10019000CBFF10BD0122034B1A70FFF76FFEF8E78B
:1001A0006026002031290020F8B508241E4E37684B
:1001B0003C4035D180235B0519691C4B1D68002D1F
:1001C0001BD014221A4B89B2187842439B181A6923
:1001D000501EDA881B898018C01802F0EBFA154B04
:1001E0001B68984209D1144B1C6001231F43134B19
:1001F00037601C70FFF71AFDF8BDFFF739FD0028C6
:1002000006D000220C4B1A600C4B02321A70F1E738
:10021000002D02D0094B0322F8E7FFF7AFFFEBE711
:10022000FFF74EFDE8E7C04690260020A4260020F8
:10023000602600208C2600209426002032290020F1
:10024000054B10B51B681B0702D4FFF797FF10BDC5
:10025000FFF736FDFBE7C0469026002070B5174D2E
:100260002C68230727D4164A136801331360154BF3
:100270001B68002B05D00422134B1A70FFF7D6FC25
:1002800070BDFFF7F5FC002802D00F4B0222F4E707
:100290000E4B1B68002B0BD0012321000A4A19408A
:1002A00003D123432B601170E8E703231370E5E7C4
:1002B000FFF764FFE4E7FFF703FDE1E79026002086
:1002C0008C2600209426002032290020A42600201D
:1002D0001E4B10B51B78022B30D0032B19D0012BED
:1002E00013D108211A4A13680B4222D11423194A48
:1002F00011784B43D218184B1968D3885B1A9BB2FC
:10030000D380002B02D1FFF70FFF10BDFFF72EFDAA
:10031000FBE708210E4A13680B420AD10F4A136803
:1003200001331360FFF7A4FC002804D1FFF726FF78
:10033000EBE78B431360FFF7A1FDE6E7084B094AA3
:100340001B789B009B589847DFE7C0463129002067
:1003500090260020602600209C2600208C2600206D
:100360003229002098C2020070B5154C042522786D
:100370001300AB4303D002281FD0032800D070BD68
:10038000104B1B681B0718D40F490B6801330B6017
:10039000032B07D0022A02D0FFF770FDEFE7FFF72B
:1003A00045FCECE71423094A0D2011785943043128
:1003B0005118FFF747FC2570EEE7FFF789FFDEE7EE
:1003C0003129002090260020A02600206026002051
:1003D00010B501220024154B1C801C71DC80DA60F2
:1003E0001C615C611C811C765C831A625C629C628D
:1003F0009C830F4B1C80FFF709FC80235B051B6966
:10040000821E98B2504304220A4B18600A4B200007
:100410001C600A4B1C609C60094B1C70094B1C60E3
:10042000094B1C60094B1A6010BDC04660260020B5
:100430006C280020982600208C26002054260020BE
:1004400031290020A02600209C2600209026002094
:100450002A4BF7B51B6804000E0008205B070FD578
:100460000630002C0CD000290AD02368002B07D0BE
:1004700080277F053A69A38892B2934201D9072069
:10048000FEBD0F2BFBD9E288002AF8D053431C494C
:100490000D685B190193FFF7B9FB3B69421E98B2E7
:1004A0005043019B8342EAD8A2889307E7D1154BBA
:1004B00004201F88012FE3D00C237B4312483760B0
:1004C00075602668C1184D601E500A81E08880243E
:1004D000488164055043236921699BB2C0180138E3
:1004E00089B202F0F1F92469054BA4B260434519C1
:1004F0001D60044B01371F800020C1E790260020BB
:10050000982600206C28002054260020104B30B57F
:100510001C680823640717D50633002814D0002A66
:1005200012D00368002B11D10A4D2C68002C0DD07D
:100530002C89406861430918688944436868241815
:10054000A14203D213605160180030BD0723FBE7BE
:100550009026002054260020F7B505001A480468AC
:10056000082064072FD5063000292CD0002D2AD072
:100570002C680738002C26D1144884466446246829
:100580000720002C1FD060460689448940687443C8
:100590006F6824180720A74215D2002A13D096426C
:1005A00011D3D418A6420EDB0324093021420AD10C
:1005B000234208D1274206D100930F3813000A00C6
:1005C0002900FFF787FDFEBD90260020542600205D
:1005D000F7B505001A480468082064072FD50630CF
:1005E00000292CD0002D2AD02C680738002C26D1C9
:1005F00014488446644624680720002C1FD06046B7
:1006000006894489406874436F6824180720A7420C
:1006100015D2002A13D0964211D3D418A6420EDB6D
:100620000324093021420AD1234208D1274206D1AE
:1006300000930C3813000A002900FFF74BFDFEBDA4
:100640009026002054260020F0B51700224A85B0DD
:10065000126802900D009C460824530734D50634D6
:10066000002931D000282FD00C68002C2FD11B4E30
:100670003268002A2BD030897289736842434968F6
:10068000D218914223D2002F21D0B8421FD3634603
:10069000FA1890421BDB0322029B134219D16346D6
:1006A000134216D10A40039213D161443A000298D2
:1006B0000BF043F80C232A68009753430221F658A5
:1006C000039A029B2800B047200005B0F0BD072424
:1006D000FAE71024F8E7C0469026002054260020B0
:1006E000F0B51E4B05001B6885B00E0008205B07A7
:1006F00032D50630002D2FD02B680738002B2BD198
:10070000174A1368002B27D01789536852896C68E1
:100710007A43D218039294421ED20930A2071BD109
:10072000E01A390002F0CCF80720002914D1390072
:10073000300002F0C5F889B2072000290CD1002E44
:100740000AD0039B3419A34206D30022330000923F
:1007500029000438FFF7BEFC05B0F0BD902600204C
:10076000542600200120054B10B51A78504018700F
:10077000034B1B68002B00D0984710BD3329002085
:10078000A82600200C4B70B5050015200C001A603F
:100790000AF0ECFB00280ED1290015300AF0E8FB26
:1007A000002808D115300AF0DFFB002803D1210012
:1007B00003300AF0DFFB70BDA82600200E23F0B541
:1007C00089B004AA13800C22039001914B7826492A
:1007D000534304AACB1811001889023103230AF0ED
:1007E000D3FB002820D1019B18255B781F4C1F00EC
:1007F0006F4300933B000833E318029304AB1E8859
:10080000991C320002980AF089FF00280FD10C22AF
:10081000009B5343144AD318997A0223194003D1F9
:10082000E0192A000AF0A5FF002009B0F0BDE71981
:100830007B680F4F002B00D00E4F18250322009B22
:1008400002986B43E250E3185E6004AB3200991CDF
:100850000AF073FF019B2A005978039869433823F3
:100860006118B847E0E7C0466E280020D426002073
:1008700059050200D1050200F7B504000E006A46D2
:1008800081782048FFF742FE00283AD10C23627895
:100890001D4F5A431D4B9B189B7A5B0605D4022EB5
:1008A00003D01B4F012E00D01A4F1C25A1781A4BE4
:1008B00069432A00C91868460023B84700281ED19A
:1008C000022E1ED00C226178104B4A439B189A7A54
:1008D0004030694382439A72104B2A005918684687
:1008E0002B00B8470C23227821005A430C4B684652
:1008F0009B189B7A0B4A9B009B58984701E0022E5D
:10090000F0D1F7BD98270020D10502006E28002005
:10091000590502008DAF0200F0260020B826002005
:10092000AC260020CCC20200F7B518220190437813
:1009300028485A4381184C68274F002C30D00C218E
:1009400059437918897A4DB2002D28DA490626D400
:100950001500A6B20835145845190C225343FB184C
:1009600018893200230029000AF00CFB0B281AD149
:100970000C22019B29005B785343FB181889320035
:1009800001230AF0FFFA0C21019B144A5B784B43C8
:10099000FF1838890AF0F4FA00280AD1FEBD0024B5
:1009A00026002500D9E7002800D00D48012CF5D1FC
:1009B000E9E702220B4BC318934308D0082806D05E
:1009C000113843425841064B40421840E6E704487C
:1009D000E4E7C046D42600206E280020FFFF000078
:1009E00041800000FECFFFFFF8B5182507004878CA
:1009F000094C68430E00201838232A003900FFF7FD
:100A000023FE002806D173785D43641963680133BF
:100A100000D16060F8BDC046D426002070B51C240B
:100A20004443050020000D4E1130A4198019062200
:100A300000210AF09EFE1022002120000AF099FEFB
:100A4000FF232374A376013BFF3B23830233AB4098
:100A5000034A11689943116070BDC046F02600201A
:100A6000EC26002037B581B205006A460748FFF73B
:100A70004DFD041E08D154216846FFF731FE041EC7
:100A800002D12800FFF7CAFF20003EBD98270020B2
:100A9000F0B51D00414B93B01B6801900F0016008C
:100AA000002B36D0189B542B33D8FF22002403ABE5
:100AB0005A709A70DA701C7002AB1C74189B0B95FC
:100AC0000A93A1B204AA3648FFF720FD002822D1DC
:100AD000082204A901980AF021FE00281BD103ABCB
:100AE0009C7003ACA178FF2913D0032F19D1189A59
:100AF00006AB542A13D1343A1A70032219780A43E8
:100B00001A7009AB0793254B32001B6806A9200019
:100B1000984713B0F0BD0134062CD2D1E1E7402252
:100B2000EAE7204BEB1AA72B15D81F480368002EC5
:100B300003D101228A401342EBD001228A40934321
:100B40002022036006AB1A7006AB19780222022F2E
:100B5000D5D10122D3E7154BEB1A1B2B09D8202244
:100B600006AB1A70002363700CAB0B9318230A9327
:100B7000EAE70F482D1A172DCBD8302302AA137499
:100B8000002363700133E3700A4B997A0223194002
:100B9000DAD118220AF0EDFDD6E7C046AC260020D7
:100BA00098270020F0260020EC260020B826002000
:100BB000D42600206E280020F0B5060085B000285D
:100BC00050D00024284B29481C605C729C72012381
:100BD0005B420381FE3B0722210043810AF0C9FDED
:100BE0001822210022480AF0C4FD20000134FFF73A
:100BF00015FF062CF9D11F4B1F4D01931F4B2900E8
:100C000068460093FFF724FC00281CD101231C4FE9
:100C100034783B70002C1CD11C26A1B202AA2800FB
:100C2000FFF774FC00280CD133006343154A02A976
:100C30009B189C461C2203006046FFF705FD002818
:100C400003D000233B7005B0F0BD0134062CE4D185
:100C5000F9E76B469988DB882800594389B2FFF78A
:100C60003FFDF0E70848EEE7AC2600206E280020A4
:100C7000D42600205400060098270020910A020084
:100C80004B290020F02600200E800000F8B5174BFD
:100C900006001B780F00002B22D0002822D000294C
:100CA00020D00B68002B1DD0114D2C68002C1BD1BF
:100CB0002800053108C005220AF03FFD012102226B
:100CC00004203B79AB722B7A8B43134383432B7203
:100CD000EB7919430A4382432000EA713470F8BD6E
:100CE0000448FCE70448FAE70448F8E74B290020E9
:100CF000AC260020088000000E8000000480000068
:100D0000154B1B78002B22D000281ED000291CD0A8
:100D10000378002B1BD1114B1B68002B17D0427896
:100D2000002A16D10E4B9B7A012B12D0242018409A
:100D300003D0012310000B7070475BB2002B02DA66
:100D400002230B70F8E70870F6E70648F4E7064858
:100D5000F2E70648F0E7C0464B290020AC26002009
:100D60006E2800200E800000088000001080000027
:100D7000F0B52B4B85B01B78002B4FD000284BD003
:100D8000002949D00B689C46002B45D08B68009306
:100D9000002B41D00378002B40D1224A1268002A50
:100DA0003CD00224204A1C26D07A0190927A180066
:100DB000224002921A000394019C9C4221D00C7B99
:100DC00084420CD9350003275D43184C2C19A57EAD
:100DD0003D40022D03D1009F8500EC5101300C797C
:100DE000944211D934005C43104D039F6519AD7EC8
:100DF0003D4209D10E4F95003C1967460132EC5136
:100E000002E0029C002CDAD00133062BD4D1087307
:100E100000200A7105B0F0BD0648FBE70648F9E777
:100E20004B290020AC2600206E280020F026002050
:100E3000002700200E80000008800000104B70B5D5
:100E40001B78002B1AD0002816D00478002C15D15E
:100E50000C4B1B68002B11D020001C252B0063437A
:100E6000094A9B189B7EFF2B02D02000FFF7FAFD5A
:100E70000134062CF2D170BD0448FCE70448FAE7BF
:100E80004B290020AC260020F02600200E80000018
:100E9000088000000048704791800000194A030054
:100EA000127810B50800002A2AD0002B26D000297D
:100EB00024D01C78002C23D1134A1268002A1FD09A
:100EC0009A78FF2A0CD15B78FF2B07D00C214B437B
:100ED0000E49F83AC9188B7A9B070BD40C480CE0E2
:100EE0001C2102234A430B4989188C7E1C40F5D1F2
:100EF000072210310AF021FC200010BD0648FCE753
:100F00000648FAE74B290020AC2600206E28002076
:100F100005800000F02600200E8000000880000000
:100F2000F0B5234B8BB01B7806000C00002B3BD098
:100F3000002837D0002935D00378002B34D11D4A42
:100F40001268002A30D0817805292FD81C252A0064
:100F50004A4319488218907EFF2827D02261174AF9
:100F600003AF6260E3606361A360276089B201AA96
:100F70001348FFF7CBFA002812D12B002A0001A951
:100F80003800FFF761FB00280AD1E060B3786061A8
:100F90005D43094BA060ED18084B25616360276035
:100FA0000BB0F0BD0748FBE70748F9E70748F7E74C
:100FB0004B290020AC260020F026002034290020F8
:100FC000982700200E80000008800000108000009C
:100FD00013B5040081786A460B48FFF797FA00289A
:100FE00010D11C226378094853436946C018130086
:100FF000FFF72AFB064B074A9B7A21009B009B5870
:101000006846984713BDC04698270020B8260020A0
:10101000AC260020BCC2020070B5050000241C26CE
:1010200031006143064B2800C9180AF00FF8002868
:1010300003D10134062CF3D1F934200070BDC04631
:10104000F0260020FF23F0B5BE4A8FB01278009042
:101050000393002A41D0BC4A12680192002A3CD076
:1010600004AC6370A370E370030005AE04337360D7
:101070002A2333810023B54F23700388BD7A102BB8
:1010800028D08288A90707D5B1498A4200D135E125
:101090003989914200D131E1172B00D1C9E000D943
:1010A00031E1132B52D0142B27D0112B15D1022351
:1010B0002A009A431300BA722A0716D55BB2002B96
:1010C00003DA00212000FFF7D7FB1023BB720233A5
:1010D000337008E0EB0700D546E10FB0F0BD0136F4
:1010E000062E00D05AE100257CE0A078FF28ECD045
:1010F000FFF794FCFF23A370E7E7944EF37AFF2BEE
:1011000014D1009B934AD9891C20002394460200E5
:101110005A436244128B8A4214D10822DBB215432F
:10112000FB72BD722000A370FFF752FFF37A8A4969
:10113000FF2B00D10021009B864A9888002309F0EC
:101140001DFFCAE70133062BE1D1EFE7132333700C
:101150000F3B1D43009BBD72981DFFF75DFF039081
:10116000FF2802D0C0B2A070F872784DEB7AFF2B46
:1011700052D10026E33B18007043764A1018827E55
:10118000FF2A14D12B78022B0ED0FD23103083724E
:10119000F83A29000AF0D1FA03AB1E70039BDBB2C8
:1011A000A370EB72002506E0FE238376F4E7013698
:1011B000062EE0D1694D00211C230B91FA7A0D9186
:1011C0005343644A0991D3180C93634B0A910893D3
:1011D0005D4B1A1D009B988808AB09F0CDFE0028D6
:1011E00000D07AE7584B05AE1B682A00310020007A
:1011F00098473378122B00D06FE75448837A012B3D
:1012000000D16AE701235B420381FE3B4381072251
:1012100000210AF0AEFA60E7162351480E220021A1
:10122000083033700AF0A5FA4023AA7A1343AB7250
:10123000B8E70126444B444A5B7A1420B343537207
:10124000042305AA41499D431070009A8D7292793A
:10125000002A05D0C87AFFF705FC009B9D79C1E7FD
:10126000009AD2791A4200D13DE7A278FF2A00D134
:1012700039E708231D43009B8D72DB7A9B0706D557
:101280001C205043334B1B18987EB0439876CB7A82
:10129000FF2B00D127E71C2353432E4D0878ED1870
:1012A00002280DD02800072210300AF046FA022248
:1012B000AB7E9343AB7601212000FFF7DDFA12E706
:1012C000254B01225B8A2B83AB7EF2E780235B42B6
:1012D0001D43953333701C4BBD729B7A214A9B0092
:1012E0009B5820009847FEE6174B1E4A9B7A200029
:1012F0009B009B589847F0E61323E9E6FA7AA27020
:1013000000226270C8E61C2BF6D0522BECD0182BB2
:1013100000D0E2E6009B9B79112BD7D12B07D5D5C6
:101320000F480E22002108300AF023FA16233370EA
:101330004A331D43044BBD725A7A02231343024AB7
:101340005372D0E64B290020AC2600206E280020E6
:10135000FFFF0000F0260020B82600204380000098
:10136000D4260020ACC20200112333700023637026
:10137000009B07229B8838003B810223BB72009BA5
:101380009D1D29000AF0D9F92800FFF745FE0390BA
:10139000FF280FD100260D4B103300931C20704303
:1013A000009B0722181829000AF0B8F9002800D07D
:1013B00095E603960822B97A039B0A43DBB2FB72D7
:1013C000BA722000A370FFF703FE8CE6F02600201F
:1013D00030B5002913D00A78002A12D10A4B1B68B5
:1013E000002B0ED0FF23094C8B702589FA3B8542D8
:1013F00003D14A70E37A8B701300180030BD044BA0
:10140000FBE7044BF9E7C046AC2600206E2800201D
:101410000E80000008800000F0B5254B85B01B78D9
:10142000DBB20093002B18D0224E234F33685A4270
:101430005A41D2B201923A68002A14D1009C002B82
:101440000BD021E003983B6898472C0019E0280056
:101450003368984729E0002C05D005B0F0BD002C7A
:10146000FBD1009C019403A809F0ACFD009C050091
:10147000052806D00028E5D000221100FDF7B6FBB4
:101480000024019B002BE6D10C4B03A91B880B8089
:101490000B4B1D68280009F09BFD0528DFD00028B4
:1014A000D5D000221100FDF7A1FB002CECD1D9E72B
:1014B0004C290020A0270020A82700207A280020FF
:1014C000AC27002070B504000720002913D08D0739
:1014D00011D109480160094920000A80084A0949D8
:1014E000136009F071FD002805D10122064B16306A
:1014F0001A7009F065FD70BDAC2700207A28002025
:10150000A4270020D5AF02004C29002010B509F017
:101510005DFD03005A1E9341014ADBB2137010BDFA
:101520004C2900200E23002802D0024B1860002313
:1015300018007047A02700200E23002802D0024B7D
:101540001860002318007047A8270020074B10B52B
:101550001B68002B07D09847002803D000221100F9
:10156000FDF744FB10BDFFF757FFFBE7A427002062
:10157000F0B50D788FB0002D00D098E0514C02AB43
:101580009A1D21000823068813803431073B300060
:1015900009F026FD4C4B1B689847B12009F022FD4D
:1015A000002803D02A002900FDF720FB09F01CFDCC
:1015B000002803D000221100FDF718FB434D686995
:1015C00009F014FD0195002803D000221100FDF759
:1015D0000DFB00233E4D300029000493FFF7F8FE79
:1015E000061E3AD108A92800FFF79AFC071E4CD125
:1015F0000C9E07223100200010310AF09EF83100C5
:101600001022E01D0AF099F82000089E11223100F6
:1016100018300AF092F8200031002A3012310A22E4
:101620000AF08BF8200009F0E3FC002803D03A0010
:101630003900FDF7DBFA01230024049303330693FA
:1016400005A904AB280007930594FFF723FCA042EB
:1016500003D022002100FDF7C9FAC02280211D4BD2
:10166000C903520099501968012000231A4C020046
:101670009A400A4200D0E2670133202BF7D1019B48
:10168000586900F02BF80FB0F0BD21002800FFF7DB
:1016900005FC002803D032003100FDF7A7FA200036
:1016A00009F0A6FC0028D8D000221100D3E70322BD
:1016B000012100F031F80028E5D000221100FDF7EB
:1016C00095FAE0E77C28002014200020001000108C
:1016D0004D29002000E100E004E100E0F0B5030046
:1016E000186880F308885868FF2464B2EFF3058512
:1016F000002D01D1A6460047251C061C21273FBA14
:10170000F0B40024002500260027F0B4F92040B2F0
:101710000047C046F0BDC046F0B5060087B00E20B9
:10172000002E23D03788124B06389F421ED0114B13
:101730001B78002B1AD0104D1023697069462B704E
:1017400002300D3BCB80AA700021062268440AF0CB
:1017500010F8338A02AC23800123A3706B4621006A
:1017600006333800A360E56009F09BFC07B0F0BDCC
:10177000FFFF0000512900205229002070B504000D
:101780000D0016000021102209F0F3FF054B320076
:1017900023612900200000F0A3FA034B20001C6005
:1017A00070BDC046A0860100B027002070B5054D71
:1017B00004002B68834203D0016900F04BFA2C60CF
:1017C00070BDC046B027002010B50400034B08339D
:1017D00003601C3000F0B6F9200010BDDCC202002E
:1017E00070B5050004000E4B0E00083308C5280034
:1017F0001822002109F0BDFF002320003100E36121
:1018000023626363A363E364064A23001C3000F091
:1018100069F92800310009F0CEFD200070BDC046F6
:10182000DCC202004FB1020010B5040000F006F85F
:10183000014B2000236010BDF4C202000C4B70B5B8
:101840000360002343608360C36003624362836379
:10185000962304009B01051DC363280000F02EFDA4
:1018600028002200034900F0BBFD200070BDC046E7
:1018700004C3020077B1020010B50400044B0360FA
:1018800009F0B3FC200000F01BF8200010BDC0469A
:1018900014C30200084B10B50833036000234360F3
:1018A0008360C360040000F017F80449206109F068
:1018B0009EFD200010BDC04634C30200AFB202003E
:1018C00010B50400034B0833036009F0FDFC200051
:1018D00010BDC04634C302000048704748C3020030
:1018E00010B5024809F08CFD10BDC04648C3020087
:1018F0000848026803210A4302600749074A084B67
:101900009B1A03DD043BC858D050FBDC05488047D8
:10191000054800472405004068D002000020002050
:10192000B4200020E926020009810100FEE7FEE75D
:10193000FEE7FEE7FEE7FEE770B50E000E4C050081
:101940002100300000F0C0FE28600023E3565A1C3E
:1019500001D1002302E0B3420CD1A368A0220120F0
:101960000649D2002B7188506A221B021343044A95
:101970008B5070BD0C34E8E764C302000070004077
:10198000040500000B4B0C4910B55A580B4C224073
:101990005A5002795C58120222435A508020012288
:1019A000C0001A6019581142FCD1A122D2009858E7
:1019B00080B210BD0070004004050000FF00FFFF72
:1019C00001704B1C0AD001238B404360044BC36061
:1019D000044B0361044B4361044B83607047C04672
:1019E000080500500C05005010050050140500506B
:1019F000F7B5A223A022DB00D205D358BE22019363
:101A0000314B5200995800293FD0C12189005958C3
:101A100000293ADA0024E025C0269C50ED00B602E9
:101A20002A4BA700F85800282CD0294BE35C002B48
:101A300017D0019B0121E3400B4227D02300A022B5
:101A4000C133FF339B00D2059B589B039B0F032B95
:101A50001CD0204B1B68E3400B4217D01E4B1B6869
:101A60009847A023DB05FF187A5932420AD07A59E9
:101A70001A490A407A51019AE240D3071FD57A5990
:101A800032437A5101341F2CCAD1F7BD019B012288
:101A9000E3401342E5D12300A021C133FF339B0073
:101AA000C9055B589B039B0F032BDAD10C4B1B68BA
:101AB000E3401342D5D0084B02211B68D0E78022B7
:101AC000795992020A43DCE700600040BC270020FD
:101AD000592900204028002038280020FFFFFCFF63
:101AE0003C28002030B5040008004D1C1CD00F48D5
:101AF00021600260BE2200200D4C5200A0500D4A11
:101B00008D00AB5001220C4B5A54C122802392000D
:101B10001B06A350094B0A4C99580C40C0210904DC
:101B20002143995040221A6030BDC0463828002019
:101B300000600040BC2700205929002000E100E09F
:101B4000FFFF00FF00210368014A9B009950704786
:101B5000BC27002070B5A024E0250068E4058300C0
:101B6000ED001B195C591F4E34405C511E4D012481
:101B70002E68002A26D0A14203D181400E432E6058
:101B800006E0022904D18440184A11680C4314600D
:101B90002A680121C2400A4204D1144A1268C24094
:101BA0000A420ED0A021A222C905D2008958F132E2
:101BB000C140FF329858C90711D5C021890201439D
:101BC000995070BD012902D181408E43D7E7022987
:101BD000DED1844005490A68A2430A60D8E7802123
:101BE000ECE7C046FFFFFCFF402800203C28002017
:101BF0000368074A9950074AFC33196A002902D042
:101C0000002018627047013A002AF6D10120F9E756
:101C10001C050000A186010010B50368002A03D04E
:101C2000802202209200985001221C001A62084A69
:101C3000FC34E068002806D00020A322E060D20037
:101C40009B580B7010BD013A002AF2D10120F9E730
:101C5000A186010010B50B4C02680B4BA14205DCBC
:101C60000A498160CC214904D15010BD084CA142E1
:101C700004DC084981608021C904F5E706498160D8
:101C8000CD21F9E78FD0030024050000A0860100D4
:101C90007F1A060090D00300801A060070B5040079
:101CA0001000A025C026C130FF30F600ED058000F1
:101CB00046510800C130FF3080004651A125206800
:101CC000ED004251054A815019002000FFF7C2FF84
:101CD000A02305212268DB00D15070BD0C05000057
:101CE000F8B50E001500040000F0E6FB264AF1B23C
:101CF0001378DBB2012B1DD1507888421AD1977826
:101D0000E8B2874216D16373204B19000022FC31E0
:101D10002360657126718A62A021C9005A501C494E
:101D200020005A5001325A502A003100194BFFF757
:101D3000B5FFF8BD184BE8B21F78012F09D15F78C5
:101D40008F4206D19F78874203D102236373134BDE
:101D5000DBE71778002F04D10123137051709070C6
:101D6000D1E71A78002A04D101321A70597098709C
:101D7000EBE70B4809F0F6FA0023FC2223606571BB
:101D800026719362FFDEC0467829002000300040B3
:101D9000FC0F0000A08601007C29002000400040CC
:101DA000F8CF0200036800221900FC3110B58A62E6
:101DB000A021C9005A5006495A5001325A500522F2
:101DC0000421825641568368FFF768FF10BDC04664
:101DD000FC0F0000036800211A00FC3210B591606E
:101DE00001315961074B9168002905D00024047323
:101DF000FFF7D8FF200010BD013B002BF3D10120DD
:101E0000F9E7C046A1860100036810B51900FC314E
:101E10008A6A0020012A08D1044C1C5988625A6140
:101E20000238A40701D40120404210BDC4040000C0
:101E30000261064A10B54260054A01738260054A94
:101E40001900026009F0E3FB10BDC0460405005014
:101E5000100500500007005000210C4A03005156A5
:101E600081420ED00121515681420CD0012092783E
:101E7000404252B29A4203D10330054B187040B22F
:101E800070470020F9E70120F7E7C0468E200020C8
:101E9000802900200023134A30B5D35683421DD039
:101EA0000123D35683421BD00223D356834214D13D
:101EB0000223190045310C480C4CFF3189000C50AD
:101EC00001210D005C00601C8540A140A120084C50
:101ED0002943C0002150FF21D15430BD0023E8E741
:101EE0000123E6E78E20002000600040031F02006F
:101EF00000F00140F8B50023114C0600E356114DE7
:101F0000013314D00123E356013315D00223E356E5
:101F1000013313D028780321013000F0BBFD0F00FE
:101F200060562970FFF7B6FFE65578B2F8BD00207D
:101F30002654287040B2F9E70120F9E70220F7E7BC
:101F40008E20002080290020012370B51E00020091
:101F5000A0258640C132FF32ED0592005351134A4D
:101F60000002AE50A226124A4C001043114A8900CA
:101F70008D18F600E4B2A851C046C046C0460E48CF
:101F8000E20012180D482B6015500D4809189151A8
:101F90000C490D485550043950501900E218914031
:101FA000A3400A4A0B4304498B5070BD0C05000046
:101FB000030013000060004000F001401405000021
:101FC00040A100401C0500004CA100400405000099
:101FD000A820012110B5124A124B1488C000596084
:101FE0001C50548810481C509088A922D200985048
:101FF000802208209200985080200932FF3200038E
:1020000098500A4A1078A222D2009850084A1088A4
:10201000084A985000221960FC331A6510BDC0466A
:102020008220002000A000404405000091200020F4
:10203000802000204C05000070B5012686570D0059
:102040003000FFF709FF0400431C0ED13000FFF7FA
:1020500051FF030051331D49FF331D4A9B0004000B
:102060009950C1B23000FFF76FFF1A4BA200D55054
:102070002A00194B64001B78043BDA40174BE252EC
:10208000002D03D0164B1B689D420ED33000FFF786
:1020900001FF0123A022B340D205002D03D0A121CE
:1020A000C900535070BD0F49FBE772B600210E4ABC
:1020B000074B1165C12280219200090399500B49F9
:1020C000053AFF3A995062B6ECE7C046FFFF0000C0
:1020D00000A0004044280020912000208220002001
:1020E000182000200C050000FCA00040080800009B
:1020F000F8B5244B0D0019780600002926D10122DD
:10210000214B22485A6019501A502148C2271950B1
:10211000043019501F49BF000878A221C900585047
:1021200080210820890058501B491C4C08881C49F4
:1021300058501C49C85904408020C0032043C8514E
:102140008020C00008601A600E4B1A702800FFF74C
:1021500083FE0400431C0ED12800FFF7CBFE0300D2
:1021600051331149FF33084A9B0004009950C1B212
:102170002800FFF7E9FE7570347030000021FFF78A
:102180005BFFF8BD8129002000A00040FC0F00008B
:10219000040500009120002080200020FFFF00FFA8
:1021A0004C05000000E100E0FFFF0000084B70B5A7
:1021B0000D1C0400186801F0D5FC291C01F072F90F
:1021C00001F066FC01002000FFF736FF70BDC0463D
:1021D00018200020F0B50D00234985B00F68BD42DE
:1021E00006D0802204235202954206D9132B01D136
:1021F00005B0F0BD52000133F6E7092BF8DC1B4AAD
:10220000002413702A00043BDA40194B0D601A8039
:1022100002AB9E1DFF233370164B6200D25A164B41
:102220009A421DD0154BA200E35C7370144BD0583A
:1022300001F098FC0090280001F04AFC0190380061
:1022400001F090FC011C019800F054FF011C009863
:1022500001F028F900F0BCFC01003000FFF7ECFEB3
:102260000134032CD8D1C3E718200020912000208E
:102270008020002082200020FFFF00008E20002010
:1022800044280020012310B50A4ADC0014598C426E
:1022900007DD013BDB00D3185A680168064BCA50C2
:1022A00010BD0133112BF0D180210268024B49058A
:1022B000D150F5E7D0C3020024050000F8B50F00A7
:1022C00016000122244BBA400360A023234CDB05F7
:1022D000195905000A431A518022195912060A4356
:1022E0000121B1401A511A598A4396211A511A599B
:1022F0008901520052081A51FFF7C4FF002204203E
:102300002B6817495A506C3958500121996019604F
:102310001900FC31CA6013495A506A6014391F32DF
:102320005A5011495F5009185A501E517B1C03D056
:102330000321380009F05BF9731C03D0032130003E
:1023400009F055F90122094B29001A6008480732A3
:1023500009F0F3F9F8BDC046002000401405000064
:102360006C0500001C0500000C050000582800202A
:1023700084290020962310B5DB00994202DDFFF787
:1023800081FF10BD9E210268014BC902D150F8E7C0
:1023900024050000C1230E4A9B00D15810B5090640
:1023A00003D50C49096A002908D1D3585B0704D525
:1023B000084B0021DB68002B01D110BD0121064B29
:1023C00018680028F9D0054B1B689847F5E7C04608
:1023D00000200040FC20004054280020502800200D
:1023E000034B1960436803499B005A507047C0462D
:1023F0005028002054280020A023F0B52A4EDB00EE
:10240000F25885B000920022A024F250EA23274D12
:10241000274AE4056759DB006251E1580420019125
:10242000E250A1238022DB005203E25080221203FB
:10243000E25009F01FF9A223DB00E15801220296C5
:102440000395C90229D5E3581324DB0C134225D088
:102450000120A023039ADB059F50EA220199D200B4
:102460009950A023029A0099DB00D15005B0F0BD2D
:10247000104B0420EE5009F0FDF8A123DB00EE50D4
:10248000042009F0F7F8A223DB00EB58DB02DFD4CD
:10249000013C002CECD12000DBE71324A025802692
:1024A000ED053603F4E7C046004000404C0700004D
:1024B0000D0600000C050000A023144A1449DB059A
:1024C00010B55A5004315A50124B00211A00FC32F8
:1024D000D1601162A12113221420C9005A500E4A62
:1024E0000E4C9850CC200E4A40049850A2200D4A21
:1024F000C00014500C480D4C145001205050A02224
:102500000521D2009950FFF777FF10BD0C0600009F
:102510004C070000004000400C050000384100401E
:102520002405000000F00140140500001C4000409C
:10253000012310B50D4C0E49A36480239B00CB678B
:102540000C490D4A086D002804D000200865116868
:102550000131116009490B60A923DB001068E358C1
:10256000010C9BB20004184310BDC046009000400F
:1025700004E100E0FC9000405C28002000E100E065
:10258000F8B50F4C636C002B0FD000270D4E67641D
:102590003378BB4209D00C4B1D68FFF7C9FF2D1AD9
:1025A000BD4202DC3770FFF79BF9236D002B05D08D
:1025B000064A13680133136000232365F8BDC04643
:1025C000FC90004082290020602800205C28002028
:1025D00070B51B4D2878002831D10121194B1A4ABA
:1025E000596050608020C005016051680029FCD00E
:1025F00000221649A2205A5004240121C000D960AB
:102600001C5008381A501248C2261A50C122802085
:102610009200000398508020400298500D4AB60066
:1026200090590D4C0440C020000220439051C0241A
:10263000802064008000105110601960297070BD06
:102640008329002000900040FC00004004050000A9
:102650004C05000000E100E0FF00FFFF044B10B557
:102660001B78002B01D1FFF7B3FFFFF761FF10BD0F
:1026700083290020104B70B51B780400002B01D17A
:10268000FFF7A6FF0D4D0E4E2B78002B02D03368BE
:10269000A34210D0FFF74CFF201A0A2803DCFFF7F3
:1026A00047FF0A30040001232B70A823054A346039
:1026B000DB00A4B2D45070BD832900208229002001
:1026C000602800200090004010B50400431C07D093
:1026D00008F0E9FF0400431C02D1024808F042FE62
:1026E000200010BD09D00200224910B50B68DBB2F2
:1026F000012B0FD1204B1B681B070BD11F4BE02474
:102700001A68F02310001840224228D11C4A12688F
:102710001A4227D00B68DBB2012B12D1164A12687D
:1027200012070ED1F021154A12680A40402A08D13A
:10273000134A12680A4204D18021C122C905D2007D
:102740008B508022A3230021D205DB00D1500D4BFA
:102750009960013191609A68002AFCD010BD302840
:10276000D4D0D7E7084B094A1A608022084B1202DE
:102770001A60CFE7E00F00F0E40F00F0E80F00F080
:10278000EC0F00F0FC00004004050040DFFF07C034
:10279000186C0040014B18687047C0466428002040
:1027A00002B4714649084900095C49008E4402BCE4
:1027B0007047C046002243088B4274D303098B4202
:1027C0005FD3030A8B4244D3030B8B4228D3030C01
:1027D0008B420DD3FF22090212BA030C8B4202D3A3
:1027E0001212090265D0030B8B4219D300E0090ACB
:1027F000C30B8B4201D3CB03C01A5241830B8B42D4
:1028000001D38B03C01A5241430B8B4201D34B03BC
:10281000C01A5241030B8B4201D30B03C01A524121
:10282000C30A8B4201D3CB02C01A5241830A8B42A6
:1028300001D38B02C01A5241430A8B4201D34B028F
:10284000C01A5241030A8B4201D30B02C01A5241F3
:10285000CDD2C3098B4201D3CB01C01A52418309A7
:102860008B4201D38B01C01A524143098B4201D3E1
:102870004B01C01A524103098B4201D30B01C01A0C
:102880005241C3088B4201D3CB00C01A5241830886
:102890008B4201D38B00C01A524143088B4201D3B3
:1028A0004B00C01A5241411A00D201465241104613
:1028B0007047FFE701B5002000F0F0F802BDC04608
:1028C0000029F7D076E7704703460B437FD40022F8
:1028D00043088B4274D303098B425FD3030A8B42B4
:1028E00044D3030B8B4228D3030C8B420DD3FF221E
:1028F000090212BA030C8B4202D31212090265D0EC
:10290000030B8B4219D300E0090AC30B8B4201D39E
:10291000CB03C01A5241830B8B4201D38B03C01AE5
:102920005241430B8B4201D34B03C01A5241030B5C
:102930008B4201D30B03C01A5241C30A8B4201D30D
:10294000CB02C01A5241830A8B4201D38B02C01AB8
:102950005241430A8B4201D34B02C01A5241030A2F
:102960008B4201D30B02C01A5241CDD2C3098B4214
:1029700001D3CB01C01A524183098B4201D38B0191
:10298000C01A524143098B4201D34B01C01A524134
:1029900003098B4201D30B01C01A5241C3088B4279
:1029A00001D3CB00C01A524183088B4201D38B0064
:1029B000C01A524143088B4201D34B00C01A524106
:1029C000411A00D201465241104670475DE0CA0FDD
:1029D00000D04942031000D34042534000229C469D
:1029E00003098B422DD3030A8B4212D3FC228901A7
:1029F00012BA030A8B420CD3890192118B4208D37D
:102A0000890192118B4204D389013AD0921100E0DE
:102A10008909C3098B4201D3CB01C01A52418309F2
:102A20008B4201D38B01C01A524143098B4201D31F
:102A30004B01C01A524103098B4201D30B01C01A4A
:102A40005241C3088B4201D3CB00C01A52418308C4
:102A50008B4201D38B00C01A5241D9D243088B421A
:102A600001D34B00C01A5241411A00D201466346BD
:102A700052415B10104601D34042002B00D5494221
:102A8000704763465B1000D3404201B5002000F060
:102A900005F802BD0029F8D016E770477047C04618
:102AA0008446101C62468C46191C634600E0C046F2
:102AB0001FB501F055FF002801D40021C8421FBDF9
:102AC00010B501F0ADFE4042013010BD10B501F06F
:102AD00047FF002801DB002010BD012010BDC046CB
:102AE00010B501F03DFF002801DD002010BD0120E0
:102AF00010BDC04610B501F0CFFE002801DC00205B
:102B000010BD012010BDC04610B501F0C5FE002863
:102B100001DA002010BD012010BDC0468446081C0B
:102B20006146FFE71FB500F06DFC002801D40021CD
:102B3000C8421FBD10B500F0EFFB4042013010BD90
:102B400010B500F05FFC002801DB002010BD012063
:102B500010BDC04610B500F055FC002801DD002076
:102B600010BD012010BDC04610B500F0FDFB0028CF
:102B700001DC002010BD012010BDC04610B500F0E2
:102B8000F3FB002801DA002010BD012010BDC04673
:102B9000002B11D1002A0FD1002900D1002802D02A
:102BA0000021C943081C07B4024802A14018029042
:102BB00003BDC046E9FEFFFF03B4684601B50298B5
:102BC00000F03CF8019B9E4602B00CBC7047C0462A
:102BD0009E2110B5C905041CFFF7D0FF002803D1C2
:102BE000201C00F055FF10BD9E21201CC90500F0DF
:102BF0008BFD00F04DFF80231B069C466044F2E7EE
:102C000070B500220C4B04000D00FFF77DFF00287B
:102C100004D12000290002F0C5FC70BD064B002243
:102C20002000290002F076F902F0BCFC80231B068C
:102C30009C466044F1E7C0460000E041F0B54F46D5
:102C40004646D646C0B5040082B00D00914698466F
:102C50008B422FD82CD04146484602F007FE29006F
:102C60000600200002F002FE331A9C46203B9A46E2
:102C700000D576E04B46524693401F004B466246D5
:102C800093401E00AF4228D825D05346A41BBD4117
:102C9000002B00DA7BE00022002300920193012345
:102CA000524693400193012362469340009318E0FB
:102CB0008242D0D900220023009201930A9B002B6C
:102CC00001D01C605D600098019902B01CBC904668
:102CD0009946A246F0BDA342D7D900220023009214
:102CE00001936346002BE9D0FB07984641467208E2
:102CF0000A437B0866460EE0AB4201D1A2420CD8E3
:102D0000A41A9D41012024196D410021013E24187F
:102D10004D41002E06D0AB42EED9013E24196D4143
:102D2000002EF8D100980199534600196941002BF3
:102D300023DB2B005246D3402A006446E2401C00AD
:102D400053461500002B2DDB26005746BE403300AE
:102D500026006746BE403200801A994100900191DA
:102D6000ACE7624620239B1A4A46DA4061461300CC
:102D700042468A4017001F4380E7624620239B1A81
:102D80002A0066469A402300F3401343D4E7624684
:102D9000202300219B1A0022009101920122DA4097
:102DA000019280E72023624626009B1ADE402F0016
:102DB000B0466646B74046463B003343C8E7C04688
:102DC000F8B54746CE4643025B0A4400C20F9C4614
:102DD0004800DD004B02240E5B0A000E80B59846C9
:102DE00026009146C90FDB00271A8A4229D0002FFE
:102DF00015DD00284AD1002B00D095E0ED08FF2C0E
:102E000000D188E06B025B0AE6B25B02F605580A65
:102E10003043D20710430CBC90469946F8BD002FB2
:102E200000D087E0601CC0B2012800DCB6E0EE1ADA
:102E3000720100D5C5E0002E3DD1002200260023FE
:102E4000E3E7002F00DC96E000285DD0FF2C60D087
:102E50008022D20413431B2F00DDECE02022D21B82
:102E600018009340F8405A1E93410343ED186B013C
:102E70007BD50134FF2C00D1B7E0012207262A4080
:102E80006B089A4D1D4015432E4029E0FF2CB5D00C
:102E90008022D20413431B2F00DDB2E02022D21B7C
:102EA00019009340F9405A1E93410B43ED1A6B01F0
:102EB0005BD5AD01AE09300002F0BAFC05388640A2
:102EC000844265DC041B330020200134E340041BF2
:102ED000A640751EAE41334307261D0000241E4048
:102EE00001224B461A40002E04D00F232B40042B06
:102EF00000D004356B0100D480E70134E6B2FF2C2A
:102F00002FD1FF26002380E7002B52D1FF2C00D0C9
:102F100074E70A00ED08002DF3D08023DB032B4378
:102F20005B025B0AFF2670E7013F002FBED0FF2C3B
:102F3000B1D163E7002C47D0FF2869D08024E40496
:102F40007A4225431B2A00DDC5E02C002026D44010
:102F5000B21A95406A1E954125435D1B04008946BF
:102F6000A5E7AB015B0A50E7002401224B461A405B
:102F70006B07BAD142E7002F3BD10134E0B2012800
:102F80004ADDFF2CBDD00726ED186D082E40A7E7BF
:102F90000723574D241A35401E40A1E7002C1BD1B2
:102FA000002D6ED1002B00D19AE00A001D003C00DC
:102FB00024E7013F002F00D158E7FF2C00D04AE75B
:102FC000A7E75E1B894676E7002D1CD10A00FF2883
:102FD0001FD004001D0011E7002D5DD1002B17D17B
:102FE00080230022DB03FF260FE70A00FF260023D1
:102FF0000BE7002C21D1002D66D1FF28E9D11D005F
:1030000087E7012352E77A1CA7D0FA43FF2899D11A
:103010000A001D00FF24F1E6002E21D1002D4FD023
:10302000002B4CD0ED186B019ED5314B07362E404E
:1030300001241D4054E7012318E7FF28DFD0802436
:10304000E4047F4225431B2F4DDC2026F61B2C0079
:10305000B540FC406A1E95412543ED18040006E783
:10306000002DCCD0002B00D153E780216046C9034E
:10307000084203D04046084200D11D000121114002
:1030800047E7002B00D1B9E6EA1A500125D50726FB
:103090005D1B2E40894623E7FF24002B00D1ADE6BF
:1030A00080226046D203104204D04046104201D133
:1030B0001D00894601224B46FF241A409EE62B0044
:1030C000DD080A0000249DE67A1CC6D0FF43FF28D5
:1030D000B9D11D001DE701253FE7151E00D044E7CB
:1030E0000022002391E60125B7E7C046FFFFFF7DE0
:1030F000FFFFFFFBF8B557464E464546DE46440205
:10310000E0B546008846640A360EC70F002E63D02D
:10311000FF2E24D08023E400DB041C4300239946C7
:103120009B467F3E434642465D02D20F5B006D0ADE
:103130001B0E9046924665D0FF2B55D08022002171
:10314000ED00D2047F3B1543F61A43464A467B40C6
:103150000F2A00D98DE06D48920082589746002CC6
:1031600054D108239946063BFF269B46DAE7002503
:10317000534602291BD0032900D1BFE0012928D0E2
:1031800030007F30002820DD6A0704D00F222A405B
:10319000042A00D004352A0103D530005C4A80306F
:1031A0001540FE2803DCAC01640AC2B201E0FF2234
:1031B00000246402D205600ADB07104318433CBCBC
:1031C00090469946A246AB46F8BD0122101A1B282C
:1031D0007CDD00220024ECE7002C1DD1042399465D
:1031E000033B00269B469DE7FF3E002D20D1022198
:1031F00043464A467B400A430F2AD8D845489200A6
:1032000082589746002D19D10121F1E70C239946E8
:10321000093BFF269B4685E7200002F009FB762646
:10322000431F9C4000237642361A99469B4679E715
:103230004A4603231A439146032186E7280002F0F9
:10324000F7FA431F36189D40763600217DE780242B
:103250000023E403FF22ACE700258023DB031C42AC
:1032600028D01D4226D12B435C02640A4346FF222C
:103270009FE762016C01A24224D21B210025013E7E
:10328000012710006D005200002801DB944201D894
:10329000121B3D4301390029F3D11400621E9441F1
:1032A00025436DE7BA46594625005346022900D00A
:1032B00061E77CE78023DB031C436402640A3B0074
:1032C000FF2276E7121B1A210125D9E79E362A0034
:1032D000B5402C00C240651EAC411443620704D0C7
:1032E0000F222240042A00D00434620103D4A40136
:1032F000640A00225DE7012200245AE78024E403E7
:103300002C436402640AFF2253E7C04658C40200FB
:10331000FFFFFFF798C4020070B542004E024C0058
:1033200045026D0A120EC30F760A240EC90FFF2A3A
:103330000FD0FF2C11D00120A24200D070BDB542A9
:10334000FCD18B420DD0002AF8D12800451EA8419F
:10335000F4E70120002DF1D1EBE70120002EEDD1A3
:10336000E9E70020EAE7C04670B54A004E02450290
:1033700044006D0A240EC30F760A120EC90FFF2CEB
:1033800015D0FF2A0ED0002C15D1002A01D1002E15
:103390001CD0002D14D08B4227D00220013B1840B6
:1033A000013870BD002EEED002204042F9E7002D1A
:1033B000FAD1FF2A0ED0002A0ED1002EEDD00BE05C
:1033C00001230139994308000130EAE70020002D6C
:1033D000E7D0E2E7002EE7D18B42DED1944205DD53
:1033E0000221581E08400138DBE70024A24204DC19
:1033F000B542D2D80020B542D3D2581E01239843FB
:103400000130CEE730B5420044024D02C30F480000
:10341000640A120E6D0A000EC90FFF2A12D0FF288F
:103420000CD0002A12D1002819D1002D17D1002C60
:103430002BD00220013B1840013826E0002DF0D0AF
:10344000022022E0002CFBD1FF281FD000281FD132
:10345000002D1DD10220013B1840013815E0002C41
:103460000ED08B42E5D10022904204DCAC42E0D881
:103470000020AC4209D2581E01239843013004E0D9
:103480000123013999430800013030BD002DD7D107
:103490008B42CED18242E7DD0221581E084001381E
:1034A000F3E7C046F0B54E4657464546DE46E0B522
:1034B00043025B0A450083B00F1C99462D0EC60FD0
:1034C000002D57D0FF2D24D08020DB00C0041843EE
:1034D000002381469A469B467F3D7C027A00FB0F83
:1034E000640A120E984623D0FF2A4BD0E3008024B2
:1034F0000020E4047F3A1C43AD186B1C474601933F
:10350000534677403A000F2B48D87D499B00CB5853
:103510009F46002B00D085E008339A46063B9B4629
:103520007C027A00FB0FFF25640A120E9846DBD15D
:10353000002C00D090E0524601231A43924601200D
:10354000DBE74C4658461700022824D0032800D158
:10355000CFE00022002301284DD15802D205400AB5
:10356000FF071043384303B03CBC90469946A2463F
:10357000AB46F0BD002B5BD104239A46033B0025EC
:103580009B46AAE7FF35002C60D1524602231A431E
:1035900092460220B1E7FF220023DEE74B461B0CD8
:1035A0009C464B462604360C180461463300220C18
:1035B0006446000C43434E435043544380191A0C55
:1035C0001218964203D9802149028C4664441B0498
:1035D0001B0C1004C01883015E1EB341800E1843FB
:1035E000130C1B199B0103431C00230179D50123F4
:1035F00062081C401443019A7F32002A4DDD6307A4
:1036000004D00F232340042B00D00434230103D51E
:103610003C4B019A1C408032FE2ABCDCA3015B0AB1
:10362000D2B29AE70C239A46093BFF259B4654E702
:10363000180002F0FDF84A46431F76259A40002301
:103640006D4291462D1A9A469B4646E75246032301
:103650001A439246032050E7200002F0E9F8431F86
:103660002D1A9C40763D002047E780230027DB038E
:10367000FF2272E7424666E74C463200584662E750
:1036800080234A46DB031A4222D01C4220D1234326
:103690005B025B0A4746FF225FE701239A1A1B2A57
:1036A00021DC23000199D3409E318C401A00230075
:1036B0005C1EA34113435A0704D00F221A40042A68
:1036C00000D004335A0111D49B015B0A002244E765
:1036D00080234A46DB0313435B025B0A3700FF2269
:1036E0003BE7019587E70022002336E7012200230C
:1036F00033E78023DB0323435B025B0AFF222CE7D3
:10370000D8C40200FFFFFFF7F8B54746CE46440095
:10371000C20F80B547024802400A84466646480008
:103720007F0A240EF60025009046FB00000EC90F0C
:10373000B146FF2800D185E001267140261A91424A
:1037400057D0002E43DD002800D07FE049460029F5
:1037500000D1AAE0013E002E00D0F7E05B1A5A012A
:1037600000D48BE09B019C09200002F061F8053831
:103770008440854200DDD3E0451B23002020013535
:10378000EB40451BAC40621E9441234307240025B7
:103790001C40012241460A40002C04D00F21194050
:1037A000042900D00433590100D480E00135ECB283
:1037B000FF2D00D0A3E0FF2400235B02E405580A9C
:1037C000D207204310430CBC90469946F8BD002E0A
:1037D00074D1601CC0B2012800DCA7E04A469C1AE4
:1037E000620100D5B6E0002CBED1002200240023E7
:1037F000E3E7002E00DC85E0002846D0FF2C49D00E
:1038000080224846D2041043814601221B2E09DC47
:1038100020204C46801B84404A462000F240441E33
:10382000A04102439B185A0128D50135FF2D00D134
:10383000A8E00122072494491A405B080B40134377
:103840001C40A6E7002E00D078E775E7FF2C54D087
:1038500080224946D2041143894601221B2E09DCED
:1038600020214846891B88404A460100F240481EF4
:1038700081410A439B1A5A0100D573E70122414650
:103880000A40590700D089E711E04846002858D17E
:10389000FF2C0CD1DB08002B00D18CE78020C0036B
:1038A00003435B025B0AFF2487E7FF2C25D0DB087C
:1038B000FF2DF0D05B025B0AECB27EE7002C4DD00E
:1038C000FF2818D08024E404724223431B2A00DD21
:1038D000C4E01C002025D440AA1A93405A1E9341EC
:1038E00023434A460500D31A884638E7721CF8D0AD
:1038F000F243FF28EAD10A004B46FF25D7E79B0198
:103900005B0A5AE7002E41D1651CE9B2012945DD69
:10391000FF2D00D14FE707244B445B081C4038E7DC
:1039200007225A4B2D1A2340144032E7002C1DD198
:10393000002B7AD14B46002B00D191E00A000025E4
:10394000B5E7013E002E19D14B446CE7FF2C84D122
:10395000FF25ACE74A468846D41A05E7002BC5D1B7
:103960000A00FF28C8D005004B46A0E7002B49D12C
:103970004B46002B77D00A00FF2598E7FF2C00D09C
:1039800043E787E70A00FF24002316E7002C15D140
:10399000002B57D1FF28E6D14B467BE7002C20D1E6
:1039A000002B57D04946002953D04B445A0168D5C3
:1039B0000724364A1C4001251340EAE6FF28EBD0D5
:1039C0008022D204764213431B2E53DC2025AD1BEC
:1039D0001A00AB40F2405C1EA34113434B44050068
:1039E00021E7002BD8D04946002900D152E7802199
:1039F000C9030F4200D14DE76046084200D049E7B5
:103A00004B4647E74846FF25002800D14FE7802274
:103A1000D203174204D06046104201D14B4688467B
:103A200001224146FF250A4041E7484600281FD0B1
:103A30001A1A500120D54A460724D31A1C4088463A
:103A40000025A6E6741CC9D0F643FF28BCD14B461E
:103A500020E799464B460025DB082BE7012340E78A
:103A600000220023A9E680230022DB03FF24A4E632
:103A700000251CE70123B1E7002AF1D0130000253F
:103A8000FCE60025FAE6C046FFFFFF7DFFFFFFFBD7
:103A900041024200C30F490A120E00207E2A0DD9AE
:103AA0009D2A0CD8802000040143952A0ADC962028
:103AB000821AD1404842002B00D108007047034AC7
:103AC0009818FBE7963A9140F4E7C046FFFFFF7F66
:103AD00070B500283DD0C317C5185D40C40F28003D
:103AE00001F0A6FE9E22121A962A07DCD2B20828FE
:103AF00033DD083885406802400A23E0992A0BDD4F
:103B0000052329001B1AD94003001B339D402B00BD
:103B10005D1EAB4119430D00052801DD431F9D408B
:103B20002B000F490B406E0709D00F263540042D9E
:103B300005D004335D0102D59F220B40121A9B0170
:103B4000580AD2B24002D205400AE407104320438B
:103B500070BD002400220020F4E76802400AF1E76B
:103B6000FFFFFFFB70B5041E34D001F061FE9E2202
:103B7000121A962A07DCD2B208282EDD08388440B3
:103B80006002400A21E0992A09DD030021001B336D
:103B900099404B1E994105231B1ADC400C43052814
:103BA00001DD431F9C4023000D490B40650709D0F0
:103BB0000F252C40042C05D004335C0102D59F2234
:103BC0000B40121A9B01580AD2B24002D205400A99
:103BD000104370BD00220020F7E76002400AF4E7BE
:103BE000FFFFFFFBF0B54F464646D6460C000903E3
:103BF000C0B5490A470F5E0039431F03DB0F9C46DF
:103C000065007B0A570F1F436D0DE40F760DA1462B
:103C1000C000B846D200AB1B64457BD0002B5FDDF3
:103C2000002E00D0A4E03E00164300D112E15E1E3B
:103C3000002E00D09EE1871A4346B84280410125FC
:103C4000C91A4042091A0B0200D431E149024E0A56
:103C5000002E00D16EE1300001F0EAFD0300083BC8
:103C60001F2B00DD61E120223900D21A9E40D14095
:103C70009F400E439D4200DD51E15D1B6B1C1F2BDD
:103C800000DD7CE12021C91A3D0030008F408840D2
:103C9000DD40791E8F41310007222843D94000259D
:103CA00007433A40002A09D00F233B40042B05D09C
:103CB0003B1DBB42BF417F42C9191F000B0200D40C
:103CC00026E26A1CC64B55056D0D9A4200D106E1ED
:103CD000C44AFF080A40530752023B43120B8EE0CE
:103CE000002B00D0B8E06B1C5B055B0D012B00DCEA
:103CF00030E1871A4346B842B641CB1A76429E1B42
:103D0000330200D54CE13B003343A1D10022002413
:103D1000002570E0002B00DCE5E0002E00D183E000
:103D2000AF4EB54260D0802636043743B846382BB4
:103D300000DC3EE1434613431F007A1E97413F18C3
:103D400087428041404209180B0200D4B0E0A44BE6
:103D500001359D4200D1C3E0A24A7B080A400121FF
:103D60000F401F435108D30707221F433A4099E7EA
:103D70009B4EB54238D0802636043743B846382BA0
:103D800000DDDCE01F2B00DC30E11E004746203E5A
:103D9000F740BC46202B04D04026F31A46469E40EE
:103DA0003243170063467A1E97411F43CCE0002B35
:103DB00000D104E24346134300D159E14B07C00848
:103DC00018438023C9081B03194208D04546ED0853
:103DD0001D4204D14346D008590708432900420F29
:103DE000C9007F4D1143C0004B07CA087C49C00879
:103DF00003438D4268D012036D05120B6D0D002137
:103E000012031800130B0A0D12051A43764B2D05E9
:103E100013402B435B00E4075B08234319001CBCE1
:103E200090469946A246F0BD3E00164312D05E1E53
:103E3000002E00D000E18718874280414144404273
:103E4000091801250B0233D5022585E764463300A6
:103E5000414610001D00C7E7002D00D0DAE00C003D
:103E60000443F3D05C1C00D19FE15D4CA64200D11D
:103E70002FE1DB43382B00DD66E11F2B00DD83E102
:103E800020240500E41A0F00DD40D940A04043463D
:103E9000A7405B1A441EA04198462F433843171A87
:103EA000BA42924143465242991A64463500CAE6E4
:103EB00007223A40002A00D0F6E64B07CA084849D4
:103EC000FF083B438D4296D11900114300D19EE17A
:103ED000802109030A431203120B414D8FE715009D
:103EE000002200238BE7002B00D0C7E06B1C5F058E
:103EF0007F0D012F00DCF1E0394DAB4200D1B9E07C
:103F000085180A00854289414244494251180722D6
:103F1000CF076D082F4349083A401D00C2E607222B
:103F20003049ED1A31403A40BCE63E002838864020
:103F300000279FE6380001F07BFC20308EE64346E8
:103F400013431F007A1E9741C71BB842804140426D
:103F5000091A78E60E003B0006431343002D61D199
:103F6000002E00D0F4E0002B00D11BE164463900A4
:103F7000100039E71A4FBB427AD03300FFE6300019
:103F80001F3DE840202B03D04021CB1A9E403743F1
:103F90007B1E9F41072207433A400021002589E705
:103FA000171A4346BA42B641591A76428E1B6446E6
:103FB0004EE61F2B00DDADE020264746F61AB7403F
:103FC000B9461700B246DF404E463E4337005646DC
:103FD000B240561EB24117434246DA408918AEE657
:103FE000FF070000FFFF7FFFFFFF0F8020264746EF
:103FF000F61AB740B9461700B246DF404E463E4378
:1040000037005646B240561EB24117434246DA4088
:10401000891A99E77F4CA6425BD0802424045B4236
:10402000214327E7002E0CD1002B00D1CBE06446C2
:1040300039001000774DD7E6764FBB4218D03300D9
:1040400075E6002B14D04B07C00818438023C9081D
:104050001B03194207D0FC081C4204D17907D00881
:104060000843E14621004C46420FC9001143C000FD
:10407000684DB9E61D0000220023C0E6002D5BD18B
:104080000D00054300D1E2E65D1C00D1B0E0614DBA
:10409000AE421FD0DB43382B71DC1F2B00DD96E0D6
:1040A00020250F00ED1AAF40B9460700AA46DF40B1
:1040B0004D463D432F005546A840D940451EA841D6
:1040C00088440743BF18974292415142414435000A
:1040D0003AE6644635004146100085E60B0003438E
:1040E000002D00D063E6002BF5D04346134300D1EA
:1040F0007AE68718874280410722414440420918E6
:104100003A400B0200D4D5E6434B01351940C9E5CE
:10411000380069E61E004746203EF740BC46202B8B
:1041200004D04026F31A46469E40324317006346A9
:104130007A1E97411F4302E6364DAE42CAD0802513
:104140002D045B422943A6E70843411E8841A6E6A9
:10415000002B00D148E6871A4346B842B641CB1A35
:1041600076429E1B33024BD5171A4346BA42924100
:10417000591A5242891A072264463A4092E501438D
:104180000F00791E8F419DE71C000F00203CE74087
:10419000202B03D04024E31A99400843411E884154
:1041A00038437CE60022002425E6171A4346BA422B
:1041B0009241591A5242891A6446350043E54146F4
:1041C0001000144D10E680220024120380E61D002A
:1041D0000F00203DEF40BC46202B03D04025EB1ABA
:1041E0009940084307006346781E87411F4369E7EB
:1041F000871897429B4141445B42C9183500A3E5AB
:104200003B003343CED0072231003A4052E6002330
:104210001A00F4E5FF070000FFFF7FFFF0B55746E7
:10422000DE464E464546E0B5834607000E0348008D
:1042300085B092461C00360B400DCD0F002800D1F2
:104240009DE0954B984239D08023F6001B041E4315
:10425000924A7B0F3343994694460300634400938C
:1042600000230026FF00029323031B0B98466300E4
:10427000E40F52465B0D019400D1B3E086498B42B6
:1042800000D19EE04246D100802212040A435146EA
:10429000490F11438B46814952468C46009963442D
:1042A000CB1A0021D20000932B0063409A460F2EB8
:1042B00000D905E17A4BB6009B599F465B463343D4
:1042C000994600D0B8E00223082600270090029308
:1042D000CAE7CB463A0002990195019B9A4602290A
:1042E00027D0032900D180E2012944D06D49009BE9
:1042F0008C4663441C00002C38DD530700D013E2C9
:10430000D2085B46DB0109D55946674B19408B46FD
:104310008021C9008C46009B63441C00634B9C4277
:1043200007DC5B4664055F075B0217431B0B620DEE
:1043300002E000230027584A00211B031C0B0B0D31
:104340001B05234314055A4A380013401C435346A7
:104350006400DB0764081C43210005B03CBC9046A8
:104360009946A246AB46F0BD0122524201231B1BD7
:10437000382B00DCADE1002200230027DCE75B46A0
:10438000334399465ED0002E00D18AE1300001F01F
:104390004FFA03000B3B1C2B00DD7BE11D22D31ADF
:1043A0005A460100DA4008398E4013005F46334315
:1043B00099468F403F4B00261B1A0093002302931F
:1043C00052E7414653460B433B499B468C46009B74
:1043D000634400935B46002B3BD1022300221E4323
:1043E000022161E7434613439B4637D04346002BE7
:1043F00000D162E1404601F01BFA03000B3B1C2B8D
:1044000000DD53E102004146083A914088461D21F3
:10441000CB1A5146D9400B0041460B439B465346AD
:1044200093401A00009B25499C46604403008C463B
:1044300063440093002137E70323B14600900C2624
:10444000029311E70023009301330426002702930F
:104450000AE70323C3461E43032125E701331E4316
:104460000022012120E700239A46802300271B0316
:10447000094A61E7802349461B03194200D1E2E063
:104480005946194200D0DEE00B431B0317001B0BFB
:10449000A246014A50E7C046FF07000001FCFFFFAB
:1044A00018C50200FF030000FFFFFFFEFE0700002B
:1044B000FFFF0F800DFCFFFF01F8FFFFF30300007B
:1044C000D94500D9CBE000D1C6E03C0048460027E2
:1044D000009B013B00935B46160E1B021E4313021A
:1044E000984633041B0C9946310C0191FEF7E8F90C
:1044F0004A4642430B04210C050019438A4207D95E
:104500008919013D8E4203D88A4201D9851E891935
:10451000881A0199FEF7D4F909048C464A46210409
:1045200064464243090C030021438A4204D9891995
:10453000013B8E4200D8F1E02D041D43AB464346BB
:10454000891A4246280C12041D0C5B46140C2200EA
:104550001B041B0C5A4303946B434443029568436A
:104560001B19150CEB189C4203D980246402A44645
:1045700060441C0C15041B042D0C20185D1981428D
:1045800077D373D00C1AA24A7D1BAF42BF41944629
:10459000009B7F426344E01B1C00864200D1DBE0AD
:1045A0000199FEF78DF94A4642430B04290C070096
:1045B00019438A4207D98919013F8E4203D88A429A
:1045C00001D9871E8919881A0199FEF779F909041A
:1045D0004A46894629044D464243090C03002943B3
:1045E0008A4207D98919013B8E4203D88A4201D9F0
:1045F000831E89193F04891A3A00039F1A43380021
:1046000013041B0C584381460298150C6F43434317
:1046100045434846000C8446DB1963449F4203D956
:10462000802040028446654448461F0C00041B0459
:10463000000C7D191818A94200D284E000D17FE057
:1046400001231A4357E680234A461B0313431B03E7
:104650001B0BAA466F4A6FE6BA4200D935E74B46B4
:10466000DC0758087B081C43FF0734E70024AF42EF
:1046700089D247444745A4415B466442A419641863
:10468000013BA6421ED2A0426DD800D1B6E0241A4A
:104690009B4678E703005A46283B9A4000279146FC
:1046A00088E6584601F0C4F8203072E6030052460E
:1046B000283B9A4093460022B4E6504601F0B8F8F1
:1046C00020309AE6A642E2D1B845DCD9341A9B469E
:1046D00059E71F2B65DC504C0099A4465C466144A9
:1046E00008008C4011008240D940501E82410C438A
:1046F00014435A46DA401300620709D00F222240C1
:10470000042A05D02200141D9442894149425B18B5
:104710001A0262D50122002300270DE68A4200D842
:104720000AE7831E891907E70F231340042B00D1E2
:10473000E6E5171D9742924153429B44FA08E0E593
:10474000002800D1D7E57118531EB14227D3A942E2
:1047500015D358D01A0073E7002B00DC04E60123C0
:1047600000229B44CDE502234744474589415B42F3
:104770009C46494289190C19E344241A03E743462D
:104780005F0047459B41B8465B429E19023A891932
:10479000A94200D054E7404500D051E7ABE51A00EC
:1047A000F6E71F215F4649420C1BE740202B07D04C
:1047B0001A49009B8C46634418005B4683401A43A9
:1047C000501E82413A4307270023174009D00F218A
:1047D000002311401400042995D122005F075B02D9
:1047E0001B0BD20817430022A6E5802359461B0362
:1047F0000B431B0317001B0B064A9DE5BD42B2D8B5
:104800009B460024BFE68045B9D31A00C3E7C046E3
:10481000FF030000FF0700001E0400003E0400002C
:10482000F0B54F464646D6468446C0B58046194E3A
:1048300018030F034D00000B5C0082463F0B6D0D0B
:10484000C90F9146640DDB0F0120B5420AD0B44276
:1048500003D0A54201D157450CD01CBC90469946C7
:10486000A246F0BD66463E43F7D1AC42F5D1544670
:104870001443F2D10120C845EFD1994207D0002D51
:10488000EBD163461F433800471EB841E5E70020DF
:10489000E3E7C046FF070000F0B54F464646D64660
:1048A0004D00C0B50E03C90F8A462C491F035C009A
:1048B0008046360B6D0D91463F0B640DDB0F8D422C
:1048C0001ED08C4216D0002D1ED130438446002CC1
:1048D00001D13A4323D06246002A1AD09A4529D002
:1048E000514602200139084001381CBC90469946C7
:1048F000A246F0BD39001143E5D002204042F4E762
:104900003043FAD1AC420FD0002C0FD13A43E7D05C
:104910000CE00122013B934318000130E5E76346B8
:104920000020002BE1D0DBE73A43E6D19A45D7D10E
:10493000A542D5DCA54205DBBE42D1D808D0002077
:10494000BE42D2D250460123013898430130CCE711
:10495000C845C5D80020C845F4D3C6E7FF07000006
:10496000F0B54F464646D6464D00C0B50E03C90FBA
:104970008A462E491F035C008046360B6D0D91461A
:104980003F0B640DDB0F8D4218D08C4211D0002DEF
:1049900018D130438446002C1ED13A431CD16346C3
:1049A0000020002B30D05146022001390840013848
:1049B0002AE039001143EAD0022025E03043FBD140
:1049C000AC4226D0002C26D13A4324D151460220B5
:1049D00001390840013817E06246002A0FD09A4595
:1049E000E1D1A54205DBBE42DDD819D00020BE4290
:1049F0000AD25046012301389843013004E00122D5
:104A0000013B9343180001301CBC90469946A246D6
:104A1000F0BD3A43D0D19A45C5D1A542C3DCE0E709
:104A2000C845C0D80020C845E3D3EDE7FF07000024
:104A3000F0B55746DE464E464546E0B5834606008D
:104A40000F03480087B092461D003F0B400DCC0F6E
:104A5000002800D16FE0DE4B984238D08023FF0061
:104A60001B041F43730F3B430193DA4B0027994606
:104A700000239B46F60081442B0369001B0B524622
:104A80009846490DED0F002900D185E0D04B9942A1
:104A900000D173E04346DA0080231B0413435246DF
:104AA000CC48520F84461343524600206144D20042
:104AB00089442100694000918C46012149448A467D
:104AC0000F2F00D990E0C449BF00CF59BF465B46C5
:104AD0003B43019300D06AE1022308270026814668
:104AE0009B46C9E732005846019B61460091022867
:104AF00000D175E0032800D1FEE1012800D02CE1AF
:104B000000230027002600253F032A0D3F0BB34852
:104B100012053A4302401B051343009A5B00D1077C
:104B20005B080B433000190007B03CBC9046994627
:104B3000A246AB46F0BD5B463B43019300D12FE15B
:104B4000002F00D1A5E1380000F072FE03000B3BFE
:104B50001C2B00DD96E11D22D31A5A460100DA40D3
:104B60005E4608398F4013008E403B4301939C4BB7
:104B700000271B1A994600239B467DE74146534672
:104B80000B4393498C46E144002B00D01AE10222EA
:104B90000220174300228CE7134300D10DE1434666
:104BA000002B00D181E1404600F042FE02000B3AAA
:104BB0001C2A00DD72E10100434608398B4098460B
:104BC0001D239A1A5346D3401A00434613435246B4
:104BD0008A404946081A824989468144002068E78C
:104BE0007B4B002700268EE7140C1204120C1100D8
:104BF000370C3604350C794328008C462E00604370
:104C00006044834656432100300C80465846794321
:104C100040440291844506D98846802149028C4649
:104C2000E044414602913604010C360C00048B46E8
:104C300081191E0C1B041B0C0391190079438C462F
:104C4000280075436544A8465843050C45447743FE
:104C5000A94203D9802149028C466744290C8C461D
:104C600039000004000C2D042D186144AB4405915B
:104C70005946049101990F043F0C080C3900514327
:104C80004243904602008C46090C8B4662437C43AB
:104C900044445C44A04503D98021490288464244EB
:104CA000210C884661460904090C8C463900594399
:104CB000434370437E430F0CF6182404BE1964442A
:104CC00042448C46B34203D980235B029846404459
:104CD000029B61469846049B370443449B46AB4580
:104CE000AD416B420D0405992D0C8C467F1967442C
:104CF000FD18A8465D462D19A542A441934664427D
:104D0000A446C344DC448F42BF4198459B41934530
:104D10009241A445A4415B427F421F43360C52425C
:104D20006442BF192243BF18624638184302D20DAD
:104D3000039913436A020A43501E82416146ED0DF6
:104D40002A434E023243D90100D4B3E00126500871
:104D500032400243DE0732435B08224C5444002CAD
:104D600062DD510709D00F201040042805D0101D26
:104D70009042924152429B180200D90104D58024EE
:104D80001948E400034054441848844200DD27E7F2
:104D90005E075B02D2081F0B630516435B0DB2E68C
:104DA000002399460133042700269B4664E603232B
:104DB000019781460C279B465EE60122012017439E
:104DC000002276E6032303201F43434671E6C046D4
:104DD000FF07000001FCFFFF58C50200FFFF0F8026
:104DE0000DFCFFFFFF030000FFFFFFFEFE070000BA
:104DF0000023802700933F030026434B83E6019B5B
:104E00003200A446584670E6AC466EE6802701990B
:104E10003F0339422DD03B422BD11F433F033F0B71
:104E200000951600384B6EE601252D1B382D00DD50
:104E300066E61F2D40DC35481C00504416008240B9
:104E40008440EE40501E824134431443EB406207DD
:104E500009D00F222240042A05D02200141D9442BA
:104E6000804140421B181A023ED50123002700262C
:104E700049E68027019B3F031F433F033F0B0094FC
:104E8000214B40E603005A46283B9A4000260192F7
:104E90006DE6584600F0CCFC203057E60300524641
:104EA000283B9A401300002293E6504600F0C0FCD5
:104EB00020307BE6CA4650E71F201E004042041BFC
:104EC000E640202D03D0124C5444A3401A43501EF8
:104ED0008241324307260027164009D00F200023C5
:104EE000104014000428B9D122005E075B021F0B9A
:104EF000D2081643002306E680273F031F433F03E3
:104F00003F0B1600004BFEE5FF0700001E040000EB
:104F10003E040000F8B557464E464546DE460C00B6
:104F20000903E0B5490A460F5F0031431E03DB0F5A
:104F3000760A9B46530F3343C84E6500C000E40F0A
:104F4000D2006D0DA24681467F0D9C469046B74229
:104F500000D1B9E05B46012673409B46EE1BA3459A
:104F600000D183E0002E63DD002F00D0B1E0634666
:104F7000134300D123E1731E002B00D0BAE1861A3F
:104F80006346B04280410125C91A4042091A0B020A
:104F900000D447E149024B0A98464346002B00D112
:104FA00089E1404600F044FC0300083B1F2B00DD74
:104FB0007CE120223000D21A4146D04099400200C4
:104FC0009E400A439D4200DD6AE15D1B6B1C1F2B66
:104FD00000DD94E1202110003500C91A8E40DA402E
:104FE0008840DD40711E8E411100072228430025B4
:104FF00006433240002A09D00F233340042B05D04A
:10500000331DB342B641764289191E000B0200D40B
:105010003DE26A1C914B55056D0D9A4200D119E194
:105020008F4AF6080A40570752023743120B9BE09B
:10503000002E00D0C5E06E1C7605760D012E00DC3A
:1050400048E16746861ACB1BB042BF417F42B84653
:105050001F004346FF1A3B00B8461B0200D55FE124
:1050600037439AD100220024002579E0002E00DC8D
:10507000FAE0002F00D18DE0784B9D4267D080236D
:1050800067461B041F43BC46382E00DC52E16346D2
:1050900013435A1E93411E1886428041404209180C
:1050A0000B0200D4BEE06D4B01359D4200D1D2E031
:1050B0006B4A73080A4001210E401E435108D30772
:1050C00007221E43324095E71E00164300D045E7F5
:1050D00040E7624B9D423AD0802367461B041F4342
:1050E000BC46382E00DDEBE01F2E00DC3AE1330039
:1050F0006746203BDF403B00202E05D04027BF1BEA
:105100006646BE40324390464646721E9641334341
:10511000DAE0002B00D114E26346134300D168E1CA
:1051200080234E07C008C9081B030643194208D054
:105130006046C008184204D163460100D2085E07E9
:105140001643F3009946C900720F444D11434B4674
:10515000DE08424B4F073743CA089D4200D16EE03C
:1051600012036D05120B6D0D00211203130B0A0DB6
:1051700012051A433B4B2D0513402B435B00E407FC
:105180005B082343380019003CBC90469946A24670
:10519000AB46F8BD6346134311D0731E002B00D0FD
:1051A00007E1861886428041614440420918012582
:1051B0000B0237D502257BE73E006146914635005C
:1051C000C5E75C46002D00D0E1E00B000343F3D0BF
:1051D000731C00D1ACE1214B9F4200D13AE1F34373
:1051E000382B00DD6FE11F2B00DD8CE120250E0048
:1051F000ED1AAE40B0460600AA46DE4045463543AD
:105200002E005546D940A8406346451EA8415B1A6A
:105210009C463043161AB242924163465242991A52
:105220003D00B4E607223240002A00D0E4E60B4BF2
:10523000F6084F073743CA089D4200D090E73B006D
:10524000134300D1A6E180231B031A431203120B60
:10525000024D89E715000022002785E7FF070000BF
:10526000FFFF7FFFFFFF0F80002E00D0C7E06B1C09
:105270005E05760D012E00DCF0E0C84DAB4200D19A
:10528000B9E085180A0085428941624449425118B3
:105290000722CE076D082E43490832401D00A9E6BB
:1052A000BF49ED1A114007223240A3E632002838E8
:1052B0008240002686E6300000F0BAFA203073E61D
:1052C000634613435A1E9341C61AB042804140427E
:1052D000091A5CE60E00674606431743002D5ED1AF
:1052E000002E00D0F3E0002F00D11EE15C466146A5
:1052F00091462CE7A94FBE427BD01E00F1E610007C
:105300001F3DE840202B03D04021CB1A9A40164382
:10531000731E9E410722064332400021002583E789
:10532000161A6346B2428041591A40420B1A9846F7
:105330005C4632E61F2E00DDABE02027BB1B9A4601
:1053400063465746BB40994613004F46F3401F4300
:105350003B005746BA40571EBA4113436246F240DB
:10536000891898E62027BB1B9A4663465746BB40E0
:10537000994613004F46F3401F433B005746BA403F
:10538000571EBA4113436246F240891A9CE7834B89
:105390009F425FD080252D047342294320E7002ED1
:1053A0000CD1002F00D1D0E05C46614691467B4D88
:1053B000CDE67A4FBE421CD01E0065E6002F18D005
:1053C000C0084E0706438020C9080003014208D0E8
:1053D0006346DC08044204D12100DA46D2085E07A5
:1053E0001643F300994601245346C900720F114336
:1053F0001C406A4DABE61D0000220027B4E6002DDC
:1054000059D10B00034300D1D6E6731C00D1B2E0A2
:10541000624B9F421ED0F343382B6FDC1F2B00DD05
:1054200097E020250E00ED1AAE40B0460600AA46D1
:10543000DE40454635432E005546A840D940451E1E
:10544000A8418C440643B6189642924151426144A9
:105450003D0025E63D006146914678E60B0003439A
:10546000002D00D055E6002BF5D06346134300D144
:105470006DE6861886428041614440420918002248
:105480000B0200D4D0E6464B01351940B2E5B146D7
:105490005DE633006746203BDF403B00202E05D011
:1054A0004027BF1B6646BE40324390464646721EAA
:1054B00096413343EFE5394B9F42CBD080252D04F5
:1054C00073422943A8E70843411E8841A2E6002F02
:1054D00000D13CE66346861ACF1AB0429B415B423C
:1054E000FB1A98461B024ED5161A6346B2429241E9
:1054F000591A5242891A5C4600227BE501430E008C
:10550000711E8E419FE71D000E00203DEE40B0460B
:10551000202B04D04025EB1A994008438146484689
:105520004346411E8841184374E60022002417E6D2
:10553000161A6346B2429241591A5242891A3D00E4
:1055400025E561469146154D01E6802200241203AF
:1055500079E61D000E00203DEE40B046202B04D021
:105560004025EB1A9940084381464E464346711E3A
:105570008E411E4367E7861896429B4161445B4219
:10558000C9183D008CE547463743CED00722414637
:10559000324049E600273A00E6E5C046FF07000032
:1055A000FFFF7FFF30B5144D0A034B00120B5B0D5C
:1055B000C90F0024AB4211DD104CA34210DC802443
:1055C000640322430E4CE41A1F2C0CDD0D48C31A51
:1055D000DA4013005C42002900D11C00200030BDDD
:1055E000094BCC18FAE7094DE040AC4663449A40B9
:1055F00013000343EEE7C046FE0300001D04000055
:105600003304000013040000FFFFFF7FEDFBFFFFEA
:1056100070B500282DD0C317C5185D40C40F2800F1
:1056200000F006F9154B1B1A5B055B0D0A2815DD0A
:105630000B38854000222D032D0B002110002D0377
:105640000A0D2D0B12052A430D4D1B052A4013434D
:105650005B00E4075B082343190070BD02002900CA
:10566000153291400A000B21081AC5402D032D0B5D
:10567000E3E70024002300250022DEE71E040000EB
:10568000FFFF0F804100090E4B1C70B5DBB24602D4
:10569000750AC40F012B14DDE0239B006D07360B48
:1056A000CB1800210A0D280012051C4D32435B0562
:1056B0002A405B0813435B00E4075B08234319009F
:1056C00070BD002914D1002D1ED0280000F0B0F8C4
:1056D0000A281CDC0B232A001B1ADA4003001533AE
:1056E0009D400F4B12031B1A5B05160B5B0DD8E791
:1056F000002D06D0320B802636036D071643094B6A
:10570000CFE7084B0026CCE700230026C9E70300BB
:105710002A000B3B9A400025E3E7C046FFFF0F80BD
:1057200089030000FF070000F0B54C00640D0B0377
:10573000621C5B0A460F5205C90F1E43C500520D7D
:10574000012A29DD374BE718FE2F1CDC002F3BDD3B
:105750008001431E98410722F3006D0F03432B4342
:105760001A40002A04D00F221A40042A00D0043321
:105770008022D2041A4024D00137FAB2FF2F02D07F
:105780009B01580A01E0FF2200204002D205400A96
:10579000C90710430843F0BD3543002C04D1002D48
:1057A0000AD100220020F0E7002DECD08020C003B9
:1057B0003043FF22E9E7002400235B02580AE2B2EB
:1057C000E3E7DB083C00F8E73B001733F3DB80231B
:1057D0001B0433431E26F61B1F2E14DD02225242E9
:1057E000D71B1A00FA401700202E04D00E4A944608
:1057F0006444A3401D432B005D1EAB4107223B4385
:105800001A400027ADE7094A2800A21895409340A6
:105810006C1EA541F04007222B4303431A4000278A
:105820009FE7C04680FCFFFFA2FCFFFF82FCFFFF5A
:105830001C2101231B04984201D3000C10391B0AC0
:10584000984201D3000A08391B09984201D3000984
:10585000043902A2105C40187047C04604030202DB
:1058600001010101000000000000000010B5002946
:1058700003D1FFF7DDFF203002E0081CFFF7D8FF5F
:1058800010BDC04600B51C4A430083B05B0893427C
:1058900018DD1A4A934204DD011CFDF735FF03B001
:1058A00000BD694600F014FA03230199184001284D
:1058B0000CD0022817D0002811D00098012201F046
:1058C0002FF8ECE7002100F0E1FBE8E70122009867
:1058D00001F026F880231B069C466044DFE7009811
:1058E00000F0D4FBDBE7009800F0D0FB80231B0620
:1058F0009C466044D3E7C046D80F493FFFFF7F7FF7
:1059000000B51C4A430083B05B0893421BDD1A4A72
:10591000934204DD011CFDF7F7FE03B000BD6946AC
:1059200000F0D6F9032301991840012810D002286D
:1059300017D0002810D0009800F0A8FB80231B0689
:105940009C466044E9E70022002100F0E9FFE4E71B
:10595000009800F09BFBE0E70098012200F0E0FFD8
:10596000DBE70098012200F0DBFF80231B069C464A
:105970006044D2E7D80F493FFFFF7F7F10B500F0AA
:1059800057F810BD10B500F00FF910BDF0B50025A7
:105990008DB0041C00F020FB234B061C5D576B1CD4
:1059A0000BD0211C201C01F09FFE071E05D10021F9
:1059B000201CFDF7C5F8002802D1301C0DB0F0BD49
:1059C00001230293194B201C03930A97FFF75AFEF9
:1059D000002206900791049005910023002D15D018
:1059E00010001900FEF71AFC08900991022D0FD142
:1059F00001F084FB212303600A9B0193002B0DD14E
:105A000008980999FFF790FE061CD6E708920993BB
:105A100002A801F097F90028EED1E9E701F06EFB4A
:105A20000A9B01930360EBE79220002098C50200D7
:105A3000F8B515004746CE465A001C006B4280B5AB
:105A40002B434B4F5208DB0F1343BB421DD84B0077
:105A50005B089846464643420343DB0F894633437F
:105A6000BB4212D8434BE3182B4339D00226A3176D
:105A70001E40CB0F1E434346034310D1022E47D096
:105A8000032E08D13C483D4905E002000B002800E8
:105A90002100FEF7A7F80CBC90469946F8BD13000C
:105AA0002B4320D0BA4224D0B8451CD043469A1A82
:105AB00012153C2A2FDC002C30DA3C322EDA002082
:105AC0000021012E3ED0022E31D0002EE3D02C4AF0
:105AD0002C4BFFF71FFA284A2B4BFFF71BFADAE78C
:105AE00000F098FFD7E74B462348002B0EDB2749F1
:105AF000D1E790452BD0022E0AD0032EC2D0002031
:105B00000021012EC7D180210906C4E72049C2E740
:105B100019481D49BFE718481C49D2E72A0023004D
:105B2000FEF77CFB01F00AF900F074FFC9E7144AA4
:105B3000144BFFF7EFF902000B000F481249FFF773
:105B4000E9F9A8E7802424060B191900A3E7022E1F
:105B500006D0032E09D00848012E04D00D499AE73B
:105B60000D480E4997E70E4995E70B480D4992E716
:105B70000000F07F000010C0182D4454FB2109C024
:105B8000075C143326A6A13CFB210940FB21F93F09
:105B9000FB21F9BFFB21E93FD221337F7CD90240B1
:105BA000FB21E9BF7CD902C0F0B54B00C6460C1CF6
:105BB000FF2100B55B08C9058B4217DC4200804617
:105BC00052088A4212DCFE25AD05AC4236D0A5173C
:105BD000AC46022567463D40C70F3D43002A0CD125
:105BE000022D3CD0032D05D1304803E0011C201CC0
:105BF000FDF7E6F804BC9046F0BD002B19D08B42AF
:105C00001FD08A4215D0D31ADB153C2B29DC002C7F
:105C100029DA3C3327DA0020012D34D0022D2AD096
:105C2000002DE7D02249FDF7CBF82249FDF76CFDA6
:105C3000E0E74346002B10DB1F48DBE701F084F868
:105C4000D8E79A4224D0022D09D0032DCCD00020D1
:105C5000012DCFD180200006CCE71848CAE71548AF
:105C6000C8E71548D8E7211CFDF744FA01F080F990
:105C700001F06AF8D0E70E49FDF7A2F8011C0D48C3
:105C8000FDF742FDB6E780231B069C466044B1E762
:105C9000022D05D0032D07D0012D03D00848A9E718
:105CA0000848A7E70848A5E70848A3E7DB0F49C06D
:105CB0002EBDBB33DB0F4940DB0FC93FDB0FC9BF34
:105CC000DB0F493FE4CB1640DB0F49BFE4CB16C0E6
:105CD000F0B557464E46DE464546E0B5B04B470068
:105CE00089B00C0006007F089F426EDDAD4B9F42DD
:105CF0001ADC0F23AC499F43002800DC71E0FDF75C
:105D000003FDAA4B061C9F4200D114E1A849FDF7F0
:105D1000FBFC011C2060301CFDF7F6FCA449FDF7DC
:105D2000F3FC0125606054E0A24B9F426FDDA24B63
:105D30009F4200DDF8E0862252429146FB159944CD
:105D40004B46DD057D1B281CFDF7A2FEFDF7C0FEBE
:105D5000011C0590281CFDF7D7FC8721C905FDF71C
:105D6000A1FB8046FDF794FEFDF7B2FE011C0690F4
:105D7000051C4046FDF7C8FC8721C905FDF792FBCD
:105D800000210790FCF7D6FE002800D105E1002194
:105D9000281CFCF7CFFE434243410133874A2100D0
:105DA0000192022205A800924A4600F039FA050045
:105DB000002E0EDA80221206944623684542634480
:105DC000236063686344636003E000230025086088
:105DD0004B60280009B03CBC90469946A246AB46B1
:105DE000F0BDFCF7EDFF714B061C9F4200D1C1E0F6
:105DF0006F49FCF7E5FF011C2060301CFDF784FCB7
:105E00006B49FCF7DDFF012560606D42E1E701F0C1
:105E1000AFF86B498046FDF745FBFC218905FCF78F
:105E2000CFFFFDF735FE0500FDF752FE5E498146C6
:105E3000FDF738FB011C4046FDF766FC5C498046D7
:105E40004846FDF72FFB8246011C40461F2D00DC13
:105E500083E0FDF759FC83465B46FF22DB0DFF150F
:105E60001340FB1A082B47DD56494846FDF71AFB3D
:105E70008246011C4046FDF747FC8346011C039007
:105E80004046FDF741FC5146FDF73EFC80464E4939
:105E90004846FDF707FB4146FDF736FC011C8246EC
:105EA0005846FDF731FCFF22C30D1340D846FB1ABC
:105EB0008346192B20DD45494846FDF7F3FA039B3D
:105EC000071C011C181C9A46FDF71EFC011C80468D
:105ED0005046FDF719FC391CFDF716FC3C49071C20
:105EE0004846FDF7DFFA391CFDF70EFC011C82461F
:105EF0004046FDF709FC83465B4659462360404611
:105F0000FDF702FC5146FDF7FFFB6060002E00DB51
:105F10005FE780231B065B44236080231B069C46AF
:105F2000604460606D4254E7011CFDF7EDFB002505
:105F3000606020604DE72349FDF7E6FB2249051C20
:105F4000FDF7E2FB011C2060281CFDF7DDFB1E496C
:105F5000FDF7DAFB012560603BE7FDF7D5FBFF238A
:105F60003A001C499A436B1E9B005B5883469A4239
:105F7000C2D171E71349FCF723FF1349051CFCF755
:105F80001FFF011C2060281CFDF7BEFB0E49FCF71B
:105F900017FF012560606D421BE70323FEE6C04644
:105FA000D80F493FE3CB1640800FC93FD00FC93F00
:105FB00043443537800F4943FFFF7F7F20C60200EF
:105FC00084F9223F0044353708A3852E00A3852E8F
:105FD00032318D24A0C502002A49430070B5020069
:105FE000041C5B088B423BD8002B38D000283EDBDA
:105FF0002549C6158B420BD88020000420423DD194
:10600000002300E00B005200591C0242FAD0F61A9D
:10601000802352021B04520A1A437F3E5300F107A9
:1060200000D593008022701019210026002552040B
:10603000AC189C4202DCA5181B1BB61801395B008A
:1060400052080029F4D1002B02D0012301369E43CF
:10605000FC239B059C4676106644C005801970BDE4
:10606000011CFDF71FFA211CFCF7AAFEF7E7011C33
:10607000FDF74AFB011CFDF73DF8F0E701235B4209
:10608000C5E7C046FFFF7F7FFFFF7F00F8B54746AB
:10609000CE46584B450080B5061C0F1C6D089D422E
:1060A00048DCFDF7F5FC002800D19BE0311C301CDA
:1060B000FDF7F8F95049041CFDF7F4F94F49FCF7D6
:1060C0007FFE211CFDF7EEF94D49FDF71DFB211C5C
:1060D000FDF7E8F94B49FCF773FE211CFDF7E2F9E7
:1060E0004949FDF711FB211CFDF7DCF94749FCF795
:1060F00067FE211CFDF7D6F98046FC21201C89058E
:10610000FDF7D0F94146051C201CFDF7CBF9391CE1
:10611000041C301CFDF7C6F9011C201CFDF7F4FA25
:10612000011C281CFDF7F0FA011CFE208005FDF77C
:10613000EBFA53E0011CFDF7B5F92F49041CFDF7FC
:10614000B1F92E49FCF73CFE211CFDF7ABF92C49B7
:10615000FDF7DAFA211CFDF7A5F92A49FCF730FE14
:10616000211CFDF79FF92849FDF7CEFA211CFDF708
:1061700099F92649FCF724FE211CFDF793F9244BDD
:1061800080469D42B9DD234B9D422EDCFF231B063A
:106190009C46FE206544291C8005FDF7B5FA814622
:1061A000FC21201C8905FDF77DF9291CFDF7ACFABF
:1061B0004146051C201CFDF775F9391C041C301CD8
:1061C000FDF770F9011C201CFDF79EFA011C281C2C
:1061D000FDF79AFA011C4846FDF796FA0CBC90466A
:1061E0009946F8BDFE208005F8E70B4B0B4D99460C
:1061F000D6E7C046FFFFFF314ED747ADF6740F31EB
:106200007CF29334010DD037610BB63AABAA2A3D2C
:106210009999993E0000483F0000383F0000903EA9
:10622000F0B54E464546DE465746E0B5DDB00B912B
:106230006699039007931800CB4B8900CE5807232B
:10624000D11E441EC81703405B18D910CB43DB177F
:1062500019404B1CDB00D31A059601940991049355
:106260000D1B371919D4679A7F199046AB00013777
:106270009844002620AC08E043469859FDF728FCD6
:106280000135A0510436BD4207D0002DF4DA0020BC
:106290000135A0510436BD42F7D1059B002B00DA31
:1062A00024E3059B039901339B009946079B9A00C1
:1062B000944600920022904648AA9346F422524205
:1062C000614492460F005CAB63449A44019B0026F4
:1062D000002B0FDB55460026039C4544296801CC62
:1062E000FDF7E0F8011C301CFCF76AFD043D061CBC
:1062F000BC42F3D15B4642469E5004239C46E04498
:10630000C845E3D10CA904228C465242624494460B
:10631000059DAB009C4462468C460892039A083B5C
:10632000634494460A93009B63449A465A46AB00E2
:106330000093D658002D26DD8C4BA846EC1847ABB1
:1063400099460CAB1D00A4005C44EE21301C89056D
:10635000FDF7A8F8FDF79CFBFDF7BAFB8721C905FF
:10636000071CFDF79FF8011C301CFDF7CDF9FDF768
:106370008FFB216801C5381CFCF722FD043C061C7C
:106380004C45E2D14546049F301C390000F03EFEEA
:10639000F8218905041CFDF785F800F0EDFD822148
:1063A000C905FDF77FF8011C201CFDF7ADF9061C9F
:1063B000FDF76EFB0400FDF78BFB011C301CFDF7A5
:1063C000A3F9061C002F00DCC4E06A1E92000CAB8F
:1063D0009B5808201900C01B0141641881405B1ABA
:1063E0000CA98B500722D21B134198464346002B21
:1063F00029DD0134002D00DCF0E10C9F0123002F8A
:1064000000D08EE0012D08D099000CAA5758013316
:10641000002F00D086E09D42F6D1049B002B0EDDBC
:10642000012B00D1FCE0022B09D16B1E9B000CAAB2
:10643000D25802923F2202990A400CA9CA50434600
:10644000022B00D1D6E00021301CFCF773FB0028A2
:1064500000D19DE0059B691E8B420FDC0CAA94467F
:106460000022424B0898EB189B0063441E68043BD3
:1064700032438342FAD1002A00D0DCE0059B0CAA0B
:10648000013B9B00D358002B00D0C7E001220A9BA0
:10649000043B596801320029FAD052196B1C06924C
:1064A00093423ADC531B9B000293099B00275B1924
:1064B0009B009946079B9C4620AB98466544AD00DF
:1064C000A844679A4B469446DB1963445868FDF725
:1064D000FFFA4346D851019B002B20DB4346DD19D0
:1064E0003B00039C574600269A4600E0286802CCF1
:1064F000FCF7D8FF011C301CFCF762FC043D061CB5
:10650000A742F3D15346BA461F00009BFB185B44D9
:106510005E60029B04379F42D3D1069D06E70026AA
:10652000F3E7002180225200D71B0CAA57509D424E
:106530000EDD0CA98C4600999B006144D2580800DE
:106540006344FF2100E01A688A1A04C38342FAD127
:10655000012762E7049B002B0AD16B1E9B000CAA4B
:10656000D3581B12984641E764C90200FFFFFF3F62
:10657000FC218905FCF702FB002800D021E1002363
:106580000021301C9846FCF7D5FA002800D061E7BE
:106590004346049F301C79420294039300F036FD79
:1065A0008721C905041CFCF7E9FA002800D17EE127
:1065B000EE21201C8905FCF775FFFDF769FAFDF750
:1065C00087FA8721C905061CFCF76CFF011C201CFB
:1065D000FDF79AF8FDF75CFA009A0CAB9850083773
:1065E0006B1C301C9D0001930497FDF751FA0CAB16
:1065F00058513CE0FE20311C8005FDF785F8061C53
:10660000002F00D11FE7FE200499800500F0FEFC5A
:10661000011C301CFDF778F8061C14E701223CE74A
:106620006B1E9B000CAAD25802927F2202990A404C
:106630000CA9CA5003E74346049A03930CA88B00A5
:10664000C358083A029401910492002B0FD1B1482B
:106650000B0084460CA8634484469B006344043BBF
:1066600058680139083A0028F9D004920191FE20B7
:106670000499800500F0CAFC019B061C002B00DA7F
:106680003AE19B001D005C4604930CAB5859FDF7A2
:106690001FFA311CFCF706FFEE2160518905301C02
:1066A000FCF700FF043D061C2B1DEED1A346049B06
:1066B000994D5B449846019B01339B4600239A46C3
:1066C00034AB99465B460093059B9B465B4600278F
:1066D000002B14DB002691480027002403E0043639
:1066E00054450CDC705943469959FCF7DBFE011CFC
:1066F000381CFCF765FB0134071CA345EFDA534651
:106700004A469B00D75001239C46053BE2449C46E9
:10671000009BE0445345D9D1669B022B62DC002BE1
:106720001EDC13D1049B00204B441D0033AC2968B0
:10673000043DFCF745FBAC42F9D1039B002B03D091
:1067400080231B069C4660440B9B18600720029B1D
:1067500018405DB03CBC90469946A246AB46F0BDA1
:10676000019B0020002B0DDB34AB9946019B0020E0
:106770009B004B441D0033AE2968043DFCF720FB11
:10678000AE42F9D1039B002B00D098E00B9B011C7B
:1067900018603498FCF7B8FF019B002B0EDD34AB7A
:1067A00001261D00019CB300E9580136FCF708FBE7
:1067B000B442F8DA039B002B00D08DE00B9B5860AD
:1067C000C4E7022301349846002D00DD15E6FE20C3
:1067D000311C8005FCF798FF061C34E600271CE6F8
:1067E00034AB9946669B032BB0D1019B002B00DC98
:1067F0008EE0019A93009B464B46594694465B585F
:106800009846444B454663449E00009333AB9A46FA
:106810004E443768291C381CFCF7D2FA041C011CB2
:10682000381CFCF771FF291CFCF7CAFA043EB06063
:106830007460251CB245ECD1019B012B68DD4B46F1
:106840005A469E58009B4C469B009846444400E0A4
:106850001C002768311C381CFCF7B2FA051C011C0F
:10686000381CFCF751FF311CFCF7AAFA231F6060AB
:1068700025602E1C9945EBD14646002004364E4437
:106880003168043EFCF79CFAB442F9D14B460399B7
:10689000349A5B68002924D0802109068C460B9924
:1068A0006244634460440A604B6088604EE7201C89
:1068B000FDF7EEF8009A0CAB98500195D7E68023CF
:1068C0000B9A1B06C3181360011C3498FCF71CFFBD
:1068D000019B002B00DD62E780231B069C46604481
:1068E0006CE70B990A604B6088602FE7079B9B0061
:1068F000009348AB9B4605E5669B022B00DD6FE7E6
:10690000002B00DD2CE70020002B00D115E71DE750
:106910000020BBE7FFFFFF3F38C902000000C93F6E
:10692000F8B54746CE4680B51700334A4300041CED
:106930000E1C5B08934205DCFDF7AAF80300201C3F
:10694000002B46D0211C201CFCF7ACFD051C011CB3
:10695000201CFCF7A7FD29498046281CFCF7A2FD56
:106960002749FCF7D1FE291CFCF79CFD2549FCF7C3
:1069700027FA291CFCF796FD2349FCF7C5FE291CC4
:10698000FCF790FD2149FCF71BFA8146002F24D02B
:10699000FC21301C8905FCF785FD4946071C404653
:1069A000FCF780FD011C381CFCF7AEFE291CFCF72F
:1069B00079FD311CFCF7A8FE1549051C4046FCF783
:1069C00071FD011C281CFCF7FBF9011C201CFCF7C5
:1069D0009BFE0CBC90469946F8BD011C281CFCF798
:1069E00061FD0B49FCF790FE4146FCF75BFD211C65
:1069F000FCF7E6F9EDE7C046FFFFFF31D3C92E2FC4
:106A0000342FD7321BEF3836010D50398988083CB6
:106A1000ABAA2A3EF8B54E4657464546DE46A04B41
:106A2000E0B54E0080468A46894676089E420CDDD7
:106A30009C4B9E4200DDA2E000D19DE04B46002B26
:106A400000DCE0E0984B994AA1E0994B9E4200DDC2
:106A5000B3E0984B9E4200DCA1E001235B429B46E1
:106A60004246534640465146FDF7E2FF02000B0006
:106A700006000F00FDF7DCFF04000D008E4A8F4B6F
:106A8000FDF7D6FF8E4A8F4BFDF7ACF822002B00A6
:106A9000FDF7CEFF8C4A8D4BFDF7A4F822002B00AA
:106AA000FDF7C6FF8A4A8B4BFDF79CF822002B00AE
:106AB000FDF7BEFF884A894BFDF794F822002B00B2
:106AC000FDF7B6FF864A874BFDF78CF832003B0096
:106AD000FDF7AEFF844A06000F00844B200029001A
:106AE000FDF7A6FF824A834BFEF714FA22002B0023
:106AF000FDF79EFF804A814BFEF70CFA22002B0027
:106B0000FDF796FF7E4A7F4BFEF704FA22002B002A
:106B1000FDF78EFF7C4A7D4BFEF7FCF922002B002F
:106B2000FDF786FF02000B0030003900FDF75AF830
:106B300053464246FDF77CFF5B46013366D05B4619
:106B4000734A744CDB00E418D3181A685B68FEF7CC
:106B5000E1F942465346FEF7DDF902000B002068DA
:106B60006168FEF7D7F9030048460A0000280EDAEC
:106B7000802212068A180AE0002800D15EE7424609
:106B8000534640465146FDF72DF803000A00180011
:106B900011003CBC90469946A246AB46F8BD5E4A01
:106BA0005E4BFDF71FF800225D4BFBF7A3FF0028AB
:106BB00000D152E743465246E9E700F0BFF8594B8F
:106BC00004000D009E422ADC574B9E4250DC02001E
:106BD0000B00FDF707F80022514BFEF79BF98023CD
:106BE00006000F000022DB0520002900FCF7FAFF59
:106BF0000B00020039003000FDF710FB0023804637
:106C00008A469B462CE7284B484AC0E702000B0007
:106C100040465146FEF77EF903000A00B7E7444BB1
:106C20009E421ADC0022434BFEF774F90022060054
:106C30000F00404B20002900FDF7FAFE0022384BE0
:106C4000FCF7D0FF0B00020039003000FDF7E6FA38
:106C5000022380468A469B4602E70B000200364923
:106C60000020FDF7DBFA032380468A469B46F7E6C1
:106C700000222B4BFEF74EF9002206000F00284B96
:106C800020002900FCF7AEFF0B00020039003000A5
:106C9000FDF7C4FA012380468A469B46E0E6C046DB
:106CA000FFFF0F440000F07F182D4454FB21F93FF3
:106CB000FFFFDB3FFFFF1F3E11DA22E33AAD903FBB
:106CC000EB0D76244B7BA93F513DD0A0660DB13F23
:106CD0006E204CC5CD45B73FFF8300922449C23F8B
:106CE0000D5555555555D53F2F6C6A2C44B4A2BF50
:106CF0009AFDDE522DDEAD3F6D9A74AFF2B0B33F18
:106D0000711623FEC671BC3FC4EB98999999C93F8F
:106D100040B9020020B902009C7500883CE4377E2F
:106D20000000F03FFFFFF23FFFFFE53FFB21F9BF0F
:106D3000FF7F03400000F83F0000F0BF49004B0810
:106D40001900704700207047F0B5C646714B4500EA
:106D500000B5041C07006D089D4208DDFF23DB051C
:106D60009D4271DC002800DC9DE06B486FE06B4BBE
:106D70009D4200DD7AE06A4B9D426BDD0126764242
:106D8000211C201CFCF78EFB011C8046FCF78AFBB3
:106D90006449051CFCF786FB6349FCF711F8291CC4
:106DA000FCF780FB6149FCF70BF8291CFCF77AFB28
:106DB0005F49FCF705F8291CFCF774FB5D49FBF7FC
:106DC000FFFF291CFCF76EFB5B49FBF7F9FF41460F
:106DD000FCF768FB59498046281CFCF763FB5849BF
:106DE000FCF792FC291CFCF75DFB5649FCF78CFC78
:106DF000291CFCF757FB5449FCF786FC291CFCF7BF
:106E000051FB5249FCF780FC291CFCF74BFB011C91
:106E10004046FBF7D5FF211CFCF744FB731C44D014
:106E20004B4BB600F158FCF76FFC211CFCF76CFCD7
:106E3000484B011CF058FCF767FC002F07DA802351
:106E40001B069C46604402E0011CFBF7B9FF04BC32
:106E50009046F0BD4049FBF7B3FFFE218905FBF7E3
:106E600083FE0300201C002BF1D187E700F080F89F
:106E70003A4B041C9D421DDC394B9D4239DC011C00
:106E8000FBF79EFFFE218905FCF73EFC8021051CD7
:106E9000C905201CFBF794FF011C281CFCF72AF9EC
:106EA0000026041C6CE72F48D1E7011C201CFCF7CE
:106EB0002BFCCCE72C4B9D4214DCFF218905FCF711
:106EC00023FCFF21051C8905201CFCF7EBFAFE21A1
:106ED0008905FBF775FF011C281CFCF70BF902263E
:106EE000041C4DE7011C2148FCF704F90326041C8F
:106EF00046E7FE218905FCF707FCFE21051C8905F4
:106F0000201CFBF75DFF011C281CFCF7F3F8012691
:106F1000041C35E7FFFF7F50DB0FC93FFFFFDF3E5B
:106F2000FFFFFF30D769853C59DA4B3D356B883D13
:106F30006E2EBA3D2549123EABAAAA3E21A215BD2E
:106F40006BF16E3D95879D3D388EE33DCDCC4C3E3B
:106F500080C9020070C90200CAF24971FFFF973F61
:106F6000FFFF2F3FDB0FC9BFFFFF1B40000080BFAB
:106F7000400040087047C046F0B5C64643005F0871
:106F80001B0E7F3B00B5051C06001C00162B1CDCED
:106F90008046002B21DB194F1F41074211D01849B1
:106FA000FBF70EFF0021FBF7DFFD002809D0002DC5
:106FB00004DA80231B0423419846A8444346BB437C
:106FC0001E00301C04BC9046F0BD0E4B9F42F8D909
:106FD000011CFBF7F5FE061CF3E70949FBF7F0FE81
:106FE0000021FBF7C1FD0028EBD0002D01DB0026BE
:106FF000E7E7002FE5D0044EE3E7C046FFFF7F0040
:10700000CAF24971FFFF7F7F000080BF420070B568
:10701000031C0C00050051080FD0274EB1420DD8BB
:10702000264881420ED9120E1219FE2A1CDC002AB3
:1070300022DD2348D2052840104370BD011CFBF718
:10704000BFFEFAE79821181CC905FCF72BFA1D4A68
:10705000031C944204DB4200120E0500193AE3E7D8
:107060001949FCF71FFAE8E7191C184800F032F834
:107070001649FCF717FAE0E7110016310ADA144A4C
:10708000191C944210DD114800F024F80F49FCF758
:1070900009FAD2E7CC211932D005094A89051540F1
:1070A0002843FCF7FFF9C8E7074800F013F8064942
:1070B000FCF7F8F9C1E7C046FFFF7F7FFFFF7F00C5
:1070C000FFFF7F80B03CFFFF6042A20DCAF2497112
:1070D00050C300004000C90FC9074008084370476B
:1070E00010B5040004481300002804D00A00022050
:1070F000210000E000BF10BD00000000014B186837
:107100007047C0461C200020084B10B50400002B1F
:1071100002D0002100E000BF054B1868836A002BF5
:1071200000D09847200004F0E3F8C04600000000BB
:10713000F0C9020070B500260C4D0D4C641BA41064
:10714000A64209D1002604F0DDFB0A4D0A4C641B5F
:10715000A410A64205D170BDB300EB589847013684
:10716000EEE7B300EB5898470136F2E79420002091
:107170009420002094200020B020002010B5034B64
:107180000100186804F0FDFA10BDC0461C20002064
:10719000002370B5064C050008001100236000F0C4
:1071A000C1FA431C03D12368002B00D02B6070BDB3
:1071B0008C2900200CB430B5164B9DB00C1E1D68F8
:1071C00008DA8B2301202B6040421DB030BC08BC84
:1071D00002B01847822302A99B008B8100230290F2
:1071E00008619C4200D0631E8B604B6101235B42AF
:1071F000CB81209A21AB2800019300F06FF8431C4B
:1072000001DA8B232B60002CDFD00023029A13704D
:10721000DBE7C0461C200020F0B58E6885B0070073
:107220000C00039201939E423CD890238A89DB0094
:107230001A4234D00325096923685B1A02936369F3
:1072400002985D43EB0F5D19019B6D1001331B1814
:10725000AB4200D91D00530532D52900380000F09B
:1072600080FF061E09D10C233B6040230120A28928
:1072700040421343A38105B0F0BD029A216904F096
:107280005CFAA389144A1A4080231343A381029B0A
:107290002661F61826606561019EED1AA560019BC6
:1072A0009E4200D9019E32000399206804F04EFAF4
:1072B000A36800209B1BA36023689E192660DAE761
:1072C0002A00380000F057FF061EE0D1216938007F
:1072D00000F04CFFC7E7C0467FFBFFFFF0B5A1B051
:1072E00003901D008B890F0016001B0611D50B693A
:1072F000002B0ED1402100F034FF386038610028A7
:1073000005D10C23039A0138136021B0F0BD40234E
:107310007B61002308AC6361203363761033A3766E
:10732000079535002B78002B01D0252B46D1AB1BC0
:1073300005930CD0320039000398FFF76DFF431C12
:1073400000D1AEE06269059B9446634463612B788B
:10735000002B00D1A5E0012200235242626004A963
:10736000543252186E1C2360E360A3601370A3654F
:1073700031780522534804F0C6F9751C00281FD146
:107380002268D30604D5532304A95B182021197061
:10739000130704D5532304A95B182B2119703378E4
:1073A0002A2B16D0350000210A20E3682A786E1CAB
:1073B000303A092A4ED9002918D010E00135B1E73A
:1073C000404B2268C01A01238340134323602E00E0
:1073D000CEE7079B191D1B680791002B01DB0B9360
:1073E00004E05B42E3600223134323602B782E2BDF
:1073F0000AD16B782A2B35D1079B02351A1D1B68E1
:107400000792002B2BDB09932F4E297803223000A3
:1074100004F079F9002806D04023801B83402268BD
:107420000135134323602978062228486E1C2176F3
:1074300004F069F900283CD0254B002B25D1072208
:10744000079B07339343083307936369049A9B1898
:10745000636166E7434301219B183500A6E70123DA
:107460005B42D0E700230A201A00013563602978C7
:107470006E1C3039092903D9002BC5D00992C3E706
:107480004243012352183500F1E707AB00933A005D
:10749000104B2100039800E000BF0490049B0133CF
:1074A000D3D1BB890D985B0600D42EE70120404262
:1074B0002BE707AB00933A00064B2100039800F03E
:1074C0000BF8EAE729D002002FD0020033D00200E7
:1074D0000000000019720200F0B589B004920A00A1
:1074E00043320593039002920A7E0C000E9B6E2A93
:1074F00000D186E01FD8632A33D008D8002A00D1F3
:107500008CE0582A4DD0250042352A7030E0642A9C
:1075100001D0692AF7D1196825680A1D280629D5DE
:1075200008681A60002803DA2D23029A404213707B
:107530006B4E0A274FE0732A74D008D86F2A1FD0E9
:10754000702AE0D1202209680A43226003E0752AEC
:1075500016D0782AD7D12200782145321170614E99
:1075600022E025001A684235111D196013682B703E
:10757000012365E008681A606906D3D500B2D1E737
:1075800019682568081D186008682E0605D5544E30
:1075900008276F2A1BD00A2719E06D06F7D580B29D
:1075A000F5E745314E4E0A7018682268011D0068E3
:1075B0001960150621D5D30702D520231A4322606E
:1075C0001027002803D1202322689A432260230039
:1075D000002243331A706368A360002B58DB042237
:1075E000216891432160002854D1029D002B5AD07C
:1075F0002500337842352B7055E05506DBD580B237
:10760000D9E71A680D68101D4969186013682E06BD
:1076100001D5196002E06D06FBD519800023029D9B
:1076200023614FE01A68111D196015680021626816
:10763000280004F068F8002801D0401B60606368EF
:1076400023610023029A13703CE023692A00049905
:107650000398059DA847431C3ED023689B0715D47B
:10766000079BE068984239DA180037E022000123CE
:10767000193204990398059EB047431C2CD001355C
:10768000E368079A9B1AAB42F0DCE9E70025F7E7CD
:107690000028ADD0029D3900FBF712F9735C013D63
:1076A0002B700028F7D1082F09D12368DB0706D5F6
:1076B00063682269934202DC3023013D2B70029BF8
:1076C0005B1B2361059B07AA00932100049B039881
:1076D00004F0AAF8431CB8D10120404209B0F0BD23
:1076E0003AD002004BD0020042024B024000490057
:1076F000520A5B0A090E000EFF2806D00020FF295F
:1077000002D11800431E98417047FE38002AFBD171
:10771000F4E7C04658220120014B40421A607047EE
:107720008C29002058220120014B40421A607047EA
:107730008C29002070477047704782B030B5050033
:1077400085B0089202A80822099303F0F6FF039B74
:10775000029C5A10AD18DB0701D52B681C590AA9E9
:107760000822684603F0E9FF089A099B2800A04711
:1077700005B030BC08BC02B0184710B5040003F0D7
:107780009EFF200010BD82B037B50500AC6807939E
:107790002300101C11002D33643818702000090CD0
:1077A0005970089B069201A904222F30019303F01F
:1077B000C4FF112340342370A86800F026FB37BCB7
:1077C00008BC02B0184782B037B58468079323001D
:1077D000050006922000012241331A7006A9921872
:1077E000423003F0AAFF2300200006AA5288443347
:1077F0001A70089B042201A94530019303F09DFFF4
:10780000122354342370A86800F0EEFA37BC08BC89
:1078100002B0184782B037B584680793110023007F
:1078200006920222050020004133090C1A7059709B
:10783000089B921801A94330019303F07EFF1223A5
:1078400054342370A86800F0CFFA37BC08BC02B0EB
:10785000184770B5D124A4000500005900280ED0A7
:10786000F7F766F8836D9B0709D5285902F0D3FB1B
:10787000036813215B6A9847642003F02BFEF1F73D
:10788000C9FD70BD82B010B5006802920393FFF786
:10789000E0FF10BC08BC02B0184700231A0070B506
:1078A0004D1E9D4204DD9C00045901331219F8E776
:1078B0001000FBF709F870BD0A000139F0B50300AC
:1078C00000248C46A4450FDD0134190025009542A3
:1078D00001DB0433F6E74F681E68B74201DA1F6028
:1078E0004E6001350431F2E7D10F89184910890043
:1078F0000858F0BDF8B50500060004000227383529
:107900004836286803212318C0331F7000012368FC
:10791000A930FF301818F4F739FB01CD23680001B6
:10792000A930FF301818F4F72FFAAE42E9D1F8BDAC
:10793000012283681A7092185A70704705235943C0
:10794000002330B5D55CCC184C3401330555052BDC
:10795000F8D130BDF8B5070000683E00A030F3F75D
:10796000E3FC00250024230038684C33153021B295
:10797000F35C2AB2FF300134F2F7FEFA052CF2D1A3
:1079800001350536052DEDD1F8BD37B50400684643
:107990001500F2F783FA009B02229B5E002B10DD9C
:1079A0002068A030F3F7C0FC2468A034002D0CDC64
:1079B0000021684600F0CDFC2A0001002000F3F70A
:1079C000F7FC684600F041FC37BD694601A800F0AD
:1079D00093FC2A0001A92000F3F7DCFD01A800F0C8
:1079E00034FCEEE770B5C36F04000133052B0ED0F5
:1079F0002068E367A030E56F01F044FB1A35AD0065
:107A00002851200005216830FFF747FF70BD002393
:107A1000EEE70023F0B585B00393030005000400F2
:107A20000E003833103501932B681801A9302368F4
:107A3000FF30181801F095FE002816D02B68039F20
:107A40001801A9302368FF30181801F084FE0028BF
:107A50000BD02B681801A9302368FF301818F4F7F1
:107A600093F92B68984007430397019B0435AB4279
:107A7000DAD1230048331B78002B08D02068039DFF
:107A8000A930FF30F4F7FCF90006284303902300E7
:107A900049331B78002B08D02068039DB930FF3094
:107AA000F4F7EEF940062843039023004A331B788D
:107AB000002B08D02068039DC930FF30F4F7E0F9AF
:107AC00080062843039023004B331B78002B08D0FB
:107AD0002068039DD930FF30F4F7D2F9C00628435F
:107AE000039020681930FF3000F063FE0500206825
:107AF000039F4130FF3000F05CFE2D074007054337
:107B0000042203A93D433000039503F016FE200034
:107B1000FFF768FF307120689130FF3001F080FF7F
:107B20008038707105B0F0BD10B503680C00FC33EF
:107B3000D86F00F011FE002805DDB423B42C01DD60
:107B400087239B001C1B200010BD0B001100C218D6
:107B5000C03210B5117001290DD000290BD00229B7
:107B600000D010BD03211B01A9330068FF33C018EA
:107B7000F4F70CFAF5E71B01A9330068FF33C018CE
:107B8000F6E7F0B51501A9350368FF3587B00400A5
:107B900058190391160001F0DEFD002828D0236853
:107BA00000215819F4F7F2F9142373431A008032B4
:107BB000A21817009433E31801920293236858190E
:107BC000F4F73EF9029B01C79F42F7D105210198C6
:107BD000FFF772FE04AB991D08800222039803F0A0
:107BE000ACFDA319C0331A7831002000FFF7ADFFB8
:107BF00007B0F0BD13B5037B002B0FD10468F1F77C
:107C0000D5FBA034010001A8F2F748F9782201A9B8
:107C10002000F3F7BFFC01A800F017FB13BD030021
:107C2000383010331A688A4204D004338342F9D1C1
:107C3000002070470120FCE710B50400F0F70AFFB0
:107C4000200003F03CFD200010BD10B50368002BA0
:107C500001D00800984710BD10B50368002B01D073
:107C60000800984710BD37B504680D00002C0ED0F1
:107C7000011D0822684603F060FD019A009B501028
:107C80002018D20701D50268D3582900984737BD7C
:107C900082B030B5050085B0089202A80822099389
:107CA00003F04BFD039B029C5A10AD18DB0701D576
:107CB0002B681C590AA90822684603F03EFD089A61
:107CC000099B2800A04705B030BC08BC02B018478B
:107CD00037B504680D00002C0ED0011D082268463F
:107CE00003F02BFD019A009B50102018D20701D5FC
:107CF0000268D3582900984737BD82B037B50400D1
:107D0000406E06920793FFF713FED123226E9B006D
:107D1000D05802F084F90022A36ED98B0368009238
:107D2000DD6822001423A84737BC08BC02B01847FE
:107D300070B5C26F4B88D28B0C009A420DD10500F2
:107D4000002255352900406EFFF71BFF80239B0260
:107D500063600023A560A38170BD021DD26FD28B2A
:107D60009A4203D1050001225735EBE702000832A1
:107D7000D26FD28B9A4203D1050002225935E1E736
:107D8000020088321268D28B9A42E5D105000322A4
:107D90005B35D7E710B50A89406EC968F0F722FD58
:107DA00010BD70B504000130260003000025113617
:107DB0001D7001339E42FBD1012365822370002A8E
:107DC00008D10B001033994207D0013B1A7802709A
:107DD0000130F8E7102203F0B9FCA27B637B1202AA
:107DE00013432000638270BDD12310B50400026EDE
:107DF0009B00D05802F013F92200A36F4132D98BB7
:107E000003685C691423A04710BDD12310B504009A
:107E1000026E9B00D05802F002F92200636F2D32EF
:107E2000D98B03685C691423A04710BDF7B5D12531
:107E3000036EAD000400585902F0EDF8836D9B0706
:107E400027D5260014363100606EFFF7E2FD236E61
:107E50000027585902F0E3F8E36E3200D98B03682B
:107E60000097DB689C4607236646B04726001B3612
:107E70003100606EF0F7E8F9236E585902F0CFF840
:107E8000236F3200D98B03680097DC681223A04768
:107E9000F7BD606EFFF7AEFEFAE782B030B50500C1
:107EA00085B0089202A80822099303F046FC039BC0
:107EB000029C5A10AD18DB0701D52B681C590AA982
:107EC0000822684603F039FC089A099B2800A0475D
:107ED00005B030BC08BC02B0184782B01FB5040022
:107EE000100C0338069207930A2819D8FAF758FCA1
:107EF0000618231C182918181818230020001930F8
:107F0000FF30002100F052FC20004130FF30002102
:107F100000F04CFC20006930FF30012101F0EFFB44
:107F20001FBC08BC02B01847BE235B00E15801A883
:107F300000F0D5FCF4E7FC34E16F01A800F0F1FBA0
:107F4000EEE720009130FF30F4F704FBE8E773B56B
:107F5000060000F02BF8050000F028F80400A9B294
:107F6000684600F08FF9210C01A800F08BF901AAF6
:107F70006946300000F0D7F901A800F066F96846BC
:107F800000F063F9300076BD3ADF704712DF7047CA
:107F900013B56B46DC1D002320002370FFF7F6FFAE
:107FA0002078013843425841C0B216BD80235B059A
:107FB000586E704710B58368984710BD704710B56C
:107FC000040003F07CFB200010BD72B60B68016555
:107FD000002B04D14365086062B6704713005A6DE8
:107FE000002AFBD158654265F6E7036D002B0AD0E5
:107FF00072B6026D1368834207D1436D136000238C
:108000004365036562B6704713005A6D8242FBD127
:10801000426D5A65F3E770B504000D00F1F7C4FB3B
:10802000002805D0002329001A002000F1F74AFC9F
:1080300070BD70B504000E001500F1F7B5FB002807
:1080400005D00123320029002000F1F73BFC70BD70
:1080500010B5F1F705FC041E01D1F1F7B7FC2000C3
:1080600010BD10B50C008047A047F1F733FD10BDDF
:1080700010B5F1F799FB002801D0F1F72BFD10BDE9
:1080800070B51400030010000D0098472000A847A9
:108090002000FFF7EDFF70BD10B5F1F77FFCF1F7A1
:1080A00095FCFAE70023436003707047F0B582083F
:1080B000830703D1031E02D11800F0BD0132541C06
:1080C00072B6802621C93606854225D90368002B61
:1080D00002DB9B00C018F7E75B005B0899004118C2
:1080E0000F68002F08DA8D4206D931007F007F0823
:1080F000DB1919430160F1E7A342EAD302329A4245
:1081000003D292008218954209D803685B005B088D
:10811000036062B6031DCFE762B60023CCE7191BEC
:1081200080231B06043A0B4313600460F1E770B52B
:10813000040008000E00F1F78BFD0500002C0ED0A6
:1081400000280CD0231F1A689200B24200DD3200D2
:108150002100280003F0F1FA2000F1F7ADFD28001E
:1081600070BD10B50800F1F773FD10BD10B5080023
:10817000F1F7A2FD10BD10B508001100FFF7D7FF01
:1081800010BDF7B504001D0008AB1B8810301600A9
:108190000F00019300F0EAF820002430FFF782FF7F
:1081A0000023019A27806680A5602000E360A280FA
:1081B000E3622362FEBD10B5838804009B0702D5ED
:1081C000806803F07CFA200010BD82B030B5046AEC
:1081D00087B00B9305000A920123002C18D11022BE
:1081E0000AA902A803F0A9FA182003F073FA040000
:1081F000082204A9684603F0A0FA029A039B200013
:1082000000F0CEF82C6207B030BC08BC02B01847B2
:108210002269002A02D001331400F9E7092BF2DCAD
:1082200010220AA902A803F088FA182003F052FAD3
:108230000500082204A9684603F07FFA029A039B0E
:10824000280000F0ADF82561DDE710B504000068F6
:1082500000F0A4F9200010BD70B5060008000D0064
:1082600003F0C7FA04000530F1F7F2FC306000F0CB
:1082700088F9336829005C803068621C043003F0A0
:108280005CFA70BD1FB50400080001A9F6F79AFA60
:10829000200001A9FFF7E0FF200004B010BDF8B5F1
:1082A0000B68170002255D5F1368040002229B5EC5
:1082B0000E00ED18681DF1F7CBFC206000F061F9AD
:1082C00023685D8031682368181D0223CA5E04316B
:1082D00003F033FA23683968181D336802229B5E65
:1082E000C0180223CA5E043103F027FA2368200075
:1082F0005D1900232B71F8BD10B5040008682060DB
:1083000000F042F9200010BD70B50B680400006851
:108310000D00984205D000F041F92868206000F077
:1083200033F9200070BD70B5136804005D880868DB
:10833000002D04D1206000F027F9200070BD408896
:10834000002802D123601800F5E72000FFF7A7FFFF
:10835000F3E70022914207DB03680222985E0022C5
:10836000884201DD5B181A7910007047002310B5B0
:1083700003600400F1F75CFDA060E160200010BD27
:1083800070B50180428004001D00F1F751FDA0602E
:10839000E160002D02D02000F1F7D4FD200070BD77
:1083A00082B010B5040003930292FFF7DFFF1022A2
:1083B00002A9200003F0C1F900232000236110BCB2
:1083C00008BC02B0184710B50400006800F0E6F8D9
:1083D000200010BD10B50A00002103F0CAF910BD3D
:1083E00010B504000868206000F0CEF8200010BD31
:1083F00010B500684388818806305943FFF7EAFFCB
:1084000010BD10B504000023F1F7FCFD200010BDE5
:1084100010B50400F1F7F6FD200010BDF0B587B0EF
:1084200004910CA90978039005910168002002913C
:1084300049888C468A4266DA029989888B4262DAD8
:10844000049C26687788D419019484425BDDB58842
:108450005C19844257DD824234DAD019604501DD6F
:1084600060460190002B34DA8C4200DD0C00B01D18
:108470000026D11755422940B34201DA5F437E42BC
:10848000029D761886190635111C002A00DA002193
:10849000002209B2934201DD62465A43059B5118FE
:1084A0006D18002B26D000221000A2422BDA0023E8
:1084B00001998B4212DAF15C002901D0E9540130B4
:1084C0000133F5E76046801A0190B842CADD019792
:1084D000C8E7CC1AAC42CADD2C00C8E7049B0132C5
:1084E0001B6802935B88F618039B1B6802935B88EA
:1084F000ED18DAE7059FA74207DBE043019BC017B1
:1085000020404343180007B0F0BD31002800019A15
:1085100003F013F9049B01371B6802935B88F6187C
:10852000039B1B6802935B88ED18E4E710B5040019
:10853000006800F033F8200010BDF8B5D443E4170C
:108540001440050020000C301F000E00F1F780FBE6
:10855000286000F016F82B681C722B685F60002EF4
:1085600005D0286822000930310003F0E6F8F8BD94
:10857000002310B504000A001900FFF7DEFF2000F9
:1085800010BD03230380704710B50400F1F74AFEC5
:10859000002802D123880233238010BD10B50400C7
:1085A000F1F740FE002805D12388023B9BB2012B46
:1085B00001D0238010BD2000F1F77EFBFAE70368AD
:1085C00070B5040001811B6A9847236805005B6948
:1085D000200098472081280070BD008970470368FB
:1085E00070B5040081721B6A984723680500DB6937
:1085F00020009847A072280070BD807A70477047AD
:1086000010B5040003F05BF8200010BDC3680169D9
:10861000426949435B4352435B18981870477FB5E2
:108620000400FFF7F3FF2500902306001B043135FB
:1086300098422AD9638F002B07D1013308220D21DC
:108640006846FFF79DFE0123638790239B049E42AB
:1086500019D9A38F002B07D1013309220D216846B8
:10866000FFF78EFE0123A3878023DB049E420AD9F5
:10867000E38F002B07D101330A220D216846FFF753
:108680007FFE0123E38700232B702B78042B0ED869
:1086900001332B702000F1F7E7FE02000B280BD10D
:1086A000628601230D216846FFF76AFE15E000236C
:1086B000E387A3876387EDE72300A18E30338142F0
:1086C0000CD11A78042A01D801321A70A28E618E58
:1086D000914202D01B78042BE2D87FBDA0860022F5
:1086E000F3E730B50400036A8BB0009302AD416A32
:1086F0008269C369280001F055FC23000C3307CDC3
:1087000007C30222A37920009343A371FFF787FFD9
:108710000123A1881A0006A8FFF732FE00200BB043
:1087200030BD70B505000B680C0008005B6A984707
:108730002B000C3407CC07C3280070BD10B5040013
:1087400003685B6A9847E06810BD10B504000368D1
:108750005B6A9847206910BD10B5040003685B6A26
:108760009847606910BD10B5040003685B6A9847BC
:10877000A3799B0702D42000F1F740FFA06A10BD47
:1087800010B5040003685B6A9847A3799B0702D47D
:108790002000F1F733FFE06A10BD10B50400F2F7D6
:1087A0000FF8200002F08BFF200010BD0630C177CB
:1087B00070470123807918407047036870B5040042
:1087C00001811B699847236805009B692000984731
:1087D0002081280070BD00897047704710B50400E3
:1087E00002F06DFF200010BD30B50400436BC2687D
:1087F00001699A1A83698BB05A43836B92125B1A90
:10880000C16942634B439B128363C16B406902ADF4
:10881000091A206A41438912E16300912800216C02
:1088200001F0C0FB2300283307CD07C30123A18833
:108830001A0006A8FFF7A4FD00200BB030BD0023EE
:1088400010B58371643303810368040081801B6960
:1088500098470222A37993431A0001231343A3717B
:1088600010BD84B030B5069303000491059204ACAA
:108870000C3326CC26C326CC26C322681A600223DA
:1088800082791343837130BC08BC04B018470223BB
:1088900080791840704780220023D2008261C26133
:1088A00002620222C360036143614362837993439E
:1088B000837170474164704773B50C000500160062
:1088C0000B680800DB699847E36B2800019600936A
:1088D000626BA36B216C01F026FB280076BD70B59E
:1088E00005000B680C000800DB6998472B00283452
:1088F00007CC07C3280070BD10B504000368DB690E
:108900009847A06A10BD10B504000368DB6998475A
:10891000E06A10BD10B504000368DB699847206B5E
:1089200010BD82B030B5050085B0089202A80822BB
:10893000099302F002FF039B029C5A10AD18DB075B
:1089400001D52B681C590AA90822684602F0F5FED9
:10895000089A099B2800A04705B030BC08BC02B0AB
:108960001847F8B50A6803680E000700981AFBF765
:10897000AFF872687B68051C981AFBF7A9F8B36812
:10898000041CB868C01AFBF7A3F8291C061C281C95
:10899000FAF788FD211C051C201CFAF783FD011C39
:1089A000281CFAF70DFA311C041C301CFAF77AFD6A
:1089B000011C201CFAF704FAF8BDF0B585B001904F
:1089C00002910392FFF7CDFF0127041C061C039BB5
:1089D0009F4217DA0C217943029B01985918FFF73F
:1089E000C0FF051C011C201CFAF7BEF8002800D0AF
:1089F0002C1C291C301CFAF7A3F8002800D02E1CD0
:108A00000137E4E7211C301CFAF77EFE05B0F0BD0B
:108A1000F0B58BB009938023DB000024C3600361B1
:108A20004361002305000C2707910892046044600D
:108A3000846084610293119B9C4265DB00270023C4
:108A4000109C0593019700973E1C059B119A934239
:108A500070DA210007A8FFF784FFFCF797FF011CDD
:108A600003900298FAF746FBFE218905FAF74CFEBF
:108A70000490301CFBF70CF806000498FBF708F88C
:108A8000864200DA06003000FBF722F82368079AD6
:108A9000061C981AFBF71CF80399FAF72BFB400009
:108AA00004994008FAF7FEFC011C0098FAF788F9CF
:108AB000089B00900693069A6368981AFBF708F8DB
:108AC0000399FAF717FB400004994008FAF7EAFC0B
:108AD000011C0198FAF774F9A368019009980C3405
:108AE000181AFAF7F5FF0399FAF704FB4000049906
:108AF0004008FAF7D7FC011C381CFAF761F9059B0E
:108B0000071C01330593A0E739006143109B07A8B8
:108B10005918FFF726FFFCF739FFFAF7B9FFFAF704
:108B2000D7FF0299061CFAF71FF8002800D002961A
:108B3000013480E70099081CFAF7B4FC0199041C81
:108B4000081CFAF7AFFC011C201CFAF739F9391C94
:108B5000041C381CFAF7A6FC011C201CFAF730F99B
:108B6000FCF714FF041C011C0098FAF7C3FA311C2F
:108B7000FAF798FCFE218905FAF722F98921C9053F
:108B8000FAF790FCFAF784FF211CE8600198FAF7E5
:108B9000B1FA311CFAF786FCFE218905FAF710F9C3
:108BA0008921C905FAF77EFCFAF772FF211C2861BA
:108BB000381CFAF79FFA311CFAF774FCFE2189057C
:108BC000FAF7FEF88921C905FAF76CFCFAF760FF9D
:108BD000079B68612B60089B029800936B60099B60
:108BE000AB60FAF755FFA86128000BB0F0BDF0B5F7
:108BF0000025040017000B002E0028002A0091B069
:108C00000791BA4208DA1968013240185968761893
:108C100099680C336D18F4E73900F9F755FE3900FF
:108C200020603000F9F750FE390060602800F9F745
:108C30004BFE3A00A06007992000FFF7BEFE002619
:108C40000DAB0A90059606960393C8235B420493E6
:108C5000C8235B420293C8235B4201932200039B1B
:108C600023CA23C32268049B9446039A6344136077
:108C700062681D009446029B039A63445360A26895
:108C800008939446019B039A6344936007993A00C2
:108C900003980993FFF791FE0A990B90F9F750FF9B
:108CA000002805D0089B099E05930B9B06950A9307
:108CB000019BC83301931A00C8235B009A42CDD1AF
:108CC000029BC83302939342C5D1049B029AC833D6
:108CD00004939342BCD12368069A934206D16368F9
:108CE000059A934202D1A368B34205D0069BA660C1
:108CF0002360059B6360A8E7200011B0F0BD70B54C
:108D000004000D00160086B003A8FFF770FF2000D6
:108D1000019600950399049A059BFFF779FE2000C0
:108D200006B070BD4A6810B55310C0180B68D20762
:108D300001D50268D358984710BD10B50021406C8A
:108D400002F088FC10BD10B50400F2F7D1F9200044
:108D500002F0B5FC200010BD10B50400F2F7BAF91E
:108D6000200002F0ACFC200010BD70B5050004002E
:108D7000743501212800F1F705FA220056321378E4
:108D80000133DBB21370E17901318B4222D1002330
:108D900026001370226D54360221525E3388202142
:108DA000934205DA200019B25030FFF7D2FA0100E1
:108DB000E27900232800F1F79DF9226D3388022122
:108DC000525E934207DD2300002248331A702000D0
:108DD000F2F798FA70BD01333380FBE770B50500F8
:108DE0000600826D5C350221525E2B8804007436C9
:108DF0002021934204DA19B25830FFF7AAFA010091
:108E0000002330001A00F1F775F9A26D2B880221BA
:108E1000525E934207DB2300002248331A70200081
:108E2000F2F770FA70BD01332B80FBE773B50400D5
:108E300006002500743630006435FFF7D9FA0023A8
:108E4000EA5E21000023603100933000FFF7E6FA6C
:108E5000002804D123006C331B78002B0AD1662232
:108E6000A256002A06D02B886C349B182B80012335
:108E7000237073BD2300002248331A702000F2F7DC
:108E800041FAF6E7F0B50600002105000400663659
:108E9000006E7156408864350023EA5E4B1D1B1A34
:108EA000200085B06C3003909A4210DC0378002BD0
:108EB0000DD01C3D2B78062B02D10830FFF798FA15
:108EC000002320002B70F2F71DFA05B0F0BD27003B
:108ED0007437002A04DD494209B23800F1F752F92B
:108EE0000023EA5E21000023603100933800FFF781
:108EF00095FA0023F356002B05D122004832137057
:108F00002000F2F7FFF90123039A137000232A8847
:108F1000F3569B182B80D8E770B5050048352B78A1
:108F20000400002B31D0F0F73BFF22004C321388B5
:108F30001818230080B210804A331B88834224D83B
:108F4000002313802B78022B02D12000FFF70DFFA6
:108F50002B78032B02D12000FFF740FF2B78042B46
:108F600002D12000FFF762FF2B78052B02D02B786F
:108F7000062B02D12000FFF785FF2B78072B04D1A9
:108F8000002320002B70F2F7BDF970BD1FB5036FF1
:108F9000827A9B68040001339A4208D181880123B8
:108FA00002226846FFF7ECF90023A3721FBDF2F717
:108FB0002FF92000FFF7B0FFA37A0133F5E710B5D2
:108FC00083790400DB0704D5027B022A02D1FFF774
:108FD000DDFF10BD837A016F0133DBB283728968D4
:108FE0008B4201D100238372002A02D12000F2F7C4
:108FF0000FF9237B012B05D1637300232000A3739A
:10900000F1F7EAFF2000FFF787FFE2E737B50B68CB
:1090100005005B880024012B01D0C824640001A84E
:10902000FFF76AF9220001A92800F2F74DFA0400BF
:1090300001A8FFF70AF920003EBD70B504000D003D
:10904000022906D1F0F7ACFE052802D00520F0F782
:109050005BFE237B022B0CD1022D0AD0A66E002EC4
:1090600005D03000F2F700FC300002F028FB0023AE
:10907000A366257370BD407A704710B57430FFF752
:10908000B7F910BD70B5037B0400022B0AD0022192
:10909000FFF7D3FF482002F01DFB0500216FF2F718
:1090A000A3FBA566A06E00F0F5F870BD10B5040036
:1090B000F8F764FB00232000237510BD1FB50E24B4
:1090C0006C44637000232270009322000233F2F795
:1090D000A5FA04B010BD1FB50F2401236C44009302
:1090E0002300F2F7ABFA002800D1207804B010BDBD
:1090F00070B5040016001D0000220F23F2F7C2FD18
:10910000200031000F2301221030F2F7BBFD2000B8
:1091100029000F2302222030F2F7B4FD2000049929
:109120000F2316223030F2F7ADFD200005990F23F2
:1091300004224030F2F7A6FD200006990B230522F9
:109140005030F2F79FFD200007990B230622603074
:10915000F2F798FD200008990B2307227030F2F7F0
:1091600091FD200009990B2308228030F2F78AFD37
:1091700020000A990B2309229030F2F783FD20008A
:109180000B990F230A22A030F2F77CFD0B2320005D
:109190001A000C99B030F2F775FD20000D990B23E1
:1091A0000C22C030F2F76EFD20000E990B230D2229
:1091B000D030F2F767FD20000F990B230E22E0302C
:1091C000F2F760FD200010990B230F22F030F2F728
:1091D00059FD601C11990B231322FF30F2F752FD49
:1091E0002000113012990B231422FF30F2F74AFDB0
:1091F0002000213013990F231A22FF30F2F742FD8D
:109200002000313014990F231B22FF30F2F73AFD72
:1092100020004130042303221599FF30F2F732FD7C
:10922000200070BD4A6810B55310C0180B68D207F3
:1092300001D50268D358984710BD82B030B50500FB
:1092400085B0089202A80822099302F076FA039BDF
:10925000029C5A10AD18DB0701D52B681C590AA9CE
:109260000822684602F069FA089A099B2800A0477C
:1092700005B030BC08BC02B0184770B504000D0042
:109280001822002102F075FA2900200002F0AAF845
:10929000200070BD0368426880689B1810B51818DC
:1092A0000321F9F711FB4B2800DA4B20A9235B00BF
:1092B000984200DD1800181A0821FF23FF31584397
:1092C000F9F702FB10BD0069002904DD002802D077
:1092D0000139C06AF8E7704710B50400F2F7A8FB3F
:1092E000200002F0ECF9200010BDF7B583880400DF
:1092F0005A070FD59A060CD4DA060BD501000822BE
:109300001831684602F019FA226963692000FEF7F5
:109310005CFFF7BD0422022601271343A380A38824
:10932000A56833421DD0210008221831684602F09A
:1093300004FA22696369280000F0C1FD1022A388A5
:1093400013421ED0256A002D1BD02900A01802F060
:10935000F4F92B692800236202F0B1F9F0F736FB2B
:10936000DDE73B4207D0E368206900936169A269A9
:10937000E369A847E2E720696169A269E369A84750
:10938000DCE704229343A380C3E7030072B640697D
:10939000002807D002695A61002A00D19A619A8B8D
:1093A000013A9A8362B67047F7B5002507002E0090
:1093B0000469002C1BD0A388E26A01921AB2002A29
:1093C00010DA042213420DD1019B002E0DD13B6116
:1093D000E36A20000193FEF7EEFE200002F06FF931
:1093E000340001352600019CE3E7F362F0E7280032
:1093F000FEBD70B501230D00040088B08669082207
:1094000008316846029302F098F92A686B682000D8
:10941000F2F74CFB002823D1A38B092B20D829007D
:10942000102204A802F089F9182002F053F905006F
:1094300006A90822684602F080F9049A059B2800D4
:10944000FEF7AEFF72B6002E0CD1636965612B6129
:109450002B69002B00D1A561A38B0133A38362B6D6
:1094600008B070BD33692B613561F1E782B010B58A
:1094700002A902920393FFF7BCFF002010BC08BCB6
:1094800002B0184730B585B00500FFF78DFF280002
:10949000FFF77BFF041E13D00100002308310822D0
:1094A0006846029302F049F9226863682800F2F7DF
:1094B000FDFA200002F003F9F0F74CFA0028E6D19B
:1094C00005B030BD704710B5040002F0F8F8200078
:1094D00010BD82B030B5050085B0089202A8082200
:1094E000099302F02AF9039B029C5A10AD18DB077E
:1094F00001D52B681C590AA90822684602F01DF9FB
:10950000089A099B2800A04705B030BC08BC02B0EF
:109510001847028903008A4203D101238079184049
:109520007047428900208A42FAD198790223F6E7EF
:10953000028903008A4203D10423807918407047CE
:10954000428900208A42FAD198790823F6E70289F5
:1095500003008A4203D11023807918407047428962
:1095600000208A42FAD198792023F6E7038910B5C2
:109570008B4205D183790124002A0BD023438371C8
:1095800043898B4205D183790221002A04D00B4301
:10959000837110BDA343F2E78B43F9E7038910B54C
:1095A0008B4205D183790424002A0BD02343837195
:1095B00043898B4205D183790821002A04D00B43CB
:1095C000837110BDA343F2E78B43F9E7038910B51C
:1095D0008B4205D183791024002A0BD02343837159
:1095E00043898B4205D183792021002A04D00B4383
:1095F000837110BDA343F2E78B43F9E782B0F0B566
:1096000089B00E920F93078995B20400BD4200D134
:1096100047890EAB5E88022E23D0052E17D0012E6F
:1096200010D1290020003200FFF7A0FF39002000F0
:10963000FFF76FFF002805D0A1880123320004A89E
:10964000FEF79EFE09B0F0BC08BC02B01847290026
:1096500020000122FFF7A2FF39002000FFF768FF7A
:10966000E8E739002000FFF754FF002830D032002F
:10967000A18801236846FEF783FE29002000FFF73A
:1096800057FFA688002820D039002000FFF750FFA0
:1096900000281AD001230422310004A8FEF770FE2E
:1096A000012239002000FFF791FF2900200000224D
:1096B000FFF75CFF290020000022FFF76FFF002268
:1096C00029002000FFF782FFBCE701230322E3E724
:1096D00029002000FFF73BFF0028E6D1267B012E62
:1096E000E3D129002000FFF723FF330004220028E4
:1096F00000D10322290004A8FEF742FED5E701733A
:1097000070474A6810B55310C0180B68D20701D5CE
:109710000268D358984710BD70B5837904001B07C1
:1097200011D42000F2F7BCFA082001F0D3FF0E217B
:109730006156050000F049FC0823A279A560134397
:10974000A371002070BD806800F04BFC0E23E3562F
:109750008342E6D1F5E7052380791840431E9841FE
:109760007047032380791840431E98417047D0B555
:10977000040086B08AB20023818802A8FEF700FEAA
:10978000049E059FA06800F065F903000B430AD012
:10979000049A059B00920193121A8B4102A804922D
:1097A0000593F0F7CFFB32003B00A06800F04FF9C3
:1097B00006B0D0BD1FB5837904005B0602D5052134
:1097C000FFF7D5FFA3799B0605D5A18801230222C7
:1097D0006846FEF7D5FD1FBD1FB5837904005B0603
:1097E00002D50421FFF7C3FFA3799B0605D5A18805
:1097F000012303226846FEF7C3FD1FBD702310B589
:1098000082791A4201D0F2F74BFA002010BD70475E
:1098100010B5040001F053FF200010BD30B5040066
:1098200085B02569002D1ED0EA78012A08D0022AC9
:1098300014D092B201230A216846FEF7A1FD03E08D
:109840002000183000F015F823699D42E9D120006E
:10985000F2F7A6FC280001F032FFE2E720002030FA
:1098600000F02CF8F0E705B030BD00230160436044
:1098700070471FB504000068F2F792FC00234362B2
:1098800062689A4203D1606001231A000BE0516ABA
:10989000002902D001330A00F9E7032B08DD01F0AB
:1098A0000EFF0123022209216846FEF769FD1FBD54
:1098B0005062E9E7002341600370704770B504000F
:1098C0004068F2F76DFC0123050023700430F0F7C7
:1098D00039FB00232800237001F0F1FE70BD13B5A1
:1098E0006B46D81D0C00F2F79BFE6B462100D81D7D
:1098F000F2F7A8FE13BD73B51E006B46D81D0D0010
:109900001400F2F78DFE684633002A00210007306C
:10991000F2F7CEFE73BD802307B55B05009101927F
:109920001A695B696946133B5A430223FFF7E3FF59
:1099300007BD84B010B504928022039105935205AF
:109940001369516952691139133A5A434B430F99BC
:10995000CB1AD21803A90C23FFF7CDFF10BC08BC0B
:1099600004B0184710B50400F2F760FC200010BDE9
:1099700080235B05F7B51A695B690191113B5A4376
:109980000092F2F753FC0600041E22D0302001F0B2
:10999000A1FE302200210400002501F0EAFE30275C
:1099A0003B006B4300990831C918B5420BDA3A0005
:1099B000200001F0C2FE2100019801F010FF0028F4
:1099C00007D00135ECE7B54203D1200001F077FE66
:1099D00000242000FEBD10B509680431FFF7C8FF60
:1099E00010BD10B509680431F2F750FC10BD52DF0C
:1099F000704712DF7047704710B5040001F05FFE3A
:109A0000200010BD10B50400F0F704FA0022A4688D
:109A100001238A4202D1844200D91300180010BDEC
:109A200010B50400F2F796FD1023E05E1222A35E4B
:109A3000C01A10BD10B5F2F78DFD10BD10B50400B1
:109A4000F2F7CEFD200001F03AFE200010BD0265C5
:109A500043657047416D006D704729DF704728DF0F
:109A6000704710B503685B6A984710BD10B50400D5
:109A7000F2F7DEFE200001F022FE200010BD10B53E
:109A8000C9B20D22FFF727FBC7384342584110BD2A
:109A900010B503685B6A984710BD10B50400F3F772
:109AA00009F8200001F00BFE200010BD10B5C9B26E
:109AB0000D22FFF710FB5A384342584110BD10B534
:109AC0000368DB69984710BD10B50400F3F768F828
:109AD000200001F0F4FD200010BD10B5C9B207222E
:109AE000FFF7F9FAC4384342584110BD10B5036876
:109AF0005B6A984710BD10B50400F3F769F92000C0
:109B000001F0DDFD200010BD10B5C9B20F22FFF736
:109B1000E2FA33384342584110BD10B50368DB699F
:109B2000984710BD10B50400F3F706FA200001F0C5
:109B3000C6FD200010BD10B5C9B24F22FFF7CBFA09
:109B400040384342584110BD10B503685B6A9847DE
:109B500010BD10B50400F3F7E3FA200001F0AFFDEB
:109B6000200010BD70B50500CCB2B6232100142230
:109B7000FFF7A4FA6420EFF78FFF280000222100EE
:109B8000FFF7A9FAFA384342584170BD10B503688F
:109B9000DB69984710BD10B50400F3F7F3FC200013
:109BA00001F08DFD200010BD704710B50400F3F7E3
:109BB00051FD200001F083FD200010BD704710B55D
:109BC0000400F3F71FFE200001F079FD200010BD16
:109BD000F7B5037C040001930023477B867BC57B9C
:109BE00043738373C3730374F3F718FE019B6773A6
:109BF000A673E5732374F7BDA7DF7047A9DF70472D
:109C0000AADF704768DF704710B50368002B01D0EA
:109C10000800984710BD10B50368002B01D008005C
:109C2000984710BD10B50368002B01D00800984775
:109C300010BD10B50368002B01D00800984710BD77
:109C400010B50400F3F7AAFE200001F038FD200053
:109C500010BD1FB50123FA211A0089006846FEF7DE
:109C60008FFB05B000BD70B50E001100C27F1D0056
:109C700002339B18040001201F2B12DC2B18A35465
:109C8000E37F2A001B18DBB2E377E654E07F013064
:109C9000C0B2E077201801F050FD0020E37FED18FE
:109CA000E57770BDF7B50024C67FA6420CD905192B
:109CB0006F788F4203D10095F3F76EFFFEBD055D0F
:109CC00064190134E4B2F0E7FFF7CDFFF6E70200D4
:109CD000010010B5036834320A319B6F984710BDFC
:109CE00010B50400FFF7F3FF2368211DDB6F200090
:109CF000984710BD10B5002204000270431C1134B7
:109D00001A7001339C42FBD1418210BD37B50D0062
:109D100000F081F96B46DA1D0123040019000A30B6
:109D20001570FFF7BFFF002802D12000FFF7CFFF1B
:109D30003EBDF8B50D0016001F0000F06CF90400E0
:109D4000092D03D1036831005B6B984720003B006D
:109D5000320029000A30FFF7A5FF002802D12000B9
:109D6000FFF7B5FFF8BD806810B5002803D000F0FC
:109D700052F9FFF7B5FF10BD10B513232F240021B2
:109D80008AB06B446C44DA1F11709A1F1170013253
:109D90009342FBD10733A342F5D103AB01930423D4
:109DA00001AC8068637100F03EF9036821001B6913
:109DB0009847A0790AB010BD10B504001830FEF71E
:109DC000A3FA0123636110BD022370B5436104004F
:109DD0000D00F0F71FF82061002D07D008236269FD
:109DE000134363610423A2791343A37170BD8023DD
:109DF000F0B55B0585B008005F6E0291FFF73DF995
:109E0000012304240525019329003800F8F758FDA3
:109E100008000199F8F7CEFC05230026019A5D435E
:109E20005A4303903F1A0192039B0133B3420ADD68
:109E3000042302989A1B12B221B2FB337430F0F75C
:109E40009BF80136F0E7013CDED205B0F0BD37B536
:109E500004680D00002C0ED0011D0822684601F098
:109E60006CFC019A009B50102018D20701D50268A3
:109E7000D3582900984737BD10B54A88838A90B0D7
:109E80000C009A4219D10B89002B16D0CB681B7895
:109E9000012B12D1806800F0BEF8036815215B6ABF
:109EA0009847FA20800001F015FB238804A803805E
:109EB000002301A90B70F7F75BFB10B010BD82B057
:109EC00073B50400061D069208A908226846079388
:109ED00001F033FC65693100069A079B2068A847AA
:109EE00073BC08BC02B01847026810B594460A68F3
:109EF0000023944507D104310430102201F00EFCF8
:109F000043424341DBB2180010BD10B5F4F78EFC9C
:109F1000406810BD10B5F4F789FC006810BD0170F1
:109F200042704360704782B0F0B50592020006931C
:109F300008AB1B7805ACE0CCE0C2002B1ED04A7801
:109F4000002A05D0069A52424260079A5242826025
:109F50004A68022A16D0032A1AD0012A04D10268BC
:109F60004168524201604260012B17D0022B05D19B
:109F700043685B42436083685B428360F0BC08BC1B
:109F800002B0184702685242026042685242EAE751
:109F900042680168524202604160E5E74268036836
:109FA0000260E7E782B037B50400180007930B782A
:109FB00006920193089B009303002000FFF7B3FF74
:109FC00020003EBC08BC02B0184710B50400F8F7EA
:109FD0008FF8200010BD10B5040001F045FB2000F3
:109FE00010BD407840B2704702000B00F0B5126817
:109FF00089B0019203AA15001E0040680168096833
:10A000008C4692CE92C5DB680199D3600023136120
:10A01000E04709B0F0BD10B5F4F78AFC10BD10B5EB
:10A02000F4F796FC10BD10B5F4F7A2FC10BD70DF7C
:10A03000704771DF704760DF704710B5F7F7ECF9D4
:10A04000002010BD7047022070470220704700209A
:10A05000704700207047022070470220704702209E
:10A06000704702207047022070470220704702208C
:10A07000704702207047022070470220704702207C
:10A08000704702207047022070470023136070471A
:10A09000002070470220704702207047022070475E
:10A0A0000220704702207047002070470020704750
:10A0B00000207047022070470220704741607047BF
:10A0C00081607047C16070470161704741617047AE
:10A0D000022070470220704702207047022070471C
:10A0E000022070470220704702207047022070470C
:10A0F0000020704702207047022070470020704700
:10A100007047022070470220704770470220704756
:10A1100000207047704766DF704748DF704700795E
:10A1200070470C3070470C30704710B5FFF7F5FFE3
:10A1300010BD10B50368002B01D00800984710BD72
:10A1400010B50368002B01D00800984710BD10B56A
:10A150000368002B01D00800984710BD10B50368B4
:10A16000002B01D00800984710BD082370B596B0A9
:10A1700002AA137106AA029202AA137310000EAB70
:10A1800004930D00F5F7D6FA0023984203D02B7103
:10A19000AB7116B070BD0400072602AB1B7BAB7120
:10A1A00002AB1B79A34214D96B79A34202D82C715C
:10A1B0000020EEE7300060432B681818029B0193E3
:10A1C000019AA30099580134072201F0B6FAE4B2CB
:10A1D000E6E72C710726002402AB29791B7B611866
:10A1E000A34202D96B79994201DB2971E0E77143FF
:10A1F0002B685918049B0193019AA30098580134C5
:10A2000000F09DFBE4B2E7E710B5F5F735FA10BDB5
:10A2100010B508001100F5F765FA10BD10B508007B
:10A220001100F5F73BFA10BD10B5080011001A0037
:10A23000029BF5F7B5F910BD70B50379040009204C
:10A24000002B1AD0F7F762F903000520002B14D178
:10A250002500FC35A86B00280AD1286C00280DD1F8
:10A2600020000C3000F012FB002806D1207104E021
:10A2700003685B6A98470028EFD070BD03689B6A4B
:10A2800098470028ECD0F8E770B50400E369236232
:10A29000206A002807D0C36821009847236A002B52
:10A2A000F4D01B69F3E7E069002804D0056901F0E8
:10A2B00006FA2800F8E7E0616060A060E0602061D5
:10A2C000606170BD10B5FFF7DFFF0623002800D1E5
:10A2D0000300180010BD70B504000068002804D009
:10A2E000056901F0ECF92800F8E7206070BD10B5B1
:10A2F0000400F4F737FD200001F0E1F9200010BD63
:10A3000070B504000068002804D0056901F0D7F991
:10A310002800F8E7206070BD10B50400F4F72CFDAC
:10A32000200001F0CCF9200010BD70B50400E36AF4
:10A330002363206B002807D0C36821009847236B54
:10A34000002BF4D01B69F3E7E06A002804D005690C
:10A3500001F0B5F92800F8E7E06220000830FFF7C7
:10A36000CFFF20001430FFF7B6FF206A002804D08A
:10A37000056901F0A4F92800F8E7206270BD10B566
:10A380000400F4F703FD200001F099F9200010BD4E
:10A3900010B50400F4F70AFD200001F090F9200048
:10A3A00010BD10B50400F4F711FD200001F087F98D
:10A3B000200010BD10B50400F4F718FD200001F0D6
:10A3C0007EF9200010BD10B50400F4F71FFD200039
:10A3D00001F075F9200010BD10B50400F4F726FD5A
:10A3E000200001F06CF9200010BD10B50400F4F756
:10A3F0002DFD200001F063F9200010BD10B5040010
:10A40000F4F734FD200001F05AF9200010BD10B51A
:10A410000400F4F73BFD200001F051F9200010BDCD
:10A4200010B50400F4F742FD200001F048F92000C7
:10A4300010BDF7B5037907000E001400002B11D0F2
:10A4400008220021684601F094F90A256B461D7127
:10A450003000F4F729FAE368009069462000984735
:10A460002800FEBDF4F76EFB05000C20002DF8D18E
:10A47000012308223B712900684601F07AF9E7E7D9
:10A4800010B50400F4F73CFD200001F018F920009D
:10A4900010BD10B51F220021040001F06AF900234D
:10A4A000E37710BD10B50020F4F75AFE10BD70B56B
:10A4B000FC30836B0400002B07D19920800001F051
:10A4C00009F90500F4F76EFEA563A06B70BD70B5C9
:10A4D000FC30836B0400002B07D19920800001F031
:10A4E000F9F80500F4F75EFEA563A06B70BDF0B54A
:10A4F000040087B0E36B2364206C002807D0C36896
:10A5000021009847236C002BF4D01B69F3E7E06B24
:10A51000002804D0056901F0D2F82800F8E7E063CC
:10A52000A080E068002804D0056901F0C8F8280080
:10A53000F8E7E06020001830FFF7CDFE200024305F
:10A54000FFF7DEFE266B002E05D03569300001F0E6
:10A55000B6F82E00F7E701AD310026632800F4F7C6
:10A5600011FE23002A00443383CA83C3EB68310001
:10A57000236566652800F4F705FE23002A0058339A
:10A5800083CA83C3EB6831006366A6662800F4F7CC
:10A59000F9FD23002A006C3383CA83C33000EB68C3
:10A5A000E667A36707B0F0BD70DF704771DF7047E3
:10A5B00072DF704773DF704774DF704775DF704775
:10A5C00076DF704777DF704778DF704779DF704755
:10A5D0007ADF70477BDF70477CDF70477DDF704735
:10A5E00088DF70471420704764207047A0208001E6
:10A5F000704710B50400FFF7DFFF0323002805D1E3
:10A6000001210300583422788A432270180010BDBB
:10A61000030010B5FC245833080019782140197044
:10A620003B218A4200D02839FFF7CAFF03230028C4
:10A6300000D10300180010BD030010B5FE330A005E
:10A64000D98C03681B6A984710BD10B50800FFF746
:10A65000C1FF0323002800D10300180010BD10B56E
:10A660000800FFF7B5FF0323002800D103001800FE
:10A6700010BD080010B51100FFF7A0FF002398429D
:10A6800000D00333180010BD13B50C001100012CCD
:10A690000DD86B460622981C01F04FF800206B463F
:10A6A000591C0C70FFF780FF002805D003E0012043
:10A6B000A31E8342F3D9032016BD73B56B465E1CFF
:10A6C00030000D001400FFF771FF032300280CD1A8
:10A6D000002D01D033782B70231E06D06B46062246
:10A6E000991C200001F029F80023180076BD08000D
:10A6F00010B51100FFF772FF0023984200D003331A
:10A70000180010BD10B50800FFF75EFF0023984247
:10A7100000D00333180010BD10B50800FFF756FF36
:10A720000023984200D00333180010BD10B5080074
:10A73000FFF748FF0023984203D00533112800D0CB
:10A74000023B180010BD08207047B830017000208F
:10A750007047B93001700020704702207047B83050
:10A7600000787047B93000787047002070470200C9
:10A77000030010B5F33211786C309B6F984710BD11
:10A780004A6810B55310C0180B68D20701D502688B
:10A79000D358984710BD37B56B46DC1D1123080010
:10A7A00023700D0001F025F8290082B22000FFF788
:10A7B00013FF0023984200D0033318003EBDF8B5C4
:10A7C00006000D00002407273300BA331B78A3428C
:10A7D0000ED96B79A3420BD9390061432B6807224C
:10A7E0005818BB317118013400F0A7FFE4B2EBE751
:10A7F0002C710020F8BDF8B503680700DB6C0D0074
:10A800000C799847032384420DD800230721287927
:10A81000DAB2904209D90A005A432C680133125D1A
:10A82000032AF5D104231800F8BD3E000024BA36EF
:10A8300034702B79A34211D9072319003078614372
:10A8400058432B68BB3059183818072200F075FFA1
:10A850003378013401333370E4B2EAE70023E2E7EE
:10A8600010B50C00C97F01201F2902D8002901D191
:10A87000032010BDD37F2000FFF79AFE0028F7D1F8
:10A88000208CFFF7A1FE0028F3D0F1E710B50400FB
:10A89000F4F760FB03000620002B0AD122000121FF
:10A8A0001800FE324942D184BA34463A13705370CC
:10A8B000237010BDFE30C1847047FE30C08C7047DD
:10A8C000F0B59BB00AAB009312AB02936A4600232B
:10A8D000070013711373B8373B7805000E00002B87
:10A8E00018D104AC18220021200000F042FF337878
:10A8F000200023703B7823726B46E36073882382C9
:10A90000B3886382FFF756FE02000320002A07D0B7
:10A910001BB0F0BD6946F4F7D9FC0028E1D0F7E799
:10A9200001235835297810000B432B70F0E77EDFA8
:10A93000704768DF704710B500F088FB10BD022338
:10A9400010B50B708C330B713F3B4B712D338B71FA
:10A950004A1C043100F051FB10BDA0DF7047A4DF9A
:10A960007047A5DF7047A6DF7047A8DF704737B58F
:10A970000800002511006A4655806D46069C01932B
:10A9800022882A806A46FFF7ECFF0323002802D1C1
:10A990002B882380030018003EBD70B586B01600DA
:10A9A0006A4600200C00951DD380F4F7D9FB03689C
:10A9B0001B699847FFF781FF02A901230C8000243F
:10A9C0008B708C80CE608D60FFF7CDFF83B220004E
:10A9D000A34200D0053006B070BDF8B504000020D9
:10A9E0000D001600F4F7BCFB03681B699847236849
:10A9F000DF69FFF762FF330001002A002000B8473B
:10AA0000F8BDF0B5D48B02001E000023457985B057
:10AA1000F8329D4224D908321700083F3F88A742E8
:10AA200011D11F33DB00C3180E249A8802236C4413
:10AA30002380036803AD00949F682B00B84700286B
:10AA400003D005B0F0BD0133E3E723880620022BD5
:10AA5000F7D12B8800209B07F3D001233370F0E758
:10AA60000420EEE710B50278002A0BD10C78130011
:10AA7000002C05D1438A488A1B1A58424341DBB255
:10AA8000180010BD0023012AFAD10A78012AF7D153
:10AA9000013101300F3200F041FE43424341EEE705
:10AAA00070B504000D006368A360A068002807D09B
:10AAB000C36829009847A368002BF4D01B69F3E70B
:10AAC00070BD10B5C368984710BD0B0010B51100DC
:10AAD000042B08D0052B0DD0032B03D1436C44303D
:10AAE000002B04D110BD836D5830002BFAD0FFF736
:10AAF000E8FFF7E70300C26E6C33002AF2D01800BB
:10AB0000F5E7F0B50B888FB005000C00502B37D05F
:10AB100007D8012B00D164E0182B00D170E00FB0F2
:10AB2000F0BD522B6CD000D27BE0532BF7D1CE88F6
:10AB300005212B0000206A79F833009000988242AA
:10AB4000EDD90833180008380088B04275D10629BD
:10AB500000D1B2E0072973D0320002293DD1A38889
:10AB60000AA90B804E80237A0B71A38BCB80E38BD9
:10AB700020340B81CC6028001430FFF791FFCEE722
:10AB800002000023CE884179FC3299420DD9083267
:10AB9000100008380088B04209D120339B005A5970
:10ABA000531CD87F3023184203D10221C1E701335F
:10ABB000EBE7A31CD97F0134E37F09020B43810635
:10ABC00002D503219C0707D40421C00604D503390C
:10ABD0000B40594259410331D28B2800FFF775FFD2
:10ABE0009DE70C7AEB682B612869002800D196E775
:10ABF000C368210098472B69002BF3D01B69F2E74B
:10AC0000A3880AAE33802B6B6B63686B002800D17E
:10AC100085E7C368310098476B6B002BF3D01B6945
:10AC2000F2E78B79012B05D0022B00D077E70E8954
:10AC300007217EE70E8906217BE7009801307CE73B
:10AC400000230593A38802AA13805680E38B06AFE6
:10AC50009380238C0021D3802300102222333800DC
:10AC60000193049300F085FD02233B70009B203389
:10AC70009B005A5913002A3319780023994206D0B1
:10AC80001000D36C403002A9984702AB9B89A08882
:10AC90003900BB80FFF769FEBB88002B00D03EE780
:10ACA000A3880AA90B804E80A37A0B71E38BCB801B
:10ACB000238C0B81019BCB605DE7162002AB0A223F
:10ACC0000021C01800F055FDA38806AF7E803B80B0
:10ACD000A38B0AAE102200213000BB8000F049FD9A
:10ACE00001233370009B20339B005B591A002932EB
:10ACF00011780022914205D0180039002C309B6B4E
:10AD00009847BA89B280BB89002B0BD1BA68002A58
:10AD100008D0B17901330B43B371BB883381FB8811
:10AD2000F2607381A0883100FFF71FFEF7E6A2DF13
:10AD30007047A3DF704763DF704710B586B06B467E
:10AD4000DC1D002302AA2370C15C99540133102B2F
:10AD5000FAD121001000FFF7EEFF0023984200D146
:10AD60002378180006B010BDF0B51600302499B055
:10AD700001931EAB04CB02901B880391059320AB7B
:10AD80001B880492069321AB1B783440079323ABB6
:10AD90001F8824AB1B78089325AB1B780993002CE4
:10ADA00014D00AAB9D1C03220021280000F0E1FC16
:10ADB0000223019AAB70901E0F332B70032804D826
:10ADC000F7F7EEFC023C3E4021236B7011AD1C22D4
:10ADD0000021280000F0CDFC621E94410AAB023332
:10ADE000644223402E706B61002F05D0229B002B04
:10ADF00002D06B602F816F810AAB5C1D03220021A2
:10AE0000200000F0B6FC0121089B099A0B400A4083
:10AE10001201DB001343079A0A4011000222134378
:10AE20000B43A37032231E4210D0019B581E0428EE
:10AE30000CD8F7F7B5FC0917191B1D003123C4E71F
:10AE40001223C2E72223C0E7112323700C231E42E2
:10AE500012D00198013804280ED8F7F7A1FC0B276F
:10AE6000292B2D002123F0E73123EEE71223ECE715
:10AE70002223EAE71123637012200AAB0622002185
:10AE8000C01800F076FC039B0CAD0C93059B2A00C8
:10AE90002B81069B11A9AB81049B02982B61269BF9
:10AEA0006C60FFF744FF80B219B0F0BD2123E2E7E8
:10AEB0003123E0E71223DEE72223DCE7F0B58BB095
:10AEC000029310AB1B880600039311AB1C7804ABF4
:10AED0005D1C0F00019200210322280000F049FCB4
:10AEE00001230E201C40DB181C430F332B706B70AA
:10AEF00004AB06220021C018AC7000F03AFC029BA3
:10AF000005AC2381039B129AA381019B2100300091
:10AF1000059765602361FFF70CFF80B20BB0F0BDB1
:10AF200077DF704778DF70477ADF70477CDF7047E4
:10AF300029DF704728DF704710B5FFF7F9FFF4F7F6
:10AF4000F5FE10BD10B5F4F761FE802252051369BD
:10AF50001169421E98B2504389B2F7F72BFCFFF7F4
:10AF6000E9FFF4F7E3FE10BD2EDF704732DF7047D4
:10AF700033DF70474CDF70477FDF704782DF7047F9
:10AF8000A7DF7047A9DF7047AADF7047002070472E
:10AF9000002070470020704710B5F5F70FFC10BD7A
:10AFA00010B5F5F7C1FC10BD10B5F5F71DFD10BDCE
:10AFB0000020704700207047002070470020704735
:10AFC0002EDF704751DF704710DF704711DF704789
:10AFD00061DF704710B508001100FFF733F810BDAE
:10AFE000AADF704744DF704711DF704713DF7047F7
:10AFF00000DF704770474DDF704730B500230D000C
:10B0000014008DB06946C21AD27B5A540133102BFA
:10B01000F8D100210D2204A800F0ABFB6A462B7882
:10B020006846D3776B789377AB785377FFF7E3FF76
:10B030002F236B441B7823702E236B441B78637083
:10B040002D236B441B78A3700DB030BD30B5037851
:10B05000040085B00D000020022B20D16B46611C3E
:10B060000322D81D00F069FB0D236B44211D032230
:10B07000180000F062FB0A236B441A000D236B4496
:10B0800019002800FFF7B9FF0A236B4419006B462B
:10B090000322D81D00F042FB43425841C0B205B024
:10B0A00030BDA6DF7047F0B585B01C000AAB0500C7
:10B0B000039116001F78F6F779FB01235F40009794
:10B0C000230032000399280000F061FA201A441E80
:10B0D000A04105B0F0BDF0B585B01C000AAB05007D
:10B0E000039116001F78F6F761FB01235F4000977C
:10B0F000230032000399280000F007FA201A441EAA
:10B10000A04105B0F0BD10B50400F6F75DFB2000CE
:10B1100000F0D5FA200010BD836980681B681840D4
:10B12000431E9841704710B5043000F0DAF910BDA5
:10B130004369010010B50068002B03D1002800D03E
:10B14000804710BD0028FCD004319847F9E710B5BE
:10B15000012902D0022904D010BD2030FFF7E8FFFA
:10B16000FAE73830FAE7704710B5040000F0A7FAA4
:10B17000200010BD704718234A1C5A4359438218B7
:10B180009268431810B5DB68002A03D1002B00D069
:10B19000984710BD002BFCD0103141181800904783
:10B1A000F7E710B5040000F08AFA200010BD70B572
:10B1B0000D0004000430F7F7DDF8E56370BD10B54D
:10B1C000040043684269991800F076F8E36A002B9E
:10B1D00004D1A369002B00D0984710BDA0690028B6
:10B1E000FBD021001C319847F7E710B5040000F0B0
:10B1F0006BF80023A361E36210BD70B50D0004007D
:10B2000000F062F86561206900F054F941192000EE
:10B2100000F052F870BDC36A010010B58069002BC0
:10B2200003D1002800D0804710BD0028FCD01C317D
:10B230009847F9E710B50400F6F71EFB200000F070
:10B240003EFA200010BD036810B50400002B05D1A4
:10B25000C06800F02FF901236060236010BD10B5B5
:10B2600004000068002804D0E06800F023F9636857
:10B27000C01A10BD10B58468FFF7F1FF201810BD8B
:10B2800010B50400C06800F015F900236060A360E9
:10B2900010BD002310B50360436083600400F6F71F
:10B2A0001BFBE0602000FFF7EBFF200010BD10B596
:10B2B00003689B68984710BD10B50A000300011D84
:10B2C000006900F0BFF810BD10B5011D006900F065
:10B2D000D5F810BD10B50120FBF716FF7047704779
:10B2E00010B5FFF7FCFFFFF7F9FFEDF7BFFB10BD4F
:10B2F00010B5002801D000F001F8FEE710B59AB0B3
:10B30000002102A800F06EF8012108A800F06AF8F8
:10B3100002210EA800F066F8162114A800F062F8C9
:10B320009624059B039A20001A60099A0C9B1A60C8
:10B330000F9A129B1A60159A179B01921A6000F0DF
:10B34000C9F8069B039A20001A60099A0B9B1A60A1
:10B350000F9A119B01921A60159A189B1A6000F0BF
:10B36000B9F8DEE70FB4012010B5FBF7CDFE70B5DC
:10B370000D0004001600F6F723FB6B1C07D000211C
:10B38000200000F0B4F83100200000F0AAF870BDF1
:10B3900070B5436804000D00002A0AD0C26813602B
:10B3A0002000012100F0A3F82900200000F099F806
:10B3B00070BD0269F3E710B50322FFF7D8FF10BD97
:10B3C00010B5FFF7D4FF10BD70B50D0004001600D6
:10B3D000F6F7F6FA6B1C04D0320000212000FFF7CC
:10B3E000D7FF70BD10B50022FFF7EEFF10BD70B59E
:10B3F00004000D0003681B68984763681D6070BDFA
:10B40000036870B5DB680400984763685A6823686E
:10B41000002A02D19B68984770BD5B681568984701
:10B4200063682D1A5A68002D07DC916859601B6803
:10B43000002BEAD050689847E7E7236810681B693B
:10B440009847E9E770B50D0072B64B600023466877
:10B450000A607468002C09D1002B0DD10368756057
:10B460001B6910009847AC6062B670BD2168511A24
:10B47000F2D42300A468EDE79D60F4E710B572B63E
:10B48000426853688B420DD19B6853600268002B61
:10B4900003D19368984762B610BD12691868904747
:10B4A000F9E71300002BF6D09A688A42F9D18A682E
:10B4B0009A60F0E710B503685B68984710BD70B5F7
:10B4C0000400F7F7CBF80500F7F7C8F8401BA042D7
:10B4D000FAD370BDFA2310B59B005843FFF7EFFF76
:10B4E00010BD10B5007840B200F081F810BD002901
:10B4F00002D0012900D070470023A022C356D205F4
:10B50000C133FF339B009950F5E7F7B50192B122A3
:10B510001E0003684910D200995080210122890041
:10B520005A50190000240500FC31CC601A60771EC7
:10B53000019BA7420BDCD91901222800F6F76CFB0E
:10B54000002819D02800F6F72DFC3E0010E019194C
:10B5500000222800F6F760FB00280BD02800F6F741
:10B5600053FC06002800F6F71DFC002E00DB260029
:10B570003000FEBD0134DAE7089B002BF8D02B68C1
:10B58000FC339A68002AFCD000229A60F0E7F8B5F4
:10B590001700B1221C000368D20049109950802284
:10B5A000002592009D50012206009A60A54209DB09
:10B5B000069B002B04D03000F6F70CFC002813D1BA
:10B5C00020000EE0795D3000F6F712FB002809D06C
:10B5D0003000F6F7E7FB3000F6F716FC002800DB3A
:10B5E0002800F8BD0135E1E701204042F9E7A0233A
:10B5F0008000DB05C018E02310B50C24DB00C25826
:10B600008900A243C250C2581143C15010BD30B589
:10B61000002902D001290FD030BD01220C001300F7
:10B620008B4005691D4203D005688B00EB181C6038
:10B6300001311F29F3D1EFE700230A009A40046982
:10B64000144203D004689A00A218116001331F2B22
:10B65000F3D1E1E70B00426810B51468016963405B
:10B6600019406140116010BD10B5407840B2F6F746
:10B6700011FC10BD82B00190C046C046C046C04615
:10B68000C046C046C046C046C046C046C046C0468A
:10B69000C046C046019B013B0193002BECD102B098
:10B6A0007047704770470023CB565A1C01D11800D1
:10B6B00002E0834201D1486870470C31F3E710B5CE
:10B6C000EEF7FAFA10BD0B0010B501001800FBF7F9
:10B6D00007FD10BD10B5041E00D101342000EEF7A7
:10B6E000B7FA002807D1F7F755F8002801D100F084
:10B6F00003F88047F2E710BD10B50620FBF73EFDCA
:10B700000120FFF7F5FDC9B28218904201D1002057
:10B71000704703788B42FBD00130F6E730B5002448
:10B72000A24201D1002005E0035D651C0C5DA3422F
:10B7300001D0181B30BD2C00F2E7002310B59A424F
:10B7400000D110BDCC5CC4540133F8E710B5884279
:10B7500002D98B18984203D3002307E08B5C8354F3
:10B76000013AFBD210BDCC5CC45401339A42FAD1E9
:10B77000F8E703001218934200D1704719700133A3
:10B78000F9E770B504000D001F2904D916230360E2
:10B790000120404270BD436C002B04D08A009B18EE
:10B7A0001A68002A08D1200000F015F82A000100CC
:10B7B0002000FBF7EDFCEDE70020012AEAD0511C48
:10B7C00003D1162301302360E4E7002428001C6025
:10B7D00090472000DEE710B5FBF79CFF10BD027814
:10B7E0000B78002A03D0013001319A42F7D0D01AE9
:10B7F00070470023C25C0133002AFBD1581E7047FA
:10B8000030B50500002A00D130BD0C78013A6B1C20
:10B810002C700131002C05D19A189A42F4D01C707A
:10B820000133FAE71D00EDE7F7B5150001938A68CB
:10B830000B6900900C00934200DA130022002B6089
:10B8400043321278002A01D001332B6023689B0613
:10B8500002D52B6802332B60062723681F4027D0B0
:10B86000230043331B785A1E93412268920630D43A
:10B870002200019943320098089EB047431C25D00E
:10B88000062320682A68E16803400025042B03D1C1
:10B890008D1AEB43DB171D40A3682269934201DD3B
:10B8A0009B1AED180027BD4220D1002010E001377F
:10B8B000E3682A689B1ABB42D2DD220001231932B9
:10B8C00001990098089EB047431CF0D101204042E6
:10B8D000FEBD3020E1184331087021005A1C45316B
:10B8E0000978A218433202331170C1E72200012304
:10B8F0001A3201990098089EB047431CE6D00137E0
:10B90000D1E70000F8B5C046F8BC08BC9E467047B9
:10B91000F8B5C046F8BC08BC9E4670470000000061
:10B920004FBB610567ACDD3F182D4454FB21E93F57
:10B930009BF681D20B73EF3F182D4454FB21F93F46
:10B94000E2652F227F2B7A3C075C143326A6813CCC
:10B95000BDCBF07A8807703C075C143326A6913C77
:10B960000000000000000000357702003777020079
:10B97000397702007B770200000000000100000020
:10B980000200000003000000080000000C0000009E
:10B990000D0000000E0000000F000000100000006D
:10B9A0000000000001000000020000000300000091
:10B9B0000000000000000000558A0100397C0200F0
:10B9C0000500000005000000030000000900000061
:10B9D0000D040000E7CA02000000000000000000A3
:10B9E000B57F020037770200BD7F0200BF7F0200F3
:10B9F000FFFF000000000000FFFF01000100000049
:10BA000000000000000000003577020037770200D8
:10BA1000FF85020001860200BF850200DB8502006F
:10BA2000DF850200FB85020049A2010051A201004E
:10BA3000E38602000000000000000000E5A601000F
:10BA400037770200C1A701009B87020000000000B9
:10BA5000000000003577020037770200DB87020024
:10BA6000DD87020031A80100BB870200D7870200F2
:10BA700039A80100E987020001000000170000005A
:10BA800046000000A30000005F010000D602000095
:10BA9000C4050000A00B0000000000000000000032
:10BAA000BF8F020037770200F1B00100478D02001E
:10BAB00000000000000000006D94020059B9010070
:10BAC000C5B80100C792020031BA0100D992020044
:10BAD00085940200F8FFFFFF0000000035770200A8
:10BAE00045BB010051BA010061BA0100000000002D
:10BAF000000000003577020037770200C59402008D
:10BB0000C79402000000000000000000357702002A
:10BB10001D9802000F98020011980200000000001A
:10BB20000000000035770200359A0200F799020004
:10BB3000F99902000000000000000000E1C50100CA
:10BB40003D9A020054BB0200030000006CBB0200DF
:10BB500008000000020000000000000004000000D7
:10BB6000010000000800000002000000C4090000FD
:10BB700000000000881300000800000010270000EB
:10BB800010000000204E0000180000008038010066
:10BB900020000000007102002800000000E2040004
:10BBA0003000000000881300380000000000000092
:10BBB0000000000035770200639A020031C80100DE
:10BBC0006D9A0200BF850200DB850200DF8502005E
:10BBD000FB8502003DC7010075C80100E386020035
:10BBE000BCFFFFFF00000000357702002DC70100F9
:10BBF00055C8010065C8010021C80100BB870200CB
:10BC0000D787020071C90100E98702001CBC02004D
:10BC10000300000034BC0200080000000200000025
:10BC20000000000004000000010000000800000007
:10BC300002000000E204000000000000C40900004F
:10BC4000080000008813000010000000102700000A
:10BC500018000000204E0000200000008038010085
:10BC600028000000007102003000000000C409003C
:10BC700038000000000000000000000035770200DE
:10BC8000919A0200B5CA01009B9A0200BF8502008A
:10BC9000DB850200DF850200FB85020001CA01008E
:10BCA000CDCA0100E3860200B0BC02000B00000018
:10BCB000D430000000000000A86100002000000057
:10BCC00050C3000040000000A0860100600000009A
:10BCD000400D030080000000801A0600880000006C
:10BCE00000350C0090000000006A1800B000000051
:10BCF00000D43000D000000000A86100F000000077
:10BD00000050C300F8000000000000000000000028
:10BD100035770200BF9A0200A1CB0100C99A020048
:10BD2000B9CB0100BB870200D78702005DCC0100C0
:10BD3000E987020044BD02000400000064BD020067
:10BD400009000000020000000000000004000000E4
:10BD5000100000000800000020000000100000009B
:10BD6000300000006902000080000000E8020000CE
:10BD700090000000C409000070000000881300005B
:10BD8000600000001027000050000000204E00005E
:10BD900040000000409C000030000000A086010030
:10BDA0002000000040420F001000000000000000D2
:10BDB0000000000035770200ED9A0200D1CD0100AD
:10BDC000F79A0200BF850200DB850200DF850200D2
:10BDD000FB8502003DCD0100E9CD0100E3860200B4
:10BDE000E8BD020004000000102700000C00000065
:10BDF000204E00000800000050C3000004000000B6
:10BE0000A08601000000000000000000000000000B
:10BE1000357702001B9B020039CF0100259B0200F1
:10BE2000D9CE0100BB870200D787020051CF0100A5
:10BE3000E987020044BE02000400000064BE020064
:10BE400008000000020000000300000004000000E1
:10BE500005000000080000000800000010000000BD
:10BE60000C000000F401000007000000E8030000DF
:10BE700006000000D007000005000000A00F000031
:10BE800004000000401F000003000000803E00008E
:10BE900002000000007D00000100000000FA000028
:10BEA00000000000000000000000000035770200E4
:10BEB000499B020021D10100539B0200BF85020073
:10BEC000DB850200DF850200FB85020019D001003E
:10BED00039D10100E3860200E0BE02000800000044
:10BEE0003582000007000000409C000006000000B2
:10BEF00050C30000050000006A04010004000000B7
:10BF0000A08601000000000048E8010003000000D6
:10BF10000A8B02000200000020A1070001000000BF
:10BF20000000000000000000357702008D9B020039
:10BF300085D50100979B020029D20100BB87020032
:10BF4000D787020029D40100E98702000000000021
:10BF500000000000A99B02003777020055D60100BF
:10BF6000AB9B02000000000000000000BD9B02002F
:10BF70003777020005D80100BF9B020000000000D7
:10BF8000000000003577020085DA01009DD901002C
:10BF9000419C02000000000000000000799E0200A9
:10BFA00000000000000000002DEE0100D9A30200F7
:10BFB00000000000000000004DEE0100EBA30200B5
:10BFC00000000000000000006DEE0100FDA3020073
:10BFD00000000000000000008DEE01000FA4020030
:10BFE000000000000000000047A002004BA002007B
:10BFF0004FA0020053A002000DEC010057A0020068
:10C000005BA002005FA0020063A0020067A0020024
:10C010006BA002006FA0020073A0020077A00200D4
:10C020007BA002007FA0020083A0020087A0020084
:10C030008BA0020091A0020095A0020099A002002E
:10C040009DA00200A1A00200A5A00200A9A00200DC
:10C05000ADA00200B1A00200B5A00200B9A002008C
:10C06000D5B20200D5B2020055EF01000000000079
:10C0700000000000ADEE010021A40200000000005D
:10C08000000000008DED01007FA302000000000011
:10C090000000000065ED0100EFA2020000000000BA
:10C0A0000000000079ED010019A30200000000006B
:10C0B00000000000ADED010091A3020000000000AF
:10C0C00000000000CDED0100A3A30200000000006D
:10C0D00000000000D1A00200D5A00200D9A00200FB
:10C0E000DDA00200E1A00200E5A00200E9A002003C
:10C0F000EDA00200F1A00200EFA402000000000089
:10C1000000000000EDED0100B5A3020000000000FA
:10C11000000000000DEE0100C7A3020000000000B7
:10C1200000000000F5A0020015EC0100F9A00200DB
:10C13000FDA0020001A1020003A1020007A102006C
:10C140000BA102000DA1020011A1020015A1020025
:10C150002BA30200000000000000000029A2020042
:10C160001DA2020011A2020009A202006BA102009E
:10C17000BDA00200C1A00200C5A00200C9A002002B
:10C18000CDA00200C5A202000000000000000000D7
:10C1900033A402001FA1020039A20200F1EC010049
:10C1A00023A1020027A10200CFA40200AFA4020035
:10C1B000A9EC0100CDEE010075EC01002BA10200FD
:10C1C00001EF010081A40200000000000000000057
:10C1D00089A60200BBA60200E5A50200E9A50200AF
:10C1E000EDA50200F3A502005BA00200F9F3010037
:10C1F00011A6020039A602004BA602005FA60200AB
:10C2000073A6020097A70200EFA6020005A702008E
:10C2100019A702002DA7020065F2010047A702003E
:10C22000BFA70200F7A702004BA7020053A7020016
:10C230005BA702005FA7020065A702006BA70200D0
:10C24000B5A00200B1F2010061A80200ADF3010047
:10C250008DA80200000000000000000089F8010025
:10C2600065F701006FA902007DF7010099F7010051
:10C270009BA90200DBA9020003AA0200F1A00200B0
:10C2800065FA010045AF02003DFE010069FE0100B4
:10C29000F5FD0100C1FD010009FD0100D9FC01000F
:10C2A0005D02020041020200A901020095AF0200F6
:10C2B00029090200BDAF0200A1AF0200B1AF020028
:10C2C000E9090200B5AF0200A9AF020091AF020078
:10C2D000BD070200B9AF020099AF020000000000E4
:10C2E00000000000C917020007B1020000000000B2
:10C2F0000000000067B1020069B102000000000008
:10C300000000000075B10200A3B1020000000000AF
:10C3100000000000D5B00100598D0200BFB102003D
:10C3200000000000000000007918020035B2020091
:10C3300017B2020000000000000000000000000032
:10C3400000000000D5B2020050C30200B427002054
:10C35000D12502005D260200A3B60200A5B60200A8
:10C36000752602001A000000007000400100000065
:10C370001B000000007000400200000001000000EF
:10C380000070004004000000020000000070004047
:10C3900008000000030000000070004010000000D2
:10C3A00004000000007000402000000005000000B4
:10C3B00000700040400000000600000000700040D7
:10C3C00080000000FF000000FFFFFFFF00000000F2
:10C3D000B004000000F004006009000000D0090073
:10C3E000C012000000B0130080250000005027009C
:10C3F0004038000000003B00004B000000A04E0051
:10C400008070000000F07500127A000000008000CB
:10C410000096000000509D0000E1000000F0EB00DD
:10C42000002C010000903A0100C2010000E0D70199
:10C430000084030000B0AF0390D0030000000004AC
:10C440000008070000705F0700100E00A4DFBE0E9A
:10C4500040420F000000001072320200AE310200B4
:10C46000D231020070310200D23102004E3202009D
:10C47000D231020070310200AE310200AE31020052
:10C480004E32020070310200A4320200A4320200D7
:10C49000A43202005A320200AE310200AE31020074
:10C4A000D23102006E310200D23102004E3202005F
:10C4B000D23102006E310200AE310200AE31020014
:10C4C0004E3202006E310200A4320200A432020099
:10C4D000A4320200583202009C35020046350200A8
:10C4E0004635020074360200423502004235020031
:10C4F0006A36020074360200423502006A360200D3
:10C5000042350200743602007836020078360200A6
:10C510007836020080360200C04402003243020036
:10C5200076430200DA4202007643020066440200CB
:10C5300076430200DA420200324302003243020034
:10C5400066440200DA420200D2420200D2420200F5
:10C55000D242020074440200E84B0200EA4A0200A0
:10C56000EA4A0200084E0200E44A0200E44A0200DD
:10C57000F04D0200084E0200E44A0200F04D0200B5
:10C58000E44A0200084E0200FE4D0200FE4D020089
:10C59000FE4D02000C4E02007371727466000000C2
:10C5A000000FC93F000F494000CB9640000FC94023
:10C5B0000053FB4000CB164100ED2F41000F4941D5
:10C5C0000031624100537B41003A8A4100CB9641E1
:10C5D000005CA34100EDAF41007EBC41000FC941AA
:10C5E00000A0D5410031E24100C2EE410053FB41C1
:10C5F00000F20342003A0A420083104200CB164286
:10C6000000141D42005C234200A5294200ED2F4288
:10C6100000363642007E3C4200C74242000F49428B
:10C62000A2000000F9000000830000006E0000007E
:10C630004E0000004400000015000000290000002A
:10C64000FC0000002700000057000000D10000009F
:10C65000F500000034000000DD000000C000000014
:10C66000DB0000006200000095000000990000005F
:10C670003C0000004300000090000000410000006A
:10C68000FE0000005100000063000000AB0000004D
:10C69000DE000000BB000000C500000061000000DB
:10C6A000B7000000240000006E0000003A00000007
:10C6B000420000004D000000D2000000E000000039
:10C6C00006000000490000002E000000EA00000003
:10C6D00009000000D1000000920000001C000000D2
:10C6E000FE0000001D000000EB0000001C00000028
:10C6F000B100000029000000A70000003E0000007B
:10C70000E80000008200000035000000F500000095
:10C710002E000000BB000000440000008400000068
:10C72000E90000009C0000007000000026000000EE
:10C73000B40000005F0000007E0000004100000027
:10C740003900000091000000D60000003900000010
:10C75000830000005300000039000000F4000000D6
:10C760009C000000840000005F0000008B000000BF
:10C77000BD000000F9000000280000003B000000A0
:10C780001F000000F800000097000000FF000000FC
:10C79000DE00000005000000980000000F0000000F
:10C7A000EF0000002F000000110000008B000000CF
:10C7B0005A0000000A0000006D0000001F00000089
:10C7C0006D000000360000007E000000CF00000079
:10C7D00027000000CB00000009000000B7000000A7
:10C7E0004F000000460000003F000000660000000F
:10C7F0009E0000005F000000EA0000002D00000025
:10C800007500000027000000BA000000C70000000B
:10C81000EB000000E5000000F10000007B000000DC
:10C820003D0000000700000039000000F700000094
:10C830008A0000005200000092000000EA000000A0
:10C840006B000000FB0000005F000000B100000072
:10C850001F0000008D0000005D00000008000000C7
:10C8600056000000030000003000000046000000F9
:10C87000FC0000007B0000006B000000AB0000002B
:10C88000F0000000CF000000BC000000200000000D
:10C890009A000000F4000000360000001D000000B7
:10C8A000A9000000E300000091000000610000000A
:10C8B0005E000000E60000001B0000000800000011
:10C8C0006500000099000000850000005F00000086
:10C8D00014000000A00000006800000040000000FC
:10C8E0008D000000FF000000D80000008000000064
:10C8F0004D00000073000000270000003100000020
:10C9000006000000060000001500000056000000B0
:10C91000CA00000073000000A8000000C900000069
:10C9200060000000E20000007B000000C00000008A
:10C930008C0000006B0000000000C93F0000F039CF
:10C940000000DA370000A2330000842E0000502BD4
:10C950000000C2270000D0220000C41F0000C61B38
:10C960000000441704000000070000000900000058
:10C970003863ED3EDA0F493F5E987B3FDA0FC93FDF
:10C980006937AC3168212233B40F14336821A233E4
:10C990000000000000000000000000000000000097
:10C9A0000000000000000000000000000000000087
:10C9B0000000000000000000000000000000000077
:10C9C0000000000000000000000000000000000067
:10C9D0000000000000000000000000000000000057
:10C9E0000000000000000000000000000000000047
:10C9F00020200020302C3235352C302C3235352C8F
:10CA0000300A3235352C3235352C3235352C32352D
:10CA1000352C3235350A3235352C3235352C323518
:10CA2000352C3235352C3235350A302C3235352C13
:10CA30003235352C3235352C300A302C302C32350D
:10CA4000352C302C300A000B50F3E4607F415190BC
:10CA5000917D008D6FFC5C0B500101607F41519016
:10CA6000917D008D6FFC5C0B500100607F41519007
:10CA7000917D008D6FFC5C0B500102607F415190F5
:10CA8000917D008D6FFC5C0B500110607F415190D7
:10CA9000917D008D6FFC5C0B500111607F415190C6
:10CAA000917D008D6FFC5C0B500120607F415190A7
:10CAB000917D008D6FFC5C0B500121607F41519096
:10CAC000917D008D6FFC5C0B500122607F41519085
:10CAD000917D008D6FFC5C0B500123607F41519074
:10CAE000917D008D6FFC5C000004020204020000D6
:10CAF0000204040400020200040403010000010314
:10CB00000303000101020303040201010301040302
:10CB100001000300000401010200000302526562EB
:10CB20006F6F744D6F646500666C617368496E6306
:10CB30006F6D706C657465007A76677074756F6977
:10CB400065617A76677074756F6965617A7667700A
:10CB50007400000402020402000002040404000243
:10CB600002000404030100000103030300010102A9
:10CB70000303040201010301040301000300000494
:10CB8000010102000003021B1B000E110000000047
:10CB90000008080800080A4A4000000A5FEA5FEA45
:10CBA0000ED92ED36E19324489330C924C924D0813
:10CBB0000800000004880808040804848488000A27
:10CBC000448A4000048EC480000000048800000EE7
:10CBD000C000000000080001224488100C9252524C
:10CBE0004C048C84848E1C824C901E1EC244924C39
:10CBF00006CA525FE21FF01EC13E02448ED12E1FB4
:10CC0000E24488100ED12ED12E0ED12EC4880008F9
:10CC100000080000048004880244880482000EC0DA
:10CC20000EC008048244880ED126C0040ED135B34C
:10CC30006C0C925ED2521C925C925C0ED010100E64
:10CC40001C9252525C1ED01C901E1ED01C90100EC6
:10CC5000D013712E12525ED2521C8808081C1FE29B
:10CC600042524C1254981492101010101E113B7521
:10CC7000B131113935B3710C9252524C1C925C9007
:10CC8000100C92524C861C925C92510ED00C825C1D
:10CC90001FE4848484125252524C1131312A4411BF
:10CCA0003135BB7112524C9252112A4484841EC4F5
:10CCB00088101E0EC808080E10080482410EC242D9
:10CCC000424E048A400000000000001F080480005B
:10CCD00000000ED2524F10101C925C000ED0100EAD
:10CCE00002424ED24E0C925C900E06C81C88080E72
:10CCF000D24EC24C10101C92520800080808024084
:10CD000002424C10149814920808080806001B757B
:10CD1000B131001C925252000C92524C001C925C99
:10CD200090000ED24EC2000ED010100006C804981B
:10CD300008080EC807001252524F0011312A440051
:10CD4000113135BB00124C8C9200112A4498001E00
:10CD5000C4881E06C48C8486080808080818080CB5
:10CD6000881800000C8360302C3235352C302C3282
:10CD700035352C300A302C3235352C302C323535C7
:10CD80002C300A302C302C302C302C300A323535F7
:10CD90002C302C302C302C3235350A302C323535B5
:10CDA0002C3235352C3235352C300A0054494C5450
:10CDB00020544F2046494C4C2053435245454E2069
:10CDC00000636F6D7061737343616C00000001005C
:10CDD000020003000400000101010201030104013B
:10CDE0000002010202020302040200030103020323
:10CDF000030304030004010402040304040474652F
:10CE00006D7043616C000000FFFF00FF00FF00FF3A
:10CE100000FFFFFF00FF00FF00FF0000FFFF00E238
:10CE2000ECF0F4F8FC0004626C655379734174749F
:10CE300072730043616C6C696F7065206D696E6917
:10CE4000205B00302C302C3235352C302C300A3021
:10CE50002C3235352C302C302C300A3235352C32F2
:10CE600035352C3235352C3235352C3235350A30C6
:10CE70002C3235352C302C302C300A302C302C32E2
:10CE800035352C302C300A00302C302C302C302C06
:10CE9000300A302C302C302C302C3235350A302CE6
:10CEA000302C302C3235352C300A3235352C302CA4
:10CEB0003235352C302C300A302C3235352C302C94
:10CEC000302C300A003235352C302C302C302C32BE
:10CED00035350A302C3235352C302C3235352C3066
:10CEE0000A302C302C3235352C302C300A302C3294
:10CEF00035352C302C3235352C300A3235352C3046
:10CF00002C302C302C3235350A005D00322E322E7A
:10CF1000302D7263362D63616C6C696F70652E7293
:10CF200063342D6D61696E2D67323165343131396D
:10CF30000043616C6C696F7065206D696E6900E912
:10CF40005D93B1251D470AA062FA1922DFA9A8E95D
:10CF50005D93B0251D470AA062FA1922DFA9A862D5
:10CF600061642068616E646C6520746F20756E6406
:10CF700065726C79696E67207472616E73706F721E
:10CF80007400494E495449414C495A4154494F4E05
:10CF90005F494E434F4D504C45544500756E6B6E86
:10CFA0006F776E004E6F7264696320424C45342E79
:10CFB00031207665723A25752066773A25303478C7
:10CFC000004E6F7264696320287370656320756E0C
:10CFD0006B6E6F776E29207665723A2575206677BD
:10CFE0003A2530347800D8E2ECF0F4F8FC00040183
:10CFF00002036E52463578004E6F20617661696C8F
:10D0000061626C65204932430070696E6D61702009
:10D010006E6F7420666F756E6420666F7220706527
:10D02000726970686572616C00232D302B20006876
:10D030006C4C006566674546470030313233343505
:10D040003637383941424344454600303132333473
:10D050003536373839616263646566000000000068
:10D06000A8B0FE7F01000000000000008CCB020091
:10D070000CCF020031CF0200204E0000F5AF0200BD
:10D08000204E00002020002000000000B0C9020057
:10D09000D0C9020090C9020000000000000000009A
:10D0A0000000000000000000000000000000000080
:10D0B0000000000000000000000000000000000070
:10D0C0000000000000000000000000000000000060
:10D0D0000000000000000000000000000000000050
:10D0E0000000000000000000204EFFFF00000000D4
:10D0F000FF0F10100700FF0000040100E98001008D
:10D10000BD8A0100E19B01001D9F0100D9A1010022
:0CD1100001A2010055BB0100C18001001C
:020000040003F7
:10C00000803F002015F703005DF703005FF7030092
:10C010000000000000000000000000000000000020
:10C02000000000000000000000000000DDE503004B
:10C03000000000000000000063F7030065F7030044
:10C0400067F7030067F7030067F7030067F703006C
:10C0500067F703000000000067F7030067F70300BD
:10C0600067F70300BDE4030067F7030067F7030009
:10C0700067F7030067F7030067F7030067F703003C
:10C0800067F70300E1C4030067F7030067F70300E5
:10C09000A1C5030067F70300C5F6030067F70300B7
:10C0A00067F7030067F703000000000000000000CE
:10C0B0000000000000000000000000000000000080
:10C0C000164B002B00D1144B9D46402292029A1A27
:10C0D000924600218B460F461348144A121A00F06C
:10C0E00067F80F4B002B00D098470E4B002B00D069
:10C0F00098470020002104000D000D48002802D0C0
:10C100000C4800E000BF00F02DF82000290002F0EC
:10C1100003FB00F011F8C04600000800803F00203B
:10C120000000000000000000682C00208434002083
:10C130000000000000000000084B10B5041C002B9C
:10C1400002D0002100E000BF054B1868836A002B75
:10C1500000D09847201C00F033F8C04600000000D3
:10C160008CF8030070B50E4B0E4D0024ED1AAD1087
:10C170001E1CAC4204D0A300F35898470134F8E7E2
:10C1800003F076FB084B094D0024ED1AAD101E1C80
:10C19000AC4204D0A300F35898470134F8E770BDCF
:10C1A000682C0020682C0020682C0020682C0020BF
:10C1B000031C8218934202D019700133FAE77047CA
:10C1C000FEE7C046BFF34F8F024A034BDA60BFF36E
:10C1D0004F8FFEE70400FA0500ED00E036DF704700
:10C1E00037DF7047032310B51340041C0720002BD2
:10C1F00010D109480260481CC00080B212180748DC
:10C200000260074A181C1370064A1370064A14800D
:10C21000064A118010BDC046682C00206C2C0020FE
:10C22000732C0020722C0020702C0020742C002015
:10C23000F0B5464B85B001921A8800900C1C09207D
:10C240008A4200D27FE06E4600230F363370404BA7
:10C2500004275A68D205D20D20D0103AD3B259B271
:10C2600000290DDA0F221A40083A3A499208920042
:10C270005218032152680B408B40DA40131C08E02F
:10C280008908C031344B8900CB5803210A408A40C9
:10C29000D340DBB29B09DFB2012F0CD0301CFFF77B
:10C2A0009DFF022801D172B605E0002803D00021CD
:10C2B0000A1CFFF787FF294B294A1B781088DBB23D
:10C2C0009C46284B00221978C9B2814201D24A1CEF
:10C2D000D2B2254D624509D01D781978EDB2C9B2A8
:10C2E0000022814201D24A1CD2B21A70012F0BD017
:10C2F00062B63078FFF774FF0223021C9A4303D022
:10C3000000210A1CFFF75EFF174B04209D421AD044
:10C31000164FEE003968019A8B1900991A600029AE
:10C320000FD0002C0DD0094A114B1088221C454318
:10C330001868401903F08BFA3B6800209E19B480FE
:10C3400001E00020988005B0F0BDC046702C0020B0
:10C3500000ED00E018ED00E000E100E0722C0020AC
:10C36000742C0020732C0020FFFF0000682C00209C
:10C370006C2C002010B5104B10491A7809789142A6
:10C3800019D00F491A7818780C88C0B2D2B200219F
:10C39000844201D9411CC9B219700A49D300096805
:10C3A000CB180949088809494243086899888018C8
:10C3B0001B689847DFE710BD722C0020732C00200B
:10C3C000742C0020682C0020702C00206C2C002085
:10C3D00010B54378827801339A1A541EA241524212
:10C3E00013400278934206D00B60437818225343DF
:10C3F0004068C01800E0002010BD0000164B02206D
:10C400005A68D205D20D26D0103AD3B259B20029BB
:10C410000DDA0F221A40083A1049C24082405218E1
:10C42000032152680B408B40DA40131C08E0890856
:10C43000C0310B4B8900CB5803210A408A40D340BE
:10C44000DBB29B09DBB20020012B04D0033B584236
:10C4500043410220C01A704700ED00E018ED00E0F3
:10C4600000E100E01A4B80229202DA67D221194BD8
:10C470008022520289005A50C22189005A5001215B
:10C480002F225960101C0138C046C046C046C04625
:10C49000C046C046C046C046C046C046C046C0466C
:10C4A000F1D199600C4900230B60101C0138C04683
:10C4B000C046C046C046C046C046C046C046C0464C
:10C4C000C046C046C046F1D1044A13707047C0460A
:10C4D00004E100E000100140782C0020A02C002096
:10C4E000F8B5244A002353649364D36413655360FE
:10C4F0009360214A1468621C3AD0204A20491E1CCD
:10C500008D58204A1268AD1A2D022D0A2422544358
:10C510001D4B1A68121953689D4215D3ED1AF6186F
:10C520001A4B146A1B689769D169002B08D0381C14
:10C530009847002806D000210A1CFFF743FE01E0BF
:10C54000081CB847631CE1D1114B1978114B1A78BC
:10C550008A4205D10132D2B2022A00D100221A70D9
:10C560001A780D4B9200D65080220C4B52035A6021
:10C57000F8BDC046FC100140902C002004050000CE
:10C5800000100140782C0020802C00207C2C002002
:10C590008C2C00208D2C0020982C0020FCE100E049
:10C5A000F0B5B6498BB00868B54B0390B5481A781A
:10C5B0000078904211D00132D2B2022A00D100227A
:10C5C0001A701A78B04B9200D258039C01251319A7
:10C5D0001B021B0A0B60019501E000220192AB4B8C
:10C5E00009681B6806910893A94B08991B78059365
:10C5F000A84B059E1B6802960993A74B1C68A74B86
:10C600001B780793029B013BDBB20293FF2B5BD0AD
:10C61000029F0998FD0045192B7868789842F1D05F
:10C62000182058436E6801333018AE78DBB2F61A22
:10C63000771EBE41764233400678022E02D0032E8A
:10C64000EBD138E047682420784320180490007D1F
:10C65000BC460028E1D0081C0091471C27D02427A5
:10C66000604504D04743E7190090386AF5E7009E1B
:10C6700086420AD179436118096A4E1C05D1884F58
:10C680000126BE60079600260696242778432018C8
:10C690004668006AB446009E7E43A6193062461C76
:10C6A00005D07843201847683E1C66444660049EC7
:10C6B00000203075B1E74F1CAFD02420414300204B
:10C6C00061180875096AF6E76C4B06986F4E18609A
:10C6D000079C724B019D31601C70002D09D1089E92
:10C6E000891B4B1E99410123C9B25B4203910293FE
:10C6F0002DE0694B00201B68019301235B420293EC
:10C700004D1C20D024234B43019FFB185C68A242A0
:10C7100005D2A21A012031605A60039017E0121B63
:10C72000001900245C601C751C691F6A002C08D06D
:10C73000039DDC602D18029C2D022D0A9D601C6259
:10C740000291391CDCE7514B0126196003964F4BCF
:10C750001B6806934F4B1B6808934F4B1F684F4B4A
:10C76000BC461B780493454B1B680793069B059AB0
:10C77000013AD2B20592FF2A00D195E00598089AB5
:10C78000C10051180298013007D0029C2422624354
:10C790006244156A201C029526E00A784878904287
:10C7A000E5D0182454434E6801328878D2B2341947
:10C7B0000A70904201D100220A70227860681D1C24
:10C7C000012A59D1242242436244167D002E53D1BE
:10C7D000A7689760E568D560276917616469D461C7
:10C7E000049C002C00D09660079F9568D468EE1BCF
:10C7F0002C4F3602360ABE4201D8341908E0079E93
:10C80000751B2D022D0AAC4201D9641B00E00024E7
:10C81000546000249460D46001241475644214624E
:10C820002424251C454365445F1C24D05C43644498
:10C830006A686668B24202D901931C1C09E0B21A08
:10C8400062602B6217E0366AD21B771C0BD0019412
:10C85000341C2426664366447768BA42F3D8BF1A6C
:10C860007760261C019C6A602422624362442E6227
:10C8700010621D1C00E0051C2B1C83E7782C002097
:10C880008C2C00208D2C0020982C0020902C002037
:10C89000842C0020882C0020802C0020942C002048
:10C8A00000100140FEFF7F002F4A069913608B4263
:10C8B00002D1039A002A52D05C1C4ED024214B4353
:10C8C0002A4A2B4812682B49D3185C682A4B0968FE
:10C8D0001A582A4D571A3F023F0A2E7803370197FC
:10C8E000002E20D18020D1264002B6009851C126CA
:10C8F000B6009851C02722488026B6027F00C65154
:10C90000066001261E602F200138C046C046C04682
:10C91000C046C046C046C046C046C046C046C046E7
:10C92000C046F1D12E70019FA74200D2271C7F186C
:10C930003F02A8213F0AC9000D485F501B589B1AAF
:10C940001B021B0ABA1A12020333120A934206D9B7
:10C9500080220C4B92025A6001E0FFF783FD0A4BE4
:10C9600000221A700BB0F0BD902C0020802C00200B
:10C9700004050000782C002000100140A02C0020AD
:10C9800000E100E0FCE100E0942C0020F7B5032773
:10C9900001900D1C161C1C1C1F400720002F52D19B
:10C9A000002B50D0FFF75EFD274B089A1A60274BEB
:10C9B0001D70274B1C60231CAF4205DA00221A7041
:10C9C0001A7501372433F7E724235D43214B0320F5
:10C9D000182118707143204B64191C60231C1833F4
:10C9E00000220138636022706270A6705B18083400
:10C9F0009042F5D1194B012252421A60184B802205
:10CA00001870184BC0211870174B520349005A5028
:10CA1000C52189005C58FF25AC43C0252C435C50E0
:10CA20001A60019C114AA121C9005450C4218900F7
:10CA30005D580F4C2C40C0252D022C435C500D4BF3
:10CA4000D2580D4B1A60FEBD7C2C00208E2C00208D
:10CA5000802C0020842C0020882C0020902C00208A
:10CA60008C2C00208D2C002000E100E00010014003
:10CA7000FF00FFFF04050000782C0020F0B5114BEB
:10CA80001C68002C1AD0002A1AD0002818D00E4B8F
:10CA90001F780023BB420FDA251C2434261C243EB9
:10CAA0003678002E06D101242C706970AA610360CB
:10CAB000301C06E00133EDE7042002E0082000E02E
:10CAC0000720F0BD802C00208E2C0020F0B5204BDC
:10CAD00085B001921A68051C0C1C002A34D01D4B2D
:10CAE00007201B789D4230D204292ED924236B4382
:10CAF000D3181A780820012A27D15B78012B01D09E
:10CB0000002700E00F1CFFF779FC134BC0001E68E4
:10CB100003A93618301CFFF75BFC031C0420002B14
:10CB200013D001221A700D490D4A5D608A58DC60ED
:10CB30009A60019A1F615A61039B80227370094BAE
:10CB400052035A60002000E0082005B0F0BDC04646
:10CB5000802C00208E2C0020882C0020001001400A
:10CB600004050000FCE100E037B5154B041C1A6811
:10CB7000002A22D0134B1978072388421ED224237F
:10CB800043439A5C0823012A18D1FFF737FC0E4B68
:10CB9000C0001D6801A92D18281CFFF719FC0423EB
:10CBA00000280BD002230370019B446080226B702D
:10CBB000064B52035A60002300E00823181C3EBDB8
:10CBC000802C00208E2C0020882C0020FCE100E02E
:10CBD00010B5041C082904D00020011C021CFFF71A
:10CBE000F1FA60682368984710BD000007B5044A51
:10CBF0000090019168460821FFF71AFB0EBDC04660
:10CC0000D1CB030048DF704711DF704713DF704757
:10CC100008B5FFF7F7FF002803D000210A1CFFF733
:10CC2000D1FAFFF7A7FB034B1B78023B022BF0D88E
:10CC300008BDC046A12C002008B5074B1878012874
:10CC400002D1022900D11970002A04D00021101C41
:10CC50000A1CFFF7B7FA08BDA12C002010B50C4C38
:10CC60001C21201C01F04FFB002803D000210A1CCE
:10CC7000FFF7A8FA201C07491C22002301F032FB11
:10CC8000002803D000210A1CFFF79CFA10BDC04603
:10CC9000C02C0020A42C002007B50368013301D16B
:10CCA000002017E001A800F051F9019B1A78012A31
:10CCB000F6D159880022914206D0C02189018868A6
:10CCC000996800F067F9021C019B5888801A42425B
:10CCD0005041C0B20EBD000084B0F0B5051C85B057
:10CCE000C4B22D0C0A9003A801950F1C0B91161CC1
:10CCF0000C920D931D1C00F029F9002C08D1364B25
:10CD0000019901225980FF219D601A7019713EE03E
:10CD1000012C13D1304B019A0E995A80F2195219F5
:10CD20009A60A5221A70FF221A71DF601E615D6190
:10CD300099612A4B1C70FFF791FF48E0032C0DD13D
:10CD4000039A254B117819705188926859809A601E
:10CD5000AA221A71DF601E615D6117E0022C19D1F1
:10CD6000039A1D4B1178A52905D100225A809A609B
:10CD7000FF221A7004E019705188926859809A60F5
:10CD8000FF221A710022DA601A615A610122134BE4
:10CD90001A70D0E7052C09D100F048FF002803D015
:10CDA00000210A1CFFF70EFA03220EE0042C09D121
:10CDB000094B00225A809A600399FF221A700A795F
:10CDC0001A71B8E7062C02D10422044B1A7005B080
:10CDD000F0BC08BC04B01847A42C0020A12C0020F3
:10CDE0001FB5002101A80C22FFF7E2F9074B0193C0
:10CDF00001F040FA002806D10549FF239B0201A853
:10CE00004B6001F05BFA05B000BDC04639CC0300B1
:10CE1000C02C002010B500F0F1F9002805D100F079
:10CE200065FE041CFFF7F4FE201C10BD10B5FFF7D3
:10CE3000EBFE002803D000210A1CFFF7C3F90D4BBD
:10CE40001968002301229A40114201D00A48C267A2
:10CE50000133202BF6D1C024A401A068FFF7D6FE31
:10CE6000002803D000210A1CFFF7ACF9A06800F0ED
:10CE700073F810BD00E100E004E100E007B501A88F
:10CE800000F064F8019B1A78A52A05D01879AA3811
:10CE900043425841C0B200E001200EBD10B500F081
:10CEA000BDFB00280BD0642001F0FAF800F032FB43
:10CEB000002809D000210A1CFFF784F904E000F0E3
:10CEC0008EFB021EEFD111E000F0A8FB002803D07A
:10CED00000210A1CFFF776F900F066FB0022041E11
:10CEE000944203D0111CFFF76DF9221C101C10BDD9
:10CEF00010B588B003AC201C00211422FFF758F9AC
:10CF00000223237000230093043403980ECCFFF710
:10CF1000E3FEFFF77DFE002008B010BD13B5041C32
:10CF200001A800F013F8019B1A7822705A886280D9
:10CF30009A68A2601A792271DA68E2601A6922613D
:10CF40005A6962619B69A36113BD0000014B0360D4
:10CF50007047C04600FC0300F0B5031C186880F35E
:10CF600008885868FF2464B2EFF30585002D01D1CD
:10CF7000A6460047251C061C21273FBAF0B4002412
:10CF8000002500260027F0B4F92040B20047C04633
:10CF9000F0BDC04610B5031C002A01D0108800E087
:10CFA000094859188B420ED042BA1C7892B262409E
:10CFB000D0B2000942401003424092B2D0B24001C8
:10CFC00050400133EEE710BDFFFF000018DF70474F
:10CFD00070B5141C1D1C022902D004290AD019E0C6
:10CFE000104B1B78052B15D10F4B1B68002B11D054
:10CFF00004200CE00B4E3378022B0BD10B4B5B68FB
:10D000009847094B03201B683070002B02D0211C6D
:10D010002A1C9847002C04D00021201C0A1CFFF772
:10D02000D1F870BDD02C0020C82C0020F02C00209E
:10D0300000B5084B89B001221A7003AB05221A70A3
:10D04000079A039800920499059A069BFFF744FEFD
:10D0500009B000BDDC2C002000B589B003A8032373
:10D060000370074B1B884380064B079859689A68E2
:10D07000DB6800900398FFF72FFE002009B000BD89
:10D08000CE2C0020E02C002000B589B003AB01229B
:10D090001A70084A12885A80C0239B019B68039823
:10D0A0000093054B59689A68DB68FFF715FE00206E
:10D0B00009B000BDCE2C0020E02C002010B588B0B7
:10D0C00003AC201C00211422FFF772F80423237004
:10D0D00000230093043403980ECCFFF7FDFD08B045
:10D0E00010BD000030B589B003AC201C0021142213
:10D0F000FFF75EF8084B22691B8800256380074B09
:10D100002570DB680398E36000926168A268FFF70E
:10D11000E3FD281C09B030BDCE2C0020E02C0020FF
:10D1200008B50848084B02221860084B1A70084BD3
:10D13000196801F0E8F8002803D000210A1CFFF765
:10D1400041F808BDD42C0020402D0020D02C002018
:10D15000482D002038B50E4B08201D78002D16D123
:10D160000C4C2068FFF700FD002803D0291C2A1C66
:10D17000FFF728F8F021206889030022FFF7A6FCBA
:10D18000041E03D000210A1CFFF71CF8201C38BD28
:10D19000DC2C00203C2D0020F0B585B0051C1E1CA9
:10D1A00001900323970868460C1C00930291039793
:10D1B000FFF70CFF00281ED080235B019C4212D891
:10D1C000012368460093019502940397FFF7FEFE42
:10D1D000002810D103236846009301950294039719
:10D1E000FFF7F4FE07E0A81BA11B321C331CFFF75E
:10D1F000D3FF0028E4D005B0F0BD0000F0B585B045
:10D2000000210C2201A8FEF7D3FF1A4B0025019341
:10D21000194B1A4F1D701A4B01A8391C1D8001F0C3
:10D220004DF8184E041EAC4201D0357020E0C023EA
:10D230009B01154D9B68281C211C144A7B60FFF73D
:10D240001DFC002803D0211C221CFEF7BBFFF0218F
:10D25000286889030022FFF739FC002803D0002149
:10D260000A1CFEF7AFFF0A4B002018600123337041
:10D2700005B0F0BDD1CF0300CC2C0020D42C002071
:10D28000CE2C0020D02C00203C2D002031D00300DB
:10D29000442D0020014B18607047C046C82C002068
:10D2A00070B5234B4268191C31CA31C112680A603B
:10D2B0001A78500702D50624910736D15E680320FC
:10D2C0000624064231D1996801422ED1DD6805421B
:10D2D0002BD18B19174E5B19F02033600C24800181
:10D2E000814222D8C02189018868F0218902091A67
:10D2F0008B421AD8104D114B2B60114B6B60D3072A
:10D3000001D5104B04E0940701D50F4B00E00F4B03
:10D31000AB600F4B08241B78012B06D1FFF71AFFD7
:10D32000041E02D130682B689847201C70BDC0468F
:10D33000E02C0020482D0020F02C002021D10300FB
:10D34000BDD0030089D0030059D00300E5D003000D
:10D35000D02C0020F8B5051E2FD0AA681020920707
:10D360002ED1184B1A78032A02D0052A02D026E0C3
:10D3700005221A70144C6B682268144F9E00B31873
:10D380003A68934204D901235B4223600C2017E0E2
:10D39000FFF7E0FE002813D10D4BA9681868321C76
:10D3A000236800F09FFF00280AD12368F6183B6825
:10D3B00026609E4204D0092002E00E2000E00820F2
:10D3C000F8BDC046D02C0020442D0020482D002060
:10D3D000402D002070B50A4B08201C68002C0ED18F
:10D3E000084D2B78042B0AD1074E0848317800F0FD
:10D3F00047F9002802D105232B7000E0347070BD7E
:10D40000442D0020D02C0020CC2C0020FC2C00200F
:10D41000F8B5144B061C1A78032A02D0042A02D04D
:10D420001DE004221A70104B08201B68002B17D136
:10D43000FFF790FE071E13D173680C4C9D002378F4
:10D4400009205A19402A0BD809482A1CC018B1686B
:10D4500002F0FDF92378381CED18257000E0082053
:10D46000F8BDC046D02C0020442D0020CC2C00203C
:10D47000FC2C002038B50E4C08202378052B16D143
:10D480000C4D0D4B2A681B68082093420FD10623D0
:10D490002370FFF75FFE002809D1084B29681B683D
:10D4A000586800F0EFF8002801D10723237038BD39
:10D4B000D02C0020482D0020442D0020402D00209D
:10D4C00008B5094B08201B78072B0CD1074B1868AF
:10D4D000FFF74AFB002803D000210A1CFEF772FE6A
:10D4E000034B9B68984708BDD02C00203C2D0020A2
:10D4F000F02C002000B589B003AB06221A70079A01
:10D50000039800920499059A069BFFF7E5FB09B082
:10D5100000BD0000F0B58DB005A8FFF7FFFC089C2A
:10D52000002C3CD0802252010B9DA318AB422AD97B
:10D530001C4BEF18C0239B019B687F08A34209D3B3
:10D5400080237A005B01D11850193B1CA21AFFF707
:10D5500023FE23E0802252010126BB1801A8019678
:10D56000029303930496FFF731FD002816D1802320
:10D570005B0101A80196029303930496FFF726FD31
:10D5800000280BD1DCE70123019380235B01A40871
:10D5900001A8029503930494FFF718FD041C201CB6
:10D5A0000DB0F0BD00F0FFFF00B58DB005A8FFF78E
:10D5B000B5FC0998002810D0089B002B03D1C0238C
:10D5C0009B019B6801E00B9A9B1880080022039046
:10D5D00001A801920293FFF7F9FC0DB000BD00B560
:10D5E0008DB005A8FFF79AFC0998002813D0089B76
:10D5F000002B03D1C0239B019B6801E00B9A9B1871
:10D60000032280080192F0229202049001A8029263
:10D610000393FFF7DBFC0DB000BD000030B58DB00B
:10D6200005A8FFF77BFC0898002824D0802252012F
:10D630000B9C8318A34211D9C0239B019B68834292
:10D6400018D30E4D63195B085A00802514196D011B
:10D650005119821A201CFFF79FFD0CE00323019350
:10D66000800880235B01049001A802930394FFF7D4
:10D67000ADFC00E00E200DB030BDC04600F0FFFF55
:10D6800000207047002070474278837812021B0404
:10D690001A4303781A43C378101C1B0618437047BB
:10D6A00073DF704774DF704776DF70477ADF70474B
:10D6B0007CDF70477FDF704782DF7047A7DF7047EE
:10D6C000A8DF7047A9DF7047AADF704767DF7047A0
:10D6D00000B50C2813D802F047F8071212121212E4
:10D6E00009121412120D0B0001200BE0032009E0B7
:10D6F000042007E00439481E8141481D02E006204D
:10D7000000E0022000BD08B500210A1CFEF75AFD0A
:10D7100008BD08B500210A1CFEF754FD08BD10B570
:10D72000041C081C0321FFF7D3FF0321021C201C4B
:10D7300001F0F6FD002803D000210A1CFEF742FD8F
:10D7400010BD0000F0B5114B8FB09B7901AE02AC5B
:10D75000B3700F4B071C0021201C302200253380A2
:10D76000FEF726FD02232370201C0123291CA5702F
:10D77000E7702381E66001F0E7FAA84203D0291C94
:10D780002A1CFEF71FFD0FB0F0BDC046682D00201B
:10D790003015000038B50C1C151C03281DD00428BA
:10D7A0002AD1002908D0154B1888154B984223D050
:10D7B0001321FFF779FF19E0101C00F007FC002887
:10D7C00003D0211C221CFEF7FDFC0E4B1B68AB4254
:10D7D00012D10D480321012206E0081C0121FFF7A8
:10D7E00077FF021C0848012101F09AFD002803D0B0
:10D7F00000210A1CFEF7E6FC38BDC046602C002064
:10D80000FFFF0000582D0020682D0020F0B52A4BA6
:10D810008BB01D78002D4DD1284C291C201C1822BE
:10D82000FEF7C6FC264B1E78002E2BD0291C10229A
:10D8300002A8FEF7BDFC234802A91022224F01F0E6
:10D84000F7FF061E08D10520FFF77CFF012222709A
:10D850006760267226821DE01A4B06AE009301AB6C
:10D8600001220693042000AB0893019732713273B2
:10D87000FFF768FF0223237228232570E6602382C6
:10D88000658208E00620FFF75DFF282326706660AA
:10D89000267223826682201CFFF702FF002803D035
:10D8A00000210A1CFEF78EFC084801F067F8024AC6
:10D8B000012313700BB0F0BD542D0020E42D002087
:10D8C0004C2D0020A52D00209E2D0020847C4200A0
:10D8D00070B5041CAEB001F029FB7948211C01F0A1
:10D8E00053FD2388142B00D1A2E02DD8102B3AD061
:10D8F00008D8022B00D0E1E0724B00211888FFF716
:10D90000E5FEA3E0112B37D0132B00D0D6E06E4CF0
:10D9100002AE211C06A8072201F099FFE11D301C70
:10D92000102201F094FF0EAD211C1831281C1C227E
:10D9300001F08DFF634B85211888644A08AB0C9673
:10D940000B95FFF7B7FE81E0512B5DD005D8182B62
:10D9500000D17EE0192B3AD0B0E0522B00D178E014
:10D96000552B25D0AAE0A288564B00201A80584B90
:10D97000187001F003F8A1E0802308AA1380514C2D
:10D98000544B3221196020880EA90123FFF79CFE19
:10D99000002803D000210A1CFEF714FC4E4B1B7814
:10D9A000002B01D1FFF732FF01235B42238085E08A
:10D9B000A479002C00D081E0424B13211888FFF796
:10D9C00073FE002800D179E0211C221C71E0A379AC
:10D9D000002B73D13E4A13703E4B19680139196010
:10D9E00000290ED10EAC201C1422FEF7E1FB2269A7
:10D9F00005232370009204340E980ECCFFF76CF9C7
:10DA00005CE0FFF703FF59E0A379002B56D0A27A20
:10DA1000043A022A52D80EA9022B00D001230B701F
:10DA2000C1235B008B80274B1888FFF749FE0DE070
:10DA3000254AE189538D994201D0002101E0111C52
:10DA40001831A08807320023FFF736FE002835D0B2
:10DA50002DE01C4B214D1C88AC422DD0204B201CAE
:10DA60001B78002B1CD01849082234310123FFF702
:10DA700029FE021E1AD1111C201C0223FFF722FED0
:10DA8000021E13D1201C0C212A1CFFF717FE154B78
:10DA9000984213D0082811D0134B984204D10DE0BE
:10DAA000191C1A1CFFF70EFE021E07D0101C0021C5
:10DAB0000A1CFEF787FB01E00822F7E72EB070BDD5
:10DAC000682D0020602C00209E2D0020982D002025
:10DAD000542D0020642C0020FC2D0020FFFF0000AE
:10DAE0004C2D0020023000000430000030B5424AC6
:10DAF00000231370414A89B04148137001F0CEFDF4
:10DB0000002877D13F48FFF7C5FB00F023FA041C3B
:10DB1000002C6FD13C4800F071FD3C4B3C4D6A46F7
:10DB20001C70281C1123137001F09AFE291C82B26C
:10DB30006846FFF7BDFD002803D0211C221CFEF71C
:10DB400041FB01AC201C00210822FEF731FB0C2315
:10DB5000238018236380C82300255B00201CA58038
:10DB6000E380FFF7A3FDA84203D0291C2A1CFEF77F
:10DB700029FB0021201C0C22FEF71AFB0423238022
:10DB8000244B25486360254B211CA36001F032FA29
:10DB9000002803D000210A1CFEF714FB201C0021E2
:10DBA0001C22FEF705FB1E4B002563608023DB0172
:10DBB000A360032323731B4B201C0195E58125746F
:10DBC0006561A36101F072F9A84203D0291C2A1CE7
:10DBD000FEF7F8FA144BE02219780A400C210A43A8
:10DBE00020218A431A7007225A7010229A70FFF778
:10DBF0000DFE002009B030BDFC2D0020642D00205A
:10DC0000D1D8030095D703009E2D00204C2D002075
:10DC100090F8030095DC0300682D002007D703006F
:10DC2000CD0C000013D70300982D002010B5154B24
:10DC300001221A70144B1888144B984209D01321F2
:10DC4000FFF732FD002813D000210A1CFEF7BAFAB4
:10DC50000EE00F4B1A781C1C002A09D0FFF722FD9A
:10DC6000002803D000210A1CFEF7ACFA0023237021
:10DC700001F054F9002803D000210A1CFEF7A2FA93
:10DC8000002010BDFC2D0020602C0020FFFF0000B4
:10DC9000542D0020F0B5051C087889B00C1C09280B
:10DCA00000D941E101F06AFD2C00330046000A0072
:10DCB0001300230027012F014A003501FFF7DAFB8B
:10DCC0000421FFF705FD0421021C281C2FE0FFF7AB
:10DCD000ADFF002803D000210A1CFEF773FAFFF7FE
:10DCE000EFFB002800D11FE1FFF704FC1CE1FFF768
:10DCF0009DFF0028F8D000210A1CFEF763FAF3E725
:10DD00008A4B01221A708B681A78894B14E0874B72
:10DD100002261E708B681B78012B00D004E1FFF7F0
:10DD200059FB311CFFF7D4FC021C281C311C01F0EC
:10DD3000F7FAF3E07D4B03221A70F5E07B4B1E7877
:10DD4000022E38D0032E5CD0012E00D0ECE004AFC0
:10DD500000211022381CFEF72BFA754B0C221B7881
:10DD600001A800213B70FEF723FA032201920297DB
:10DD700023790C2BD9D1A468201CFFF785FC78608F
:10DD8000201DFFF781FCB860201C0830FFF77CFCE9
:10DD9000F86001A8FFF784FA0028C2D1654BB96882
:10DDA00018607B68301CCA18FB68D218624B1A6076
:10DDB00000F0E4FDB8E00B7903221A400DD00420F6
:10DDC000801A0022A768591C00260132C9B2FE54ED
:10DDD000824201D20B1CF5E72171A1680123049353
:10DDE0000691237904A89B080593FFF711FB0028EF
:10DDF00000D199E00221FFF76BFC0221021C281CD4
:10DE000095E70879304203D0281C311C321C8EE77C
:10DE10004A4E0190311C00F0B1F8011E0FD1A168EB
:10DE2000019A306801F013FD019800F009F9011E14
:10DE300005D101A9301C00F011F9011E01D0281CE8
:10DE400056E0019A0423049393080593336804A8C9
:10DE50000693FFF77FFA071E08D1364B22791F6819
:10DE6000D2191A603268364B1A605DE0092835D144
:10DE7000304E344A2379316812785B183360002AB7
:10DE800052D0314C2288013A92B22280002A4BD1E2
:10DE9000294A1168002913D019225343481EC0187B
:10DEA00001F076FC002802D0182806D800E00120F6
:10DEB00001238340181C013800E0244800F05EFD77
:10DEC0003168281C01F0F4F9002803D000210A1C55
:10DED000FEF778F91E4B1B88238025E0306800F0A0
:10DEE00075F8011E02D0281CFFF719FC281C391CEC
:10DEF000FFF715FC18E0134B01221A708B88144AA7
:10DF00001380114A03E00F4A00231370104A138054
:10DF10000AE0084B281C196801F090F9002803D08A
:10DF200000210A1CFEF74EF909B0F0BD642D002057
:10DF30009D2D0020E02D0020502D0020602D002080
:10DF4000582D0020DC2D00205C2D0020FFFFFF015C
:10DF5000DA2D0020064B00201870064A064B1A6086
:10DF600008225A609860D8601861586198617047BB
:10DF70003C2F0020002E0020202F002030B500294B
:10DF80001FD0114B00245D680C600422A54219D0FB
:10DF90000C22202816D8DA6824200132DA601A69A7
:10DFA000013D50435D601D68281808609869012193
:10DFB000914001439961013207210A401A61221CF4
:10DFC00000E00E22101C30BD202F0020F7B51B4BA7
:10DFD000061C9C680420002C2FD05A690721141BB2
:10DFE0000C401868211C24254D434519AE4206D12A
:10DFF000986901228A4042409A61002005E001317F
:10E00000072529409142EED110209A699E685F68E9
:10E0100001920097321C05E0002A0CD04D1C072409
:10E020002C40013A009FF5190127A7403C1C019F95
:10E03000AD1A2742F0D09A605D60FEBD202F00200F
:10E04000054B07221969013911401A6824234B43F3
:10E05000D318186200207047202F002030B5002808
:10E0600019D0002917D00D4B0422DC68002C13D0E6
:10E070009A68013C01329A605A69DC602424544356
:10E080001D6801322C190460246A0C6007210A40C3
:10E090005A61002200E00E22101C30BD202F00200B
:10E0A00082B00190019B002B12D0019B0948013BDB
:10E0B00001930138C046C046C046C046C046C0466F
:10E0C000C046C046C046C046C046C046F1D1E9E79A
:10E0D00002B07047E703000029DF704728DF704770
:10E0E00037B5CB680D78021C9C00081C4B69496849
:10E0F0000C30009102496458291CA04737BDC04626
:10E100003430002070B5194A18211378151C594372
:10E1100051180B1D0979186902290DD0042923D142
:10E1200080235B05196989B201F032FB104B1B6833
:10E13000C018FFF7D3FF12E00D4A59685E699B686B
:10E140001468C0180B4BA4020A1B001931199A421B
:10E1500001D8920801E080225200FFF7BDFF00289D
:10E1600003D10123AB7000E00F2070BD402F0020D1
:10E1700040300020FF030000F8B5144C061C657801
:10E1800004200A2D20D020782D18EDB2092D01D9B8
:10E190000A3DEDB2182045436519281C0830AA61D4
:10E1A000021C2E710832C0C9C0C2AB60069B43601E
:10E1B000A378002B01D0002003E0FFF7A3FF112874
:10E1C000F9D0637801336370F8BDC046402F00205A
:10E1D00070B5264B9A781C1C002A45D000229A70F4
:10E1E000022808D003283FD11A78182151435B1820
:10E1F000191D0D2036E01D781821694359181C4B54
:10E20000043118684E68013018608002B04218D39B
:10E210001A606378013B63706B1CDBB2092B01D978
:10E220002B1C093B00202370FFF75AFF18235D4386
:10E230000221651900232B71AB6029616B61AB6111
:10E24000EB606378002B0FD0A378002B0CD1FFF785
:10E2500059FF002808D0112806D0237818215943E7
:10E260006418211DFFF73CFF70BDC046402F002001
:10E27000403000200D490E4A002310B513600B708A
:10E280004B708B701A1C8B180020022418321871E6
:10E2900098601C6158619861D860F02AF3D1054BF1
:10E2A0001860054B1860586010BDC046402F002014
:10E2B000403000203C3000203430002010B5074CA6
:10E2C00004222368022B07D05A1C0B6022600168CD
:10E2D000034A9B0099500022101C10BD3C300020C6
:10E2E0003430002073B5151CCA180A43061C0C1CD8
:10E2F0001020910706D100930220311C221C2B1CF8
:10E30000FFF73AFF76BD13B50022041C0B1C0092E8
:10E31000211C0420FFF730FF16BD0000F8B5234F85
:10E320004379161CFA5C041C0D1C0820002A3BD102
:10E33000002902D11E4DDB00ED181E4B20689842CB
:10E3400001D1072030E00420E978205600F0DEF803
:10E350006379194A69689B009950002EF1D0174AD9
:10E3600017499E5022686E78505801231E409843EA
:10E37000304350502068A121C9004258AE78032094
:10E3800082430640101C2268304350502268A2216C
:10E39000C90056582D780F2086430540301C28436D
:10E3A000505062790020BB54F8BDC0464C3000206C
:10E3B00098F80300008000404830002044300020DE
:10E3C00004050000036801221A604379014A022112
:10E3D000D15470474C300020026801231361427908
:10E3E00001498B547047C0464C30002038B5027943
:10E3F0001F231A40012393401A1C134B041CDA6795
:10E400004279124B00259200D550FFF7E5FF2368B3
:10E410008022920098580E49014099502168C223E9
:10E4200080229B005202CA50216880229202CA5068
:10E4300021688022D202CA50216880221203CA5069
:10E440006379044AD55438BD04E100E0443000202B
:10E45000F0F0FFFF4C30002030B580256D028D407C
:10E460000468002B01D0C12300E0C2239B00E550CB
:10E4700051310368FF318900CA5030BDF8B506AC90
:10E48000056826788024A4002F590225FF358D4089
:10E49000AF4305682F5105682F593B432B51331C5F
:10E4A000FFF7DAFFF8BD0268A223DB00D358802013
:10E4B000DBB28000D84048434009704710B50024C3
:10E4C0000E4A201CA3189B0050301A68800080B2AE
:10E4D000002A0FD0C1220A49920089588022520294
:10E4E000A240114206D000221A60064B1968064B62
:10E4F0001B6898470134042CE2D110BD5024001051
:10E50000009000404830002044300020F0B58901E0
:10E51000002815DAC4B20F232340083B174A9B0892
:10E520009B009B1803221440FF25E200DE692C1C8F
:10E530009440A6430D409540321C2A43DA6112E014
:10E540000F4B82089200D2180324C0239B00FF25A2
:10E550000440E400D6582F1CA740BE430D40A54000
:10E56000341C2C43D4501F23184001238340181C13
:10E57000C022034B520098501860F0BD00ED00E03F
:10E5800000E100E070B501230D1C002821D10B68CB
:10E59000002B1DD0104C201CA34211D0E21A3B2AA4
:10E5A00009D8221C611E3C328A4209D01E1AB65C70
:10E5B000013A5670F8E7201C191C3C2201F047F97B
:10E5C000201C3C210022FEF7E5FC0023A08700E090
:10E5D0000E232B6070BDC046803F00200323064AF7
:10E5E0005B429E4502D1EFF3098101E0EFF3088120
:10E5F000886902380078104785E5030070B50E235E
:10E60000061E11D0094C3C21201C0022FEF7C2FC42
:10E61000A58F0B23854207D1301C211C3C220135DC
:10E6200001F015F9A5870023181C70BD803F00205C
:10E6300060DF704713DF704718DF704710B586B092
:10E6400002A800211022FDF7B3FD022302A80293C5
:10E65000FFF7F2FF002803D000210A1CFDF7B2FDEE
:10E66000F0208002FFF7E6FF002803D000210A1CFB
:10E67000FDF7A8FD0D2016494822164B00F0EAFFD1
:10E68000002803D000210A1CFDF79CFD08226846E3
:10E690000021FDF78DFD6A46137801220024134303
:10E6A00068466A4601941370FFF7C2FFA04203D088
:10E6B000211C221CFDF786FD074800F0F9FF002809
:10E6C00003D000210A1CFDF77DFD06B010BDC04639
:10E6D000E033002001F70300DDE6030008B5FFF793
:10E6E00077FD08BD08B508201421054AFDF77AFD1D
:10E6F000002803D000210A1CFDF764FD08BDC046B8
:10E700009032002008B5031C0A1C0248191CFDF7B2
:10E7100059FD08BDEFBEADDEF7B5434B8022D205F3
:10E72000D158424C424DB12907D1B221D150BFF34B
:10E730004F8FE560BFF34F8FFEE7D658B23E714270
:10E740004E41F6B2002E01D00021D150394B1A684B
:10E75000F0239B029A4204D00020011C021CFDF70A
:10E7600031FD80235B051A698023DB009A4204D0C7
:10E770000020011C021CFDF725FD2F4B00200093FB
:10E78000032105222D4BFEF701F9002803D00021BB
:10E790000A1CFDF717FD00F0B3F8FEF721FBFEF7AA
:10E7A0006DFB002814D0FEF779FB002803D0002170
:10E7B0000A1CFDF707FDFFF741FFFFF793FFFEF788
:10E7C00097FB002808D000210A1CFDF7FBFC03E0A2
:10E7D000FFF734FFFFF786FFC027BF01002E08D0E8
:10E7E000FEF718FB002809D000210A1CFDF7EAFCFF
:10E7F00004E0B868FEF750FA0028F1D0B868FEF7D8
:10E800004BFA00280AD0FEF739FB002806D100F0A9
:10E81000ADF8C0239B019868FEF708FBBFF34F8F4C
:10E82000E560BFF34F8FFEE71C05000000ED00E040
:10E830000400FA0514100010EDCB03005030002046
:10E84000A02330B55B0098424ED1284CA0202278FE
:10E85000274BC005012A02D11978062902D0197860
:10E86000092912D1CE21FF315518AD0000214151A7
:10E870001D78C535FF35AD004151022A01D0511C2C
:10E88000C9B2002221701A7007E0E2256D004A1912
:10E8900092000025013185501970207819780923DC
:10E8A0004343144ACB18DBB2D35C0122141C9C40B6
:10E8B000231C114C24681C4216D0051CCE30A0230A
:10E8C000FF30DB0503248000C450081DC531FF3133
:10E8D0008900CC50111C8140081C08490D35585046
:10E8E000A121AA40A1405A5030BDC0462834002082
:10E8F00029340020A8F803002C3400200C05000067
:10E9000037B51649A0220023D2055350E721C9008C
:10E910005350134953500423E02040001918890034
:10E920000024013354500D2BF6D10E4D211C281C10
:10E930000D4AFFF7F3FCA04203D0211C221CFDF777
:10E9400041FC281C1421FFF7AEFD0123021C00939B
:10E95000281C0021FFF792FD37BDC0463407000098
:10E960003C070000A0F8030041E8030008B5024896
:10E97000FFF73CFD08BDC046A0F8030038B5084BC2
:10E98000041C1A681D1C002A02D10648FFF71AFD54
:10E990002C60002C02D10348FFF71EFD38BDC04695
:10E9A0002C340020A0F8030072DF704779DF704735
:10E9B0007DDF704765DF7047F0B587B00C9F061CA0
:10E9C000387800240391029200930190251C33882B
:10E9D0009D4238DA7268A900511805A8042200F097
:10E9E00036FF694605A813310022FFF7E3FF002830
:10E9F00032D16846C37C02998B4220D16242624187
:10EA00003B78520059188A181F2A1ADC002C06D1AC
:10EA10009A1C3A7001330398009ADBB2D0540099E3
:10EA20006C463A7813348A1805A8211CFFF7C2FFF8
:10EA3000002811D13A7823780124D3183B7001358E
:10EA4000C5E70C2008E00020844205D03B78019AFD
:10EA5000013B00999B1A8B5407B0F0BDF7B5089E97
:10EA6000171C00960222051C1C1CFFF7A5FF00289E
:10EA700006D10096281C391C1022231CFFF79CFF8E
:10EA8000FEBD0000F0B500231370037887B0061CAC
:10EA90000D1C141C002B03D1B378002B47D027E0AA
:10EAA00043780C201D2B00DD46E16F4616371D23F1
:10EAB000881C391C3B80FFF77BFF002800D03BE11E
:10EAC0003378022B03D13B8809221D2B07D9737899
:10EAD000002B02D008221D2B01D93B880822DBB273
:10EAE000591C29706A70227802329B182370D3E770
:10EAF00023780C201B2B00DD1EE16F461637381CD7
:10EB0000FFF754FF002800D016E1237839885A1CFB
:10EB100022700322EA5423785A1C22701922EA54E4
:10EB20002378EA1811700233090A51702370F378C0
:10EB3000002B0ED023785A1C22700222EA5423782C
:10EB40005A1C22700122EA5423789A182270F27813
:10EB5000EA547368002B12D01A7823780C201C2BEF
:10EB600000DDE9E0591C21700221E9542378591C89
:10EB700021700A21E9542378591C2170EA54338901
:10EB8000002B03D1338A002B16D00AE0301C0094EE
:10EB90000830022106222B1CFFF760FF0028F1D06D
:10EBA000CAE0301C00941030032107222B1CFFF711
:10EBB00055FF002800D0BFE0338B002B0AD0301C5B
:10EBC00000941830142115222B1CFFF747FF002852
:10EBD00000D0B1E0336A002B42D021780C200A1C0F
:10EBE000063202911F2A00D9A6E0198807200529BC
:10EBF00000D8A1E0514A8F18514ABFB2974200D8BD
:10EC00009AE05A88052A00D896E04C4FBF18BFB248
:10EC1000BC464B4FBC4500D88EE04A4FB94204D0A9
:10EC2000BA4202D0914200D986E0029A029901329A
:10EC3000227005226A542278511C21701221A95495
:10EC400022781888A9180870000A4870901CC0B271
:10EC5000207059882B1819700432090A59702270D3
:10EC6000776A002F28D03A792378911C981CC9B272
:10EC700041180C201F295FDC591C03322170EA5413
:10EC800023785A1C2270FF22EA5423783988EA1824
:10EC900002331170DBB2090A51702370BA88002A5E
:10ECA0000AD0B9680720002946D0E81800F0CFFD47
:10ECB000BA882378D3182370371C2C3703973B78F6
:10ECC0000020834238D0B16A814201D0029021E015
:10ECD000072031E0029A0C275743B36ADF193A79CB
:10ECE00023780332591C2170EA5423785A1C22706D
:10ECF0001622EA5420783A882B1802301A70C0B2D3
:10ED0000120A5A702070BA88002A09D1029B013376
:10ED1000DBB20293039F3B78029FBB42DAD80AE042
:10ED2000B9680029D4D0281800F091FDBA8823785A
:10ED3000D3182370EAE7002007B0F0BD7FF3FFFF90
:10ED40007DF30000FFFF0000F0B593B06D466E4606
:10ED50000023063507360C1C2B703370984204D004
:10ED6000C3785A070FD407201DE0071C002C03D0DE
:10ED7000E378002BF7D10EE0221C29783378381C79
:10ED8000FFF712FE0FE002A92A1CFFF77BFE02AF7D
:10ED90000028EBD007E0321C201C0AA9FFF772FE06
:10EDA0000AAA0028E9D013B0F0BD75DF704776DFFE
:10EDB00070477ADF70477BDF7047000037B5174B2D
:10EDC0001888174B984227D0164B174D1A782C1CD1
:10EDD0000132D2B21A70297B914208D31349FFF74E
:10EDE000E4FF002818D0AB69002B14D114E00022F6
:10EDF0001A702B7C934208D03B21FFF7D8FF0028E4
:10EE000003D0AB69002B00D098476369002B03D077
:10EE100001A800220270984737BDC0465C3400202C
:10EE2000FFFF00003A3400203C3400205E34002014
:10EE300037B5184B184A5B881188184C184D994201
:10EE40000CD852889A4209D36369002B03D001A8D9
:10EE500001220270984700232B7037BD2B78002BBE
:10EE600005D06369002BF6D001A80022F1E70D4B15
:10EE70001B78002B01D1616800E0A1680A4B0022D9
:10EE80001868FDF723FE0028E5D0A369002BE1D127
:10EE9000E1E7C046323400205E3400203C340020DC
:10EEA000303400203A3400205834002070B5144922
:10EEB000021C0B1C70CA70C332CA32C31268114CD8
:10EEC0001A600168104B00221A70201C914213D066
:10EED000082200F0BCFC201CFFF76BFF00280ED1BD
:10EEE0000A4B012252421A80094B0021094A0A4862
:10EEF0001970FDF7C3FD02E0FFF75DFFEEE770BD9F
:10EF00003C3400205E340020303400205C3400208B
:10EF10003A340020BDED03005834002008B5024B00
:10EF20001868FDF721FE08BD5834002010B503888D
:10EF3000112B19D002D8102B05D043E0122B3AD058
:10EF4000502B21D03EE082881F4B011C1A801631C5
:10EF500008221E4800F07BFC1D4B00221A701D4B3E
:10EF6000DB8993422ED12BE0174B012252421A80AB
:10EF7000174B00221A70184B1868FDF7F5FD002892
:10EF800020D0144B9B6912E0124CC188E289914257
:10EF900018D1C38B022B15D10130C37FDA070FD4F0
:10EFA0000D4B1868FDF7E0FD00280BD0A369002B7E
:10EFB00008D0984706E0811D0822044800F047FC6D
:10EFC000FFF736FF10BDC0465C340020323400200D
:10EFD0003A3400203C34002058340020A0DF704731
:10EFE000A2DF7047A5DF7047A6DF7047A8DF704734
:10EFF00063DF7047F0B599B002900391002800D10B
:10F000000BE1002900D108E14A680E24002A00D152
:10F0100004E101235B4203808249102208A800F02A
:10F0200016FC814B694606AD08A81A312B80FFF704
:10F03000DFFF041E00D0F1E0029A01200432291CF7
:10F04000FFF7CCFF041E00D0E8E0AB78029A11ADC8
:10F050009371211C1C22281CFDF7AAF82B7804228E
:10F060001343029A6C60EC602C616C61AC612B7094
:10F0700093796A4693776D4B05AF9383211C0322E6
:10F08000381CFDF795F800233B7001221023134331
:10F090007B70BB78062293430222134308229343DA
:10F0A00010220CAE934301221343211C1422301C66
:10F0B000BB70FDF77DF807AB0C931422029B3481E3
:10F0C0007481B281346177609888291C321C0833BE
:10F0D000FFF786FF041E00D0A0E0211C1C22281C84
:10F0E000FDF766F82B780822134310221343029A87
:10F0F0006C60EC602C616C61AC612B7093796A463A
:10F1000093774B4B211C9383381C0322FDF750F857
:10F1100000233B707B780F229343012213430F227D
:10F120001340102213437B70BB78062293430222C4
:10F130001343082293431022134301221343211C3B
:10F140001422301CBB70FDF733F807AB0C93172368
:10F15000B381029A029B3481748134617760908814
:10F16000291C321C1033FFF73BFF041E56D1211C13
:10F170001C22281CFDF71CF82B7802221343029A4C
:10F180006C60EC602C616C61AC612B7093796A46A9
:10F190009377284B211C9383381C0322FDF708F832
:10F1A0003B780F229343012213430F221340102276
:10F1B00013433B7000237B70BB78062293430222EB
:10F1C0001343082293431022934301221343211C2B
:10F1D0001422301CBB70FCF7EBFF02223281B2819B
:10F1E00007AB039A3360029B748132617760988821
:10F1F000291C321C2033FFF7F3FE041E0ED1039AA4
:10F20000029B52689A62039A9368002B01D0029A7B
:10F21000D362094B01221A7000E00E24201C19B0A1
:10F22000F0BDC046C3F803003015000032150000E1
:10F23000311500003415000066340020F0B5061CBE
:10F2400087B000282BD00288164B08209A4227D07E
:10F25000154B1B78002B23D0144C080AE170207149
:10F26000080C090E02AD0723A1716946102201277F
:10F270006071CB80281C002163702270A770FCF79E
:10F2800097FF338A30882B800023AB8006236B44A2
:10F29000291CAF70AB60EC60FFF7A6FE00E00E200B
:10F2A00007B0F0BDFFFF0000663400206734002087
:10F2B000F0B5061C87B0002829D00288154B08201D
:10F2C0009A4225D0144B1B78002B21D0134D1123CB
:10F2D0002B700B0A02AC6970AB700B0C090EEB7053
:10F2E00029716F460523201C00211022FB80FCF7AA
:10F2F0005FFF338A063723800123A3703088002301
:10F30000211CA380A760E560FFF76EFE00E00E20E1
:10F3100007B0F0BDFFFF0000663400206734002016
:10F32000F0B5051C87B0002824D00488134B0820B2
:10F330009C4220D0124B1B78002B1CD0114E02ACEB
:10F34000102371706F460321F980B270201C1A1CC3
:10F3500000213370FCF72CFF2B8A06372380012312
:10F36000A37028880023211CA380A760E660FFF714
:10F370003BFE00E00E2007B0F0BDC046FFFF0000DE
:10F380006634002067340020F0B5041C89B00E1CE0
:10F39000002800D1AFE0002900D1ACE0826A002A49
:10F3A00000D1A8E00B88112B18D004D8102B00D066
:10F3B000A1E08B8814E0502B02D0512B12D09AE0A0
:10F3C000C9880389994200D095E004A908230B70ED
:10F3D000F38B20360B718E6090478CE001235B42EB
:10F3E000238088E08A79022A00D084E00A89038A8F
:10F3F0009A4200D07FE08B7A043B022B00D87AE05F
:10F4000001AD022204AF3A7000210822281CFCF74B
:10F41000CFFE022300AA2B806A6000232088A18AE5
:10F420002A1C6B80FFF7DEFD002804D0E36A002B66
:10F4300005D0984703E06A461378DA0707D4FE231D
:10F44000FF332088391CBB80FFF7D0FD4DE0B8802A
:10F45000391C2088FFF7CAFD002846D1F31CD97F4C
:10F46000481E07283DD800F07FF9040E1B1D1F2100
:10F470003A2300232B70338C012B02D8201C01214E
:10F4800008E0012308E001232B70328C9A4203D854
:10F49000201C0221062226E023362B71AE6019E0E3
:10F4A000022316E0032314E0042312E0052310E0F6
:10F4B000338C022B02D8201C082113E0731DDB7F44
:10F4C0000436F27F1B021343AB8001D1072300E017
:10F4D00006232B70A36A201C291C98470BE00923E4
:10F4E000F7E7201C0322FFF71BFF002803D0E36A85
:10F4F000002B00D0984709B0F0BD000010B51C4BA0
:10F500001A78181C012A12D11A4B1B6819070ED140
:10F51000194BF0221B68E024191C1140234204D12E
:10F52000164B1B68134202D118E03029F8D003783B
:10F53000012B1BD10F4A1268110717D10E4A11680F
:10F54000F0221140402911D10C49096811420DD116
:10F55000C1228021D200C9058B5007E00849094A21
:10F5600011608021084A09021160E0E710BDC04621
:10F57000E00F00F0E40F00F0E80F00F0EC0F00F0F7
:10F58000DFFF07C004050040186C00402EDF704705
:10F5900051DF704710DF704761DF704708B5081C06
:10F5A000111CFFF7AFF808BDF0B5254B85B01B78EF
:10F5B000002B42D0234E244F3268544254413A68C3
:10F5C000E4B255425541EDB2002C34D103A8FFF707
:10F5D000DFFF05280AD0002804D0211C221CFCF7DC
:10F5E000F1FD04E003983368984700E00124002D02
:10F5F0001ED1164B03A91B880B80154B1B68181CCA
:10F600000193FFF7C9FF051E052D0BD0002805D07B
:10F6100000210A1CFCF7D6FD002504E001983A6899
:10F62000904700E00125002CCED0002DCCD004E086
:10F63000002C02D1C8E7002DDBD005B0F0BDC046DC
:10F640006E340020783400207C3400207034002098
:10F650007434002038B5041C0720002913D08D070E
:10F6600011D1094801600949201C0A80084A09494A
:10F670001360FFF78FFF002805D1074B01221620EA
:10F680001A70FFF783FF38BD7434002070340020F7
:10F69000803400209DF503006E340020002803D044
:10F6A000024B1860002000E00E2070477C340020E0
:10F6B000002803D0024B1860002000E00E207047A5
:10F6C0007834002008B5074B1B68002B07D09847FB
:10F6D000002806D000210A1CFCF774FD01E0FFF7AA
:10F6E00063FF08BD8034002008B5002904D0002045
:10F6F000011C021CFCF766FDFFF756FF08BD000069
:10F7000008B50020011C024AFCF792FD08BDC04666
:10F71000E9F6030003210A4802680A430260094827
:10F7200002680A4302600849084A094B9B1A03DD34
:10F73000043BC858D050FBDC0648804706480047C9
:10F740002405004054050040DCF80300002C002094
:10F75000682C0020FDF40300C1C00300FEE7FEE7B3
:10F76000FEE7FEE7FEE7FEE702B4714649084900FE
:10F77000095C49008E4402BC7047C04603B4714620
:10F78000490840004900095A49008E4403BC7047AB
:10F79000002934D00123002210B488422CD3012444
:10F7A0002407A14204D2814202D209011B01F8E7D9
:10F7B000E400A14204D2814202D249005B00F8E792
:10F7C000884201D3401A1A434C08A04202D3001BBE
:10F7D0005C0822438C08A04202D3001B9C082243F1
:10F7E000CC08A04202D3001BDC082243002803D02F
:10F7F0001B0901D00909E3E7101C10BC7047002861
:10F8000001D00020C04307B4024802A14018029072
:10F8100003BDC046190000000029F0D003B5FFF772
:10F82000B9FF0EBC4243891A1847C0467047C0460C
:10F8300030B50023934208D0C55C0133CC18013C9D
:10F840002478A542F6D0281B00E0002030BD10B57A
:10F850000023934203D0CC5CC4540133F9E710BDBC
:10F860000023C25C0133002AFBD1581E7047000000
:10F87000F8B5C046F8BC08BC9E467047F8B5C0460F
:10F88000F8BC08BC9E46704743000000002C0020D6
:10F8900044667554617267000000000300000000B8
:10F8A0000090004009000000000204131211100F24
:10F8B0000B0E0A0C01031715000016181405060795
:10F8C00008090DA8A9DF2219FA62A00A471D250020
:10F8D000005DE900ECC7FF7F0100000000000000B0
:10F8E0000000000000000000000000000000000018
:10F8F00000000000000000000000000088F8030085
:10F9000000000000000000000000000000000000F7
:10F9100000000000000000000000000000000000E7
:10F9200000000000000000000000000000000000D7
:10F93000000000000000000000000000FFFF0000C9
:04F940003200000091
:10FC000001000000000000000000000000000000F3
:10FC100000000000000000000000000000000000E4
:10FC200000000000000000000000000000000000D4
:10FC300000000000000000000000000000000000C4
:10FC400000000000000000000000000000000000B4
:10FC500000000000000000000000000000000000A4
:10FC60000000000000000000000000000000000094
:10FC70000000000000000000000000000000000084
:10FC80000000000000000000000000000000000074
:10FC90000000000000000000000000000000000064
:10FCA0000000000000000000000000000000000054
:10FCB0000000000000000000000000000000000044
:10FCC0000000000000000000000000000000000034
:10FCD0000000000000000000000000000000000024
:10FCE0000000000000000000000000000000000014
:10FCF0000000000000000000000000000000000004
:10FD000000000000000000000000000000000000F3
:10FD100000000000000000000000000000000000E3
:10FD200000000000000000000000000000000000D3
:10FD300000000000000000000000000000000000C3
:10FD400000000000000000000000000000000000B3
:10FD500000000000000000000000000000000000A3
:10FD60000000000000000000000000000000000093
:10FD70000000000000000000000000000000000083
:10FD80000000000000000000000000000000000073
:10FD90000000000000000000000000000000000063
:10FDA0000000000000000000000000000000000053
:10FDB0000000000000000000000000000000000043
:10FDC0000000000000000000000000000000000033
:10FDD0000000000000000000000000000000000023
:10FDE0000000000000000000000000000000000013
:10FDF0000000000000000000000000000000000003
:10FE000000000000000000000000000000000000F2
:10FE100000000000000000000000000000000000E2
:10FE200000000000000000000000000000000000D2
:10FE300000000000000000000000000000000000C2
:10FE400000000000000000000000000000000000B2
:10FE500000000000000000000000000000000000A2
:10FE60000000000000000000000000000000000092
:10FE70000000000000000000000000000000000082
:10FE80000000000000000000000000000000000072
:10FE90000000000000000000000000000000000062
:10FEA0000000000000000000000000000000000052
:10FEB0000000000000000000000000000000000042
:10FEC0000000000000000000000000000000000032
:10FED0000000000000000000000000000000000022
:10FEE0000000000000000000000000000000000012
:10FEF0000000000000000000000000000000000002
:10FF000000000000000000000000000000000000F1
:10FF100000000000000000000000000000000000E1
:10FF200000000000000000000000000000000000D1
:10FF300000000000000000000000000000000000C1
:10FF400000000000000000000000000000000000B1
:10FF500000000000000000000000000000000000A1
:10FF60000000000000000000000000000000000091
:10FF70000000000000000000000000000000000081
:10FF80000000000000000000000000000000000071
:10FF90000000000000000000000000000000000061
:10FFA0000000000000000000000000000000000051
:10FFB0000000000000000000000000000000000041
:10FFC0000000000000000000000000000000000031
:10FFD0000000000000000000000000000000000021
:10FFE0000000000000000000000000000000000011
:10FFF0000000000000000000000000000000000001
:020000041000EA
:0410140000C0030015
:00000001FF
