:1000000000040020810A000015070000610A0000BA
:100010001F07000029070000330700000000000050
:10002000000000000000000000000000A50A000021
:100030003D070000000000004707000051070000D6
:100040005B070000650700006F07000079070000EC
:10005000830700008D07000097070000A10700003C
:10006000AB070000B5070000BF070000C90700008C
:10007000D3070000DD070000E7070000F1070000DC
:10008000FB070000050800000F0800001908000029
:10009000230800002D080000370800004108000078
:1000A0004B080000550800005F08000069080000C8
:1000B000730800007D080000870800009108000018
:1000C0009B080000A5080000AF080000B908000068
:1000D000C3080000CD080000D7080000E1080000B8
:1000E000EB080000F5080000FF0800000909000007
:1000F000130900001D090000270900003109000054
:100100003B0900001FB500F003F88DE80F001FBD8C
:1001100000F0ACBC40F6FC7108684FF01022401CA7
:1001200008D00868401C09D00868401C04D0086842
:1001300000F037BA9069F5E79069F9E7704770B554
:100140000B46010B184400F6FF70040B4FF0805073
:100150000022090303692403406943431D1B104621
:1001600000F048FA29462046BDE8704000F042BA47
:10017000F0B54FF6FF734FF4B4751A466E1E11E0DA
:10018000A94201D3344600E00C46091B30F8027B3B
:10019000641E3B441A44F9D19CB204EB134394B25D
:1001A00004EB12420029EBD198B200EB134002EBB2
:1001B000124140EA0140F0BDF34992B00446D1E952
:1001C0000001CDE91001FF224021684600F0F4FB58
:1001D00094E80F008DE80F00684610A902E004C8FB
:1001E00041F8042D8842FAD110216846FFF7C0FF7C
:1001F0001090AA208DF8440000F099F9FFF78AFFCB
:1002000040F6FC7420684FF01025401C0FD0206889
:1002100010226946803000F078F92068401C08D030
:100220002068082210A900F070F900F061F9A869AF
:10023000EEE7A869F5E74FF080500369406940F6A2
:10024000FC71434308684FF01022401C06D0086838
:1002500000F58050834203D2092070479069F7E788
:100260000868401C04D00868401C03D00020704778
:100270009069F9E70420704770B504460068C34DE3
:10028000072876D2DFE800F033041929631E250021
:10029000D4E9026564682946304600F062F92A46CE
:1002A0002146304600F031F9AA002146304600F0E0
:1002B00057FB002800D0032070BD00F009FC4FF46C
:1002C000805007E0201D00F040F90028F4D100F034
:1002D000FFFB60682860002070BD241D94E80700C3
:1002E000920000F03DFB0028F6D00E2070BDFFF715
:1002F000A2FF0028FAD1D4E901034FF0805100EBAE
:10030000830208694D69684382420ED840F6F8704E
:1003100005684FF010226D1C09D0056805EB8305B8
:100320000B6949694B439D4203D9092070BD55694A
:10033000F4E70168491C03D00068401C02D003E0C8
:100340005069FAE70F2070BD2046FFF735FFFFF731
:1003500072FF0028F7D1201D00F0F7F80028F2D135
:1003600060680028F0D100F0E2F8FFF7D3FE00F05B
:10037000BFF8072070BD10B50C46182802D0012028
:10038000086010BD2068FFF777FF206010BD41684E
:10039000054609B1012700E0002740F6F8742068FF
:1003A0004FF01026401C2BD02068AA68920000F065
:1003B000D7FA38B3A86881002068401C27D020688D
:1003C000FFF7BDFED7B12068401C22D026684FF051
:1003D0008050AC686D68016942695143A9420DD9EA
:1003E000016940694143A14208D92146304600F0E5
:1003F000B8F822462946304600F087F800F078F831
:100400007069D2E700F093F8FFF784FEF6E77069B1
:10041000D6E77669DBE740F6FC7420684FF01026DB
:10042000401C23D02068401C0CD02068401C1FD0EA
:100430002568206805F18005401C1BD027683879A5
:10044000AA2819D040F6F8700168491C42D001680A
:10045000491C45D00168491C3ED001680968491C07
:100460003ED00168491C39D000683EE0B069DAE747
:10047000B569DEE7B769E2E710212846FFF778FEA5
:100480003968814222D12068401C05D0D4F8001080
:1004900001F18002C03107E0B169F9E730B108CA63
:1004A00051F8040D984201D1012000E000208A4259
:1004B000F4D158B1286810B1042803D0FEE72846CB
:1004C000FFF765FF3149686808600EE0FFF722FE1C
:1004D00000F00EF87169BBE77169BFE7706904E06D
:1004E0004FF480500168491C01D000F0CBFAFEE7C0
:1004F000BFF34F8F26480168264A01F4E06111439B
:100500000160BFF34F8F00BFFDE72DE9F0411746B3
:100510000D460646002406E03046296800F054F8EF
:10052000641C2D1D361DBC42F6D3BDE8F08140F69B
:10053000FC700168491C04D0D0F800004FF48051D1
:10054000FDE54FF010208069F8E74FF080510A690F
:10055000496900684A43824201D810207047002050
:10056000704770B50C4605464FF4806608E0284693
:1005700000F017F8B44205D3A4F5806405F5805562
:10058000002CF4D170BD0000F40A0000000000202F
:100590000CED00E00400FA05144801680029FCD0C5
:1005A0007047134A0221116010490B68002BFCD0E0
:1005B0000F4B1B1D186008680028FCD0002010603D
:1005C00008680028FCD07047094B10B501221A605A
:1005D000064A1468002CFCD0016010680028FCD08A
:1005E0000020186010680028FCD010BD00E4014015
:1005F00004E5014070B50C46054600F073F810B9EB
:1006000000F07EF828B121462846BDE8704000F091
:1006100007B821462846BDE8704000F037B8000012
:100620007FB5002200920192029203920A0B000B06
:100630006946012302440AE0440900F01F0651F80C
:10064000245003FA06F6354341F82450401C8242F8
:10065000F2D80D490868009A10430860081D016827
:10066000019A1143016000F03DF800280AD00649C4
:1006700010310868029A10430860091D0868039A3F
:10068000104308607FBD00000006004030B50F4CED
:10069000002200BF04EB0213D3F800582DB9D3F8A1
:1006A000045815B9D3F808581DB1521C082AF1D3C3
:1006B00030BD082AFCD204EB0212C2F80008C3F8CD
:1006C00004180220C3F8080830BD000000E0014013
:1006D0004FF08050D0F83001082801D0002070473A
:1006E000012070474FF08050D0F83011062905D016
:1006F000D0F83001401C01D0002070470120704725
:100700004FF08050D0F830010A2801D00020704707
:100710000120704708208F490968095808471020B0
:100720008C4909680958084714208A4909680958FA
:100730000847182087490968095808473020854923
:100740000968095808473820824909680958084744
:100750003C20804909680958084740207D490968BC
:100760000958084744207B49096809580847482028
:1007700078490968095808474C207649096809589A
:10078000084750207349096809580847542071499F
:1007900009680958084758206E49096809580847E8
:1007A0005C206C4909680958084760206949096854
:1007B00009580847642067490968095808476820AC
:1007C00064490968095808476C2062490968095852
:1007D000084770205F4909680958084774205D4937
:1007E00009680958084778205A490968095808478C
:1007F0007C205849096809580847802055490968EC
:10080000095808478420534909680958084788202F
:1008100050490968095808478C204E490968095809
:10082000084790204B4909680958084794204949CE
:10083000096809580847982046490968095808472F
:100840009C204449096809580847A0204149096883
:1008500009580847A4203F49096809580847A820B3
:100860003C49096809580847AC203A4909680958C1
:100870000847B0203749096809580847B420354966
:10088000096809580847B8203249096809580847D3
:10089000BC203049096809580847C0202D4909681B
:1008A00009580847C4202B49096809580847C82037
:1008B0002849096809580847CC2026490968095879
:1008C0000847D0202349096809580847D4202149FE
:1008D000096809580847D8201E4909680958084777
:1008E000DC201C49096809580847E02019490968B3
:1008F00009580847E4201749096809580847E820BB
:100900001449096809580847EC2012490968095830
:100910000847F0200F49096809580847F4200D4995
:10092000096809580847F8200A490968095808471A
:10093000FC2008490968095808475FF48070054998
:10094000096809580847000003480449024A034B54
:100950007047000000000020000B0000000B0000AA
:1009600040EA010310B59B070FD1042A0DD310C82C
:1009700008C9121F9C42F8D020BA19BA884201D97E
:10098000012010BD4FF0FF3010BD1AB1D30703D0C6
:10099000521C07E0002010BD10F8013B11F8014B7C
:1009A0001B1B07D110F8013B11F8014B1B1B01D198
:1009B000921EF1D1184610BD02F0FF0343EA032254
:1009C00042EA024200F005B87047704770474FF0A6
:1009D00000020429C0F0128010F0030C00F01B800C
:1009E000CCF1040CBCF1020F18BF00F8012BA8BF1A
:1009F00020F8022BA1EB0C0100F00DB85FEAC17CDE
:100A000024BF00F8012B00F8012B48BF00F8012B90
:100A100070474FF0000200B51346944696462039C1
:100A200022BFA0E80C50A0E80C50B1F12001BFF4A7
:100A3000F7AF090728BFA0E80C5048BF0CC05DF80D
:100A400004EB890028BF40F8042B08BF704748BF5B
:100A500020F8022B11F0804F18BF00F8012B7047CF
:100A6000014B1B68DB6818470000002009480A4951
:100A70007047FFF7FBFFFFF745FB00BD20BFFDE719
:100A8000064B1847064A1060016881F308884068E1
:100A900000470000000B0000000B000017040000DE
:100AA000000000201EF0040F0CBFEFF30881EFF3ED
:100AB0000981886902380078182803D100E0000015
:100AC000074A1047074A12682C3212681047000084
:100AD00000B5054B1B68054A9B58984700BD0000B0
:100AE0007703000000000020F00A0000040000006E
:100AF000001000000000000000FFFFFF0090D00386
:10100000B00F002021AE010065B0000087AD0100E7
:1010100065B0000065B0000065B000000000000091
:10102000000000000000000000000000ADAE010064
:1010300065B000000000000065B0000065B0000071
:1010400015AF01001BAF010065B0000065B00000E6
:1010500065B0000065B0000065B0000065B000003C
:1010600021AF010065B0000065B0000027AF0100AE
:1010700065B000002DAF010033AF010039AF0100B2
:1010800065B0000065B0000065B0000065B000000C
:1010900065B0000065B0000065B0000065B00000FC
:1010A00065B000003FAF010065B0000065B0000012
:1010B00065B0000065B0000065B0000065B00000DC
:1010C00045AF010065B0000065B0000065B00000EC
:1010D00065B0000065B0000065B0000065B00000BC
:1010E00065B0000065B0000065B0000065B00000AC
:1010F00065B0000065B0000065B0000065B000009C
:1011000065B0000065B0000000F002F819F077FE4D
:101110000AA090E8000C82448344AAF10107DA4552
:1011200001D119F06CFEAFF2090EBAE80F0013F00E
:10113000010F18BFFB1A43F00103184770A201000A
:1011400090A201000A4410F8014B14F00F0508BFEB
:1011500010F8015B240908BF10F8014B6D1E05D083
:1011600010F8013B6D1E01F8013BF9D1641E03D05C
:10117000641E01F8015BFBD19142E4D3704700008B
:101180000023002400250026103A28BF78C1FBD890
:10119000520728BF30C148BF0B6070471FB500F031
:1011A00003F88DE80F001FBD19F026BE70B51B4C6B
:1011B00005460A202070A01C00F0D7F85920A08016
:1011C00029462046BDE8704006F0FEBE06F00CBF82
:1011D00070B50C461249097829B1A0F160015E2969
:1011E00008D3012013E0602804D0692802D043F21C
:1011F00001000CE020CC0B4E94E80E0006EB8000C2
:10120000A0F58050241FD0F8806E2846B04720609B
:1012100070BD0120704706207047000008000020C4
:101220001800002074AF01003249884201D2012029
:1012300070470020704770B50446A0F500002E4EA0
:10124000B0F1786F02D23444A4F5000429488442F6
:1012500001D2012500E0002500F043F848B125B98E
:10126000B44204D32548006808E0012070BD002086
:1012700070BD002DF9D1B442F9D321488442F6D291
:10128000F3E710B50446A0F50000B0F1786F03D283
:1012900019480444A4F5000400F023F84FF08041FD
:1012A00030B11648006804E08C4204D2012003E00B
:1012B00013488442F8D2002080F0010010BD10B520
:1012C00020B1FFF7DEFF08B1012010BD002010BDE6
:1012D00010B520B1FFF7AFFF08B1012010BD00200D
:1012E00010BD084808490068884201D101207047B4
:1012F0000020704700C00100000000201C000020FA
:101300000800002058000020BEBAFECA10B50446EE
:101310000021012000F041F800210B2000F03DF8F1
:101320000021082000F039F80421192000F035F8D8
:1013300004210D2000F031F804210E2000F02DF8DA
:1013400004210F2000F029F80421C84300F025F8FB
:101350000621162000F021F80621152000F01DF8C6
:101360002046FFF723FF002010BDCC2101807047ED
:10137000FFF72CBF1148704710487047104A10B54E
:1013800014680F4B0F4A08331A60FFF721FF0C480F
:10139000001D046010BD704770474907090E002802
:1013A00004DB00F1E02080F80014704700F00F002B
:1013B00000F1E02080F8141D7047000003F900429E
:1013C000100502400100000130B5FF4D0446062C17
:1013D000A9780ED2DFE804F0030E0E0E0509FFDF38
:1013E00008E0022906D0FFDF04E0032902D0FFDF76
:1013F00000E0FFDFAC7030BDF34810B5407E41081F
:10140000F14800F11A0005D00DF043FBBDE8104093
:1014100006F07ABC0DF024FBF8E730B50446A1F1E4
:1014200020000D460A2847D2DFE800F005070C1916
:10143000202532373C41FFDF3FE0207820283CD197
:10144000FFDF3AE0E0488078052836D0207824286D
:1014500033D0252831D023282FD0FFDF2DE020786E
:1014600022282AD0232828D8FFDF26E02078222827
:1014700023D0FFDF21E0207822281ED024281CD092
:1014800026281AD0272818D0292816D0FFDF14E0E4
:101490002078252811D0FFDF0FE0207825280CD0F8
:1014A000FFDF0AE02078252807D0FFDF05E020785D
:1014B000282802D0FFDF00E0FFDF257030BD1FB518
:1014C0000022ADF800200C88ADF802404B88ADF842
:1014D0000430CA88ADF808208988ADF806100021CC
:1014E000ADF80A10ADF80C1080B14FF6FF70062170
:1014F000844201D1ADF80210834201D1ADF804104D
:10150000824203D14FF44860ADF8080068460DF000
:10151000BEFB06F0F9FB04B010BD70B514460D46D5
:101520000646FFF788FE60B90DB1A54201D90C202F
:1015300070BD002409E000BF56F82400FFF77BFED1
:1015400008B1102070BD641CE4B2AC42F4D300209A
:1015500070BD2DE9F04105461F4690460E46002419
:101560000068FFF7B5FE30B9A98828680844401E16
:10157000FFF7AEFE10B11020BDE8F081286800280A
:10158000A88802D0B84202D850E00028F4D0092040
:10159000F2E72968085DB8B1671CCA5D152A2ED02C
:1015A0003CDC152A3AD2DFE802F039122222282840
:1015B0002A2A313139393939393939393939220019
:1015C000085D30BB641CA4B2A242F9D833E0022803
:1015D000DDD1A01C085C88F80000072801D2400774
:1015E00001D40A20C8E7307840F0010015E0C1437B
:1015F000C90707E0012807D010E00620BCE7010773
:10160000A1F180510029F5D01846B5E7307881075F
:1016100001D50B20B0E740F0020030702868005D73
:10162000384484B2A888A04202D2B0E74FF44853AD
:1016300082B2A242ADD800209EE710B502785408CD
:1016400009D0012243F20223012C07D0022C0DD035
:10165000032C13D10FE00020087005E080790324EB
:10166000B4EB901F0AD10A70002010BD8079B2EB54
:10167000901F03D1F7E780798009F4D0184610BD98
:1016800008B500208DF800004F4890F8221051B1A5
:1016900090F8230002280FD003280FD0FFDF00BFEF
:1016A0009DF8000008BD48486946193001F0C6F9A8
:1016B0000028F5D0FFDFF3E7032000E001208DF8DC
:1016C0000000EDE738B50C460546694601F0B6F96D
:1016D00000280DD19DF80010207861F3470020709C
:1016E00055F8010FC4F80100A888A4F805000020EF
:1016F00038BD38B51378C0B1022816D033A46D4672
:10170000246800944C7905EB9414247864F347031F
:10171000137003280ED003F0FE0010700868C2F8A2
:1017200001008888A2F8050038BD23F0FE0313707D
:101730000228EED1D8B240F00100EEE702210EF00F
:10174000BDBC38B50C460978222901D2082038BD25
:10175000ADF800008DF8022068460DF0D9F906F0CA
:10176000D3FA050003D121212046FFF756FE284673
:1017700038BD1CB500208DF80000CDF80100ADF893
:101780000500114890F82200022801D0012000E055
:1017900000208DF8070068460DF024FA002800D0DC
:1017A000FFDF1CBD2DE9FF478CB00025BDF834607C
:1017B00082461C4690468DF81C50700703D5606821
:1017C000FFF739FD90B903E0A00100200302FF01FB
:1017D000FE4F4FF0010997F8220058B197F8230007
:1017E000022807D16068FFF773FD18B1102010B010
:1017F000BDE8F087300702D5A089802815D870078A
:1018000004D4B8F1000F01D0387E70B1E07DC0F390
:1018100000108DF81B00617D072041B1012906D021
:101820000229E4D00429E2D117E00720DFE78DF890
:1018300017908DF819908DF81580606878B107A918
:10184000FFF7FBFE0028D2D1606850F8011FCDF8E9
:101850000F108088ADF8130005E00620C7E7CDF82B
:101860000F50ADF81350E07B0028F6D1207C002803
:10187000F3D1607C0028F0D1A07C0028EDD1E07C81
:10188000C006EAD18DF800A0BDF83400ADF8020022
:10189000A0680190A0680290CDA0D0E90010CDE929
:1018A0000A10E07C0AA901EB501000788DF80C00BA
:1018B000FFF7E6FE8DF80D009DF81C008DF80E0078
:1018C0008DF818508DF816508DF81A5009A96846F1
:1018D0000DF02CFA06F018FA89E7F0B58FB0002465
:1018E0008DF830408DF814408DF8344006468DF860
:1018F0002840019402940394049419B10FC901ADD6
:1019000085E80F00B14DA878052801D004280CD136
:1019100001986968884200D120B90398E968884233
:1019200003D110B108200FB0F0BD1F273B460DAA10
:1019300005A903A8FFF70DFE0028F4D13B460AAA2B
:101940000CA901A8FFF705FE0028ECD19DF81400B2
:10195000C00701D00A20E6E7A88A410708D4A97D7C
:1019600031B19DF82810890702D043F20120DAE74F
:101970009DF82810C90709D0400707D4288818B156
:1019800044F25061884201D90720CCE78DF8184015
:101990008DF81960BDF80800ADF81A00019807909D
:1019A00006A80DF0CEF906F0AFF90028BBD18DF8EE
:1019B00020408DF82160BDF81000ADF8220003989A
:1019C000099008A80DF0DFF906F09EF90028AAD1C9
:1019D00001AC2D1D94E80F0085E80F000020A2E760
:1019E00070B50646FFF7AAFE054606F06FFB040039
:1019F00000D1FFDF6680207820F00F00801C20F0EF
:101A0000F000203020700320207295F83E006072B4
:101A1000BDE8704006F05EBB2DE9F04385B00400E0
:101A200000D1FFDF2078694E20F00F00801C20F0ED
:101A3000F0007030207060680178C91F14292AD224
:101A4000DFE801F04DF3290AF3F33AF2292966F2AF
:101A5000F2F129F2F2F0EFF286883046FFF76EFEDF
:101A60000546304608F0BDF8C0B16068807985F859
:101A70003E0021212846FFF7D0FC304603F0FAF95A
:101A8000304604F0ADFB3146012012F047F9A87F43
:101A900020F01000A87705B0BDE8F083207820F092
:101AA000F00020302070032020726680606880790A
:101AB000607206F00FFBDCE785882846FFF73EFEE4
:101AC00000B9FFDF60688078012800D0FFDF606820
:101AD000817905B02846BDE8F04308F04ABA868807
:101AE0003046FFF72BFE050000D1FFDF06F0F2FACB
:101AF00060683146C08828816068008968816068B4
:101B00004089A881012012F009F90020A875C2E7D8
:101B1000807828B10228BED03C28BCD0FFDFBAE7CD
:101B200006F0D8FA6568A879AD1C00B9FFDFF77830
:101B3000B5F80290B046384606F05FF8060000D1CE
:101B4000FFDF0022022148460EF0AFFA040000D168
:101B5000FFDF22212046FFF760FCA17F012060F318
:101B60000101A177298B2181698B6181A98BA181D9
:101B700084F822708DF80800B0680090F068019039
:101B80006A46032148460EF090FA00B9FFDFB0889C
:101B9000ADF81000B0788DF8120004AA052148466F
:101BA0000EF083FA00B9FFDFB088ADF80C00F078D2
:101BB0008DF80E0003AA042148460EF076FA00B90B
:101BC000FFDF062105F1120006E00000A001002061
:101BD000070605040302010000F04DFF30B36879E9
:101BE000800700D5FFDF6979E07D61F34700E0758C
:101BF000D5F80600A0616889A083062105F10C00D4
:101C000000F039FFE0B198F819104A08617862F3E2
:101C100047016170D8F81A10C4F80210B8F81E0015
:101C200017E028E020E033E02DE017E0E07D20F031
:101C3000FE00801CE075D5F81200A061E88ADBE7A1
:101C4000607820F0FE00801C6070E868C4F8020034
:101C5000288AE0800320FFF7B7FB1CE705B0204689
:101C6000BDE8F04301F092BC06F034FA16F8240FF8
:101C700040F0020005E006F02DFA16F8240F40F0BF
:101C80000400307007E705B0BDE8F04306F022BA63
:101C9000B178052909D00429DFD106F01BFA02200A
:101CA00005B0BDE8F043FFF78FBB80780028D4D0A3
:101CB000F07800F0AAFE06F00DFA0320F0E72DE917
:101CC000F047054600780027000991460C463E463D
:101CD000012871D0022870D007280AD00A286DD0B8
:101CE000FFDF00BFA9F800600CB1278066800020EC
:101CF0007EE5D5F804C0DFF8448804F108009CF8BC
:101D000000204FF0010AD21F4FF6FF71142A76D23D
:101D1000DFE802F00AF9F9F9F9F9F91DF9F926C035
:101D2000889DF91061D476EE12271026BCF80400C5
:101D30002146F3E01C270A26ECB3BCF80200A08081
:101D4000686800792072686840796072CAE71B276A
:101D5000092684B30320207268684088A080C1E708
:101D60009CF802103C29BDD010272C260CF1020C47
:101D70000CB3BCF80210A180BCF818106182BCF84A
:101D800018102182BCF81A10A182BCF81C10E18244
:101D90009CF8053002460CF106011846FFF7A9FC35
:101DA0009CF8040001289DD184F80FA00020207623
:101DB00008F1040003E00BE0A8E0B2E0EAE090E8FC
:101DC0000E00D8F81000C4E90930C4E9071289E709
:101DD000A9F800608BE720271126002CF8D0A180FD
:101DE000686804F10A02807820726868807A6072FC
:101DF00069680B1DC8781946FFF77BFC72E782E023
:101E000021270A26002CE3D0BCF80200A0806868D5
:101E10000079207268684079607298F8241021F087
:101E2000040162E022270B26002CD1D0BCF804006C
:101E3000A0806868807820726868807900F02AFE47
:101E400060726868C07900F025FEA0724AE7262714
:101E50001C26002CBCD0A1806868C07860726868BD
:101E60008079A07208F1040090E80E00D8F8100004
:101E7000C4E90530C4E90312686880783C2803D0BF
:101E8000432804D0FFDF2DE784F808A02AE70220CA
:101E9000207227E724271026002C99D0BCF80200D6
:101EA000A0806868007920816868007A608168682D
:101EB000C088A08168684089E08113E72327102645
:101EC000002C85D0BCF80200A08068688088208142
:101ED0006868C088608168680089A08168684089F6
:101EE000E08198F8241021F0020188F82410F9E626
:101EF0002F272A26002C86D0A18069682222891CDF
:101F00000BF017FAEEE64A46214644E0287A02280A
:101F100001D0FFDFE6E612271026688800F098FD62
:101F2000E0E6287AB0B3012835D0022833D0032860
:101F300001D0FFDFD6E611270926002C8AD0B5F89C
:101F400002804046FFF7FAFB90F822A0A4F8048034
:101F5000687A2072042140460EF0C2F805214046FE
:101F60000EF0BEF8002140460EF0BAF801214046BE
:101F70000EF0B6F8032140460EF0B2F802214046BA
:101F80000EF0AEF8062140460EF0AAF8504600F0DA
:101F90003CFDA7E6FFE72846BDE8F04701F02CBC72
:101FA00070B5012801D0FFDF70BD8DB22846FFF764
:101FB000C5FB040000D1FFDF20782128F4D006F013
:101FC00085F880B1017821F00F01891C21F0F00122
:101FD000103101700221017245800020A075BDE81A
:101FE000704006F077B821462846BDE870401322BD
:101FF000FFF7A7BB2DE9F04116460C00804600D143
:10200000FFDF307820F00F00801C20F0F00010304F
:1020100030702078022802D0FFDFBDE8F081404612
:10202000FFF78CFB050000D1FFDFA1884FF6FF70A2
:102030000027814202D1E288824203D0814201D14D
:10204000E08840B106F046F894E80F00083686E8CC
:102050000F00AF75E1E7A87D0128DED178230022CB
:10206000414611F0B1FD0220A875D6E738B5054606
:102070000C460846FFF7DFF8A8B9242D31D006DC5E
:10208000202D0AD0212D0AD0222D04D124E0252D87
:102090001BD03F2D2DD0072038BD062038BD6068ED
:1020A000FFF70DF908B1102038BD618820886A4615
:1020B0000CF0E1FF05F028FE0028F5D16168002949
:1020C000F2D0BDF800200A8038BDA07800F00101F0
:1020D00020880DF001F808E02068BDE8384001F0E4
:1020E000C0BD618820880CF05FFFBDE8384005F076
:1020F0000BBE207800F001008DF8000068460CF05F
:10210000BDFD05F001FE38BD70B505460C4608461C
:10211000FFF7B7F808B1102070BD202D07D0212D92
:102120000DD0222D0BD0252D09D0072070BD208881
:10213000A11C0CF03CFDBDE8704005F0E5BD06209B
:1021400070BDFE481930704708B528220021FB48B1
:102150000BF019F90120FFF737F9F84968461A31F1
:1021600005F04AFFF5489DF80020417E62F34701E3
:1021700021F001014176002180F822104FF46171B5
:102180000184022180F82310FFF736F900B1FFDF48
:1021900000F0AEFC01F0CCF908BD10B50C464022B1
:1021A000002120460BF0EFF8A07F20F00300A0777D
:1021B000202020700020A07584F8230010BD7047F7
:1021C0002DE9FC410746FFF736F810B11020BDE8B5
:1021D000FC81DA4E06F11901D6F819000090B6F824
:1021E0001D50ADF80450F47F8DF806403846FFF7D7
:1021F00069FA0028EBD1FFF7FFF80028E7D0009933
:1022000046F8191FB580B471E1E710B50446FFF731
:1022100038F808B1102010BDC848C8492246407E91
:102220001A314008FFF765FA002010BD3EB504469C
:102230000D460846FFF725F808B110203EBD14B141
:1022400043F204003EBDBD488078052803D0042831
:1022500001D008203EBD694602A80BF01AFB2A46B1
:1022600069469DF80800FFF744FA00203EBDFEB520
:102270000D4604004FF0000711D00822FFF74DF97A
:10228000002811D1002608E054F826006946FFF71F
:10229000D4F9002808D1761CF6B2AE42F4D30CF083
:1022A00037FB10B143F20320FEBDA44E3776FCB1DC
:1022B00000271AE054F8270002A9FFF7BEF900B181
:1022C000FFDF9DF808008DF8000054F8270050F853
:1022D000011FCDF801108088ADF8050068460CF0AC
:1022E0003CFB00B1FFDF7F1CFFB2AF42E2D335768B
:1022F0000020FEBD2DE9F0478AB01546894604004E
:102300001DD00F4608222946FFF707F9002810D1F3
:10231000002612E054F826006946103000F08EFBCB
:10232000002806D13FB157F82600FEF784FF10B110
:1023300010200AB0DCE4761CF6B2AE42EAD30026E6
:10234000A5F101081CE000BF06F1010A0AF0FF0731
:1023500012E000BF54F82600017C4A0854F8271008
:102360000B7CB2EB530F05D10622113011310AF06C
:10237000B3FF58B17F1CFFB2AF42EBD30AF0FF06A8
:102380004645E1DB4E4624B1012003E043F205203F
:10239000CFE700200CF000FB10B90CF009FB10B1E6
:1023A00043F20420C5E75CB300270DF1170825E0D0
:1023B00054F827006946103000F040FB00B1FFDF01
:1023C00054F82700102250F8111FCDF80110808812
:1023D000ADF8050054F827100DF107000AF0A9FF29
:1023E00096B156F82710102240460AF0A2FF684620
:1023F0000CF098FA00B1FFDF7F1CFFB2AF42D7D3D9
:10240000FFF7B7F9002094E7404601F01EFCEEE725
:1024100030B585B00446FEF70EFF18B96068FEF7C8
:1024200057FF10B1102005B030BD60884AF2B811D6
:10243000884206D82078414D28B1012806D00228CC
:1024400004D00720EFE7FEF7D7FF18E060780228F6
:1024500004D0032802D043F20220E4E785F82300E9
:10246000C1B200200090ADF8040002292CD003294D
:1024700027D0FFDF68460CF00CFB05F045FC002878
:10248000D1D1606801F0D4FB207858B101208DF8DB
:1024900000000DF1010001F0D8FB68460CF075FE5C
:1024A00000B1FFDF207885F82200FFF762F960882D
:1024B00060B1288480B20CF067FA00B1FFDF002021
:1024C000B1E78DF80500D5E74020FAE74FF46170D9
:1024D000EFE710B50446FEF7D4FE20B9606838B1C6
:1024E000FEF7EDFE08B1102010BD606801F0ADFBF5
:1024F000124830F8201F6180C178617080782070A8
:10250000002010BD2DE9F843144689460646FEF723
:10251000B8FEB8B94846FEF7DBFE98B92046FEF78C
:10252000D7FE78B9054DA878012800D154B131788B
:10253000FF2909D061B143F2040001E0A0010020AD
:10254000BDE8F8831020F8E7012801D00420F4E763
:10255000CCB3052811D004280FD06946204600F0DE
:10256000A4FA0028E9D1217D49B1012909D0022925
:1025700009D0032909D00720DFE70820DDE702465C
:1025800004E0012202E0022200E00322804623460A
:10259000174600200099FFF705F90028CDD1A08942
:1025A0002880A07BE875BDF80000A882AF75BDF853
:1025B0000010090701D5A18931B1A1892980C0077F
:1025C00004D0032003E006E08021F7E70220FEF7B5
:1025D000FBFE86F800804946BDE8F8430020FFF77F
:1025E0007CB92DE9FC41FF4C06460D46A078022837
:1025F00003D0032801D00820E9E516B143F2040016
:10260000E5E506200DF00EFD10B9A078032849D0AD
:102610000FF07CFC074610F0DBFE381A00F0FF08D4
:1026200006200DF0F7FC074606200DF0FBFC391ADA
:10263000A078042809D000221144A8EB010111F070
:10264000FF0F04D0032804D00DE00122F4E713208B
:10265000BDE5284605F0D1FA10B3407810B32846FE
:1026600005F0D6FDE570FFF70BF80BF054F80120EC
:102670008DF800008DF801008DF802602088ADF81B
:102680000400E07D8DF8060068460CF050FC05F073
:102690003BFB0028B0D1A078032805D0042010E02F
:1026A000052094E5122092E5E07805F0A6FA0400F2
:1026B00000D1FFDF607800B9FFDF6078401E6070F6
:1026C0000520FEF781FE002081E51CB510B143F224
:1026D00004001CBDC34CA078042803D0052801D0F9
:1026E00008201CBD00208DF8000001218DF801108C
:1026F0008DF8020068460CF01AFC05F005FB002876
:10270000EFD1A078052805D05FF00200FEF75CFE4F
:1027100000201CBDE07800F078F90320F6E72DE9F1
:10272000FC4180460D4603260846FEF7D1FD08B160
:1027300010204CE54046FFF701F8040004D0207853
:10274000222804D2082042E543F202003FE5A07FA0
:1027500000F003073DB1012F0AD000202946FEF703
:10276000AEFE0600E5D1012F04D0FFDF30462EE596
:102770000120F3E7A07D2946022801D011B107E02E
:10278000112024E5684600F0E7FA0028D1D1694617
:10279000404607F0CEFB0600E8D10120A075E5E732
:1027A00070B50C460546FEF7C9FF010005D022466C
:1027B0002846BDE87040FEF7C4BF43F2020070BD7A
:1027C00010B5012807D1874B9B78012B00D011B1A0
:1027D00043F2040010BD0CF009F9BDE8104005F00B
:1027E00093BA012300F01BB900231A46194600F0E2
:1027F00016B970B5064615460C460846FEF741FD6B
:1028000018B92846FEF73DFD08B1102070BD2A46D4
:10281000214630460CF017FC05F076FA0028F5D179
:1028200021787F29F2D1052070BD7CB505460C4684
:102830000846FEF700FD08B110207CBD2846FEF7D3
:102840007DFF20B10078222804D208207CBD43F20D
:1028500002007CBD634890F82400400701D5112098
:102860007CBD2178C80802D16078C20801D0072059
:102870007CBD890801D1800801D006207CBDADF85F
:10288000005020788DF8020060788DF80300022057
:10289000ADF8040068460BF00FFF05F035FA7CBD7B
:1028A00070B586B014460D460646FEF747FF28B1C0
:1028B0000078222805D2082006B070BD43F202003D
:1028C000FAE72846FEF704FD20B944B12046FEF79A
:1028D000F6FC08B11020EFE700202060A0804148FE
:1028E00090F82400800701D51120E5E703A93046C0
:1028F0000BF01FFF18B100BF05F006FADCE7ADF8DA
:102900000060BDF81400ADF80200BDF81600ADF887
:102910000400BDF81000BDF81210ADF80600ADF8C7
:1029200008107DB1298809B1ADF80610698809B190
:10293000ADF80210A98809B1ADF80810E98809B10D
:10294000ADF80410DCB1BDF80610814201D9081AB7
:102950002080BDF80210BDF81400814201D9081A88
:102960006080BDF80800BDF80410BDF816200144D1
:10297000BDF812001044814201D9081AA0806846AF
:102980000BF074FFB8E770B505460C460846FEF735
:1029900078FC08B1102070BD214628460CF04AF999
:1029A000BDE8704005F0B0B93EB505460C46084696
:1029B000FEF767FC08B110203EBD0020009001909A
:1029C0000290ADF800502089ADF8080020788DF80D
:1029D0000200606801902089ADF808006089ADF8B8
:1029E0000A0001E0A001002068460CF031F905F072
:1029F0008BF93EBD0EB5ADF8000000200190684691
:102A00000CF026F905F080F90EBD10B505F0F5F8CB
:102A1000040000D1FFDF6078401C607010BD1CB561
:102A2000ADF800008DF802308DF803108DF8042009
:102A300068460CF0D7FA05F067F91CBD0278520819
:102A400004D0012A02D043F202207047FEF7F5BD00
:102A500070B50C0006460DD0FEF770FE050000D1E3
:102A6000FFDFA68028892081288960816889A0816C
:102A7000A889E08170BD10B500231A4603E0845C8C
:102A80002343521CD2B28A42F9D30BB1002010BDAD
:102A9000012010BD00B530B1012803D0022801D0BB
:102AA000FFDF002000BDFF2000BD00220A8092B29F
:102AB00022F060020A800078062817D2DFE800F0D2
:102AC000160306090C1142F0110007E042F01D0048
:102AD00009E042F0150006E042F0100040F002006C
:102AE00001E042F010000880002070470720704786
:102AF000FD48002101604160018170472DE9FF4FD1
:102B000093B09B46209F160004460DD01046FEF75A
:102B100092FB18B1102017B0BDE8F08F31460120AC
:102B2000FEF7CDFC0028F6D101258DF842504FF478
:102B3000C050ADF84000002210A9284603F016FE50
:102B40000028E8D18DF84250A8464FF428500025BF
:102B5000ADF840001C222946684607950AF013FC90
:102B60009DF81C000DF11C0A20F00F00401C20F005
:102B7000F00010308DF81C0020788DF81D00617871
:102B80009DF81E000DF1400961F3420040F0010084
:102B90008DF81E009DF8000008AA40F002008DF894
:102BA00000002089ADF83000ADF832506089ADF8F2
:102BB0003400CDF82CA060680E900AA9CDF82890BA
:102BC000684603F0C8FB0028A5D16068FEF777FBD4
:102BD00040B16068FEF77CFB20B9607800F003002C
:102BE000022801D0012000E00020BF4C08AA0AA959
:102BF0002072BDF8200020808DF8428042F601202E
:102C0000ADF840009DF81E0020F00600801C20F06A
:102C100001008DF81E000220ADF83000ADF8340040
:102C200014A80E90684603F096FB002889D1BDF8E1
:102C30002000608036B1211D304600F059F900288F
:102C4000C2D109E0BBF1000F05D00AF017F9E8BBCB
:102C50000AF014F9D0BBA58017B1012F43D04AE088
:102C60008DF8428042F6A620ADF8400046461C2270
:102C70000021684607950AF086FB9DF81C00ADF818
:102C8000346020F00F00401C20F0F00010308DF870
:102C90001C009DF81D0020F0FF008DF81D009DF820
:102CA0001E0020F0060040F00100801C8DF81E0080
:102CB0009DF800008DF8446040F002008DF800009F
:102CC000CDE90A9AADF8306011A800E011E00E904D
:102CD00008AA0AA9684603F03EFB0028A6D1BDF861
:102CE0002000E08008E00AF0C9F810B90AF0C6F840
:102CF00008B103200FE7E58000200CE73EB504464D
:102D0000794D0820ADF80000A88828B12046FEF7CC
:102D100092FA18B110203EBD06203EBD214601208A
:102D2000FEF7CDFB0028F8D12088ADF804006088BC
:102D3000ADF80600A088ADF80800E088ADF80A00FC
:102D4000A88801AB6A46002103F00CFFBDF8001013
:102D50000829E2D003203EBD7FB5634D0446A88814
:102D600068B1002002900820ADF80800CDF80CD022
:102D70002046FEF760FA20B1102004B070BD062096
:102D8000FBE7A98802AA4FF6FF7004F02DF900288E
:102D9000F3D1BDF80810082901D00320EDE7BDF8F4
:102DA00000102180BDF802106180BDF80410A180E0
:102DB000BDF80610E180E0E701B582B00220ADF871
:102DC0000000494802AB6A464088002103F0CAFE71
:102DD000BDF80010022900D003200EBD1CB5002153
:102DE00000910221ADF800100190FEF74AFA08B1F7
:102DF00010201CBD3C486A4641884FF6FF7004F025
:102E0000F3F8BDF800100229F3D003201CBDFEB575
:102E1000354C06461546207A0F46C00705D00846B1
:102E2000FEF709FA18B11020FEBD0F20FEBDF82DE7
:102E300001D90C20FEBD3046FEF7FDF918BB2088F5
:102E400001A902F08AFF0028F4D130788DF805003E
:102E5000208801A903F064FE0028EBD100909DF8C2
:102E600000009DF8051040F002008DF800000907F1
:102E700003D040F008008DF800002088694603F078
:102E8000ECFD0028D6D1ADF8085020883B4602AAB8
:102E9000002103F067FEBDF80810A942CAD0032044
:102EA000FEBD7CB505460020009001900888ADF875
:102EB00000000C4628460195FEF701FA18B9204695
:102EC000FEF7DFF908B110207CBD15B1BDF8000098
:102ED00060B105486A4601884FF6FF7004F084F837
:102EE000BDF8001021807CBDC80100200C20FAE74D
:102EF00030B5044693B000200D46014600901422E0
:102F000001A80AF040FA1C22002108A80AF03BFAA6
:102F10009DF80000CDF808D020F00F00401C20F0F4
:102F2000F00010308DF800009DF8010006AA20F096
:102F3000FF008DF801009DF8200001A940F002007B
:102F40008DF8200001208DF8460042F60420ADF8EF
:102F5000440011A801902088ADF83C006088ADF8CD
:102F60003E00A088ADF84000E088ADF842009DF832
:102F7000020020F00600801C20F001008DF8020005
:102F80000820ADF80C00ADF810000FA8059008A8B7
:102F900003F0E1F9002803D1BDF8180028800020D3
:102FA00013B030BD0A4810B5046809490948083112
:102FB00008600FF0BEFE0648001D046010BD064903
:102FC000002008604FF0E0210220C1F88002704725
:102FD0001005024001000001FC1F00400548064AA0
:102FE0000168914201D1002101600449012008607B
:102FF0007047000058000020BEBAFECA40E50140FC
:103000002CFFFFFFDBE5B15100C00100CC00FFFF4A
:1030100071000000C1CF6A00FEA0D9111C1006C3C8
:1030200089CCFC7A7B3B49141906A8C010B504462C
:10303000FEF701F908B1102010BD2078C0F302108E
:10304000042807D86078072804D3A178102901D86C
:10305000814201D2072010BDE078410706D42179D2
:103060004A0703D4000701D4080701D5062010BD84
:10307000002010BD70B514460D46064605F026F832
:1030800080B10178182221F00F01891C21F0F00194
:10309000A03100F8081B21460AF04BF9BDE870404A
:1030A00005F018B829463046BDE870401322FEF7F7
:1030B00048BB2DE9F047064608A8904690E8300442
:1030C00089461F461422002128460AF05CF9002197
:1030D000CAF80010B8F1000F03D0B9F1000F03D106
:1030E00014E03878C00711D02068FEF7CAF8C0BBDA
:1030F000B8F1000F07D12068123028602068143022
:1031000068602068A8602168CAF8001038788007D5
:1031100024D56068FEF7D3F818BBB9F1000F21D0B1
:10312000FFF70FF80168C6F868118188A6F86C11DE
:10313000807986F86E0101F034FAF84FEF6062682A
:1031400062B196F8680106F2691140081032FEF784
:10315000D0FA1022394660680AF0EBF80020BDE88A
:10316000F08706E0606820B1E8606068C6F8640136
:10317000F4E71020F3E730B5054608780C4620F058
:103180000F00401C20F0F001103121700020607011
:1031900095F8230030B104280FD0052811D0062857
:1031A00014D0FFDF20780121B1EB101F04D295F875
:1031B000200000F01F00607030BD21F0F0002030D2
:1031C00002E021F0F00030302070EBE721F0F00059
:1031D0004030F9E7F0B591B0022715460C46064697
:1031E0003A46ADF80870092103AB05F070FD049074
:1031F000002810D004208DF804008DF80170E03410
:10320000099605948DF818500AA968460EF051FCED
:1032100000B1FFDF012011B0F0BD2DE9F84F0646E7
:10322000808A0C4680B28246FEF788FA0546BB4F7C
:103230003078203F4FF002094FF000080F287CD271
:10324000DFE800F07BA39D082C5B6A7CBADAFD976F
:1032500048979700012150460CF030FF040000D140
:10326000FFDF97F85C00C00701D0386E0BE0032148
:1032700004F11D0010F06BFAD4F81D00A849B0FB52
:10328000F1F201FB1200C4F81D0070686067B068BD
:10329000A0672878252872D0FFDF70E00121504612
:1032A0000CF00CFF060000D1FFDF3078810702D55B
:1032B0002978252904D040F001003070BDE8F88F4E
:1032C00084F80090307F207106F11D002D36C4E98E
:1032D0000206F3E7012150460CF0F0FE050000D194
:1032E000FFDF2878C10604D5072020703D356560D2
:1032F000E4E740F008002870E0E7E87F000700D529
:10330000FFDF307CB28800F0010301B05046BDE819
:10331000F04F092106F06FBD05B9FFDF716821B1DB
:10332000102205F124000AF004F828212846FEF7AF
:1033300074F8307A85F82000C0E7F7E001215046A4
:103340000CF0BCFE050000D1FFDF022105F1850075
:1033500010F0FDF90420207005F5B4706060B5F838
:10336000850020826D4810387C356561C4E90270A3
:10337000A4E7012150460CF0A1FE00B9FFDF324660
:1033800029465046BDE8F84F74E605B9FFDF2878B6
:10339000212893D93079012803D1E87F40F0080033
:1033A000E877324629465046FFF764FE2846BDE8D6
:1033B000F84F2321FEF731B83279A28004F10803D7
:1033C0000921504605F083FCE06010B10520207013
:1033D00074E74546012150460CF070FE040000D110
:1033E000FFDF04F1620102231022081F0CF0FFFC32
:1033F00005703179417061E7012150460CF05EFEA5
:10340000040000D1FFDF94F8840000F003000128DD
:1034100059D1E87F10F0010003D194F8A010C9073A
:103420002AD0D4F8602132B394F88330117C63F34E
:1034300087011174AA7FD30963F3410100E071E0B1
:10344000D4F860211174D4F8602160F30001117484
:1034500090B1D4F86001102205F12401883409F0FC
:1034600068FF207E40F001002076207820F00100E7
:1034700004F8880919E0C0B994F88810C90714D075
:10348000D4F85C218AB194F88330117C63F387010E
:103490001174AA7FD309D4F85C2163F3410111743C
:1034A000D4F85C2160F30001117494F8880080075F
:1034B00009D594F87C00D4F86421400804F17D011A
:1034C0001032FEF716F98DF8009094F884006A46E1
:1034D00000F003008DF8010094F888108DF80210B8
:1034E00094F8A0008DF803002946504601F042F8F8
:1034F0002878252805D0212807D0FFDF2878222822
:1035000003D922212846FDF788FF012150460CF0FF
:10351000E7FD00283FF4DDAEFFDFCFE6F401002039
:1035200040420F00716881F80180C7E6FFDFC5E601
:1035300070B5FE4C002584F85C5025660EF085FAC7
:1035400004F11001204604F07DFD84F8305070BD78
:1035500070B50D46FEF7F2F8040000D1FFDF4FF41E
:10356000B8720021284609F00EFF2434012105F12C
:10357000E0002C610EF06AFA002800D0FFDF70BD79
:103580000A46014602F1E0000EF081BA70B5054628
:10359000406886B00178082906D00B2933D00C2961
:1035A0002FD0FFDF06B070BD46883046FEF7C6F864
:1035B000040000D1FFDF20782128F3D028281BD178
:1035C000686802210C3000F0A0FFA8B168680821EB
:1035D000001D00F09AFF78B104F1240130460BF091
:1035E000A8FC04F091FB00B1FFDF06B02046BDE867
:1035F00070402921FDF711BF06B0BDE8704004F00E
:1036000069BD01218171686886883046FEF796F8A9
:10361000040000D1FFDF20782128C3D068688179B9
:1036200009B1807808B1FFDFBCE704F053FDA07F4B
:10363000000622D5E07FC00705D094F8200000F0F6
:103640001F00102817D0052084F82300207829288F
:1036500015D02428A6D13146042010F05FFB22218A
:103660002046FDF7DAFE012130460CF039FD002836
:1036700098D0FFDF96E70620E6E70420E4E7012183
:1036800030460CF01BFD050000D1FFDF2521204650
:10369000FDF7C3FE03208DF80000694605F1E00048
:1036A0000EF0ECF90228BFD00028BDD0FFDF79E78B
:1036B0002DE9F04788B09A46164688468146FEF7BF
:1036C0003DF805003AD02878222837D3232835D072
:1036D000E87F000732D40027012148460CF0EEFCB9
:1036E000040005D10121002248460CF0DEFC04460E
:1036F000694600F066FF009800B9FFDF00983CB112
:10370000E03404612878222804D0242802D005E07F
:10371000076103E025212846FDF77FFE009801217F
:103720004170C0F824908680C0E9028A01A90EF099
:10373000C0F9022802D0002800D0FFDF08B00EE553
:1037400070B586B00546FDF7F9FF0078222814D938
:10375000012128460CF0B2FC04002CD1FFDF2AE046
:10376000B4F85E0004F1620630440178427829B171
:1037700021462846FFF72EFDB0B913E7ADF8042027
:103780000921284602AB05F0A2FA03900028F4D0E4
:1037900005208DF80000694604F1E0000EF06EF996
:1037A000022801D000B1FFDF02231022314604F1CC
:1037B0005E000CF052FBB4F860000028D0D1F1E6B6
:1037C00010B586B00446FDF7B9FF0078222811D95C
:1037D000012120460CF072FC040000D1FFDF06201E
:1037E0008DF80000694604F1E0000EF047F900286A
:1037F00000D0FFDF06B010BD2DE9F84F0546007878
:103800000C460027010904F1080090463E46BA46DE
:10381000009002297ED0072902D00A2909D142E06E
:1038200068680178082905D00B292CD00C292AD0EA
:10383000FFDF72E114271C26002C6CD04088A0808A
:10384000FDF77CFF5FEA000900D1FFDF99F8170060
:1038500009F118014008009AFDF74BFF686880895C
:10386000208268684168C4F812108068C4F81600A5
:10387000A07E20F0060040F00100A07699F81E001E
:1038800040F020014FE01A270A26002CD5D080886E
:10389000A080FDF753FF050000D1FFDF2846009907
:1038A000FFF769FC39E10CB1A88BA080287A4FF0B2
:1038B000010B0B287ED006DC01287CD0022808D022
:1038C000032804D137E00D2876D00E2875D0FFDF0D
:1038D00023E11E270926002CAFD0A088FDF72EFF7C
:1038E0005FEA000900D1FFDF287B00F00300012818
:1038F000207A1DD020F001002072297B890861F315
:1039000041002072297BC90861F382002072297B63
:10391000090901E0F7E0AEE061F3C300207299F815
:103920001E0040F0400189F81E10F6E0D40100208E
:1039300040F00100E0E713270D26002CA6D0A08858
:10394000FDF7FCFE81460121A0880CF0B7FB0500C5
:1039500000D1FFDF686F817801F003010129217A2E
:1039600050D021F00101217283789B0863F341015B
:1039700021728378DB0863F38201217283781B094B
:1039800063F3C3012172037863F306112172437854
:1039900063F3C711217284F809A0C178A17202797A
:1039A000E17A62F30001E1720279520862F34101A7
:1039B000E17203E029E067E04EE05FE002799208FF
:1039C00062F38201E1720279D20862F3C301E1720B
:1039D0004279217B62F3000121734279520862F33C
:1039E000410121734279920862F382012173407987
:1039F000C00860F3C301217399F8000023282AD975
:103A0000262139E041F00101ADE71827102694B3D3
:103A1000A088FDF793FE00900121A0880CF04EFBDA
:103A20005FEA000900D1FFDFE868A06099F80000B4
:103A300040F0040189F8001099F80100800708D5CA
:103A400084F80CB000980078232866D927210098C4
:103A500052E084F80CA060E015270F265CB1A08826
:103A6000FDF76CFE81460622E868009909F0E9FC42
:103A700084F80EB085E042E048463DE0162709266E
:103A8000ECB3287B207248E0287B19270E26B4B3BC
:103A9000C4F808A0A4F80CA0012807D0022808D078
:103AA00003280CD004280AD0FFDF15E084F808B002
:103AB00001E002202072607A20F003000BE0697BB5
:103AC000042801F00F0141F080012172F3D1607AE6
:103AD00020F00300401C6072A088FDF72FFE054611
:103AE0000078212819D0232800D0FFDF0121A088E9
:103AF0000CF0F6FA22212846FDF78FFC0DE0FFE7D7
:103B0000A8F800600EE00CB16888A080287A10B395
:103B1000012809D002283AD0FFDFA8F800600CB1D4
:103B200027806680002007E415270F26002CE7D0A9
:103B3000A088FDF703FE0121A0880CF0BFFA050064
:103B400000D1FFDFD5F81D000622009909F079FCAD
:103B500084F80EA0E1E717270926002CD0D0A08812
:103B6000FDF7ECFD81460121A0880CF0A7FA0500C5
:103B700000D1FFDF6878800701D5022000E0012036
:103B8000207299F800002328C7D9272174E7192744
:103B90000E26002CB4D0A088FDF7D0FD5FEA000906
:103BA00000D1FFDFC4F808A0A4F80CA084F808A096
:103BB000A07A40F00300A07299F81E10C90961F3C1
:103BC0008200A07299F81F2099F81E1012EAD11FE6
:103BD00005D099F8201001F01F01102925D020F000
:103BE0000800A07299F81F10607A61F3C300607238
:103BF000697A01F0030101298FD140F0040060725D
:103C0000E87A217B60F300012173AA7A607B62F37A
:103C100000006073EA7A520862F341012173A97AC5
:103C2000490861F34100607377E740F00800D8E786
:103C300010B5F84C30B10146102204F1200009F013
:103C400078FB012084F8300010BD10B5044600F068
:103C5000A8FCF04920461022BDE81040203109F0B0
:103C600068BB70B5EB4D06004FF0000412D0FDF7B5
:103C7000E2FA08B110240BE00621304609F0C8FB37
:103C8000411C04D02866012085F85C0000E0072470
:103C9000204670BD0020F7E7007810F00F0204D036
:103CA000012A05D0022A0CD110E0000909D10AE04E
:103CB0000009012807D0022805D0032803D00428D2
:103CC00001D0072070470870002070470620704719
:103CD00005282AD2DFE800F003070F171F00087835
:103CE00020F0FF001EE0087820F00F00401C20F0BC
:103CF000F000103016E0087820F00F00401C20F093
:103D0000F00020300EE0087820F00F00401C20F07A
:103D1000F000303006E0087820F00F00401C20F062
:103D2000F0004030087000207047072070472DE9F0
:103D3000F043804687B00D464FF000090846FDF776
:103D4000C7FAA8B94046FDF7F9FC060003D0307861
:103D500022280BD104E043F2020007B0BDE8F08353
:103D600035B1B07FC10601D4000703D50820F4E7C0
:103D70001020F2E7F07F000701D50D20EDE70027C6
:103D8000012140460CF09AF9040006D101210022DD
:103D900040460CF08AF9040005D0694600F011FC99
:103DA000009818B901E00420D7E7FFDF009802214E
:103DB000E0344170C0F82480446107810121017121
:103DC000297801F00102017E62F3010101762A786F
:103DD000520862F3820101762A78920862F3C301E5
:103DE00001762A78D20862F3041101762421304644
:103DF000FDF713FB01A900980DF05BFE022801D02E
:103E000000B1FFDF4846A8E72DE9FF4F0E46824983
:103E1000904697B09A4607C914AB4FF0000983E863
:103E200007001798FDF78AFC050006D02878262899
:103E300006D008201BB0BDE8F08F43F20200F9E77E
:103E400026B94046FFF7F2F80028F3D10121179870
:103E50000CF034F9040000D1FFDF852E27D007DCF9
:103E6000EEB1812E1DD0822E1DD0832E08D11CE0F4
:103E7000862E1ED0882E1ED0892E1ED08A2E1ED0B1
:103E80000F2020710F281CD004F020F9D8B1012098
:103E90008DF83400201D0E902079B0B126E100206D
:103EA000EFE70120EDE70220EBE70320E9E705203B
:103EB000E7E70620E5E70820E3E70920E1E70A2035
:103EC000DFE70720B6E71120B4E798F80000D4E94F
:103ED0001D764208A87F002162F3C710A87798F8E2
:103EE00000008208E87F62F30000E87798F800009D
:103EF000C209607862F34100607098F8000002091E
:103F0000207862F34710207098F80000C2086078AB
:103F100062F30000607098F80100607198F800008A
:103F200000F00102B07862F30100B070AA7FD209FC
:103F300062F38200B070EA7F62F3C300B07062780F
:103F400062F30410B0702278C0F3C00052093270DE
:103F50006278C2F34002727098F80220F2707171B8
:103F60003171B978C1F3C00108405FEA000B2ED06F
:103F70005046FDF760F978BBDAF80C00FDF75BF905
:103F800050BBDAF81C00FDF756F928BBDAF80C0034
:103F9000A060DAF81C00E06060787A7842EA5001AC
:103FA00061F341006070B978C0B200EA111161F3A9
:103FB000000060700020207705F117006061681C28
:103FC000A061B07800F00300012806D046E06078D8
:103FD0007A7802EA5001E3E719E0B87800F00300CC
:103FE00001283BD1321D711D404600F099FA31790C
:103FF000387901408DF8281070797A7910408DF861
:10400000300001432AD05046FDF715F930B1102099
:1040100010E70000D4010020E8B001000AF1100010
:1040200004F5AE7304F18C028DE80D0000210AAB9B
:104030005A462046FFF73DF80028E9D104F5B07252
:1040400004F1A403CDF800A0CDE9013201210CABAD
:104050005A462046FFF72DF80028D9D1607880070E
:1040600022D4B078B978C0F38000C1F3800108434E
:104070001AD0307814AA397832F810204B00DA4080
:1040800002F00309B9F1030F01D14FF00209BBF1AE
:10409000000F09D0012801D0042805D1012901D041
:1040A000042901D14FF00409A87F40F08000A877CF
:1040B000E97F6BF30001E9776078800706D503207C
:1040C000A071BBF1000F11D100202CE00220B9F14A
:1040D000020F1AD0B9F1010F19D0B9F1040F2AD08B
:1040E0000020A071A87F20F08000A8772521284615
:1040F000FDF793F90DA904F1E0000DF0BFFC10B13C
:10410000022800D0FFDF002094E6A071DCE7A07158
:104110000D22002104F1200009F035F9207840F04B
:104120000200207001208DF84C0013AA2946179830
:1041300000F020FADAE70120A071D7E72DE9F0437B
:1041400087B09046894604460025FDF7F7FA070038
:1041500004D03878272804D00820FEE543F2020076
:10416000FBE5012120460BF0A9FF040000D1FFDF91
:10417000A6795FEA090005D0012821D0B9F1020F24
:1041800026D110E0B8F1000F22D1012E05D0022E69
:1041900005D0032E05D0FFDF2EE00C252CE00125F5
:1041A0002AE0022528E04046FDF745F8B0B9032E85
:1041B0000ED11022414604F11D0009F0BAF81BE0AF
:1041C000012E02D0022E03D104E0B8F1000F13D06B
:1041D0000720C2E54046FDF72EF808B11020BCE5E7
:1041E0001022002104F11D0009F0CDF806214046FF
:1041F00009F00EF9C4F81D002078252140F00200D6
:1042000020703846FDF709F92078C10713D020F057
:104210000100207002208DF8000004F11D000290C2
:104220008DF804506946C3300DF028FC022803D0F5
:1042300010B1FFDF00E0257700208EE530B587B0B4
:104240000D460446FDF77AFA60B1012120460BF0D5
:1042500035FF04000CD02846FCF7EDFF28B11020F4
:1042600007B030BD43F20200FAE72078400701D4DE
:104270000820F5E7294604F13D002022054609F013
:1042800058F8207840F01000207001070FD520F07A
:104290000800207007208DF80000694604F1E00056
:1042A00001950DF0EBFB022801D000B1FFDF0020EB
:1042B000D6E770B50D460646FDF740FA18B100780E
:1042C000272817D102E043F2020070BD01213046D9
:1042D0000BF0F4FE040000D1FFDFA079022809D121
:1042E0006078C00706D02A4621463046FEF772FFA6
:1042F00010B10FE0082070BDB4F860000E280BD29A
:1043000004F1620102231022081F0BF070FD01214D
:1043100001704570002070BD112070BD70B506465B
:1043200014460D460846FCF786FF18B92046FCF7F0
:10433000A8FF08B1102070BDA6F57F40FF380ED051
:104340003046FDF7FBF938B1417822464B08811C15
:104350001846FDF7CEF907E043F2020070BD204693
:10436000FDF753FF0028F9D11021E01D0FF0EFF900
:10437000E21D294604F1170000F033F9002070BD5A
:104380002DE9F04104468AB015460E46002708463E
:10439000FCF79EFF18B92846FCF79AFF18B11020C9
:1043A0000AB0BDE8F0812046FDF7C8F95FEA0008D1
:1043B00004D098F80000272810D102E043F2020050
:1043C000EEE7012120460BF079FE040000D1FFDF6B
:1043D0002078400702D56078800701D40820DFE705
:1043E000D4E91D01497801B18DB1407800B176B1B1
:1043F000ADB1EA1D06A8E16800F0F3F8102206A9A5
:1044000005F1170008F068FF18B1042707E007203E
:10441000C6E71022E91D04F12D0008F08AFF2EB135
:104420001022F11D04F11D0008F083FF20782521E2
:1044300040F0020020704046FCF7EFFF2078C107F3
:1044400015D020F00100207002208DF8000004F14A
:104450001D000290103003908DF804706946B3304F
:104460000DF00CFB022803D010B1FFDF00E027772E
:10447000002095E770B50D4606460BB1072070BDCC
:10448000FDF75CF9040007D02078222802D3A07F32
:10449000800604D4082070BD43F2020070BDADB1A7
:1044A000294630460AF045FD03F02EFC297C4A08D7
:1044B000A17F62F3C711A177297CE27F61F300023B
:1044C000E277297C890884F8201004E030460AF05D
:1044D00053FD03F019FCA17F21F02001A17770BDED
:1044E00070B50D46FDF72AF9040005D02846FCF703
:1044F000C8FE20B1102070BD43F2020070BD2946F5
:104500002046FEF738FE002070BD04E010F8012BB5
:104510000AB100207047491E89B2F7D201207047C6
:1045200010B5C4780B7864F300030B70C47864088A
:1045300064F341030B70C478A40864F382030B7026
:10454000C478E40864F3C3030B700379117863F350
:104550000001117003795B0863F341011170037965
:104560009B0863F3820111700079C00860F3C301F6
:10457000117010BD70B51546064603F0A7FD040086
:1045800000D1FFDF207820F00F00801C20F0F00029
:104590002030207066802868A060BDE8704003F07D
:1045A00099BD10B5134C94F83000002808D104F1DF
:1045B0002001A1F110000DF0A3FA012084F83000D1
:1045C00010BD10B190F8B9202AB10A4890F8350012
:1045D00018B1002003E0B83001E00648343008602C
:1045E000704708B50023009313460A460BF065FF99
:1045F00008BD0000D4010020F0B5007B059F1E46D9
:1046000014460D46012800D0FFDF0C2030803A20F0
:104610003880002C08D0287A032806D0287B01286F
:1046200000D0FFDF17206081F0BDA889FBE72DE9EE
:10463000F04786B0144691F80C900E9A0D46B9F1E9
:10464000010F0BD01021007B2E8A8846052807D049
:10465000062833D0FFDF06B0BDE8F0870221F2E77D
:10466000E8890C2100EB400001EB4000188033206A
:104670001080002CEFD0E889608100271AE00096B6
:10468000688808F1020301AA696900F086FF06EB59
:104690000800801C07EB470186B204EB4102BDF81D
:1046A000040090810DF1060140460E320DF09EFA95
:1046B0007F1CBFB26089B842E1D8CCE734201080BB
:1046C000E889B9F1010F11D0122148430E3018804A
:1046D000002CC0D0E88960814846B9F1010F00D0B4
:1046E0000220207300270DF1040A1FE00621ECE7E9
:1046F0000096688808F1020301AA696900F04DFF7D
:1047000006EB0800801C86B2B9F1010F12D007EB4E
:10471000C70004EB4000BDF80410C18110220AF16B
:104720000201103008F005FE7F1CBFB26089B8425C
:10473000DED890E707EB470104EB4102BDF8040027
:10474000D0810AF10201404610320DF04FFAEBE73A
:104750002DE9F0470E4688B090F80CC096F80C8012
:10476000378AF5890C20109902F10C044FF0000AE9
:10477000BCF1030F08D0BCF1040F3FD0BCF1070F10
:104780007ED0FFDF08B067E705EB850C00EB4C003F
:10479000188031200880002AF4D0A8F1060000F02B
:1047A000FF09558126E01622002101A808F0EBFD43
:1047B00000977088434601AA716900F0EEFEBDF8CB
:1047C00004002080BDF80600E080BDF808002081CC
:1047D000A21C0DF10A0148460DF008FAB9F1000FCC
:1047E00000D018B184F804A0A4F802A007EB0800D8
:1047F00087B20A346D1EADB2D5D2C3E705EB850C86
:1048000000EB4C00188032200880002ABAD0A8F1B2
:10481000050000F0FF09558137E000977088434696
:1048200001AA716900F0B9FE9DF80600BDF80410F8
:10483000E1802179420860F3000162F341018208BE
:1048400062F38201C20862F3C301020962F3041138
:10485000420962F34511820962F386112171C00990
:104860006071BDF80700208122460DF1090148461C
:104870000DF0BCF918B184F802A0A4F800A000E083
:1048800007E007EB080087B20A346D1EADB2C4D250
:1048900078E7A8F1020084B205FB08F000F10E0CE5
:1048A000A3F800C035230B80002AA6D0558194813F
:1048B000009783B270880E32716900F06EFE61E776
:1048C0002DE9F84F1E460A9D0C4681462AB1607AB2
:1048D00000F58070D080E089108199F80C000C27D9
:1048E0004FF000084FF00E0A0D2872D2DFE800F0FA
:1048F0009D070E1B272F374554697272720021469F
:1049000048460095FFF778FEBDE8F88F207B91467A
:10491000082802D0032800D0FFDF3780302009E0CC
:10492000A9F80A80F0E7207B9146042800D0FFDF39
:10493000378031202880B9F1000FF1D1E4E7207BE6
:104940009146042800D0FFDF37803220F2E7207B39
:104950009146022800D0FFDF37803320EAE7207B32
:104960001746022800D0FFDF3420A6F800A02880D8
:10497000002FC9D0A7F80A80C6E7207B1746042875
:1049800000D0FFDF3520A6F800A02880002FBBD084
:104990004046A7F80A8012E0207B1746052802D07F
:1049A000062800D0FFDF1020308036202880002F1E
:1049B000AAD0E0897881A7F80E80B9F80E00B881F6
:1049C000A2E7207B9146072800D0FFDF3780372001
:1049D000B0E72AE04FF0120018804FF038001700BF
:1049E000288091D0E0897881A7F80E80A7F8108000
:1049F00099F80C000A2805D00B2809D00C280DD0F6
:104A0000FFDF81E7207B0A2800D0FFDF01200AE0DA
:104A1000207B0B2800D0FFDF042004E0207B0C2843
:104A200000D0FFDF052038736EE7FFDF6CE770B55D
:104A30000C460546FCF782FE20B10078222804D2FD
:104A4000082070BD43F2020070BD052128460BF01E
:104A500035FB206008B1002070BD032070BD30B46C
:104A60004880087820F00F00C01C20F0F000903043
:104A700001F8080B1DCA81E81D0030BC03F02ABBF9
:104A80002DE9FF4784B00027824602970798904699
:104A90008946123006F043FB401D20F003060798BC
:104AA00028B907A95046FFF7C2FF002854D1B9F131
:104AB000000F05D00798017B19BB052504681BE092
:104AC00098F80000092803D00D2812D0FFDF46E037
:104AD000079903254868B0B3497B428871439142E6
:104AE00039D98AB2B3B2011D0BF06DF904460780C3
:104AF00002E0079C042508340CB1208810B1032D76
:104B000029D02CE007980121123006F03AFBADF8CD
:104B10000C00024602AB2946504604F0D8F80700C4
:104B200001D1A01C029007983A461230C8F8040040
:104B3000A8F802A003A94046029B06F02FFBD8B1BB
:104B40000A2817D200E006E0DFE800F00709141495
:104B5000100B0D141412132014E6002012E611207D
:104B600010E608200EE643F203000BE6072009E6F4
:104B70000D2007E6032005E6BDF80C002346CDE92D
:104B800000702A465046079900F017FD57B9032DCB
:104B900008D10798B3B2417B406871438AB2011DC6
:104BA0000BF025F9B9F1000FD7D0079981F80C90D7
:104BB000D3E72DE9FE4F91461A881C468A46804667
:104BC000FAB102AB494604F082F8050019D040461C
:104BD000A61C27880BF0B7FB3246072629463B4622
:104BE00000960AF0D6FF20882346CDE900504A46B9
:104BF0005146404600F0E1FC002020800120BDE845
:104C0000FE8F0020FBE710B586B01C46AAB1042336
:104C10008DF800301388ADF808305288ADF80A20BE
:104C20008A788DF80E200988ADF80C1000236A46AA
:104C30002146FFF725FF06B010BD1020FBE770B539
:104C40000D4605210BF03AFA040000D1FFDF29469A
:104C500004F11200BDE8704006F07CBA2DE9F8437B
:104C60000D468046002603F031FA044628781028C5
:104C700078D2DFE800F0773B3453313112313131F3
:104C80000831313131312879001FC0B2022801D0FA
:104C9000102810D114BBFFDF35E004B9FFDF052178
:104CA00040460BF00BFA007B032806D004280BD0FB
:104CB000072828D0FFDF072655E02879801FC0B2DB
:104CC000022820D050B1F6E72879401FC0B2022850
:104CD00019D0102817D0EEE704B9FFDF13E004B9AC
:104CE000FFDF287901280ED1172137E00521404642
:104CF0000BF0E4F9070000D1FFDF07F11201404695
:104D000006F005FA2CB12A4621464046FFF7A7FED9
:104D100029E013214046FDF743FD24E004B9FFDFFD
:104D2000052140460BF0CAF9060000D1FFDF6946B5
:104D300006F1120006F0F5F9060000D0FFDFA988A1
:104D4000172901D2172200E00A46BDF8000082426E
:104D500002D9014602E005E01729C5D3404600F01C
:104D60003CFCD0E7FFDF3046BDE8F883401D20F073
:104D7000030219B102FB01F0001D00E00020104405
:104D8000704713B5009848B1002468460AF0C5FF83
:104D9000002C02D1F74A009911601CBD01240020AB
:104DA000F4E72DE9F0470C46154624220021204661
:104DB00008F0E9FA05B9FFDFA87860732888DFF802
:104DC000B4A3401D20F00301AF788946DAF8000053
:104DD0000AF0C1FF060000D1FFDF4FF00008266097
:104DE000A6F8008077B109FB07F1091D0AD0DAF8AF
:104DF00000000AF0B0FF060000D1FFDF6660C6F8D1
:104E0000008001E0C4F80480298804F11200BDE8A4
:104E1000F04706F06DB92DE9F047804601F1120028
:104E20000D46814606F07BF9401DD24F20F003026B
:104E30006E7B1446296838680AF0B8FF3EB104FB5F
:104E400006F2121D03D0696838680AF0AFFF05202A
:104E50000BF0E0F8044605200BF0E4F8201A0128D6
:104E600002D138680AF06CFF49464046BDE8F04779
:104E700006F054B970B5054605210BF01FF9040082
:104E800000D1FFDF04F112012846BDE8704006F0B2
:104E90003EB92DE9F04F91B04FF0000BADF834B0B2
:104EA000ADF804B047880C460546924605213846C1
:104EB0000BF004F9060000D1FFDF24B1A780A4F8AD
:104EC00006B0A4F808B0297809220B20B2EB111F14
:104ED0007ED12A7A04F1100138274FF00C084FF0E8
:104EE00001090391102A74D2DFE802F073F3F2F1A2
:104EF0008008D3898EA03DDCF4EFB7B7307B022861
:104F000000D0FFDFA88908EBC001ADF80410302104
:104F1000ADF83410002C25D06081B5F80E90002734
:104F20001DE004EBC708317C88F80E10F189A8F861
:104F30000C10CDF800906888042304AA296900F0B9
:104F40002CFBBDF81010A8F8101009F10400BDF8F2
:104F500012107F1C1FFA80F9A8F81210BFB26089E6
:104F6000B842DED80EE1307B022800D0FFDFE989AD
:104F700008EBC100ADF804003020ADF83400287B08
:104F80000A90001FC0B20F90002CEBD06181B5F8E1
:104F90001090002726E000BFCDF80090688869696E
:104FA00003AA0A9B00F0F9FA0A9804EBC7084844E0
:104FB0001FFA80F908F10C0204A90F980CF016FEF4
:104FC00018B188F80EB0A8F80CB0BDF80C1001E0CC
:104FD000D4E0D1E0A8F81010BDF80E107F1CA8F89E
:104FE0001210BFB26089B842D6D8CBE00DA80090AD
:104FF00001AB224629463046FFF719FBC2E0307B61
:10500000082805D0FFDF03E0307B082800D0FFDF51
:10501000E8891030ADF804003620ADF83400002CDB
:105020003FD0A9896181F189A18127E0307B0928DE
:1050300000D0FFDFA88900F10C01ADF80410372182
:10504000ADF83410002C2CD06081E8890090AB8939
:10505000688804F10C02296956E0E889392110308A
:1050600080B2ADF80400ADF83410002C74D0A989DA
:105070006181287A0E280AD002212173E989E18111
:10508000288A0090EB8968886969039A3CE00121CD
:10509000F3E70DA8009001AB224629463046FFF702
:1050A00057FB6FE0307B0A2800D0FFDF1220ADF8FD
:1050B0000400ADF834704CB3A9896181A4F810B034
:1050C000A4F80EB084F80C905CE020E002E031E03F
:1050D00039E042E0307B0B2800D0FFDF288AADF8B2
:1050E00034701230ADF8040084B104212173A98911
:1050F0006181E989E181298A2182688A00902B8A6D
:10510000688804F11202696900F047FA3AE0307BDE
:105110000C2800D0FFDF1220ADF80400ADF8347089
:105120003CB305212173A4F80AB0A4F80EB0A4F88A
:1051300010B027E00DA8009001AB2246294630466A
:10514000FFF75AFA1EE00DA8009001AB224629464F
:105150003046FFF7B5FB15E034E03B21ADF8040025
:10516000ADF8341074B3A4F80690A4F808B084F82D
:105170000AB007E010000020FFDF03E0297A0129D0
:1051800017D0FFDFBDF80400AAF800006CB1BDF82D
:1051900034002080BDF804006080BDF83400392858
:1051A00003D03C2801D086F80CB011B00020BDE837
:1051B000F08F3C21ADF80400ADF8341014B1697AD9
:1051C000A172DFE7AAF80000EFE72DE9F84356885F
:1051D0000F4680461546052130460AF06FFF040051
:1051E00000D1FFDF123400943B46414630466A68E6
:1051F00006F008F9B8E570B50D4605210AF05EFF26
:10520000040000D1FFDF294604F11200BDE8704020
:1052100005F092BF70B50D4605210AF04FFF04005E
:1052200000D1FFDF294604F11200BDE8704005F00F
:10523000B0BF70B5054605210AF040FF040000D15B
:10524000FFDF04F1080321462846BDE87040042230
:10525000AFE470B5054605210AF030FF040000D127
:10526000FFDF214628462368BDE870400522A0E400
:1052700070B5064605210AF021FF040000D1FFDFCA
:1052800004F1120005F04BFF401D20F0030511E072
:10529000011D00880322431821463046FFF789FC90
:1052A00000280BD0607BABB2684382B26068011DFE
:1052B0000AF0D3FD606841880029E9D170BD70B55E
:1052C0000E46054602F002FF040000D1FFDF012078
:1052D000207266726580207820F00F00C01C20F0DC
:1052E000F00030302070BDE8704002F0F3BE2DE9D0
:1052F000F0438BB00D461446814606A9FFF797FB95
:10530000002814D14FF6FF7601274FF420588CB1B6
:1053100003208DF800001020ADF8100007A80590BC
:1053200007AA204604A90CF080FC78B107200BB036
:10533000BDE8F0830820ADF808508DF80E708DF8A8
:105340000000ADF80A60ADF80C800CE00698A1787A
:1053500001742188C1818DF80E70ADF80850ADF848
:105360000C80ADF80A606A4602214846069BFFF7AA
:1053700087FBDCE708B501228DF8022042F6020225
:10538000ADF800200A4603236946FFF73CFC08BD40
:1053900008B501228DF8022042F60302ADF8002084
:1053A0000A4604236946FFF72EFC08BD00B587B006
:1053B00079B102228DF800200A88ADF808204988CA
:1053C000ADF80A1000236A460521FFF759FB07B024
:1053D00000BD1020FBE709B1072314E40720704744
:1053E00070B588B00D461446064606A9FFF71FFBA8
:1053F00000280ED17CB10620ADF808508DF80000D1
:10540000ADF80A40069B6A460821DC813046FFF76A
:1054100037FB08B070BD05208DF80000ADF80850CE
:10542000F0E700B587B059B107238DF80030ADF82B
:105430000820039100236A460921FFF721FBC6E7F4
:105440001020C4E770B588B00C460646002506A9B2
:10545000FFF7EDFA0028DCD106980121123005F0A3
:1054600090FE9CB12178062921D2DFE801F02005C9
:1054700005160318801E80B2C01EE28880B20AB1F1
:10548000A3681BB1824203D90C20C2E71020C0E7F9
:10549000042904D0A08850B901E00620B9E7012909
:1054A00013D0022905D004291CD005292AD00720B1
:1054B000AFE709208DF800006088ADF80800E088AB
:1054C000ADF80A00A068039023E00A208DF80000E0
:1054D0006088ADF80800E088ADF80A00A0680A25E9
:1054E000039016E00B208DF800006088ADF80800EE
:1054F000A088ADF80A00E088ADF80C00A0680B2584
:10550000049006E00C208DF8000060788DF808000B
:105510000C256A4629463046069BFFF7B1FA78E724
:1055200000B587B00D228DF80020ADF808100023DB
:105530006A461946FFF7A4FA49E700B587B071B18A
:1055400002228DF800200A88ADF808204988ADF8BD
:105550000A1000236A460621FFF792FA37E7102067
:1055600035E770B586B0064601200D46ADF8081047
:105570008DF80000014600236A463046FFF780FAA6
:10558000040008D12946304601F006FB00213046D0
:1055900001F020FB204606B070BDF8B51C4615464C
:1055A0000E46069F0AF0BDFE2346FF1DBCB23146E3
:1055B0002A4600940AF0B9FAF8BD30B41146DDE984
:1055C00002423CB1032903D0002330BC04F013BCD9
:1055D0000123FAE71A8030BC704770B50C460546C7
:1055E000FFF72DFB2146284601F0E5FA2846BDE8E5
:1055F0007040012101F0EEBA18B18178012938D14B
:1056000001E010207047018842F60112881A914289
:1056100031D018DC42F60102A1EB020091422AD0FF
:105620000CDC41B3B1F5C05F25D06FF4C050081851
:1056300021D0A0F57060FF381BD11CE001281AD0E2
:1056400002280AD117E0B0F5807F14D008DC0128C9
:1056500011D002280FD003280DD0FF2809D10AE06D
:10566000B0F5817F07D0A0F58070033803D0012802
:1056700001D0002070470F2070470A281FD008DC97
:105680000A2818D2DFE800F0191B1F1F171F231D5F
:105690001F21102815D008DC0B2812D00C2810D0A0
:1056A0000D2816D00F2806D10DE011280BD0842824
:1056B0000BD087280FD003207047002070470520AB
:1056C0007047072070470F2070470420704706205E
:1056D00070470C20704743F20200704738B50C4603
:1056E000050041D06946FEF7D7FA002819D19DF888
:1056F0000010607861F3020060706946681CFEF774
:10570000CBFA00280DD19DF80010607861F3C50038
:105710006070A978C1F34101012903D0022905D0A5
:10572000072038BD217821F0200102E0217841F0E6
:1057300020012170410704D0A978C90861F38610BF
:105740006070607810F0380F07D0A978090961F30C
:10575000C710607010F0380F02D16078400603D592
:10576000207840F040002070002038BD70B504461D
:105770000020088015466068FFF7B0FF002816D1AA
:105780002089A189884211D860688078C0070AD032
:10579000B1F5007F0AD840F20120B1FBF0F200FB26
:1057A0001210288007E0B1F5FF7F01D90C2070BDF1
:1057B00001F201212980002070BD10B50478137812
:1057C00064F3000313700478640864F341031370F6
:1057D0000478A40864F3820313700478E40864F383
:1057E000C30313700478240964F30413137004785A
:1057F000640964F3451313700078800960F386131D
:10580000137031B10878C10701D1800701D501209B
:1058100000E0002060F3C713137010BD42785307F7
:1058200002D002F0070306E012F0380F02D0C2F3F4
:10583000C20300E001234A7863F302024A70407811
:1058400010F0380F02D0C0F3C20005E0430702D0C9
:1058500000F0070000E0012060F3C5024A707047C5
:105860002DE9F04F95B00D00824613D01222002191
:10587000284607F088FD4FF6FF7B05AA0121584610
:1058800007F049FB0024264637464FF420586FF4B2
:10589000205972E0102015B0BDE8F08F9DF81E0071
:1058A00001280AD1BDF81C1041450BD011EB0900AD
:1058B0000AD001280CD002280CD0042C0ED0052CC4
:1058C0000FD10DE0012400E00224BDF81A6008E0C9
:1058D000032406E00424BDF81A7002E0052400E069
:1058E0000624BDF81A10514547D12C74BEB34FF0B1
:1058F000000810AA4FF0070ACDE90282CDE900A8FE
:105900000DF13C091023CDF810904246314658461F
:1059100007F0D1FB08BBBDF83C002A46C0B210A975
:105920000CF064F9C8B9AE81CFB1CDE900A80DF192
:10593000080C0AAE40468CE8410213230022394687
:10594000584607F0B8FB40B9BDF83C00F11CC01E3A
:10595000C0B22A1D0CF04AF910B103209BE70AE0FF
:10596000BDF82900E881062C05D19DF81E00A8721B
:10597000BDF81C00288100208DE705A807F0D7FAA4
:1059800000288BD0FFF779FE85E72DE9F0471C460C
:10599000DDE90978DDF8209015460E00824600D139
:1059A000FFDF0CB1208818B1D5B11120BDE8F08718
:1059B000022D01D0012100E0002106F1140006F0C3
:1059C00073F9A8F8000002463B462946504603F00A
:1059D0007EF9C9F8000008B9A41C3C600020E5E786
:1059E0001320E3E7F0B41446DDE904528DB100233F
:1059F00014B1022C09D101E0012306E00D7CEE0771
:105A000003D025F0010501230D742146F0BC04F0FC
:105A1000F2B91A80F0BC70472DE9FE4F91461A8802
:105A20001C468A468046FAB102AB494603F04FF95C
:105A3000050019D04046A61C27880AF084FC32468F
:105A4000072629463B4600960AF0A3F820882346FD
:105A5000CDE900504A4651464046FFF7C3FF0020BB
:105A600020800120BDE8FE8F0020FBE72DE9F047F4
:105A700086B082460EA8904690E8B000894604AAF7
:105A800005A903A88DE807001E462A462146504670
:105A9000FFF77BFF039901B101213970002818D16C
:105AA000FA4904F1140204AB0860039805998DE8E3
:105AB000070042464946504606F0A9FCA8B109280D
:105AC00011D2DFE800F005080510100A0C0C0E00DA
:105AD000002006B06AE71120FBE70720F9E708205D
:105AE000F7E70D20F5E70320F3E7BDF81010039862
:105AF000CDE9000133462A4621465046FFF772FFA2
:105B0000E6E72DE9F04389B01646DDE910870D463A
:105B100081461C461422002103A807F034FC012012
:105B200002218DF810108DF80C008DF81170ADF871
:105B3000146064B1A278D20709D08DF81600E0880D
:105B4000ADF81A00A088ADF81800A068079008A862
:105B50000095CDE90110424603A948466B68FFF75E
:105B600085FF09B0BDE8F083F0B58BB00024064690
:105B7000069407940727089405A8099401940097B0
:105B80000294CDE903400D4610232246304607F02B
:105B900092FA78B90AA806A9019400970294CDE96F
:105BA0000310BDF8143000222946304607F021F8D2
:105BB000002801D0FFF761FD0BB0F0BD06F0B2BECA
:105BC0002DE9FC410C468046002602F07FFA05468E
:105BD00020780D287ED2DFE800F0BC0713B325BD86
:105BE00049496383AF959B00A848006820B141787C
:105BF00041F010014170ADE0404602F099FAA9E091
:105C0000042140460AF05AFA070000D1FFDF07F1ED
:105C10001401404605F0DDFFA5BB13214046FCF70B
:105C2000BFFD97E0042140460AF048FA070000D182
:105C3000FFDFE088ADF800000020B8819DF800008B
:105C4000010704D5C00602D5A088B88105E09DF8FB
:105C5000010040067ED5A088F88105B9FFDF224605
:105C60002946404601F0C0FC022673E0E188ADF809
:105C700000109DF8011009060FD5072803D006284B
:105C80000AD00AE024E0042140460AF017FA060090
:105C900000D1FFDFA088F0810226CDB9FFDF17E039
:105CA000042140460AF00AFA070000D1FFDF07F19D
:105CB000140006F06EFE90F0010F02D1E0790006AC
:105CC00048D5387C022640F00200387405B9FFDF61
:105CD000224600E03DE02946404601F085FC39E0DF
:105CE000042140460AF0EAF9017C002D01F0020689
:105CF000C1F340016171017C21F002010174E7D11F
:105D0000FFDFE5E702260121404602F043FA21E0E9
:105D1000042140460AF0D2F90546606800902089C7
:105D2000ADF8040001226946404602F054FA287C8E
:105D300020F0020028740DE0002DC9D1FFDFC7E775
:105D4000022600214046FFF765FA002DC0D1FFDF93
:105D5000BEE7FFDF3046BDE8FC813EB50C0009D050
:105D600001466B4601AA002007F02AFA20B1FFF78E
:105D700084FC3EBD10203EBD00202080A0709DF818
:105D8000050002A900F00700FDF7A2FF50B99DF839
:105D9000080020709DF8050002A9C0F3C200FDF7BD
:105DA00097FF08B103203EBD9DF8080060709DF884
:105DB0000500C109A07861F30410A0709DF80510DA
:105DC000890961F3C300A0709DF80410890601D50C
:105DD000022100E0012161F342009DF8001061F30F
:105DE0000000A07000203EBD70B5144606460D466A
:105DF00051EA040005D075B10846FBF760FA78B99E
:105E000001E0072070BD2946304607F040FA10B186
:105E1000BDE8704031E454B12046FBF750FA08B1B8
:105E2000102070BD21463046BDE8704095E7002047
:105E300070BD2DE9FC5F0C469046054600270178B1
:105E40000822007A3E46B2EB111F7DD104F10A010F
:105E500000910A31821E4FF0020A04F1080B0191F1
:105E6000092A72D2DFE802F0EDE005F528287BAAC6
:105E7000CE00688804210AF021F9060000D1FFDF76
:105E8000B08928B152270726C3E00000380200205D
:105E900051271026002C7DD06888A0800120A07199
:105EA000A88900220099FFF79FFF002873D1A889D5
:105EB0002081288AE081D1E0B5F81290072824D10A
:105EC000E87B000621D5512709F1140086B2002C89
:105ED000E1D0A88900220099FFF786FF00285AD157
:105EE0006888A08084F806A0A88920810120A0737A
:105EF000288A2082A4F81290A88A009068884B46CD
:105F0000A969019A01F04CFBA8E0502709F11200A1
:105F100086B2002C3ED0A88900225946FFF764FFC4
:105F2000002838D16888A080A889E080287A0728CE
:105F300013D002202073288AE081E87BC0096073B7
:105F4000A4F81090A88A01E085E082E000906888BB
:105F50004B4604F11202A969D4E70120EAE7B5F83B
:105F60001290512709F1140086B2002C66D068887F
:105F700004210AF0A3F883466888A080A88900223B
:105F80000099FFF731FF00286ED184F806A0A88998
:105F9000208101E052E067E00420A073288A20827B
:105FA000A4F81290A88A009068884B46A969019AC3
:105FB00001F0F6FAA989ABF80E104FE06888FBF7FC
:105FC000BDFB0746688804210AF078F8064607B941
:105FD000FFDF06B9FFDF687BC00702D05127142618
:105FE00001E0502712264CB36888A080502F06D0BD
:105FF00084F806A0287B594601F0E2FA2EE0287BBF
:10600000A11DF9E7FE49A8894989814205D1542794
:1060100006269CB16888A08020E053270BE06888A2
:10602000A080A889E08019E0688804210AF046F879
:1060300000B9FFDF55270826002CF0D1A8F8006032
:1060400011E056270726002CF8D06888A080002091
:1060500013E0FFDF02E0012808D0FFDFA8F80060AE
:106060000CB1278066800020BDE8FC9F57270726DB
:10607000002CE3D06888A080687AA071EEE7401D0C
:1060800020F0030009B14143091D01EB40007047B6
:1060900013B5DB4A00201071009848B1002468460F
:1060A00009F03BFE002C02D1D64A009911601CBDBC
:1060B00001240020F4E770B50D461446064686B06C
:1060C0005C220021284607F05EF904B9FFDFA078C2
:1060D0006874A2782188284601F09DFA0020A881E2
:1060E000E881228805F11401304605F056FD6A4624
:1060F0000121304606F00FFF1AE000BF9DF80300B3
:10610000000715D5BDF806103046FFF72DFD9DF8A8
:106110000300BDF8061040F010008DF80300BDF834
:106120000300ADF81400FF233046059A07F077F816
:10613000684606F0FCFE0028E0D006B070BD10B541
:106140000C4601F1140005F060FD0146627C20461A
:10615000BDE8104001F094BA30B50446A84891B0AB
:106160004FF6FF75C18905AA284606F0D4FE30E037
:106170009DF81E00A0422AD001282AD1BDF81C009B
:10618000B0F5205F03D042F60101884221D1002002
:1061900002AB0AAA0CA9019083E80700072000902F
:1061A000BDF81A1010230022284606F084FF38B9E3
:1061B000BDF828000BAAC0B20CA90BF017FD10B156
:1061C000032011B030BD9DF82E00A04201D1002067
:1061D000F7E705A806F0ABFE0028C9D00520F0E7D8
:1061E00070B50546042109F069FF040000D1FFDF06
:1061F00004F114010C46284605F0EBFC2146284624
:10620000BDE8704005F0ECBC70B58AB00C4606469F
:10621000FBF794FA050014D02878222827D30CB174
:10622000A08890B101208DF80C0003208DF810009B
:1062300000208DF8110054B1A088ADF81800206836
:1062400007E043F202000AB070BD0920FBE7ADF899
:10625000180005900421304609F030FF040000D1F9
:10626000FFDF04F1140005F0E6FC000701D408206C
:10627000E9E701F02BFF60B108A802210094CDE905
:10628000011095F8232003A930466368FFF7EEFB61
:10629000D9E71120D7E72DE9F04FB2F802A08346E5
:1062A00089B0154689465046FBF748FA074604214F
:1062B000504609F003FF0026044605964FF00208F9
:1062C0000696ADF81C6007B9FFDF04B9FFDF414651
:1062D000504603F0DAFE50B907AA06A905A88DE8D2
:1062E00007004246214650466368FFF74EFB44488C
:1062F00007AB0660DDE9051204F11400CDF800904B
:10630000CDE90320CDE9013197F8232059465046C5
:106310006B6805F0D9FC06000AD0022E04D0032ECB
:1063200014D0042E00D0FFDF09B03046BDE8F08F56
:10633000BDF81C000028F7D00599CDE900104246B1
:10634000214650466368FFF74DFBEDE7687840F063
:1063500008006870E8E72DE9F04F99B004464FF067
:1063600000082748ADF81C80ADF82080ADF82480E7
:10637000A0F80880ADF81480ADF81880ADF82C8036
:10638000ADF82880007916460D464746012808D00A
:10639000022806D0032804D0042802D0082019B00F
:1063A000C4E72046FAF747FF70BB2846FAF743FFD9
:1063B00050BB6068FAF78CFF30BB606848B16089F9
:1063C0002189884202D8B1F5007F01D90C20E6E787
:1063D00080460EAA06A92846FFF7C8F90028DED194
:1063E00068688078C0F34100022808D19DF8190040
:1063F00010F0380F03D02869FAF761FF20B904E0E4
:10640000380200201400002022E005A92069FFF7CF
:1064100065F90028C3D1206948B1607880079DF8EC
:10642000150000F0380001D5F0B300E0E0BB9DF8A6
:10643000140080060ED59DF8150010F0380F03D01B
:106440006068FAF73CFF18B96068FAF741FF08B1D5
:106450001020A4E70AA96069FFF740F900289ED13F
:10646000606940B19DF8290000F0070101293CD185
:1064700010F0380F39D00BA9A069FFF72FF90028C9
:106480008DD19DF8280080062FD49DF82C00800621
:106490002BD4A06950B19DF82D0000F0070101290F
:1064A00023D110F0380F00E01FE01ED0E06818B1D3
:1064B0000078D0B11C2818D20FAA611C2046FFF723
:1064C0007CF90121384661F30F2082468DF8521085
:1064D000B94642F603000F46ADF850000DF13F02F9
:1064E00018A928680BF0A1FB08B1072057E79DF811
:1064F000600015A9CDF80090C01CCDE9019100F015
:10650000FF0B00230BF20122514614A806F02EFCCB
:10651000F0BBBDF854000C90FE482A89296900920E
:10652000CDE901106B89BDF838202868069906F07E
:106530001DFC01007ED120784FF0020AC10601D473
:1065400080062BD5CDF80C90606950B90AA906A831
:10655000FFF764F99DF8290020F00700401C8DF832
:1065600029009DF8280008A940F0C8008DF82800EF
:106570008DF8527042F60210ADF8500003AACDF823
:1065800000A0CDE90121002340F2032214A800E07D
:106590001EE00A9906F0EAFB01004BD1DD484D46AA
:1065A00008385B460089ADF83D000FA8CDE90290A0
:1065B000CDF80490CDF810904FF007090022CDF8E7
:1065C0000090BDF854104FF6FF7006F012FB10B1AA
:1065D000FFF753F8E3E69DF83C00000624D5294672
:1065E000012060F30F218DF852704FF42450039571
:1065F000ADF8500062789DF80C00002362F30000B3
:106600008DF80C006278CDF800A0520862F34100CA
:106610008DF80C0003AACDE9012540F2032214A84D
:1066200006F0A4FB010005D1606888B32069A8B911
:1066300005A900E084E006A8FFF7F0F8607880077D
:1066400006D49DF8150020F038008DF8150005E0FF
:106650009DF8140040F040008DF814008DF8527041
:1066600042F60110ADF85000208940F20121B0FB44
:10667000F1F201FB1202606809ABCDF80080CDE9B0
:106680000103002314A8059906F070FB010057D1FF
:106690002078C00728D00395A06950B90BA906A897
:1066A000FFF7BCF89DF82D0020F00700401C8DF886
:1066B0002D009DF82C008DF8527040F040008DF8B0
:1066C0002C0042F60310ADF8500007A903AACDF83C
:1066D00000A0CDE90121002340F2032214A80B9968
:1066E00006F044FB01002BD1E06868B32946012085
:1066F00060F30F218DF8527042F60410ADF850008F
:10670000E068002302788DF8582040788DF8590011
:10671000E06816AA4088ADF85A00E06800798DF864
:106720005C00E068C088ADF85D00CDF80090CDE970
:1067300001254FF4027214A806F018FB010003D0E3
:106740000C9800F0C9FF2AE672480321083801714D
:1067500056B100893080BDF824007080BDF820005B
:10676000B080BDF81C00F080002018E670B501254F
:106770008AB016460B46012802D0022816D104E042
:106780008DF80E504FF4205003E08DF80E5042F675
:106790000100ADF80C005BB10024601C60F30F2415
:1067A00004AA08A918460BF040FA18B107204AE5D8
:1067B000102048E504A99DF820205648CDE9002185
:1067C000801E02900023214603A802F2012206F057
:1067D000CDFA10B1FEF751FF35E54E4808380EB13D
:1067E000C1883180057100202DE5F0B593B00746D2
:1067F00001268DF83E6041F60100ADF83C0012AA7A
:106800000FA93046FFF7B2FF002849D1414C0025BF
:10681000083CEFB31C22002102A806F0B4FD9DF84D
:1068200008008DF83E6040F020008DF8080042F628
:106830000520ADF83C000E959DF83A00119520F02A
:106840000600801C8DF83A009DF838006A4620F05A
:10685000FF008DF838009DF8390009A920F0FF00ED
:106860008DF839000420ADF82C00ADF830000EA8EA
:106870000A9011A80D900FA80990ADF82E5002A80B
:10688000FFF769FD00280BD1BDF80000608100E032
:1068900008E0BDF80400A081401CE08125710020C3
:1068A00013B0F0BD6581A581BDF84800F4E72DE97E
:1068B000F74F1849A0B00024083917940A79A14667
:1068C000012A04D0022A02D0082023B02EE5CA886B
:1068D000824201D00620F8E721988A46824201D1FF
:1068E0000720F2E70120214660F30F21ADF84800B0
:1068F0004FF6FF780691ADF84A808DF86E0042F6AB
:10690000020B8DF872401CA9ADF86CB0ADF8704068
:10691000139101E040020020ADF8508012A806F06B
:1069200035FB00252E462F460DAB072212A9404607
:1069300006F02FFB78B10A285DD195B38EB3ADF880
:106940006450ADF866609DF85E008DF8144019AC97
:10695000012864D06BE09DF83A001FB3012859D19B
:10696000BDF8381059451FD118A809A901940294FF
:10697000CDE9031007200090BDF836101023002247
:10698000404606F098FBB0BBBDF86000042801D07B
:1069900006284AD1BDF82410219881423AD10F200F
:1069A00093E73AE0012835D1BDF83800B0F5205F13
:1069B00003D042F6010188422CD1BAF80600BDF896
:1069C0003610884201D1012700E0002705B19EB1B1
:1069D000219881421ED118A809AA01940294CDE9F8
:1069E0000320072000900D4610230022404606F0A9
:1069F00062FB00B902E02DE04E460BE0BDF86000FE
:106A0000022801D0102810D1C0B217AA09A90BF092
:106A1000EDF850B9BDF8369086E7052055E705A991
:106A200017A8221D0BF001F908B103204DE79DF8CE
:106A300014000023001DC2B28DF814202298009289
:106A4000CDE901401BA8069906F090F910B9022281
:106A50008AF80420FEF711FE37E710B50B46401EFA
:106A600088B084B205AA00211846FEF7A6FE0020D1
:106A70000DF1080C06AA05A901908CE80700072073
:106A800000900123002221464FF6FF7006F0B1F876
:106A90000446BDF81800012800D0FFDF2046FEF7AD
:106AA000ECFD08B010BDF0B5F74F044687B038795B
:106AB0000E46032804D0042802D0082007B0F0BDF9
:106AC00004AA03A92046FEF751FE0500F6D160682E
:106AD0008078C0F3410002280AD19DF80D0010F023
:106AE000380F05D02069FAF7EAFB08B11020E5E776
:106AF000208905AA21698DE807006389BDF8102067
:106B00002068039906F032F910B1FEF7B6FDD5E71B
:106B100016B1BDF814003080042038712846CDE746
:106B2000F8B50C0006460CD001464FF6FF75002361
:106B30006A46284606F044FB28B100BFFEF79DFDDB
:106B4000F8BD1020F8BD69462046FEF7C7FD0028B5
:106B5000F8D1A078314600F001032846009A06F0EB
:106B60005EFBEBE730B587B0144600220DF1080C50
:106B700005AD01928CE82C00072200920A460146DE
:106B800023884FF6FF7006F034F8BDF8141021800A
:106B9000FEF773FD07B030BD70B50D46042109F056
:106BA0008DFA040000D1FFDF294604F11400BDE88E
:106BB000704005F039B870B50D46042109F07EFA31
:106BC000040000D1FFDF294604F11400BDE8704045
:106BD00005F04DB870B50D46042109F06FFA0400B8
:106BE00000D1FFDF294604F11400BDE8704005F034
:106BF00065B870B50546042109F060FA040000D1BB
:106C0000FFDF214628462368BDE870400122FEF7D9
:106C100003BF70B50646042109F050FA040000D104
:106C2000FFDF04F1140004F0F0FF401D20F0030525
:106C300011E0011D00880022431821463046FEF76E
:106C4000EBFE00280BD0607CABB2684382B2A06838
:106C5000011D09F002F9A06841880029E9D170BD41
:106C600070B50546042109F029FA040000D1FFDFC0
:106C7000214628466368BDE870400222FEF7CCBE7C
:106C800070B50E46054601F021FA040000D1FFDF81
:106C90000120207266726580207820F00F00001DB0
:106CA00020F0F00040302070BDE8704001F012BAD2
:106CB00010B50446012900D0FFDF2046BDE8104092
:106CC0000121FEF7A7BA2DE9F04F97B04FF0000A67
:106CD0000C008346ADF814A0D04619D0E06830B15E
:106CE000A068A8B10188ADF81410A0F800A058461B
:106CF000FAF724FD070043F2020961D03878222810
:106D00005CD30421584609F0D9F9050005D103E008
:106D1000102017B0BDE8F08FFFDF05F1140004F07C
:106D200074FF401D20F00306A078012803D002283C
:106D300001D00720EDE7218807AA584606F0EBF8B6
:106D400030BB07A806F0F3F810BB07A806F0EFF871
:106D500048B99DF82600012805D1BDF82400A0F50A
:106D60002451023902D04FF45050D2E7E068B0B15C
:106D7000CDE902A00720009005AACDF804A0049256
:106D8000A2882188BDF81430584605F032FF10B1B2
:106D9000FEF773FCBDE7A168BDF8140008809DF8FC
:106DA0001F00C00602D543F20140B2E70B9838B18C
:106DB000A1780078012905D080071AD40820A8E717
:106DC0004846A6E7C007F9D002208DF83C00A86825
:106DD0004FF00009A0B1697C4288714391420FD9FC
:106DE0008AB2B3B2011D08F0EEFF8046A0F800A001
:106DF00006E003208DF83C00D5F800804FF0010933
:106E00009DF8200010F0380F00D1FFDF9DF8200022
:106E10001E49C0F3C200084497F8231010F8010C73
:106E2000884201D90F2074E72088ADF8400014A9EA
:106E30000095CDE90191434607220FA95846FEF778
:106E400015FE002891D19DF8500050B9A078012876
:106E500007D1687CB3B2704382B2A868011D08F004
:106E6000C6FF002055E770B5064615460C46084695
:106E7000FEF7C2FB002805D12A4621463046BDE870
:106E8000704073E470BD12E538020020F2B00100DA
:106E900070B51E4614460D0009D044B1616831B189
:106EA00038B1FC49C988814203D0072070BD102049
:106EB00070BD2068FEF7A0FB0028F9D132462146BC
:106EC0002846BDE87040FFF746BA70B515460C007D
:106ED00006D038B1EF490989814203D0072070BD3F
:106EE000102070BD2068FEF787FB0028F9D12946E5
:106EF0002046BDE87040D6E570B5064686B00D4622
:106F000014461046FAF7BDF9D0BB6068FAF7E0F90D
:106F1000B0BBA6F57F40FF3803D03046FAF70EFC31
:106F200080B128466946FEF79BFC00280CD19DF8ED
:106F300010100F2008293DD2DFE801F008060606F0
:106F4000060A0A0843F2020006B070BD0320FBE700
:106F50009DF80210012908D1BDF80010B1F5C05FFD
:106F6000F2D06FF4C052D142EED09DF80610012944
:106F70000DD1BDF80410A1F52851062907D200E073
:106F800029E0DFE801F0030304030303DCE79DF8D5
:106F90000A1001290FD1BDF80810B1F5245FD3D034
:106FA000A1F60211B1F50051CED00129CCD00229B1
:106FB00001D1C9E7FFDF606878B9002305AA294637
:106FC000304606F0FDF810B1FEF757FBBCE79DF820
:106FD0001400800601D41020B6E7618822462846B6
:106FE0006368FFF7BFFDAFE72DE9F043814687B047
:106FF000884614461046FAF744F918B1102007B035
:10700000BDE8F083002306AA4146484606F0D8F8BA
:1070100018B100BFFEF731FBF1E79DF81800C0067C
:1070200002D543F20140EAE70025072705A80195AC
:1070300000970295CDE9035062884FF6FF734146F1
:10704000484606F038F8060013D16068FAF719F9D7
:1070500060B960680195CDE90250009704952388D6
:1070600062884146484606F026F80646BDF81400F8
:1070700020803046CEE739B1864B0A889B899A42F8
:1070800002D843F2030070471DE610B586B0814C6C
:107090000423ADF81430638943B1A4898C4201D232
:1070A000914205D943F2030006B010BD0620FBE76C
:1070B000ADF81010002100910191ADF800300221CF
:1070C0008DF8021005A9029104A90391ADF81220D0
:1070D0006946FFF7F8FDE7E72DE9FC4781460D46D5
:1070E0000846FAF7A8F888BB4846FAF727FB5FEA94
:1070F00000080AD098F80000222829D30421484625
:1071000008F0DCFF070005D103E043F20200BDE810
:10711000FC87FFDF07F1140004F08DFD0646287898
:10712000012803D0022804D00720F0E7B0070FD5CC
:1071300002E016F01C0F0BD0A8792C1DC00709D057
:10714000E08838B1A068FAF776F818B11020DEE7C9
:107150000820DCE721882A780720B1F5847F35D024
:107160001EDC40F20315A1F20313A94226D00EDC67
:10717000B1F5807FCBD003DCF9B1012926D1C6E778
:10718000A1F58073013BC2D0012B1FD113E0012B6D
:10719000BDD0022B1AD0032BB9D0042B16D112E08C
:1071A000A1F20912082A11D2DFE802F00B04041040
:1071B00010101004ABE7022AA9D007E0012AA6D0DC
:1071C00004E0320700E0F206002AA0DACDB200F0B7
:1071D0007DFF50B198F82300CDE90005FA892346D8
:1071E00039464846FEF78DFC91E711208FE72DE9DF
:1071F000F04F8BB01F4615460C4683460026FAF723
:107200009DFA28B10078222805D208200BB081E52C
:1072100043F20200FAE7B80801D00720F6E7032F8F
:1072200000D100274FF6FF79CCB1022D73D3204651
:10723000FAF74EF830B904EB0508A8F10100FAF7A7
:1072400047F808B11020E1E7AD1E38F8028CAAB269
:107250002146484606F007F940455CD1ADB20D49DC
:10726000B80702D58889401C00E001201FFA80F889
:10727000F80701D08F8900E04F4605AA41465846DD
:1072800005F049FE4FF0070A4FF00009DCB3204635
:107290000BE0000038020020408810283BD8361D43
:1072A000304486B2AE4236D2A01902884245F3D3AA
:1072B00051E000BF9DF8170002074CD594B304EBD2
:1072C0000608361DB8F80230B6B2102B23D89A192A
:1072D000AA4220D8B8F8002091421CD1C0061CD583
:1072E000CDE900A90DF1080C0AAAA11948468CE8BD
:1072F0000700B8F800100022584605F07AFC20B1CB
:10730000FEF7BBF982E726E005E0B8F80200BDF819
:107310002810884201D00B2078E7B8F802003044EA
:1073200086B207E0FFE7C00604D55846FEF71CFC0E
:10733000002888D19DF81700BDF81A1020F0100021
:107340008DF81700BDF81700ADF80000FF23584670
:10735000009A05F064FF05A805F0E9FD18B9BDF82D
:107360001A10B942A6D90421584608F0A7FE040015
:1073700000D1FFDFA2895AB1CDE900A94D46002313
:1073800021465846FEF7BDFB0028BBD1A5813DE74D
:1073900000203BE72DE9FF4F8BB01E4617000D463E
:1073A0004FF0000412D0B00802D007200FB0B1E4B3
:1073B000032E00D100265DB10846F9F780FF28B9F9
:1073C0003888691E0844F9F77AFF08B11020EDE704
:1073D000C74AB00701D5D18900E00121F0074FF677
:1073E000FF7802D0D089401E00E0404686B206AA4F
:1073F0000B9805F090FD4FF000094FF0070B0DF1D1
:10740000140A38E09DF81B00000734D5CDF804902D
:10741000CDF800B0CDF80890CDE9039A434600229C
:107420000B9805F048FE60BB05B3BDF814103A8810
:1074300021442819091D8A4230D3BDF81E2020F8A6
:10744000022BBDF8142020F8022BCDE900B9CDE9BC
:107450000290CDF810A0BDF81E10BDF81430002227
:107460000B9805F028FE08B103209FE7BDF8140033
:107470002044001D84B206A805F059FD20B10A2859
:1074800006D0FEF7FAF891E7BDF81E10B142B9D95F
:1074900034B17DB13888A11C884203D20C2085E725
:1074A000052083E722462946404605F0DCFF0146D9
:1074B00028190180A41C3C80002077E710B5044601
:1074C000F9F7DFFE08B1102010BD8948C08920807F
:1074D000002010BDF0B58BB00D46064614220021E9
:1074E00003A805F050FF01208DF80C008DF8100066
:1074F00000208DF81100ADF814503046FAF71EF94F
:1075000048B10078222812D30421304608F0D6FD75
:10751000040005D103E043F202000BB0F0BDFFDF31
:1075200004F11400074604F086FB800601D408200D
:10753000F3E7207C022140F00100207409A80094A8
:10754000CDE90110072203A930466368FEF78EFAE1
:1075500020B1217C21F001012174DEE7294630466B
:10756000FDF749FE08A9384604F054FB00B1FFDFDF
:10757000BDF82040172C01D2172000E02046A84279
:1075800001D92C4602E0172C00D2172421463046A0
:10759000FFF711FB21463046FDF751FB0020BCE709
:1075A000F8B51C4615460E46069F08F0BAFE23465F
:1075B000FF1DBCB231462A46009408F0B6FAF8BD69
:1075C00070B50C4605460E220021204605F0DBFE74
:1075D000002020802DB1012D01D0FFDF70BD0620DD
:1075E00000E00520A07170BD10B5488008781346F2
:1075F00020F00F00001D20F0F00080300C460870D5
:107600001422194604F1080005F093FE00F062FD13
:107610003748046010BD2DE9F047DFF8D890491DC8
:10762000064621F0030117460C46D9F8000008F081
:1076300092FB050000D1FFDF4FF000083560A5F890
:1076400000802146D9F8000008F085FB050000D134
:10765000FFDF7560A5F800807FB104FB07F1091D0D
:107660000BD0D9F8000008F076FB040000D1FFDF52
:10767000B460C4F80080BDE8F087C6F80880FAE777
:107680002DE9F0411746491D21F00302194D064628
:1076900001681446286808F089FB2246716828684A
:1076A00008F084FB3FB104FB07F2121D03D0B16860
:1076B000286808F07BFB042008F0ACFC044604209A
:1076C00008F0B0FC201A012804D12868BDE8F04178
:1076D00008F036BBBDE8F08110B50C4605F0EAFBBA
:1076E00000B1FFDF2046BDE81040FDF7C6BF000037
:1076F00038020020140000204FF0E0214FF4004039
:10770000C1F88001BFF34F8FBFF36F8F00F021B836
:1077100010B5044600F01DF8002C09D0124A12489A
:1077200012491432124B012C03D0022C07D0FFDF78
:1077300010BD0224046011604FF0407004E0032487
:10774000046011604FF40000186010BD00B5FFDF49
:1077500000BD054800210160016005494FF06070DF
:10776000091D08607047000000F500404802002035
:1077700004F501402DE9F05FDFF850A44FF0000858
:107780008B4606469AF80940474645469AF80190C6
:1077900008E0284601F00EF8817B407811FB007765
:1077A0006D1CEDB24D45F4D19AF8090020442044F7
:1077B00020440744FF2F01D94FF013083068C01C44
:1077C00020F0030232605BEA080021D1FF48FBB2DF
:1077D000062120300CF0C8F9002408E0062C0FD256
:1077E000DFE804F005030A0A0C05F94800E0F9484F
:1077F0000CF0DAF9054604E0F748F9E7F748F7E74F
:10780000FFDFA54200D0FFDF641CE4B2062CE5D305
:10781000306800EB071030604046BDE8F09F38B597
:107820000C468288817B19B14189914200D90A4670
:107830002280C188121D90B26A4607F081FCBDF813
:107840000000032800D30320C1B2208800F0D1FF3C
:1078500038BD38B50C468288817B19B101899142C7
:1078600000D90A462280C188121D90B26A4607F0EC
:1078700067FCBDF80000022800D30220C1B22088B6
:1078800000F0B7FF401CC0B238BD2DE9FF5F824653
:107890008B46D34814460BF10302D0E90110CDE921
:1078A000021022F0030201A84421019208F035FAE7
:1078B000C64E002C02D1CB49019A8A60019901443D
:1078C0000191B57E05F1010504D1E8B20AF026F96F
:1078D00000B1FFDF019800EB0510C01C20F0030190
:1078E000019144B9727A00200870B08B80B205F023
:1078F00040F900B1FFDF0198F16908440190214689
:1079000001A8FFF737FF80460198C01C20F0030054
:107910000190717A04B1002008F0F5FA0199084449
:107920000190214601A800F06FFFA84800273D46BE
:1079300090F801900CE0284600F03CFF0646817864
:107940008088FDF713FA71786D1C00FB0177EDB2AA
:107950004D45F0D10198C01C20F00300019004B106
:1079600000203946FDF70DFA0199002708440190DF
:1079700096483D4690F801900CE0284600F01AFF2A
:107980000646C1788088FEF77AFB71786D1C00FB93
:107990000177EDB24D45F0D10198C01C20F00300F5
:1079A000019004B100203946FEF772FB01994FF0B7
:1079B00000090844019085484D4647780EE0284666
:1079C00000F0F8FE0646807B30B106F1080002F0B8
:1079D0009DF8727800FB02996D1CEDB2BD42EED1AC
:1079E0000198C01C20F00300019004B100207D49E3
:1079F0004A78494602F08EF80199084401902146E0
:107A000001A800F0B3FE0198C01D20F0070001900E
:107A1000DAF80010814204D3A0EB0B01B1F5803FEE
:107A200004DB4FF00408CAF8000004E0CAF80000C4
:107A3000B8F1000F02D0404604B0EEE674BB6A49CC
:107A40000020019A0CF0FEF9FAF77EFB5F4C207ED5
:107A50000090607E012823D0002318B300225B48E9
:107A600000210C30FBF74AF800B1FFDFE07EFEF7A3
:107A7000BCFE00B1FFDF55484FF4F67200213830EC
:107A800005F081FC51480421383080F8E91180F874
:107A9000EA11062180F8EB11032101710020CBE7E8
:107AA0000123DAE702AADAE770B5484C0646383413
:107AB000207804EB4015E078083598B9A01990F8C3
:107AC000E80100280FD0A0780F2800D3FFDF202284
:107AD0000021284605F057FC687866F302006870BC
:107AE0000120E070284670BD2DE9F04105460C46A6
:107AF00000270078052190463E46B1EB101F00D0CC
:107B0000FFDF287A50B101280ED0FFDFA8F800600F
:107B10000CB1278066800020BDE8F081012709268E
:107B200074B16888A08008E00227142644B16888F0
:107B3000A0802869E060A88A2082287B2072E5E77F
:107B4000A8F80060E7E730B5204C01200021207044
:107B50006170207260726176217621730521A182A5
:107B60001F21E182607321A121610A21A176E076C3
:107B70001C4D4FF4B060E0616868C11C21F0030146
:107B8000814200D0FFDF6868606030BD30B5154CC1
:107B90001568636810339D4202D20420136030BD23
:107BA0000A4B5D785A6802EB051210705170032081
:107BB000D080172090800120D070907000209073AA
:107BC0005878401C58706068103013E0540300204F
:107BD000A11F0000359C0000A9B000000F19010092
:107BE000F8B0010018000020000000206E52463559
:107BF000780000006060002030BD70B50646F8488F
:107C00000024457807E0204600F0D4FD0178B14219
:107C100004D0641CE4B2AC42F5D1002070BDF7B5CD
:107C2000074608780C4610B3FFF7E7FF0546A7F1B3
:107C30002006202F06D0052E19D2DFE806F00F2BE4
:107C40002B151A0000F0C2FD0DB1697800E000218B
:107C5000401AA17880B20844FF2808D8A07830B133
:107C6000A088022824D202E06088172820D20720AA
:107C7000FEBD207AE0B161881729F8D3A1881729C1
:107C8000F5D3A1790029F2D0E1790029EFD040287D
:107C900004D9ECE7242F0BD1207A48B161884FF644
:107CA000FB70814202D8A188814201D90420FEBD27
:107CB00065B9207802AA0121FFF768FF0028F6D1F4
:107CC0002078FFF79AFF050000D1FFDF052E18D2BC
:107CD000DFE806F0030B0E081100A0786870A0889A
:107CE000E8800FE06088A8800CE0A078A87009E028
:107CF000A078E87006E054F8020FA8606068E860B9
:107D000000E0FFDF0020FEBD1A2835D00DDC13286F
:107D100032D2DFE800F01B31203131272723252D17
:107D2000313129313131312F0F00302802D003DCBD
:107D30001E2821D1072070473A3809281CD2DFE8D5
:107D400000F0151B0F1B1B1B1B1B0700002070479F
:107D500043F20400704743F202007047042070476A
:107D60000D2070470F207047082070471120704782
:107D700013207047062070470320704710B5007825
:107D800000F0010007F0D2F9BDE81040BCE710B5E3
:107D9000007800F0010007F0CEF9BDE81040B3E72D
:107DA0000EB5017801F001018DF80010417801F065
:107DB00001018DF801100178C1F340018DF8021026
:107DC0004178C1F340018DF80310017889088DF8DE
:107DD0000410417889088DF8051081788DF8061017
:107DE000C1788DF8071000798DF80800684606F014
:107DF0005DFEFFF789FF0EBD2DE9F84F784CDFF8E7
:107E0000E481383400261FE0012000F048FD012005
:107E1000FFF74AFE054644214746D8F8080007F018
:107E20009AFF686000B9FFDF686806F03BFDA8B103
:107E30002846F9F7F1FD284600F036FD20B9442226
:107E40006968B86807F0B2FF94F9E9010428DBDA41
:107E5000022008F0DFF807460025A6E04422696802
:107E6000D8F8080007F0A2FFF2E7B8F80210404681
:107E7000491C89B2A8F80210B94201D300214180FF
:107E80000221B8F8020008F019F9002865D0B8F806
:107E90000200694607F0C8F8FFF736FF00B1FFDFC0
:107EA0009DF8000078B1B8F8020008F04CFA5FEADB
:107EB000000900D1FFDF484607F0CBFC18B1B8F845
:107EC000020002F0D0F8B8F8020008F02AFA5FEADF
:107ED000000900D1FFDF484607F0B3FCE8BB0321EF
:107EE000B8F8020008F0EAF85FEA000B48D1FFDFBB
:107EF00046E000BFDBF8100010B10078FF2849D041
:107F0000022000F0CCFC0220FFF7CEFD824648465E
:107F100007F0A3FDCAF8040000B9FFDFDAF8040097
:107F200007F06BFE002100900170B8F80210504677
:107F3000AAF8021001F0BAFF484607F060FE00B947
:107F4000FFDF504600F0B0FC18B99AF801000007B6
:107F500004D50099CBF8101012E024E0DBF81000F3
:107F600038B10178491C11F0FF01017008D1FFDF21
:107F700006E000221146484600F0F6FB00B9FFDF9C
:107F800094F9EA01022805DBB8F8020001F055FF78
:107F90000028AFD194F9E901042804DB484607F032
:107FA00092FE00B101266D1CEDB2BD4204D294F9DF
:107FB000EA010228BFF659AF002E7FF423AFBDE8D7
:107FC000F84F032000F06BBC10B5064CE060086869
:107FD0002061AFF2DB1002F0C8FF607010BD00003E
:107FE0005403002018000020F74800210170F748D2
:107FF0000170F7494160704770B505464FF08050F9
:108000000C46D0F8A410491C05D1D0F8A810C943DB
:108010000904090C0BD050F8A01F01F001012970D0
:10802000416821608068A080287830B970BD062141
:1080300020460BF08CFB01202870607940F0C000D6
:10804000607170BD70B54FF080540D46D4F880104B
:10805000491C0BD1D4F88410491C07D1D4F88810DE
:10806000491C03D1D4F88C10491C0CD0D4F88010D2
:108070000160D4F884104160D4F888108160D4F88D
:108080008C10C16002E010210BF061FBD4F890006D
:10809000401C0BD1D4F89400401C07D1D4F89800B0
:1080A000401C03D1D4F89C00401C09D054F8900F18
:1080B000286060686860A068A860E068E86070BDDB
:1080C0002846BDE8704010210BF041BBBE48383057
:1080D0000079E9E470B5BC4C3834E07830B32078EE
:1080E00004EB4010407A00F00700204490F9E801CA
:1080F000002800DCFFDF2078002504EB4010407AE8
:1081000000F00700011991F8E801401E81F8E8012C
:108110002078401CC0B220700F2800D12570A078B4
:10812000401CA0700BF09CF9E57070BDFFDF70BDC6
:108130003EB50546032107F0C1FF0446284608F076
:10814000F0F8054604B9FFDF206918B10078FF2870
:1081500000D1FFDF01AA6946284600F005FB60B99F
:10816000FFDF0AE0002202A9284600F0FDFA00B96C
:10817000FFDF9DF8080000B1FFDF9DF80000411E01
:108180008DF80010EED220690199884201D10020BB
:1081900020613EBD70B50546A0F57F400C46FF3816
:1081A00000D1FFDF012C01D0FFDF70BDFFF78EFF94
:1081B000040000D1FFDF207820F00F00401D20F0E8
:1081C000F000503020706580002020720120207364
:1081D000BDE870407EE72DE9F04116460D460746A2
:1081E000FFF774FF040000D1FFDF207820F00F00BC
:1081F000401D20F0F0005030207067800120207278
:1082000028682061A888A0822673BDE8F04161E754
:108210007FB5FFF7F2FC040000D1FFDF02A9204682
:10822000FFF7FDFA054603A92046FFF712FB8DF87C
:1082300000508DF80100BDF80800001DADF80200E7
:10824000BDF80C00001DADF80400E088ADF8060094
:10825000684606F053FF002800D0FFDF7FBD2DE900
:10826000F05F5A4E8146307810B10820BDE8F09F8B
:108270004846F9F706F808B11020F7E7524C207885
:1082800008B9FFF760FC647A4D4600F09FFAA042FF
:1082900007D2201AC1B22A460020FFF777FC002837
:1082A000E4D171684848C91C002721F003017160BE
:1082B000B3463E463D46BA463C4690F801800AE049
:1082C000204600F077FA4178807B0E4410FB015580
:1082D000641CE4B27F1C4445F2D10AEB870000EB3A
:1082E000C600DBF8041000EB850045185C4601224F
:1082F00029464846FFF7C9FA060013D00020FFF7C9
:108300007CFC05000CD005F11300616820F003002F
:10831000884200D0FFDF2C484178491E41706560DB
:108320003046A3E7002229464846FFF7AEFA00B1DF
:10833000FFDFD9F8000060604FF6FF706080012019
:108340002070002092E72DE9F04104461F481746AF
:108350000E46007810B10820BDE8F0810846F8F715
:108360006AFF08B11020F7E7174D287808B9FFF722
:10837000EAFB601E1E2807D8012C22D13078FE2887
:108380001FD8A8760020E7E7A4F120001F2805D811
:10839000E0B23A463146BDE8F04140E4A4F1400085
:1083A0001F2805D831462046BDE8F04100F0A2BAAA
:1083B000A4F1A0001F2804D80020A02C0AD0A12CD2
:1083C0000DD00720C8E7000054030020180000204B
:1083D00048100020317801F00101E976BCE73168EE
:1083E0000922F82901D38B0701D01046B4E76B7B33
:1083F00003F00303012B04D1EB8AD7339CB28C42E8
:10840000F3D8E961A8E72DE9F04781460E46084612
:10841000F8F737FF48B94846F8F751FF28B909F18E
:10842000030020F00301494502D01020BDE8F08789
:10843000FC484FF0000A817869B14178804600EB32
:1084400041140834378832460021204600F039FABA
:10845000050004D027E0A6F800A00520E6E7B9F162
:10846000000F24D03088B84201D90C251FE0607875
:1084700000F00705284600F012FA08EB050732461F
:1084800097F8E8014946401C87F8E801204607F5BF
:10849000F47700F016FA05463878401E387003204D
:1084A00000F0FDF92DB10C2D01D0A6F800A0284652
:1084B000BCE76078DC4E00F00701012923D00229D7
:1084C0000CD0032933D0FFDF98F801104046491C37
:1084D000C9B288F801100F2934D035E0616821B1A4
:1084E000000702D46088FFF723FE98F8EA014746A8
:1084F000012802D1707802F057FD97F9EA010428AB
:10850000E2DBFFDFE0E7616819B14422B06807F001
:108510004DFC98F8E9014746032802D1707802F033
:1085200043FD97F9E9010428CEDBFFDFCCE7C00665
:1085300002D56088FFF7FCFD98F9EB010628C3DB44
:10854000FFDFC1E780F801A08178491E8170617862
:1085500001F0070101EB080090F8E811491C80F8D0
:10856000E811A4E770B50D460446F8F764FE18B9A3
:108570002846F8F786FE08B1102070BD294620462F
:10858000BDE8704009F002BB70B5054609F021FB5B
:10859000C4B22846F8F793FE08B1102070BD35B17B
:1085A00028782C7018B1A04201D0072070BD204659
:1085B000FDF7D2FD052805D109F00FFB012801D0F8
:1085C000002070BD0F2070BD70B5044615460E46E4
:1085D0000846F8F730FE18B92846F8F752FE08B1F9
:1085E000102070BD022C03D0102C01D0092070BDCA
:1085F0002A463146204609F0F9FA0028F7D005202E
:1086000070BD70B514460D460646F8F714FE38B92D
:108610002846F8F736FE18B92046F8F750FE08B19C
:10862000102070BD22462946304609F0FEFA002887
:10863000F7D0072070BD3EB50446F8F722FE08B11A
:1086400010203EBD684606F0C0F9FFF75DFB00282C
:10865000F7D19DF806002070BDF808006080BDF8D5
:108660000A00A08000203EBD70B505460C460846B5
:10867000F8F725FE20B93CB12068F8F702FE08B1F2
:10868000102070BDA08828B121462846BDE8704062
:10869000FDF7BABD092070BD70B505460C46084609
:1086A000F8F7C9FD30B9681E1E2814D82046F8F71F
:1086B000C2FD08B1102070BD032D01D9072070BD87
:1086C00005B9FFDF594800EB850050F8041C20462F
:1086D000BDE870400847A5F120001F2805D82146B5
:1086E0002846BDE87040F9F7C1BCF02D0AD0BF2D77
:1086F000E4D1A078218800F0010001F08DFA68B182
:10870000002070BDA068F8F796FD0028D2D1204661
:1087100006F04CFDBDE87040FFF7F6BA082070BDCA
:1087200070B504460D460846F8F7ABFD30B9601E3B
:108730001E280FD82846F8F77EFD08B1102070BD1E
:10874000012C03D0022C01D0032C01D1062070BDD6
:10875000072070BDA4F120001F28F9D82946204623
:10876000BDE87040F9F7D0BC07F03AB81CB5002955
:108770001FD104F02AFE2C4800224178C06805F081
:108780001DFF29481030C0788DF8000010B1012875
:1087900002D004E0012000E000208DF800006846CF
:1087A00006F06BF9214824380068019001A806F012
:1087B000BFFA1CBD30B51B4D0446383D6878A04259
:1087C00000D8FFDF686800EB041030BD70B51548B5
:1087D000002538382C46467807E02046FFF7EAFFA8
:1087E0004078641C2844C5B2E4B2B442F5D12846AE
:1087F00070BD021D5143452900D245210844C01CCB
:10880000B0FBF2F0C0B270472DE9FC5F06460548A8
:108810004FF0000838388B464746444690F80190A0
:1088200029E000008C030020180000201CB101008A
:108830002046FFF7BFFF050000D1FFDF68786946DB
:108840003844C7B22846FEF7EAFF824601A9284607
:10885000FEF7FFFF0346BDF804005246001D81B23B
:10886000BDF80000001D80B207F0A6FC6A78641C09
:1088700000FB0288E4B24C45DAD13068C01C20F01D
:1088800003003060BBF1000F00D0002042463946A3
:1088900007F0A0FC316808443060BDE8FC9F5649F1
:1088A00008710020C87070475349CA782AB10A7805
:1088B00001EB42110831814201D0012070470020B4
:1088C00070472DE9F04106460078154600F00F0488
:1088D00000201080601E0F46052800D3FFDF4748A8
:1088E0002A4600EB8400394650F8043C3046BDE887
:1088F000F04118472DE9F0413F4E0C46383E4028E4
:1089000006D041281AD0422822D0432826D11AE086
:1089100020786578012801D913201DE5FF2D08D89E
:1089200009F0F4FA07460AF053FD381A401EA8422F
:1089300001DA122010E5208830810DE0BDE8F04119
:10894000084600F00DB80878022807D8307603E012
:108950000878022802D870760020FDE40720FBE4A6
:1089600038B50446407800F00300012803D00228FF
:108970000BD0072038BD606858B1F8F7A9FCD0B912
:108980006068F8F79CFC20B915E06068F8F753FCC4
:1089900088B969462046FBF77FF90028EAD160785C
:1089A00000F00300022808D19DF8000028B160689B
:1089B000F8F785FC08B1102038BD6189F8290ED878
:1089C000208988420BD8607800F003020A483838C2
:1089D000012A06D1D731C26989B28A4201D209205F
:1089E00038BD94E80E0000F10C0585E80E000AB9C8
:1089F00000218182002038BD8C03002004B10100D9
:108A00002DE9F041074614468846084601F024FD4A
:108A1000064608EB88001C22796802EBC0000D189E
:108A2000688C58B14146384601F025FD014678680A
:108A30000078C200082305F120000CE0E88CA8B102
:108A40004146384601F01EFD01467868082340780B
:108A5000C20005F1240007F000FA38B106212172A6
:108A60006681D0E90010C4E9031009E028780928DC
:108A70000BD00520207266816868E06000202870B5
:108A80002046BDE8F04101F0C8BC07202072668195
:108A9000F4E72DE9F04116460D460746406801EB24
:108AA00085011C2202EBC1014418204601F00CFD97
:108AB00040B10021708865F30F2160F31F4105204C
:108AC0000BF02CF909202070324629463846BDE8C3
:108AD000F04195E72DE9F0410E46074600241C21A0
:108AE000F07816E004EB8403726801EBC303D25CF8
:108AF0006AB1FFF7EBFA050000D1FFDF6F802A466D
:108B000021463046FFF7C5FF0120BDE8F081641C17
:108B1000E4B2A042E6D80020F7E770B5064600248C
:108B20001C21C0780AE000BF04EB8403726801EBEB
:108B3000C303D5182A782AB1641CE4B2A042F3D842
:108B4000402070BD28220021284604F01CFC7068DB
:108B500080892881204670BD70B5034600201C2501
:108B6000DC780CE000EB80065A6805EBC606324460
:108B7000167816B1128A8A4204D0401CC0B28442D0
:108B8000F0D8402070BDF0B5044600201C26E578E2
:108B90000EE000BF00EB8007636806EBC7073B44AD
:108BA0001F788F4202D15B78934204D0401CC0B240
:108BB0008542EFD84020F0BD0078032801D0002086
:108BC0007047012070470078022801D000207047CC
:108BD000012070470078072801D00020704701204D
:108BE00070472DE9F041064688461078F178154621
:108BF000884200D3FFDF2C781C27641CF078E4B295
:108C0000A04201D8201AC4B204EB8401706807EBBB
:108C1000C1010844017821B14146884708B12C7050
:108C200073E72878A042E8D1402028706DE770B53E
:108C300014460B880122A240134207D113430B8034
:108C400001230A22011D07F0D2F8047070BD2DE93E
:108C5000FF4F81B00878DDE90E7B9A4691460E46BB
:108C600040072CD4019807F06EFB040000D1FFDF11
:108C700007F1040820461FFA88F106F0BDFC050044
:108C800000D1FFDF204629466A4606F008FF00981B
:108C9000A0F80370A0F805A0284606F0AEFF017802
:108CA00069F306016BF3C711017020461FFA88F1C2
:108CB00006F0E5FC00B9FFDF019805F027FC06EBA4
:108CC0000900017F491C017705B0BDE8F08F2DE94F
:108CD000F84F0E469A4691460746032107F0EEF9F3
:108CE0000446008DDFF87C85002518B198F8000057
:108CF000B0421ED1384607F026FB070000D1FFDF47
:108D000009F10401384689B206F076FC050010D05E
:108D1000384629466A4606F0C2FE009800210A46F7
:108D20000180817005F067FC0098C01DCAF8000042
:108D300021E098F80000B04216D104F1260734F87B
:108D4000341F012000FA06F911EA090F00D0FFDFF5
:108D50002088012340EA090020800A22391D384674
:108D600007F060F8067006E0324604F1340104F1C1
:108D70002600FFF75CFF0A2188F800102846BDE8AE
:108D8000F88FFEB515460C46064602AB0C220621AE
:108D9000FFF79DFF002827D00299607812220A7001
:108DA000801C487008224A80A070029829880523F8
:108DB00081806988C180A9880181E9884181002575
:108DC0000C20CDE90005062221463046FFF73FFF83
:108DD0002946002266F31F41F02310460AF0F4FEF4
:108DE0006078801C60700120FEBD2DE9FE430C46BA
:108DF000804644E002AB0E2207214046FFF767FFA2
:108E0000002841D060681C2267788678BF1C06EB7A
:108E1000860102EBC10145180298142101704770C8
:108E20000A214180698A0181E98A4181A98881807A
:108E3000A9898181304601F00FFB029905230722A1
:108E4000C8806F700420287000250E20CDE9000531
:108E500021464046FFF7FBFE294666F30F2168F3E3
:108E60001F41F023002205200AF0AEFE6078FE4983
:108E7000801C607062682046921CFFF7B2FE60683A
:108E800080784028B6D10120BDE8FE83FEB50D46AE
:108E9000064638E002AB0E2207213046FFF717FFE7
:108EA000002835D068681C23C17801EB810203EBF0
:108EB000C2028418029815220270627842700A2257
:108EC0004280A2894281A2888281084601F0C4FAC8
:108ED000014602988180618AC180E18A0181A0886F
:108EE000B8B10020207000210E20CDE9000105233B
:108EF000072229463046FFF7AAFE6A68DB49284662
:108F0000D21CFFF76EFE6868C0784028C2D10120ED
:108F1000FEBD0620E6E72DE9FE430C46814644E00F
:108F2000204601F0BBFAD0B302AB08220721484625
:108F3000FFF7CDFE0028A7D060681C22657806796F
:108F4000AD1C06EB860102EBC10147180298B7F889
:108F5000108006210170457004214180304601F0E7
:108F60007BFA0146029805230722C180A0F80480FD
:108F70007D70082038700025CDE90005214648465F
:108F8000FFF765FE294666F30F2169F31F41F023C1
:108F9000002205200AF018FE6078801C607062686C
:108FA000B3492046121DFFF71CFE60680179402975
:108FB000B6D1012068E72DE9F34F83B00D4691E06B
:108FC000284601F06BFA00287ED068681C2290F8D1
:108FD00006A00AEB8A0102EBC1014418514628465B
:108FE00001F050FAA178CB0069684978CA000146BF
:108FF00004F1240006F04DFF07468188E08B4FF016
:109000000009091A8EB208B1C84607E04FF00108FE
:10901000504601F00CFA08B9B61CB6B2208BB0422B
:1090200000D80646B34602AB324607210398FFF745
:109030004EFE060007D0B8F1000F0BD0504601F0ED
:10904000F6F910B106E000203EE60299B8884FF02C
:10905000020908800196E28B3968ABEB09001FFA20
:1090600080F80A4403984E46009207F06CF9DDE957
:109070000021F61D4346009606F08BFDE08B404430
:1090800080B2E083B988884201D1012600E0002641
:10909000CDE900B6238A072229460398FFF7D7FDBA
:1090A000504601F0C4F910B9E089401EE0815EB17C
:1090B000A078401CA0706868E978427811FB02F142
:1090C000CAB20123816900E006E00E3006F08FFE8F
:1090D00080F800A00020E0836A6866492846921D57
:1090E000FFF77FFD6868817940297FF469AF01202F
:1090F000EAE570B5064648680D4614468179402970
:1091000010D104EB84011C2202EBC101084401F0E0
:10911000FCF9002806D06868294684713046BDE80D
:10912000704048E770BDFEB50C460746002645E096
:10913000204601F0B3F9D8B360681C22417901EBF5
:10914000810102EBC1014518688900B9FFDF02AB5C
:10915000082207213846FFF7BAFD002833D00299CC
:10916000607816220A70801C48700420488060686D
:10917000407901F071F901460298052307228180A8
:109180006989C1800820CDE9000621463846FFF7ED
:109190005EFD6078801C6070A88969890844B0F51C
:1091A000803F00D3FFDFA88969890844A8816E81C8
:1091B000626831492046521DFFF713FD606841790E
:1091C0004029B5D10120FEBD30B5438C458BC3F39A
:1091D000C704002345B1838B641EED1AC38A6D1E3C
:1091E0001D4495FBF3F3E4B22CB1008918B1A04201
:1091F00000D8204603444FF6FF70834200D3034655
:1092000013800C7030BD2DE9FC41074616460D4613
:10921000486802EB86011C2202EBC10144186A4631
:1092200001A92046FFF7D0FFA089618901448AB2D5
:10923000BDF80010914212D0081A00D500206081BC
:109240006868407940280AD1204601F054F9002886
:1092500005D06868294646713846FFF764FFBDE8C7
:10926000FC8100002C000020B98B0000C78B00009F
:10927000D58B00000BA50000F7A400002DE9FE4FE0
:109280000F46814615465088032106F017FF0190CE
:10929000B9F8020001F0D3F882460146019801F0C6
:1092A000FDF8002824D001981C2241680AEB8A00AE
:1092B00002EBC0000C18204601F006F9002817D177
:1092C000B9F80000E18A88420ED8A18961B1B8429C
:1092D0000ED100265146019801F0CDF8218C01EB0A
:1092E0000008608B30B114E0504601F0A0F8A0B344
:1092F000BDE8FE8F504601F09AF808B1678308E098
:10930000022FF5D3B9F804006083618A884224D81B
:109310000226B81B87B2B8F80400A28B801A002876
:1093200014DD874200DA38461FFA80FB68886968D6
:109330000291D8F800100A44009206F0F2FFF61DE0
:10934000009A5B460299009606F0EFFBA08B38442A
:1093500080B2A083618B884207D96888019903B0E5
:109360005246BDE8F04F01F0EDB81FD14FF00900B3
:109370002872B9F802006881D8E90010C5E9041024
:10938000608BA881284601F048F85146019801F009
:1093900072F801460198082340680078C20004F181
:1093A000200006F05AFD0020A0836083504601F0A3
:1093B0003EF810B9A089401EA0816888019903B0C9
:1093C0000AF0FF02BDE8F04F1DE72DE9F041064627
:1093D00015460F461C461846F7F72DFF18B92068AA
:1093E000F7F74FFF08B110201AE47168688C09780C
:1093F000B0EBC10F01D3132012E43946304601F01F
:109400003AF80146706808230078C20005F1200090
:1094100006F0EDFCD4E90012C0E90012002005E4DA
:1094200010B50446032106F049FE014600F114027E
:109430002046BDE81040A4E470B50446032106F0C0
:109440003DFE054601462046FFF765FD002816D083
:1094500029462046FFF767FE002810D029462046FF
:10946000FFF714FD00280AD029462046FFF7BDFC6F
:10947000002804D029462046BDE870409BE570BD19
:109480002DE9F0410C4680461EE0E178427811FB60
:1094900002F1CAB2816901230E3006F0DEFC0778C2
:1094A00060681C22C179491EC17107EB87016068A1
:1094B00002EBC10146183946204600F0EFFF18B113
:1094C000304600F0FAFF20B16068C1790029DCD194
:1094D0008AE7FEF7FBFD050000D1FFDF0A202872B6
:1094E000384600F0B9FF68813946204600F0CAFFCF
:1094F0000146606808234078C20006F1240006F0A7
:10950000ACFCD0E90010C5E90310A5F8028028469C
:1095100000F083FFB07800B9FFDFB078401EB07074
:1095200062E770B50C460546032106F0C7FD01460B
:109530004068C2792244C2712846BDE870409FE766
:109540002DE9FE4F8246507814460F464FF0000832
:10955000002850D0012807D0022822D0FFDF206841
:10956000B8606068F860C3E602AB0E22082150467E
:10957000FFF7ADFB0028F2D00298152105230170FA
:10958000217841700A214180C0F80480C0F8088029
:10959000A0F80C80628882810E20CDE900080822A4
:1095A00021E0A678304600F057FF054606EB86011D
:1095B0002C22786802EBC1010822465A02AB114600
:1095C0005046FFF784FB0028C9D00298072101709C
:1095D000217841700421418008218580C680CDE931
:1095E000001805230A4639464FEA0A00FFF72FFB09
:1095F00087F808807CE6A678022516B1022E13D0E3
:10960000FFDF2A1D914602AB08215046FFF75FFBA2
:109610000028A4D002980121022E01702178417007
:109620004580868002D005E00625EAE7A188C18052
:10963000E1880181CDE9009805230822394650468A
:10964000D4E710B50446032106F038FD014600F1C9
:1096500008022046BDE8104072E72DE9F04F0F46A2
:10966000054687B014465088032106F027FD4FF0C9
:1096700000088DF808800646ADF80A80042F5CD3F8
:109680006A78002A59D028784FF6FF794FF01C0AE3
:10969000132815D006DC01286FD006282BD0072808
:1096A00006D16EE0142869D0152868D0162867D036
:1096B000CDF80080CDF8048068788DF8000037E0A0
:1096C000B078904239D13078010736D5062F34D1A1
:1096D00020F0080030706088414660F31F41002090
:1096E0000AF01CFB02208DF80800ADF80C90A88849
:1096F000ADF80E00F4E0082F1FD1A888EF8881464E
:1097000000F09DFE80460146304600F0C7FE18B1CD
:10971000404600F08CFE98B1FA48D0E90010CDE93F
:1097200000106878ADF804908DF80000ADF8067070
:1097300060886A463146FFF703FF07B0BDE8F08F47
:10974000716808EB88002C2202EBC000085AB8426E
:10975000F3D1EC486A46D0E90210CDE900106878F0
:109760008DF8000008F0FF058DF802506088314642
:10977000FFF7E6FE2246294623E097E025E0CEE00B
:1097800023E1082FD9D1B5F80480E88800F057FE0E
:1097900007460146304600F081FE0028CDD007EB99
:1097A000870271680AEBC2000844028A4245C4D1AC
:1097B00001780829C1D1407869788842BDD1F9B2D1
:1097C00022463046FFF765F9B7E70E2F7FF470AFFA
:1097D000E9886F898B46B5F808903046FFF7BCF9E9
:1097E000ABF14001402901D3092048E0B9F1170F3E
:1097F00001D3172F01D20B2041E040280ED000EBFF
:10980000800271680AEBC20008440178012903D183
:1098100040786978884290D00A2030E03046FFF7DF
:109820007CF940282AD000EB800372680AEBC30160
:1098300002EB0108012288F800206A7888F80120EC
:109840007168AA884989B94200D93946AD8903238C
:109850002372A282E7812182A4F80C90658200F035
:10986000FBFD6081A8F81490A8F81870A8F80E50B5
:10987000A8F810B0204600F0D0FD5EE704200521D6
:109880002172A4F80A80E081012121739D49D1E968
:109890000421CDE9002169788DF80010ADF80200AF
:1098A00060886A463146FFF74BFEE3E7062F8BD30D
:1098B000B07890421AD13078010717D520F008000F
:1098C00030706088414660F31F4100200AF026FA9C
:1098D00002208DF80800A888ADF80C00ADF80E90B5
:1098E0006088224602A9F8F785FB26E70421304666
:1098F000FFF749F905464028BFD0022083030090B6
:1099000022462946304600F0E6FD4146608865F370
:109910000F2160F31F4105200AF000FA0DE70E2F1A
:10992000ABD104213046FFF72EF981464028A4D060
:109930004146608869F30F2160F31F4105200AF05A
:10994000EDF9A88906906889009070682F89408990
:10995000B84200D938468346B5F80680A8880190F9
:10996000484600F079FD6081069818B10220009009
:10997000069B24E0B8F1170F1ED3172F1CD3042029
:10998000207200986082E781A4F810B0A4F80C80DF
:1099900009EB890271680AEBC2000D18DDE90002CB
:1099A000A5F81480A5F818B0E8812A82204600F0B6
:1099B00034FD06202870C0E601200B2300902246CB
:1099C0004946304600F087FDB7E6082F8DD1A988BB
:1099D0003046FFF7C1F80746402886D000F027FD43
:1099E00000289BD107EB870271680AEBC20008448C
:1099F000804600F069FD002890D1ED88B8F80E008F
:109A00002844B0F5803F05D360883A46314600F0DF
:109A100099FD92E6002DCED0A8F80E0060883A4657
:109A20003146FFF766FB08202072384600F014FD2F
:109A30006081A5811EE72DE9F05F0C4601281ED04C
:109A4000957992F80480567905EB85011F2202EB87
:109A5000C10121F0030B08EB060111FB05F14FF6E4
:109A6000FF7202EAC10909F1030115FB0611264F35
:109A700021F0031ABB6840B101283ED125E061689E
:109A8000E57891F800804E78DEE75946184606F0F2
:109A900062F9606000B9FFDF5A460021606803F098
:109AA00072FCE5705146B86806F055F96168486186
:109AB00000B9FFDF6068426902EB090181616068FB
:109AC00080F800806068467017E06068524641691F
:109AD000184606F06BF95A466168B86806F066F9F0
:109AE000032006F097FA0446032006F09BFA201A9A
:109AF000012802D1B86806F023F90BEB0A00BDE893
:109B0000F09F000028B101002C0000200246002137
:109B1000022090E7F7B5FF4C0A2016462070009807
:109B200060B100254FEA0D0006F0F7F80021A170A2
:109B30006670002D01D10099A160FEBD01250020B5
:109B4000F2E770B50C46154638220021204603F096
:109B50001AFC012666700A22002104F11C0003F0A1
:109B600012FC05B9FFDF297A207861F3010020702B
:109B7000A87900282DD02A4621460020FFF75BFF58
:109B800061684020E34A88706168C8706168087144
:109B900061684871616888716168288808816168B6
:109BA00068884881606886819078002811D0616853
:109BB0000620087761682888C885616828884886F3
:109BC0006068068560686988928801868186468516
:109BD000828570BDC878002802D0002201202AE7C3
:109BE000704770B50546002165F31F4100200AF05B
:109BF00095F80321284606F061FA040000D1FFDF42
:109C000021462846FEF766FF002804D0207840F061
:109C100010002070012070BD70B505460C46032071
:109C200006F0EAF908B1002070BDBA48857084805A
:109C3000012070BD2DE9FF4180460E460F0CFEF756
:109C400045FA050007D06F800321384606F036FA42
:109C5000040008D106E004B03846BDE8F041132105
:109C6000F8F79EBDFFDF5FEA080005D0B8F1050FE9
:109C700018D0FFDFBDE8FF8120782A4620F00800D9
:109C800020700020ADF8020002208DF800004FF691
:109C9000FF70ADF80400ADF8060069463846F8F7E5
:109CA000A9F9E7E7C6F3072101EB81021C236068ED
:109CB00003EBC202805C042803D008280AD0FFDF2F
:109CC000D8E7012000904FF440432A46204600F098
:109CD00002FCCFE704B02A462046BDE8F041FEF77B
:109CE000D8BE2DE9F05F05464089002790460C4616
:109CF0003E46824600F0A3FB8146287AC01E082813
:109D00006BD2DFE800F00D04192058363C4772276B
:109D10001026002C6CD0D5E90301C4E902015CE0F7
:109D200070271226002C63D00A2205F10C0104F1E1
:109D3000080003F0FEFA50E071270C26002C57D0E3
:109D4000E868A06049E0742710269CB3D5E90301B8
:109D5000C4E902016888032106F0B0F98346FEF7E2
:109D6000B5F902466888508049465846FEF748FED5
:109D700033E075270A26ECB1A88920812DE07627EB
:109D80001426BCB105F10C0004F1080307C883E8F0
:109D9000070022E07727102664B1D5E90301C4E962
:109DA00002016888032106F089F901466888FFF7F7
:109DB00067FB12E01CE073270826CCB168880321FA
:109DC00006F07CF901460078C00606D56888FEF7E3
:109DD00081FE10B96888F7F703FEA8F800602CB17F
:109DE0002780A4F806A066806888A080002086E608
:109DF000A8F80060FAE72DE9FC410C461E4617461C
:109E00008046032106F05AF905460A2C0AD2DFE8FB
:109E100004F005050505050509090907042303E004
:109E2000062301E0FFDF0023CDE900762246294624
:109E30004046FEF70CFFBDE8FC81F8B50546A0F5ED
:109E40007F40FF382BD0284606F06BFA040000D183
:109E5000FFDF204605F001FE002821D001466A46BA
:109E6000204605F01CFE00980321B0F80560284646
:109E700006F024F90446052E13D0304600F0DFFA30
:109E800005460146204600F009FB40B1606805EB3D
:109E900085013E2202EBC101405A002800D001207A
:109EA000F8BD007A0028FAD00020F8BDF8B50446C5
:109EB000408806F036FA050000D1FFDF6A462846E2
:109EC000616800F0A8FA01460098091F8BB230F8CB
:109ED000032F0280428842800188994205D1042ADA
:109EE00008D0052A20D0062A16D022461946FFF7A8
:109EF000C5F9F8BD001D0E4605460146224630460E
:109F0000FBF763F90828F4D1224629463046FCF7CE
:109F1000C2F9F8BD2C000020636864880A46011D60
:109F20002046F9F7C5FBF4E72246001DFFF795FB35
:109F3000EFE770B50D460646032106F0BFF80400B2
:109F400004D02078000704D5112070BD43F2020030
:109F500070BD2A4621463046FEF713FF18B928681F
:109F600060616868A061207840F0080020700020DF
:109F700070BD2DE9F04F0E4691B08046032106F0EA
:109F80009DF80446404606F0DEF90746002007909B
:109F900008900990ADF830000A9002900390049068
:109FA00004B9FFDF0DF10809FFB9FFDF1DE03846F6
:109FB0000BA9002205F014FC9DF82C0000F07F0591
:109FC0000A2D00D3FFDF6019017F491E01779DF83C
:109FD0002C00000609D52A460CA907A8FEF727FE83
:109FE00019F80510491C09F80510761EF6B2DED2E4
:109FF00004F13400F84D04F1260BDFF8E0A304F17E
:10A000002A07069010E05846069900F08DFA064699
:10A0100028700A2800D3FFDF5AF8261040468847E8
:10A02000E08CC05DB04202D0208D0028EBD10A2028
:10A030002870EA4D4E4628350EE00CA907A800F01E
:10A0400073FA0446375D55F8240000B9FFDF55F870
:10A050002420394640469047BDF81E000028ECD128
:10A0600011B0BDE8F08F10B5032106F027F8040009
:10A0700000D1FFDF0A22002104F11C0003F083F964
:10A08000207840F00400207010BD10B50C4603216C
:10A0900006F014F82044007F002800D0012010BDF5
:10A0A0002DE9F84F894615468246032106F006F849
:10A0B000070004D02846F7F7BEF840B903E043F2A2
:10A0C0000200BDE8F88F4846F7F7DBF808B110202A
:10A0D000F7E7786828B169880089814201D90920A9
:10A0E000EFE7B9F800001C2488B100F0A8F9804619
:10A0F0000146384600F0D2F988B108EB880079684B
:10A1000004EBC000085C01280BD00820D9E73846D2
:10A11000FEF703FD8046402807D11320D1E7052034
:10A12000CFE7FDF7D3FF06000BD008EB8800796876
:10A1300004EBC0000C18B9F8000020B1E88910B198
:10A1400013E01120BDE72888172802D36888172854
:10A1500001D20720B5E7686838B12B1D2246414679
:10A160003846FFF732F90028ABD104F10C026946FA
:10A170002046FFF729F8288860826888E082B9F8CD
:10A18000000030B102202070E889A080E889A0B1E9
:10A190002BE003202070A889A0807868817840296E
:10A1A00005D180F8028039465046FEF71EFE404633
:10A1B00000F052F9A9F8000021E07868218B40896D
:10A1C000884200D908462083A6F802A004203072F5
:10A1D000B9F800007081E0897082F181208B3082B3
:10A1E000A08AB081304600F018F97868C17840291B
:10A1F00005D180F8038039465046FEF747FE00201F
:10A200005FE770B50D460646032105F057FF0400D1
:10A210000ED0284600F013F905460146204600F00E
:10A220003DF918B1284600F002F920B1052070BDB3
:10A2300043F2020070BD05EB85011C22606802EB51
:10A24000C101084400F040F908B1082070BD2A4659
:10A250002146304600F076F9002070BD2DE9F0412E
:10A260000C4617468046032105F028FF0546204688
:10A2700000F0E5F8044695B10146284600F00EF9D5
:10A2800080B104EB84011C22686802EBC10146180E
:10A29000304600F019F938B10820BDE8F08143F2EA
:10A2A0000200FAE70520F8E73B46324621462846F9
:10A2B000FFF78BF80028F0D1E2B229464046FEF7BE
:10A2C000A2FF708C0838082803D24348407800F079
:10A2D0006BFE0020E1E72DE9F0410D461746804670
:10A2E000032105F0EBFE0446284600F0A8F80646D8
:10A2F00024B13846F6F79FFF38B902E043F2020076
:10A30000CBE73868F6F797FF08B11020C5E731466C
:10A31000204600F0C3F860B106EB86011C2260689D
:10A3200002EBC1014518284600F0CEF818B108200C
:10A33000B3E70520B1E7B888A98A884201D90C2083
:10A34000ABE76168E88C4978B0EBC10F01D313200B
:10A35000A3E73146204600F095F8014660680823DF
:10A360004078C20005F1240005F041FDD7E9001254
:10A37000C0E90012F2B221464046FEF7BAFE0020C4
:10A380008BE72DE9F0470D461F4690468146032195
:10A3900005F094FE0446284600F051F806463CB10C
:10A3A0004DB13846F6F78BFF50B11020BDE8F0876D
:10A3B00043F20200FAE7606858B1A0F80C8028E088
:10A3C0003146204600F06AF818B1304600F02FF808
:10A3D00030B10520EAE700002C00002040B1010068
:10A3E00006EB86011C22606802EBC1014518284675
:10A3F00000F06AF808B10820D8E7A5F80880F2B2A2
:10A4000021464846FEF7FFFE1FB1A8896989084426
:10A4100038800020CAE705F042BB017821F00F0127
:10A42000491C21F0F00110310170FDF753BE20B935
:10A430004E48807808B101207047002070474B4992
:10A440008988884201D100207047402801D24020ED
:10A4500000E0403880B2704710B50446402800D96B
:10A46000FFDF2046FFF7E3FF10B14048808810BDB2
:10A470004034A0B210BD406842690078484302EB06
:10A48000C0007047C2784068037812FB03F243783B
:10A49000406901FB032100EBC1007047C2788A428A
:10A4A00009D9406801EB81011C2202EBC101405C2B
:10A4B00008B101207047002070470078062801D9B4
:10A4C00001207047002070470078062801D0012045
:10A4D000704700207047F0B401EB81061C274468E8
:10A4E00007EBC6063444049D05262670E3802571DB
:10A4F000F0BCFEF785BA10B5418911B1FFF7DDFF59
:10A5000008B1002010BD012010BD10B5C18C8278AB
:10A51000B1EBC20F04D9C18911B1FFF7CEFF08B169
:10A52000002010BD012010BD10B50C4601230A22E9
:10A53000011D05F092FC00782188012282409143A0
:10A54000218010BDF0B402EB82051C264C6806EB9E
:10A55000C505072363554B681C79402C03D11A713C
:10A56000F0BCFEF7D8BCF0BC704700002C00002007
:10A5700070B50B2000F0BDF9082000F0BAF90021F9
:10A580000B2000F0D4F90021082000F0D0F9F44CA1
:10A5900001256560A5600020C4F84001C4F84401AD
:10A5A000C4F848010B2000F0B5F9082000F0B2F91A
:10A5B0000B2000F091F9256070BD10B50B2000F064
:10A5C00098F9082000F095F9E54801214160816083
:10A5D000E4490A68002AFCD10021C0F84011C0F803
:10A5E0004411C0F848110B2000F094F9BDE8104068
:10A5F000082000F08FB910B50B2000F08BF9BDE8F2
:10A600001040082000F086B900B530B1012806D00E
:10A61000022806D0FFDF002000BDD34800BDD3488C
:10A6200000BDD248001D00BD70B5D1494FF00040BB
:10A630000860D04DC00BC5F80803CF480024046063
:10A64000C5F840410820C43500F053F9C5F83C4135
:10A65000CA48047070BD08B5C14A002128B101285C
:10A6600011D002281CD0FFDF08BD4FF48030C2F8A3
:10A670000803C2F84803BB483C300160C2F84011EF
:10A68000BDE80840D0E74FF40030C2F80803C2F834
:10A690004803B44840300160C2F84411B3480CE0AC
:10A6A0004FF48020C2F80803C2F84803AD48443094
:10A6B0000160C2F84811AD48001D0068009008BD57
:10A6C00070B516460D460446022800D9FFDF002269
:10A6D000A348012304F110018B4000EB8401C1F871
:10A6E000405526B1C1F84021C0F8043303E0C0F85A
:10A6F0000833C1F84021C0F8443370BD2DE9F04162
:10A700001D46144630B1012833D0022838D0FFDF6F
:10A71000BDE8F081891E002221F07F411046FFF73D
:10A72000CFFF012D23D00020944D924F0126687059
:10A730003E61914900203C3908600220091D0860F3
:10A740008D490420303908608B483D34046008206E
:10A750006C6000F0DFF83004C7F80403082000F054
:10A76000BBF88349F007091F08602E70D0E701206D
:10A77000DAE7012B02D00022012005E00122FBE7ED
:10A78000012B04D000220220BDE8F04198E701220D
:10A79000F9E774480068704770B500F0D8F8704C5D
:10A7A0000546D4F840010026012809D1D4F8080351
:10A7B000C00305D54FF48030C4F80803C4F84061E5
:10A7C000D4F8440101280CD1D4F80803800308D53B
:10A7D0004FF40030C4F80803C4F84461012008F0C5
:10A7E00014FAD4F8480101280CD1D4F80803400326
:10A7F00008D54FF48020C4F80803C4F8486102204B
:10A8000008F003FA5E48056070BD70B500F09FF86F
:10A810005A4D0446287850B1FFF706FF687818B102
:10A820000020687008F0F1F95548046070BD0320FD
:10A83000F8E74FF0E0214FF40010C1F80002704734
:10A84000152000F067B84B4901200861082000F08E
:10A8500061B848494FF47C10C1F808030020024653
:10A8600001EB8003C3F84025C3F84021401CC0B26F
:10A870000628F5D37047410A43F609525143C0F305
:10A88000080010FB02F000F5807001EB50207047CB
:10A8900010B5430B48F2376463431B0C5C020C6039
:10A8A000384C03FB0400384B4CF2F72443435B0D58
:10A8B00013FB04F404EB402000F58070401210708C
:10A8C00008681844086010BD2C4840687047294942
:10A8D0000120C1F800027047002809DB00F01F02C8
:10A8E000012191404009800000F1E020C0F80011F2
:10A8F000704700280DDB00F01F0201219140400944
:10A90000800000F1E020C0F88011BFF34F8FBFF34B
:10A910006F8F7047002809DB00F01F020121914072
:10A920004009800000F1E020C0F88012704749071C
:10A93000090E002804DB00F1E02080F800147047C5
:10A9400000F00F0000F1E02080F8141D70470C4863
:10A95000001F00680A4A0D49121D1160704700006F
:10A9600000B0004004B500404081004044B10040C8
:10A9700008F501400080004040850040380000207C
:10A9800014050240F7C2FFFF6F0C01000100000137
:10A9900010B5EFF3108000F0010472B6FC48417866
:10A9A000491C41704078012801D108F081FD002C3C
:10A9B00000D162B610BD70B5F54CA07848B901253C
:10A9C000A570FFF7E5FF08F084FD20B1002008F036
:10A9D0004EFD002070BD4FF08040E570C0F804537C
:10A9E000F7E770B5EFF3108000F0010572B6E84CA0
:10A9F000607800B9FFDF6078401E6070607808B949
:10AA000008F05AFD002D00D162B670BDE04810B5C7
:10AA1000817821B10021C1708170FFF7E2FF002031
:10AA200010BD10B5044608F054FDD9498978084096
:10AA300000D001202060002010BD10B5FFF7A8FF56
:10AA400008F047FD02220123D149540728B1D1481B
:10AA5000026023610320087202E00A72C4F8043322
:10AA60000020887110BD2DE9F84FDFF8249342785B
:10AA7000817889F80420002689F80510074689F8AE
:10AA800006600078DFF810B3354620B1012811D0F8
:10AA9000022811D0FFDF08F02EFD4FF0804498B15E
:10AAA00008F030FDB0420FD1304608F02FFD0028ED
:10AAB000FAD042E00126EEE7FFF76AFF5846016848
:10AAC000C907FCD00226E6E70120E060C4F8045183
:10AAD000B2490E600107D1F84412B04AC1F34231C5
:10AAE00024321160AD49343108604FF0020AC4F8D5
:10AAF00004A3A060AA480168C94341F3001101F111
:10AB00000108016841F01001016001E010F030F926
:10AB1000D4F804010028F9D0304608F0F7FC0028EA
:10AB2000FAD0B8F1000F04D19D48016821F010015E
:10AB30000160C4F808A3C4F8045199F805004E4612
:10AB400080B1387870B908F0C4FC804608F0CAFEBD
:10AB50006FF00042B8F1000F02D0C6E9032001E017
:10AB6000C6E90302DBF80000C00701D008F0ADFC25
:10AB7000387810B13572BDE8F88F4FF01808C4F876
:10AB800008830127A7614FF42070ADF8000000BFD3
:10AB9000BDF80000411EADF80010F9D2C4F80C5108
:10ABA000C4F810517A48C01D08F030FD3570FFF729
:10ABB00044FF67617949307920310860C4F8048323
:10ABC000D9E770B5050000D1FFDF4FF080424FF0AC
:10ABD000FF30C2F808030021C2F80011C2F80411C6
:10ABE000C2F80C11C2F81011694C617008F07DFCBC
:10ABF00010B10120A070607067480068C00701D0E4
:10AC000008F063FC2846BDE870402CE76048007AF5
:10AC1000002800D0012070472DE9F04F61484FF027
:10AC2000000A85B0D0F800B0D14657465D4A5E496B
:10AC3000083211608406D4F8080110B14FF0010801
:10AC400001E04FF0000808F0B4FC78B1D4F824011A
:10AC500000B101208246D4F81C0100B101208146D8
:10AC6000D4F8200108B1012700E00027D4F8000142
:10AC700000B101200490D4F8040100B10120039038
:10AC8000D4F80C0100B101200290D4F8100100B1F9
:10AC900001203F4D0190287800260090B8F1000F68
:10ACA00004D0C4F80861012008F0E1FBBAF1000FFC
:10ACB00004D0C4F82461092008F0D9FBB9F1000FD1
:10ACC00004D0C4F81C610A2008F0D1FB27B1C4F8F5
:10ACD00020610B2008F0CBFB2D48C01D08F09EFC26
:10ACE00000B1FFDFDFF8AC800498012780B1C4F821
:10ACF0000873E87818B1EE70002008F0B8FB287AE5
:10AD0000022805D1032028720221C8F8001027610B
:10AD1000039808B1C4F80461029850B1C4F80C61FA
:10AD2000287A032800D0FFDFC8F800602F72FFF7F1
:10AD300058FE019838B1C4F81061287A012801D171
:10AD400000F05CF86761009838B12E70287A01280D
:10AD500001D1FFF772FEFFF744FE0D48C01D08F059
:10AD600073FC1049091DC1F800B005B0BDE8F08FB3
:10AD7000074810B5C01D08F051FC0549B0B10120CD
:10AD800008704FF0E021C1F80002BDE81040FFE577
:10AD900040000020340C00400C0400401805004026
:10ADA00010ED00E01005024001000001087A0128C2
:10ADB00001D1FFF742FEBDE81040244808F044BC32
:10ADC00070B5224CE41FA07808B908F075FB01208B
:10ADD0008507A861207A0026032809D1D5F80C013F
:10ADE00020B9002008F092FB0028F7D1C5F80C61CB
:10ADF00026724FF0FF30C5F8080370BD70B5134CD4
:10AE0000E41F6079F0B1012803D0A179401E81428E
:10AE100018DA08F05EFB054608F064FD6179012947
:10AE200002D9A179491CA1710DB1216900E0E16845
:10AE3000411A022902DA11F1020F06DC0DB120617C
:10AE400000E0E060BDE87040F7E570BD470000201D
:10AE5000374901200860704770B50D2000F049F8AF
:10AE6000344C0020C4F800010125C4F804530D201F
:10AE700000F050F825604FF0E0216014C1F80001A7
:10AE800070BD10B50D2000F034F82A480121416052
:10AE90000021C0F80011BDE810400D2000F03AB8C4
:10AEA000254810B504682449244808310860214920
:10AEB000D1F80001012804D0FFDF1F48001D046005
:10AEC00010BD1B48001D00680022C0B2C1F800215F
:10AED00008F05FFCF1E710B5164800BFD0F800118C
:10AEE0000029FBD0FFF7DCFFBDE810400D2000F08B
:10AEF00011B800280DDB00F01F020121914040092C
:10AF0000800000F1E020C0F88011BFF34F8FBFF345
:10AF10006F8F7047002809DB00F01F02012191406C
:10AF20004009800000F1E020C0F880127047000066
:10AF300004D5004000D0004010050240010000018F
:10AF40004FF0E0214FF00070C1F8800101F5C071B1
:10AF5000BFF34F8FBFF36F8FC1F80001394B8022D1
:10AF600083F8002441F8800C704700B502460420A5
:10AF7000354903E001EBC0031B792BB1401EC0B281
:10AF8000F8D2FFDFFF2000BD41F8302001EBC00107
:10AF900000224A718A7101220A7100BD2A4A0021E9
:10AFA00002EBC0000171704710B50446042800D3BD
:10AFB000FFDF254800EBC4042079012800D0FFDF23
:10AFC0006079A179401CC0B2814200D060714FF01D
:10AFD000E0214FF00070C1F8000210BD70B50425EB
:10AFE000194E1A4C16E0217806EBC1000279012AAD
:10AFF00008D1427983799A4204D04279827156F815
:10B00000310080472078401CC0B22070042801D352
:10B01000002020706D1EEDB2E5D270BD0C4810B559
:10B0200004680B490B4808310860064890F8000492
:10B030004009042800D0FFDFFFF7D0FF0448001DBF
:10B04000046010BD19E000E07805002054000020E5
:10B0500010050240010000010F4A12680D498A42A2
:10B060000CD118470C4A12680A4B9A4206D101B516
:10B0700008F00AFC08F0DDFEBDE801400749096858
:10B080000958084706480749054A064B704700001B
:10B0900000000000BEBAFECA5800002004000020D4
:10B0A000B00F0020B00F002070B50C46054600F030
:10B0B00045FB21462846BDE8704001F026BC000053
:10B0C000F8B51D46DDE906470E000AD005F03BF94C
:10B0D0002346FF1DBCB231462A46009404F059FDB8
:10B0E000F8BDD0192246194602F023F92046F8BDD2
:10B0F00070B50D4604461022002102F044F9258166
:10B1000017206081A07B40F00A00A07370BD4FF64D
:10B11000FF720A800146022008F000BE70470089D5
:10B120007047827BD30701D1920703D480890880BE
:10B130000020704705207047827B920700D58181EF
:10B14000704701460020098841F6FE52114200D0A6
:10B150000120704700B50346807BC00701D0052061
:10B1600000BD59811846FFF7ECFFC00703D0987B5C
:10B1700040F004009873987B40F001009873002021
:10B1800000BD827B520700D509B140897047172066
:10B190007047827B61F3C302827370472DE9FC5FC5
:10B1A0000E46044601789646012000FA01F14DF65C
:10B1B000FF5201EA020962684FF6FF7B1188594588
:10B1C00002D10920BDE8FC9FB9F1000F05D041F67E
:10B1D000FE55294201D00120F4E741EA090111801E
:10B1E0001D0014D000232B7094F800C00521032209
:10B1F0001F464FF0020ABCF10E0F76D2DFE80CF0CA
:10B20000F909252F47646B77479193B4D1D804206F
:10B21000D8E7616820898B7B9B0767D517284AD3BD
:10B220000B89834247D38989172901D3814242D1AF
:10B2300085F800A0A5F80100328061688881606807
:10B24000817B21F002018173C6E0042028702089EF
:10B25000A5F801006089A5F803003180BCE0208AD0
:10B260003188C01D1FFA80F8414524D3062028707C
:10B270002089A5F801006089A5F80300A089A5F838
:10B2800005000721208ACDE90001636941E00CF047
:10B29000FF00082810D0082028702089A5F8010098
:10B2A0006089A5F8030031806A1D694604F10C002D
:10B2B00006F0BBFC10B15EE01020EDE730889DF891
:10B2C00000100844308087E00A2028702089A5F803
:10B2D0000100328044E00C2028702089A5F801008C
:10B2E0006089A5F8030031803AE082E064E02189BA
:10B2F000338800EB41021FFA82F843453BD3B8F193
:10B30000050F38D30E222A700BEA4101CDE9001057
:10B31000E36860882A467146FFF7D2FEA6F80080EF
:10B320005AE04020287060893188C01C1FFA80F8DC
:10B33000414520D32878714620F03F001230287014
:10B340002089A5F801006089CDE9000260882A46BD
:10B35000E368FFF7B5FEA6F80080287840063BD4E6
:10B3600061682089888037E0A0893288401D1FFAF3
:10B3700080F8424501D204273DE01620287020893C
:10B38000A5F801006089A5F80300A089CDE90001B6
:10B3900060882A4671462369FFF792FEA6F800806E
:10B3A000DEE718202870207A6870A6F800A013E065
:10B3B00061680A88920401D405271CE0C9882289A3
:10B3C000914201D0062716E01E2129703080606866
:10B3D000018821F400510180B9F1000F0BD0618880
:10B3E00078230022022008F0EFFB61682078887043
:10B3F00006E0338003276068018821EA09010180A3
:10B400003846DFE62DE9FF4F85B01746129C0D0048
:10B410001E461CD03078C10703D000F03F00192829
:10B4200001D9012100E000212046FFF7AAFEA84231
:10B430000DD32088A0F57F41FF3908D03078410630
:10B4400001D4000605D5082009B0BDE8F08F07201B
:10B45000FAE700208DF800008DF8010030786B1EAF
:10B4600000F03F0C0121A81E4FF0050A4FF0020921
:10B470004FF0030B9AB2BCF1200F75D2DFE80CF04D
:10B480008B10745E7468748C749C74B574BA74C8D0
:10B4900074D474E1747474F174EF74EE74ED748B9D
:10B4A000052D78D18DF80090A0788DF80400708873
:10B4B000ADF8060030798DF80100707800F03F009B
:10B4C0000C2829D00ADCA0F10200092863D2DFE8A9
:10B4D00000F0126215621A621D622000122824D048
:10B4E00004DC0E281BD01028DBD11BE016281FD04F
:10B4F0001828D6D11FE02078800701E02078400787
:10B50000002848DAEEE020780007F9E72078C00646
:10B51000F6E720788006F3E720784006F0E7207809
:10B520000006EDE72088C005EAE720884005E7E748
:10B5300020880005E4E72088C004E1E72078800740
:10B5400029D5032D27D18DF800B0B6F8010081E090
:10B55000217849071FD5062D1DD381B270780128A7
:10B5600003D0022817D102E0C9E0022000E0102039
:10B5700004228DF8002072788DF80420801CB1FB25
:10B58000F0F2ADF8062092B242438A4203D103970B
:10B59000ADF80890A6E079E02078000776D598B25B
:10B5A00082088DF800A0ADF80420B0EB820F6DD1B9
:10B5B0000297ADF8061095E02178C90666D5022DF0
:10B5C00064D381B206208DF80000707802285DD324
:10B5D000B1FBF0F28DF80400ADF8062092B24243C0
:10B5E0008A4253D1ADF808907BE0207880064DD593
:10B5F000072003E0207840067FD508208DF8000062
:10B60000A088ADF80400ADF80620ADF8081068E099
:10B610002078000671D50920ADF804208DF80000CF
:10B62000ADF8061002975DE02188C90565D5022DA9
:10B6300063D381B20A208DF80000707804285CD3AF
:10B64000C6E72088400558D5012D56D10B208DF82E
:10B650000000A088ADF8040044E021E026E016E0F8
:10B66000FFE72088000548D5052D46D30C208DF82E
:10B670000000A088ADF80400B6F803006D1FADF817
:10B680000850ADF80600ADF80AA02AE035E02088A1
:10B69000C00432D5012D30D10D208DF8000021E0FD
:10B6A0002088800429D4B6F80100E080A07B000740
:10B6B00023D5032D21D3307800F03F001B2818D06C
:10B6C0000F208DF80000208840F40050A4F80000FE
:10B6D000B6F80100ADF80400ED1EADF80650ADF867
:10B6E00008B0039769460598F9F7B8FA050008D03D
:10B6F00016E00E208DF80000EAE7072510E0082587
:10B700000EE0307800F03F001B2809D01D2807D03C
:10B710000220059908F002FB208800F400502080E8
:10B72000A07B400708D52046FFF70BFDC00703D1DB
:10B73000A07B20F00400A073284685E61FB50228F0
:10B7400006D101208DF8000088B26946F9F786FA23
:10B750001FBD0000F8B51D46DDE906470E000AD002
:10B7600004F0F1FD2346FF1DBCB231462A46009489
:10B7700004F00FFAF8BDD0192246194601F0D9FDA0
:10B780002046F8BD2DE9FF4F8DB09B46DDE91B57E4
:10B79000DDF87CA00C46082B05D0E06901F0FEF82E
:10B7A00050B11020D2E02888092140F010002880F4
:10B7B0008AF80010022617E0E16901208871E26929
:10B7C0004FF420519180E1698872E06942F60101ED
:10B7D0000181E069002181732888112140F0200057
:10B7E00028808AF80010042638780A900A203870D9
:10B7F0004FF0020904F118004D460C9001F0C6FB11
:10B80000B04681E0BBF1100F0ED1022D0CD0A9EB98
:10B810000800801C80B20221CDE9001005AB524621
:10B820001E990D98FFF796FFBDF816101A988142E1
:10B8300003D9F74800790F9004E003D10A9808B1C2
:10B8400038702FE04FF00201CDE900190DF1160319
:10B8500052461E990D98FFF77DFF1D980088401BEA
:10B86000801B83B2C6F1FF00984200D203461E99A6
:10B870000BA8D9B15FF00002DDF878C0CDE9032054
:10B8800009EB060189B2CDE901C10F980090BDF81E
:10B89000161000220D9801F00EFC387070B1C0B285
:10B8A000832807D0BDF8160020833AE00AEB09018F
:10B8B0008A19E1E7022011B0BDE8F08FBDF82C0035
:10B8C000811901F0FF08022D0DD09AF801204245A0
:10B8D00006D1BDF82010814207D0B8F1FF0F04D087
:10B8E0009AF801801FE08AF80180C9480068017851
:10B8F000052902D1BDF81610818009EB08001FFA56
:10B9000080F905EB080085B2DDE90C1005AB0F9A54
:10B9100001F03FFB28B91D980088411B4145BFF647
:10B9200071AF022D13D0BBF1100F0CD1A9EB0800A1
:10B93000801C81B20220CDE9000105AB52461E9960
:10B940000D98FFF707FF1D98058000203870002034
:10B95000B1E72DE9F8439C46089E13460027B26BD9
:10B960009AB3491F8CB2F18FA1F57F45FF3D05D0F9
:10B970005518AD882944891D8DB200E0002529198C
:10B98000B6F83C800831414520D82A44BCF8011063
:10B9900022F8021BBCF8031022F8021B984622F87A
:10B9A000024B914604F0BDFC4FF00C0C41464A4658
:10B9B0002346CDF800C004F0B8F8F587B16B00203D
:10B9C0002944A41D2144088003E001E0092700E088
:10B9D00083273846BDE8F88310B50B88848F9C42D6
:10B9E0000CD9846BE018048844B1848824F40044A2
:10B9F000A41D23440B801060002010BD0A2010BD40
:10BA00002DE9F0478AB00025904689468246ADF878
:10BA1000185007274BE0059806888088000446D414
:10BA2000A8F8006007A8019500970295CDE903509A
:10BA30004FF4007300223146504601F03CFB0400F5
:10BA40003CD1BDF81800ADF8200005980488818825
:10BA5000B44216D10A0414D401950295039521F439
:10BA600000410097049541F48043428821465046A6
:10BA700001F0BFF804000BD10598818841F4004122
:10BA8000818005AA08A94846FFF7A6FF0400DCD07C
:10BA90000097059802950195039504950188BDF8D6
:10BAA0001C300022504601F0A4F80A2C06D105AA49
:10BAB00006A94846FFF790FF0400ACD0ADF8185037
:10BAC00004E00598818821F40041818005AA06A937
:10BAD0004846FFF781FF0028F3D00A2C03D0204608
:10BAE0000AB0BDE8F0870020FAE710B50C46896B74
:10BAF00086B051B10C218DF80010A18FADF808105F
:10BB0000A16B01916946FAF75BF800204FF6FF71CF
:10BB1000A063E187A08706B010BD2DE9F0410D4676
:10BB20000746896B0020069E1446002911D0012B80
:10BB30000FD1324629463846FFF762FF002808D168
:10BB4000002C06D0324629463846BDE8F04100F0C8
:10BB500034BFBDE8F0812DE9FC411446DDE9087CE5
:10BB60000E46DDE90A15521DBCF800E092B296457A
:10BB700002D20720BDE8FC81ACF8002017222A7011
:10BB8000A5F80160A5F803300522CDE900423B4647
:10BB90002A46FFF7DFFD0020ECE770B50C4615469E
:10BBA00048220021204601F0EEFB04F1080044F891
:10BBB0001C0F00204FF6FF71E06161842084A58492
:10BBC0001720E08494F82A0040F00A0084F82A0044
:10BBD00070BD4FF6FF720A800146032008F09EB840
:10BBE00030B585B00C460546FFF77FFFA18E28468D
:10BBF00029B101218DF800106946F9F7E1FF002015
:10BC0000E0622063606305B030BDB0F8400070476B
:10BC10005C00002090F84620920703D440880880FA
:10BC20000020F4E70620F2E790F846209207EED5D0
:10BC3000A0F84410EBE70146002009880A0700D568
:10BC4000012011F0F00F01D040F00200CA0501D52B
:10BC500040F004008A0501D540F008004A0501D5EE
:10BC600040F010000905D2D540F02000CFE700B524
:10BC7000034690F84600C00701D0062000BDA3F897
:10BC800042101846FFF7D7FF10F03E0F05D093F88B
:10BC9000460040F0040083F8460013F8460F40F0D9
:10BCA00001001870002000BD90F84620520700D512
:10BCB00011B1B0F84200AAE71720A8E710F8462F04
:10BCC00061F3C3020270A2E72DE9FF4F9BB00E00A3
:10BCD000DDE92B34DDE92978289D24D02878C107B7
:10BCE00003D000F03F00192801D9012100E0002114
:10BCF0002046FFF7D9FFB04215D32878410600F05F
:10BD00003F010CD41E290CD0218811F47F6F0AD179
:10BD10003A8842B1A1F57F42FF3A04D001E01229EE
:10BD200001D1000602D504201FB0C5E5FA491D98CF
:10BD30004FF0000A08718DF818A08DF83CA00FAAEA
:10BD40000A60ADF81CA0ADF850A02978994601F022
:10BD50003F02701F5B1C04F1180C4FF0060E4FF0F1
:10BD6000040BCDF858C01F2A7ED2DFE802F07D7D9B
:10BD7000107D267DAC7DF47DF37DF27DF17DF47D3B
:10BD8000F07D7D7DEF7DEE7D7D7D7D7DED0094F808
:10BD90004610B5F80100890701D5032E02D08DF8B1
:10BDA00018B01EE34FF40061ADF85010608003211D
:10BDB0008DF83C10ADF84000D4E2052EEFD1B5F877
:10BDC00001002083ADF81C00B5F80310618308B1B1
:10BDD000884201D9012079E10020A07220814FF62C
:10BDE000FF702084169801F0D1F8052089F8000032
:10BDF0000220029083460AAB1D9A16991B9801F007
:10BE0000C8F890BB9DF82E00012804D0022089F8C4
:10BE10000100102003E0012089F8010002200590B4
:10BE2000002203A90BA805F000FFE8BB9DF80C0059
:10BE3000059981423DD13988801CA1EB0B018142DB
:10BE400037DB02990220CDE900010DF12A034A46B1
:10BE500041461B98FFF77EFC02980BF1020B801CF9
:10BE600081B217AA029101E09CE228E003A90BA885
:10BE700005F0DBFE02999DF80C00CDE9000117AB3F
:10BE80004A4641461B98FFF765FC9DF80C000AAB3B
:10BE90000BEB00011FFA81FB02991D9A084480B246
:10BEA000029016991B9800E003E001F072F8002858
:10BEB000B6D0BBF1020F02D0A7F800B04FE20A20C3
:10BEC0008DF818004BE200210391072EFFF467AFB5
:10BED000B5F801002083ADF81C00B5F8032062839B
:10BEE00000283FF477AF90423FF674AF0120A07274
:10BEF000B5F8050020810020A073E06900F04EFD38
:10BF000078B9E16901208871E2694FF4205191808C
:10BF1000E1698872E16942F601000881E069002167
:10BF20008173F01F20841E98606207206084169839
:10BF300001F02CF8072089F80000012004900290FD
:10BF40000020ADF82A0028E019E29FE135E1E5E0A4
:10BF500012E2A8E080E043E00298012814D0E069F2
:10BF60008079012803D1BDF82800ADF80E000498AF
:10BF700003ABCDE900B04A4641461B98FFF7EAFB08
:10BF80000498001D80B20490BDF82A00ADF80C00A2
:10BF9000ADF80E00059880B202900AAB1D9A169972
:10BFA0001B9800F0F6FF28B902983988001D05900B
:10BFB0008142D1D20298012881D0E069807901289C
:10BFC00003D1BDF82800ADF80E00049803ABCDE90D
:10BFD00000B04A4641461B98FFF7BCFB0298BDE102
:10BFE000072E02D0152E7FF4DAAEB5F801102183AA
:10BFF000ADF81C10B5F80320628300293FF4EAAEC7
:10C0000091423FF6E7AE0121A1724FF0000BA4F878
:10C0100008B084F80EB0052E07D0C0B2691DE269E1
:10C0200005F0E4FD00287FF44AAF4FF6FF7020844E
:10C0300001A906AA14A8CDF800B081E885032878E4
:10C04000214600F03F031D9A1B98FFF79BFB824699
:10C05000208BADF81C0082E10120032EC3D14021CA
:10C06000ADF85010B5F801102183ADF81C100AAAE4
:10C07000B8F1000F00D00023CDE9020304921D980F
:10C08000CDF80480009038880022401E83B21B98AF
:10C0900001F011F88DF8180090BB0B2089F8000012
:10C0A000BDF8280035E04FF0010C052E9BD1802013
:10C0B000ADF85000B5F801102183B5F803002084D5
:10C0C000ADF81C10B0F5007F03D907208DF81800DB
:10C0D00087E140F47C4222840CA8B8F1000F00D024
:10C0E0000023CDE90330CDE9018C1D9800903888FC
:10C0F000401E83B21B9800F0DEFF8DF8180018B1C7
:10C100008328A8D10220BFE00D2189F80010BDF8D6
:10C110003000401C22E100005C000020032E04D20D
:10C1200048067FF53CAE002018E1B5F80110ADF8E7
:10C130001C102878400602D58DF83CE002E007206C
:10C140008DF83C004FF000080320CDE902081E9B4B
:10C15000CDF810801D980193A6F1030B00901FFAF3
:10C160008BF342461B9800F044FD8DF818008DF8C3
:10C170003C80297849060DD52088C00506D5208B3E
:10C18000BDF81C10884201D1C4F8248040468DF8C7
:10C190001880E3E0832801D14FF0020A4FF4807049
:10C1A000ADF85000BDF81C002083A4F820B01E9804
:10C1B0006062032060841321CDE0052EFFF4EFAD13
:10C1C000B5F80110ADF81C10A28F6AB3A2F57F4339
:10C1D000FE3B29D008228DF83C2000BF4FF0000B19
:10C1E0000523CDE9023BDDF878C0CDF810B01D9AEB
:10C1F00080B2CDF804C040F400430092B5F80320AB
:10C200001B9800F0F6FC8DF83CB04FF400718DF8EF
:10C210001800ADF85010832810D0F8B1A18FA1F507
:10C220007F40FE3807D0DCE00B228DF83C204FF633
:10C23000FE72A287D2E7A4F83CB0D2E000942B466D
:10C2400031461E9A1B98FFF784FB8DF8180008B141
:10C2500083284BD1BDF81C00208353E700942B4664
:10C2600031461E9A1B98FFF774FB8DF81800E8BB47
:10C27000E18FA06B0844831D8DE888034388828882
:10C2800001881B98FFF767FC824668E095F80180FB
:10C29000022E70D15FEA080002D0B8F1010F6AD116
:10C2A00009208DF83C0007A800908DF84080434697
:10C2B000002221461B98FFF730FC8DF842004FF01A
:10C2C000000B8DF843B050B9B8F1010F12D0B8F19E
:10C2D000000F04D1A18FA1F57F40FF380AD0A08FB5
:10C2E00040B18DF83CB04FF4806000E037E0ADF82D
:10C2F00050000DE00FA91B98F9F762FC82468DF8FB
:10C300003CB04FF48060ADF85000BAF1020F06D097
:10C31000FC480068C07928B18DF8180027E0A4F81F
:10C32000188044E0BAF1000F03D081208DF8180086
:10C330003DE007A800904346012221461B98FFF7E5
:10C34000ECFB8DF8180021461B98FFF7CEFB9DF8FB
:10C35000180020B9192189F80010012038809DF8B3
:10C360003C0020B10FA91B98F9F72AFC8246BAF1CC
:10C37000000F33D01BE018E08DF818E031E0207892
:10C38000000712D5012E10D10A208DF83C00E0885C
:10C39000ADF8400003201B9907F0C0FC0820ADF861
:10C3A0005000C0E648067FF5FAAC4FF0040A20883A
:10C3B000BDF8501008432080BDF8500080050BD513
:10C3C000A18FA1F57F40FE3806D11E98E062289823
:10C3D0002063A6864FF0030A5046A5E49DF8180096
:10C3E00078B1012089F80000297889F80110BDF89A
:10C3F0001C10A9F802109DF8181089F804100520E7
:10C4000038802088BDF8501088432080E4E72DE96B
:10C41000FF4F8846087895B0012181404FF209000E
:10C42000249C0140ADF820102088DDF88890A0F50C
:10C430007F424FF0000AFF3A06D039B1000705D518
:10C44000012019B0BDE8F08F0820FAE7239E4FF0D5
:10C45000000B0EA886F800B018995D460988ADF863
:10C460003410A8498DF81CB0179A0A718DF838B0AD
:10C47000086098F8000001283BD0022809D0032862
:10C480006FD1307820F03F001D303070B8F80400D4
:10C49000E08098F800100320022904D1317821F0BF
:10C4A0003F011B31317094F84610090759D505AB8F
:10C4B000B9F1000F13D0002102AA82E80B00072077
:10C4C000CDE90009BDF83400B8F80410C01E83B2ED
:10C4D0000022159800F0EFFD0028D1D101E0F11CF9
:10C4E000EAE7B8F80400A6F80100BDF81400C01C83
:10C4F00004E198F805108DF81C1098F80400012844
:10C5000006D04FF4007A02282CD00328B8D16CE171
:10C510002188B8F8080011F40061ADF8201020D08F
:10C5200017281CD3B4F84010814218D3B4F8441033
:10C53000172901D3814212D1317821F03F01C91C62
:10C540003170A6F801000321ADF83410A4F84400BE
:10C5500094F8460020F0020084F8460065E10525C5
:10C560007EE177E1208808F1080700F4FE60ADF86D
:10C57000200010F0F00F1BD010F0C00F03D038884F
:10C58000228B9042EBD199B9B878C00710D0B96826
:10C590000720CDE902B1CDF804B00090CDF810B07D
:10C5A000FB88BA883988159800F023FB0028D6D17B
:10C5B0002398BDF82010401C80294ED006DC10299D
:10C5C0000DD020290BD0402987D124E0B1F5807F00
:10C5D0006ED051457ED0B1F5806F97D1DEE0C806B0
:10C5E00001D5082000E0102082460DA907AA0520E9
:10C5F000CDE902218DF83800ADF83CB0CDE90496C4
:10C6000008A93888CDE9000153460722214615982C
:10C61000FFF7B8F8A8E09DF81C2001214FF00A0AA6
:10C62000002A9BD105ABB9F1000F00D00020CDE965
:10C6300002100720CDE90009BDF834000493401E24
:10C6400083B2218B0022159800F035FD8DF81C0077
:10C650000B203070BDF8140020E09DF81C20012153
:10C660004FF00C0A002A22D113ABB9F1000F00D011
:10C670000020CDE902100720CDE900090493BDF8A0
:10C680003400228C401E83B2218B159800F013FDDC
:10C690008DF81C000D203070BDF84C00401CADF82A
:10C6A000340005208DF83800208BADF83C00BCE04C
:10C6B0003888218B88427FF452AF9DF81C004FF0E0
:10C6C000120A00281CD1606AA8B1B878C0073FF4EC
:10C6D00046AF00E018E0BA680720CDE902B2CDF815
:10C6E00004B00090CDF810B0FB88BA88159800F01F
:10C6F00080FA8DF81C00132030700120ADF8340052
:10C7000093E000005C0000203988208B8142D2D168
:10C710009DF81C004FF0160A0028A06B08D0E0B36B
:10C720004FF6FF7000215F46ADF808B0019027E09A
:10C7300068B1B978C907BED1E18F0DAB0844821D3D
:10C7400003968DE80C0243888288018809E0B87856
:10C75000C007BCD0BA680DAB03968DE80C02BB884D
:10C76000FA881598FFF7F7F905005ED0072D72D00B
:10C7700076E0019005AA02A92046FFF72DF90146AF
:10C78000E28FBDF80800824201D00029F1D0E08F8D
:10C79000A16B084407800198E08746E09DF81C00E3
:10C7A0004FF0180A40B1208BC8B138882083214649
:10C7B0001598FFF79AF938E004F118000090237EED
:10C7C000012221461598FFF7A8F98DF81C000028D2
:10C7D000EDD1192030700120ADF83400E7E70525D0
:10C7E00021461598FFF781F93AE0208800F400709F
:10C7F000ADF8200050452DD1A08FA0F57F41FE3926
:10C8000001D006252CE0D8F808004FF0160A48B1F0
:10C81000A063B8F80C10A1874FF6FF71E187A0F86C
:10C8200000B002E04FF6FF70A087BDF8200030F4A2
:10C830007F611AD0782300220320159907F0C4F9EC
:10C8400098F8000020712088BDF82010084320804F
:10C850000EE000E007252088BDF8201088432080E6
:10C86000208810F47F6F1CD03AE02188814321801A
:10C870009DF8380020B10EA91598F9F7A1F90546E1
:10C880009DF81C000028EBD086F801A00120307034
:10C89000208B70809DF81C0030710520ADF83400AD
:10C8A000DEE7A18EE1B118980DAB0088ADF8340039
:10C8B0002398CDE90304CDE90139206B0090E36AA8
:10C8C000179A1598FFF700FA054601208DF83800F1
:10C8D0000EA91598F9F774F900B10546A4F834B01B
:10C8E00094F8460040070AD52046FFF7A4F910F057
:10C8F0003E0F04D114F8460F20F004002070189861
:10C90000BDF83410018028469BE500B585B00328AA
:10C9100006D102208DF8000088B26946F9F750F977
:10C9200005B000BD10B5384C0B782268012B02D041
:10C93000022B2AD111E013780BB1052B01D104236E
:10C94000137023688A889A802268CB88D3802268F3
:10C950000B891381498951810DE08B88938022686E
:10C96000CB88D38022680B8913814B8953818B89B3
:10C970009381096911612168F9F722F92268002180
:10C980000228117003D0002800D0812010BD832020
:10C9900010BD806B002800D00120704781780129EC
:10C9A00009D10088B0F5205F03D042F6010188422A
:10C9B00001D10020704707207047F0B587B00024F0
:10C9C00015460E460746ADF8184011E00598008858
:10C9D000288005980194811DCDE902410721049426
:10C9E0000091838842880188384600F002F930B906
:10C9F00005AA06A93046FEF7EFFF0028E6D00A2870
:10CA000000D1002007B0F0BD5C00002010B58B788D
:10CA100083B102789A4205D10B885BB102E08B7931
:10CA2000091D4BB18B789A42F9D1B0F801300C88CE
:10CA3000A342F4D1002010BD812010BD072826D0CC
:10CA400012B1012A27D103E0497801F0070102E081
:10CA50004978C1F3C20105291DD2DFE801F00318AE
:10CA6000080C12000AB10320704702207047042806
:10CA70000DD250B10DE0052809D2801E022808D33E
:10CA800003E0062803D0032803D0052070470020C8
:10CA900070470F20704781207047C0B282060BD4C8
:10CAA000000607D5FA48807A4143C01D01EBD0004B
:10CAB00080B27047084670470020704770B51388F1
:10CAC0000B800B781C0625D5F14CA47A844204D83F
:10CAD00043F010000870002070BD956800F0070654
:10CAE00005EBD0052D78F54065F304130B70137832
:10CAF000D17803F0030341EA032140F20123B1FBA3
:10CB0000F3F503FB15119268E41D00FB012000EB17
:10CB1000D40070BD906870BD37B51446BDF80410E0
:10CB20001180117841F0040111709DF804100A067B
:10CB30001ED5D74AA368C1F30011927A824208D861
:10CB4000FE2811D1D21DD2084942184600F01BFC24
:10CB50000AE003EBD00200F00703012510789D40A6
:10CB6000A843994008431070207820F010002070EE
:10CB70003EBD2DE9F0410746C81C0E4620F00300DB
:10CB8000B04202D08620BDE8F081C14D002034467D
:10CB90002E60AF802881AA72E8801AE0E988491CDB
:10CBA000E980810614D4E17800F0030041EA002016
:10CBB00040F20121B0FBF1F201FB12012068FFF706
:10CBC0006CFF2989084480B22881381A3044A0605B
:10CBD0000C3420784107E1D40020D4E7AC4801228E
:10CBE0000189C08800EB400002EB8000084480B25D
:10CBF00070472DE9FF4F89B01646DDE9168A0F46CA
:10CC0000994623F44045084600F054FB040002D046
:10CC10002078400703D401200DB0BDE8F08F0998BB
:10CC200003F016FA02902078000606D59848817A1B
:10CC30000298814201D88720EEE7224601A9029896
:10CC4000FFF73CFF834600208DF80C004046B8F10A
:10CC5000070F1AD001222146FFF7F0FE0028DBD192
:10CC60002078400611D502208DF80C00ADF8107028
:10CC7000BDF80400ADF81200ADF814601898ADF8D6
:10CC80001650CDF81CA0ADF818005FEA094004D595
:10CC900000252E46A84601270CE02178E07801F017
:10CCA000030140EA012040F20121B0FBF1F280468D
:10CCB00001FB12875FEA494009D5B84507D1A17841
:10CCC000207901F0030140EA0120B04201D3BE42C5
:10CCD00001D90720A0E7A8191FFA80F9B94501D9A1
:10CCE0000D2099E79DF80C0028B103A90998F8F7E1
:10CCF00065FF002890D1B84507D1A0784FEA1921E7
:10CD000061F30100A07084F804901A9800B10580C6
:10CD1000199850EA0A0027D0199830B10BEB060099
:10CD20002A46199900F005FB0EE00BEB0608574662
:10CD3000189E099803F0F5FA2B46F61DB5B2394650
:10CD40004246009502F0F1FE224601A90298FFF743
:10CD5000B5FE9DF80400224620F010008DF8040076
:10CD6000DDE90110FFF7D8FE002055E72DE9FF4F60
:10CD7000DFF81C91824685B0B9F80610D9F800009A
:10CD800001EB410100EB810440F20120B2FBF0F124
:10CD9000174600FB1175DDE9138B4E4629460698B0
:10CDA000FFF77BFE0346FFF719FF1844B1880C30EC
:10CDB000884202D9842009B02FE70698C6B230060F
:10CDC00003D5B00601D50620F5E7B9F80620521CB8
:10CDD00092B2A9F80620BBF1000F01D0ABF80020F9
:10CDE000B00602D5C4F808800AE0B9F808201A4451
:10CDF00092B2A9F80820D9F80000891A0844A06066
:10CE00002246FE200699FFF787FEE77025712078FD
:10CE1000390A61F301002A0AA17840F0040062F3A4
:10CE20000101A17020709AF802006071BAF8000048
:10CE3000E08000252573300602D599F80A7000E0DD
:10CE40000127B00601D54FF000084E4600244FF0F0
:10CE500007090FE0CDE902580195CDF8009004953F
:10CE6000F1882046129B089AFFF7C3FE0028A2D142
:10CE7000641CE4B2BC42EDD300209CE700B5FFF790
:10CE8000ADFE03490C308A88904203D9842000BD4E
:10CE900098050020CA88086802EB420300EB830073
:10CEA000521C037823F004030370CA80002101732D
:10CEB0000846ECE72DE9F047804600F0FBF9070053
:10CEC00005D000264446F74D40F2012916E0012026
:10CED000BDE8F087204600F0EDF90278C17802F055
:10CEE000030241EA0222B2FBF9F309FB13210068B5
:10CEF000FFF7D3FD3044641C86B2A4B2E988601EFB
:10CF00008142E7DCA8F10100E8802889801B2881A4
:10CF100000203870DCE710B5144631B1491E21807D
:10CF200003F096F8A070002010BD012010BD70B570
:10CF30000446DC48C188036801E0401C208020884A
:10CF4000884207D200EB400213EB820202D0157830
:10CF50006D07F2D580B2884216D2AAB15079A0727C
:10CF6000D08820819178107901F0030140EA0120F6
:10CF7000A081A078E11CFFF7A1FD20612088401C62
:10CF80002080E080002070BD0A2070BD0121018258
:10CF900070472DE9FF4F85B04FF6FF798246A3F821
:10CFA000009048681E460D4680788DF80600486857
:10CFB0000088ADF8040000208DF80A00088A0C886B
:10CFC000A04200D304462C8251E03878400708D4B0
:10CFD000641C288AA4B2401C288208F10100C0B257
:10CFE00046E0288A401C2882781D6968FFF70EFDFC
:10CFF000D8BB3188494501D1601E30803188A1EB12
:10D00000080030806888A04238D3B878397900F0B9
:10D01000030041EA002801A9781DFFF7F7FC20BBB7
:10D02000298949452ED0002239460798FFF706FD89
:10D03000D8B92989414518D1E9680391B5F80AC0E2
:10D04000D7F808B05046CDF800C003F06AF9DDF813
:10D0500000C05A460CF1070C1FFA8CFC434603999A
:10D06000CDF800C002F02BFD60B1641CA4B200201A
:10D070008046204600F01EF90700A6D1641E2C82CF
:10D080000A2098E674807879B071F888B080397891
:10D09000F87801F0030140EA01207081A6F80C80C5
:10D0A000504602F0D5FF3A4606F10801FFF706FDAB
:10D0B000306100207FE62DE9FF4F87B081461C4696
:10D0C0009246DDF860B0DDF85480089800F0F2F880
:10D0D000050002D02878400702D401200BB09CE55F
:10D0E000484602F0B5FF2978090605D56D49897AC9
:10D0F000814201D88720F1E7CAF309062A4601A92F
:10D10000FFF7DCFC0746149807281CD000222946AC
:10D11000FFF794FC0028E1D12878400613D50120C0
:10D120008DF808000898ADF80C00BDF80400ADF8C3
:10D130000E00ADF81060ADF8124002A94846F8F7AD
:10D140003DFD0028CAD12978E87801F0030140EAC2
:10D150000121AA78287902F0030240EA022056450C
:10D1600007D0B1F5007F04D9611E814201DD0B209B
:10D17000B4E7864201D90720B0E7801B85B2A542FB
:10D1800000D92546BBF1000F01D0ABF8005017982D
:10D1900018B1B9192A4600F0CCF8B8F1000F0DD03B
:10D1A0003E4448464446169F03F0CDF82146FF1DF5
:10D1B000BCB232462B46009402F0EBFC00208DE717
:10D1C0002DE9F04107461D461646084600F072F864
:10D1D000040002D02078400701D40120D3E438466F
:10D1E00002F036FF2178090605D52E49897A814259
:10D1F00001D88720C7E422463146FFF75FFC65B1BE
:10D200002178E07801F0030140EA0120B0F5007FC9
:10D2100001D8012000E0002028700020B3E42DE9AF
:10D22000F04107461D461646084600F043F8040044
:10D2300002D02078400701D40120A4E4384602F04F
:10D2400007FF2178090605D51649897A814201D858
:10D25000872098E422463146FFF75EFCFF2D14D06C
:10D260002178E07801F0030240EA022040F2012236
:10D27000B0FBF2F302FB130015B900F2012080B2FB
:10D28000E070000A60F30101217000207BE410B51A
:10D290000C4600F00FF810B10178490704D40120C2
:10D2A00010BD000098050020C18821804079A07041
:10D2B0000020F5E70749CA88824209D340B10968CE
:10D2C00000EB40006FF00B0202EB80000844704757
:10D2D000002070479805002070B504460D46214691
:10D2E0002B460AB9002070BD01E0491C5B1C501E92
:10D2F000021E03D008781E78B042F6D008781E7857
:10D30000801BF0E730B50C4601462346051B9542CD
:10D3100006D202E0521E9D5C8D54002AFAD107E02D
:10D3200004E01D780D70491C5B1C521E002AF8D1C8
:10D3300030BDF0B50E460146334680EA030404F0E2
:10D340000304B4B906E002B9F0BD13F8017B01F89B
:10D35000017B521E01F00307002FF4D10C461D463D
:10D3600002E080CD80C4121F042AFAD221462B4647
:10D3700000BF04E013F8014B01F8014B521E002AD4
:10D38000F8D100BFE0E7F0B50C460146E6B204E094
:10D3900002B9F0BD01F8016B521E01F00307002F26
:10D3A000F6D10B46E5B245EA052545EA054501E01B
:10D3B00020C3121F042AFBD2194602E001F8016BB8
:10D3C000521E002AFAD100BFE3E710B506F0F7FEBF
:10D3D000FAF792F906F09CFDBDE8104006F02EBE6B
:10D3E000202801D2012070470020704701224FF011
:10D3F000A043824011B1C3F80C257047C3F808253B
:10D4000070474FF0A04101228240C1F818257047B3
:10D4100070B50346002002466FF02F050EE09C5CBD
:10D42000A4F130060A2E02D34FF0FF3070BD00EB9E
:10D43000800005EB4000521C2044D2B28A42EED359
:10D4400070BD30B50A230BE0B0FBF3F403FB14040A
:10D45000B0FBF3F08D183034521E05F8014CD2B2F7
:10D46000002AF1D130BD30B500234FF6FF7510E032
:10D47000040A44EA002084B2C85C6040C0F303148C
:10D48000604005EA00344440E0B25B1C84EA40108E
:10D490009BB29342ECD330BDF94A137882F88B30BB
:10D4A000A2F88C0082F88A10012082F8880092F895
:10D4B000640008B192F8600082F88E00704710B5E1
:10D4C0000B46114658B11846FFF7E6FFED48806855
:10D4D000008802F026FFBDE8104002F0CDBBBDE899
:10D4E00010404FF6FF70D7E770B50026044646702F
:10D4F000E44D1120207029682022A01C6831FFF71C
:10D5000018FF0121A171286800F8666F8078002853
:10D5100011D1DB48B0F86A20A0F89220AA68537BAA
:10D5200080F8943080F89010108802F0FAFEBDE880
:10D53000704002F0B0BB70BD70B5D24D296891F853
:10D5400096200024012A11D091F89020012A1CD0A5
:10D5500091F86620012A22D091F88820012A21D052
:10D5600091F8A020012A2ED0002070BD447017220F
:10D57000027051F8972FC0F802204A68C0F80620C0
:10D580000A7A827201F8014C1BE044700522027095
:10D59000D1F89220C0F8022081F8904011E0FFF706
:10D5A000A3FF0EE091F86620012AF8D044701422FF
:10D5B000027051F88A2FC0F802208A88C28001F8D0
:10D5C000024C012070BD44701A2200F8022B222266
:10D5D000A131FFF7AEFE286880F8A040F1E7A94826
:10D5E000006890F8661011B1B0F86A0070474FF605
:10D5F000FF70704770B5A34C206800B9FFDF20684A
:10D60000417811B10C25284670BD0025C422294659
:10D61000FFF7B9FE2168FF2008707F2081F83700EE
:10D6200013204884282081F86500012081F85C00DF
:10D63000002081F85F0007F0AFF906F091FCE2E707
:10D6400070B5904C0546206800B9FFDF21680020C6
:10D6500048706560FFF7CEFF002800D0FFDF70BD87
:10D66000884909680978814201D10120704700206A
:10D670007047844800B5016891F82400498CC0F3D4
:10D680008002C0F340031A4400F001001044132943
:10D6900015D004DC102909D0122904D10FE0152976
:10D6A00008D01D2904D0FFDF002000BD764903E02B
:10D6B000764800BD7449083131F8100000BD724948
:10D6C0000839F9E76F4840F271210068806A4843E1
:10D6D00070476C48006890F83600002800D00120A0
:10D6E000704710B5664C207B00F074FD40B1207D82
:10D6F00004F115010BF034FB082801D0012010BD06
:10D70000207B30B1022804D00120BDE8104007F092
:10D71000A6BC0020F9E75A490873704759490968BF
:10D7200081F83000704770B50646554890F82D00D6
:10D730000BF0A4FA050018D010210BF076FD00289C
:10D7400013D1504C012032462168C87628461C313E
:10D7500007F092FCD4E900101C310BF0BFFF6068A9
:10D76000BDE8704001210BF0C8BF70BD2DE9F0414C
:10D77000434C074694F82D000BF0FDFA064694F84A
:10D780002F0004F10E0528B126B194F82D000BF0FE
:10D7900018FAA0B194F83000002824D094F82E0094
:10D7A000002820D0607B294600F025FDA8B10BF0B1
:10D7B0008AFB3A462946BDE8F04107F05DBC0120EE
:10D7C00060733A462946304607F056FC94F82D100F
:10D7D0002846BDE8F0410BF065BB39462846BDE858
:10D7E000F04107F07EBCBDE8F08170B5254C2168A2
:10D7F000087BB0B1022814D0012048730E3107F025
:10D8000018FC2068007B00F0E5FC216881F82F00FF
:10D81000082081F82D00487B0E3100F0E3FC40B970
:10D8200001E00020E9E72168487B0E3100F0E3FCCD
:10D8300000B10120216881F82E0091F82F0018B95D
:10D8400091F82200400706D5087D15310BF088FAC3
:10D85000216881F82D0020680025456004F0ADFDA9
:10D86000216888600020FFF781FF2068C57690F866
:10D87000220040070CD5BDE87040002053E70000AF
:10D88000A405002064000020A0B101008F891300CE
:10D8900070BDFB4A1268137B0370D2F80E0008605B
:10D8A000508A8880704778B5F6490446F44D407B2D
:10D8B00008732A68207810706088ADF8000080B284
:10D8C00000F00101C0F3400341EA4301C0F38003CB
:10D8D00041EA8301C0F3C00341EAC301C0F300136E
:10D8E00041EA0311C0F3401341EA4311C0F3801031
:10D8F00041EA80105084E07D012825D0022825D0FF
:10D90000FFDF286880F85E60217B80F82410418C5E
:10D910001D291DD061688162617D80F83610A17B70
:10D92000C1B1022916D00121017554F80F1FC0F8AA
:10D930001510A188A0F81910217B012900D0002121
:10D9400080F83410002078BD0126DAE70226D8E7F7
:10D950000021E0E70021E7E7C948006890F82200CD
:10D96000C0F38000704700B5FFF7F6FF08B1002054
:10D9700000BD1F2000BD00B5FFF7F5FF002800D057
:10D98000012000BDBE49002209680A664B8C1D2B90
:10D9900002D081F86400704781F864207047B84A6B
:10D9A0000023126882F85D3042F84C1F90800120FD
:10D9B00050747047B24A0023126882F85C30A2F8B3
:10D9C000580042F8541F012010727047AC49096892
:10D9D00081F835007047AA49096881F85F007047EF
:10D9E000A748006890F95F007047A548006890F864
:10D9F000220000F001007047A148006890F8220062
:10DA0000C0F340007047002070479D48006890F8C0
:10DA10002200C0F3C000704701207047012070470A
:10DA20000120704770B500F0FAFB954C2068016E3C
:10DA3000491C016690F83300002530B106F0ACFFB8
:10DA400006F08EFA206880F833502068457090F810
:10DA5000381009B102201AE090F86410B1B1006EDC
:10DA6000814213D8022007F095FF206890F8220029
:10DA7000C00704D0A06843220188012003E04322AC
:10DA80004FF6FF710020BDE8704018E50020BDE8AA
:10DA9000704007F07FBF10B501280DD002280DD0CF
:10DAA00004280FD0FFDF7648006890F85E10BDE8CC
:10DAB0001040252006F0FEBB252000E0262006F0C1
:10DAC000D3FCF0E72720FAE702460020D30701D075
:10DAD000CB0705D0930705D58B0703D402207047E9
:10DAE000012070475207FCD54907FAD4042070473B
:10DAF0002DE9F041624C86B0206800B9FFDF206854
:10DB00004178E9BB0178FF2942D0002580F83150E7
:10DB1000A0F85A50857080F83850284606F09EFECE
:10DB2000182259496846FFF704FC684606F08AFE49
:10DB300006F0CCFB206890F95F0006F085FC5248A7
:10DB40001D3806F087FC5048203806F06CFE6068EF
:10DB500006F087FE2068002190F82400FFF7B4FF4C
:10DB6000FFF799FF206880F82C5006F071FE2068BE
:10DB700090F85E10002006F030FD0F21052000E037
:10DB800006E006F038FC206890F82E1051B902E04B
:10DB90000C2006B027E690F82F1019B990F8220053
:10DBA00040072BD504F009FC804620684146806878
:10DBB00005F004F9354F064690FBF7F007FB1060BF
:10DBC0004142404604F0CDF82168886096FBF7F0AA
:10DBD0004A68104448600BF0BFF821684A689042D8
:10DBE0000CD8C1E901580120FFF7C0FD206890F86A
:10DBF0002200400702D50120FFF795FD2068417BF8
:10DC00000E3006F0EAFB206890F85C1039B1B0F8ED
:10DC10005810A0F84810416D416480F85C5090F8AD
:10DC20005D1041B1B0F85010A0F84010C16C40F840
:10DC30003C1F80F821500BF0FCF8032160680BF0CA
:10DC40002FF9216881F833000020A2E70C49886091
:10DC500070472DE9F0410A4C0746002620683146FE
:10DC6000C57E6068068000F0D1FA2068408C1328D9
:10DC700040D00DDC102861D012280DD15CE00000EE
:10DC800064000020A4050020B0B1010040420F0054
:10DC9000152838D01D2836D0FFDF00BF00F0CAFAA3
:10DCA0002068418C1D2907D0152905D0B0F84820DF
:10DCB000416C60680BF028FD206890F82C1090F8FB
:10DCC0002400FFF701FF05463FB1FFF7E4FE012204
:10DCD0004FF49671002006F01EFD206890F82C107D
:10DCE000294380F82C1090F824208A434FF001013A
:10DCF00029D02DE0002160680BF0C4FC0121606890
:10DD000000F084FACAE7012160680BF0BBFC012136
:10DD1000606800F07BFAD4E9001025B11C310BF0EB
:10DD2000DDFC012104E015310BF0D8FC2068017DF9
:10DD300060680BF0E2FCB1E7062100E002216068B8
:10DD40000BF0A0FCAAE7428C1D2A0BD080F8311002
:10DD50004170418C13290ED007DC10290AD01229FA
:10DD600007D108E080F82C60F2E7152903D01D29BF
:10DD700001D0FFDF37E590F85E20BDE8F0410121DA
:10DD8000084606F05ABEF84810B50068417841B917
:10DD90000078FF2805D00021084600F059FA00203D
:10DDA00010BD00F03CFA0C2010BD2DE9F041EE4D05
:10DDB0000446174628680E4690F8660000B1FFDF5B
:10DDC0002968002F81F868704ED12088A1F86A0078
:10DDD0006088A1F88000A088A1F88200E088A1F8FE
:10DDE000840094F88C0181F8860091F82F0020B10E
:10DDF000487B0E3100F0FFF940B9296891F83000F6
:10DE000060B1487B0E3100F0EDF938B12868D0F8E8
:10DE10000E104167418AA0F8781003E02868476730
:10DE2000A0F878706968FF2E0878C0F380106076DB
:10DE3000D1F80300C4F81A00B1F80710E18314D038
:10DE4000296801F16E02C1F87A00E08BA1F87E002A
:10DE500030466D310AF099FF00B9FFDF286810F8ED
:10DE60006D1F41F002010170BDE42868C0F87A70AE
:10DE7000A0F87E70617E80F86D10D4F81A1040F81A
:10DE80006E1FE18B8180AEE470B5FFF7BEFDB64C2E
:10DE9000012538B13C22FF21A068FFF786FF2068EA
:10DEA00080F86650206890F82200C00704D0A0686F
:10DEB0003C220188012003E03C224FF6FF71002044
:10DEC000FFF7FDFA206880F8385070BDA649096850
:10DED00081F83200704770B5002507F0BAFC50B1E8
:10DEE000A14C20684178012908D0022901D00329DA
:10DEF00036D0FFDF70BDBDE8704093E58178002922
:10DF0000F8D1418C102913D090F8330020B106F0DD
:10DF100019F8402006F02DFD206890F822104907DE
:10DF200010D490F83610012904D0032902D002E061
:10DF3000002119E0102590F85E2045F00E01002028
:10DF400006F07BFD206890F8340008B106F054FD1F
:10DF50000021962006F0B1FC21680220487070BDB7
:10DF600081780029FBD18178BDE87040012000F064
:10DF70006FB957E510B57C4C206890F8340008B1B3
:10DF800000F07AF9206890F8330018B106F004FD2B
:10DF900005F0E6FF07F05DFC88B1206840780228B4
:10DFA00000D0FFDF0021012000F052F92068417805
:10DFB000002903D04078012800D0FFDF10BDBDE864
:10DFC00010402FE510B50AF0CBFE04460AF07DFFA5
:10DFD00038B120460AF052FE18B110210BF025F995
:10DFE00008B1002010BD012010BD2DE9F047DFF879
:10DFF00078910E460746032809D0FFF7F6FC044641
:10E00000D9F8000090F8320020B1012003E0FFF7BA
:10E01000F3FC04460020804606F018FA0546032F5C
:10E020002BD0012734EA080453D0D9F800004C461D
:10E0300090F8330068B10AF0E2FE30700146FF2824
:10E0400007D06068C01C0AF0B7FE30780AF0E1FE25
:10E05000054360680178C1F3801221680B7D9A4204
:10E0600005D10622C01C1531FFF736F938B1002062
:10E070003178FF290BD0D8B903E00227D2E701207D
:10E08000F6E7206890F82D00884211D008E038B1FA
:10E09000616811F8030BC0F38010FFF793FF38B1EC
:10E0A0000020216891F82210490703D5A0B910E09B
:10E0B0000120F6E785B92D4890F8360008B1B8423E
:10E0C00007D1616811F8030BC0F38010FFF77AFFE6
:10E0D00010B10020BDE8F0870120FBE7F8B5224C25
:10E0E0000746002520684078022800D0FFDF20681E
:10E0F00090F8340008B100F0BFF860680BF0E4FA63
:10E1000006460FB306F073F9F0B1052E1DD1606815
:10E1100090F8240000F01F00102816D9206890F80D
:10E12000350090B1FF208DF80000012569460520DB
:10E13000FFF75BFF40B1206880F8A05061682222A1
:10E14000A130C91CFFF7F5F815E060680BF0FCFA88
:10E1500088B1062E0FD2DFE806F00E0E0E030E0B6E
:10E1600000F0CDF806E0000064000020A4050020C7
:10E1700000F091F800B90125206890F8330018B13B
:10E1800006F00AFC05F0ECFE1DB10021012000F0B4
:10E190005FF820684178002906D04178012903D032
:10E1A0004078032800D0FFDFF8BD70B59F4E0546CC
:10E1B0000C463068807800280BD106F02FF8034613
:10E1C0003068214690F85E202846BDE8704007F090
:10E1D000C1BD70BD022803D0032801D000207047C4
:10E1E00001207047012802D14879800901D0002020
:10E1F000704701207047012806D148790121B1EB11
:10E20000901F01D101207047002070470278202321
:10E2100022F0200203EA41110A430270704710B550
:10E2200006F09AFB06F079FB06F0C8FABDE810404C
:10E2300006F0FFBA10B57D4C7D4960680BF048FAD6
:10E240007B480E38417B6068BDE810400BF04CBA4B
:10E25000764A10B5126892F831303BB1508C1D28C7
:10E2600000D1FFDFBDE81040FFF7DCBB002902D181
:10E27000BDE81040EDE410BD10B56C4C206837309F
:10E2800006F0C5FB18B921687F2081F83700BDE88A
:10E29000104006F0A7BB38B5FF208DF8000001251F
:10E2A00069460520FFF7A1FE30B3604C20688078F6
:10E2B00008BB6268A0681278417BC2F3401211402B
:10E2C0004173012100F04AF800229DF80010A06877
:10E2D000FFF76BFD2068012100F8661F82788188B6
:10E2E0000120FFF7ECF8216800204870FFF797FF46
:10E2F000012007F04FFB00E00025284638BD38B567
:10E30000FF208DF80000012569460320FFF76DFE10
:10E31000464C002820681CD090F8341031B190F899
:10E32000960018B99DF8000000F04CF860680021D4
:10E33000018004210BF0A6F9FFF77CFF2068B0F8FC
:10E340004020C16B60680BF0EFF921680320487032
:10E3500002E0807800B90025284638BD70B5334DFD
:10E360000446686850F80F2FC4F80E208288628235
:10E3700082792275C27962750289E282428962805D
:10E380008289A280C289E2800269A260027D227332
:10E39000427D02F01F022276407D400984F88C0104
:10E3A00084F8641084F86510002104F130000BF04B
:10E3B0002AFB286890F8651004F8661F90F85F0043
:10E3C000607070BD70B5194C0122216881F89620EB
:10E3D0000A7881F89720FF280DD001F19902983131
:10E3E0000AF0D3FC00B9FFDF206810F8981F41F055
:10E3F000020101700CE060680278C2F3801281F8BB
:10E400009820D0F8032041F8992FB0F807008880B1
:10E41000256895F837009F357F2800D1FFDF2068F9
:10E4200010F8371F29707F21017070BD6400002033
:10E43000B20500202DE9FC470C460646694600F06F
:10E4400010FF002860D1FFF7CAF8B0425CD0214627
:10E45000304608F0DEFF28BB019D95F82C01703591
:10E4600018B9287F08B1012000E00020814695F806
:10E4700039004FF000084FF0010AA0B195F83A00BA
:10E48000800710D584F8018084F800A084F8028009
:10E49000A68095F83B10A171A98F2181E98F618138
:10E4A00085F839802DE0304601F04DFF070000D19E
:10E4B000FFDF384601F06DF940B184F801800D218D
:10E4C0002170A680E08084F802A01AE0304601F0B6
:10E4D00028FF070000D1FFDFB9F1000F14D0384644
:10E4E00001F0AFF980B1304606F01EFD84F80180DE
:10E4F0000A21217084F80280A680697FA17185F8C5
:10E500001C800120BDE8FC870020FBE71CB56946A4
:10E5100000F0A7FE00B1FFDF684600F0AFFEF9494A
:10E5200000208968A1F8F2001CBD2DE9FC410446D9
:10E530000E46062001F06EFD00250746A84606445B
:10E5400017E02088401C80B22080B04202D34046B1
:10E55000A4F8008080B2B84204D3B04202D20020B6
:10E56000BDE8FC81694600F07CFE0028F8D06D1CF7
:10E57000EDB2AE42E5D84FF6FF7020801220EFE7F3
:10E5800010B506F043FD0AF026FBDF484FF6FF7199
:10E5900000234182818203701B2141804FF4A472C9
:10E5A0008280C180028103228275C2758272042436
:10E5B000C4728181C1810282837610BD70B5D14C55
:10E5C0000D466060217006F0ADFC00F063FEFFF7C1
:10E5D000D7FF207809F09EFD284607F04DFACA487B
:10E5E0002838FFF72DF82178606808F0F6FFBDE8BD
:10E5F00070400AF0F0BA10B501240AB1002010BD35
:10E6000021B1012903D00024204610BD02210BF0C6
:10E61000CBF8F9E7887800B90320C97801B903215C
:10E62000107019700020704730B587B0044600881C
:10E63000694600F016FE002806D1A08830B10128F6
:10E6400004D0022802D0122007B030BD05AB04AAC6
:10E6500021466846FFF7DEFF0400F5D1019901204D
:10E6600081F8C501019991F81012002539B9019975
:10E6700091F8C41119B9019991F8971009B13A2488
:10E6800015E00199039581F8C40101989DF81020C7
:10E6900080F8C621019B9DF8140083F8C7018DF80E
:10E6A0000C208DF80D0003AA01200AF0F4FE019859
:10E6B00080F8C5512046C7E710B504460020A17870
:10E6C00001B90120E2780AB940F0020000F0F6FD3D
:10E6D000002803D12046BDE81040A5E710BD70B565
:10E6E0000D4604460189002380880AF0C9FE696A44
:10E6F00081421DD2401A401CA1884008091A8AB2E2
:10E70000A2802189081A2081668895F86410104635
:10E710000AF08DFE864200D230466080E68895F889
:10E72000651020890AF083FE864200D23046E080E0
:10E7300070BDF0B585B00D46064603A900F091FD09
:10E7400000282AD104990022FB20B1F84E30FB2B7F
:10E7500000D30346B1F85040FB20FB2C00D3044605
:10E76000DFF8A8C19CE8811000900197CDF808C09F
:10E77000ADF80230ADF806406846FFF7B0FF6E8096
:10E78000BDF80400E880BDF808006881BDF802000B
:10E79000A880BDF806002881002005B0F0BD2DE955
:10E7A000F04186B004460088694600F05AFD002812
:10E7B00059D12189E08800F09BFD002853D1A18820
:10E7C000608800F095FD00284DD12189E08800F097
:10E7D00085FD002847D1A188608800F07FFD0600F4
:10E7E00041D1208802A9FFF7A4FF00B1FFDFBDF8E7
:10E7F000101062880920914235D3BDF80C10E288D0
:10E80000914230D3BDF81210BDF80E202389114477
:10E81000A2881A44914226D3019D01274FF0000897
:10E8200085F8BB71019890F8FC0105F5DD7508B11C
:10E830003A2615E0E08868806088E880218940F603
:10E840004800814200D30146A980A188814200D2BC
:10E8500008462881002228460199FFF740FF2F70C3
:10E8600085F80180304606B0BDE8F08197E710B525
:10E870000446FEF761FE002813D0207814280FD13B
:10E88000A07868B1A088062101F018FC40B100888A
:10E8900006F04AFBA088062101F022FC00B1FFDF50
:10E8A000012010BD2DE9F041060000D1FFDF164820
:10E8B000022114308046FFF738FE00B1FFDF124C12
:10E8C0000620A78A01F0A6FB0546A08AA84203D12C
:10E8D0003046FFF7CCFF20B9A08A3146FFF7AAFDEA
:10E8E00030B1304600F012FD0028EED10120BBE728
:10E8F00002214046FFF719FE10B9A08AB842E4D1C0
:10E900000020B1E77000002090060020C8B101008F
:10E9100010B500F083FC08B10C2010BD0AF096F988
:10E92000002010BD10B50446007818B1012801D0B0
:10E93000122010BD00F07DFC20B10AF0FDF908B1F5
:10E940000C2010BD207800F053FCE21D04F11703E9
:10E95000611CBDE810400AF09BB910B5044600F0F8
:10E960005DFC08B10C2010BD207818B1012801D041
:10E97000122010BD00F03CFC611C0AF041F908B106
:10E98000002010BD072010BD10B50AF0D9F908B15C
:10E99000002010BD302010BD10B5044600F049FC29
:10E9A00008B10C2010BD20460AF0C2F9002010BDAD
:10E9B00010B500F03EFC20B10AF0BEF908B10C2001
:10E9C00010BD0AF0A7F9002010BDFF2181704FF69D
:10E9D000FF718180F84949680A7882718A880281CA
:10E9E0004988418101214170002070471CB50024F5
:10E9F00012F1080F15D00CDC12F1280F11D012F112
:10EA0000140F0ED012F1100F0BD012F10C0F0CD10D
:10EA100007E012F1040F04D01AB1032A01D0042A2E
:10EA200003D1012804D0032806D0122420461CBD9F
:10EA30001046FEF7D0FFF9E708461446694600F095
:10EA400010FC08B10224F1E7019880F86740002427
:10EA5000ECE710B5134601220AF003FC002010BDBC
:10EA600010B5044600F0E5FB08B10C2010BD2146AE
:10EA7000002006F0CCFA002010BD10B5044607F0C7
:10EA800095F920B1207807F003F8002010BD0C2084
:10EA900010BD10B5044600F0CCFB08B10C2010BD31
:10EAA0002146012006F0B3FA002010BD38B5044617
:10EAB0004FF6FF70ADF80000A079E179884216D0DA
:10EAC0002079FEF78DFC90B16079FEF789FC70B17A
:10EAD0000022A07911460BF0DBFB40B90022E0795F
:10EAE00011460BF0D5FB10B9207A072801D9122066
:10EAF00038BD07F067F948B900216846FFF715FDF2
:10EB000020B1204605F0ADFB002038BD0C2038BDFB
:10EB10002DE9FC41817804461A2925D00EDC1629FE
:10EB20002DD2DFE801F02C2C2C2C2C212C2C2C2C81
:10EB30002C2C2C2C2C2C2C2C2C2121212A291ED0A5
:10EB40000BDCA1F11E010C2919D2DFE801F0181825
:10EB50001818181818181818180D3A3904290ED250
:10EB6000DFE801F00D020D022088B0F5706F06D2CB
:10EB70000127694600F075FB18B10220F0E412206D
:10EB8000EEE4019D68462E4605F5C87506F291161D
:10EB900000F05AFB08B1287808B10C20E0E42F708F
:10EBA000A0783070684600F069FB0020D8E41CB5FE
:10EBB0000C46694600F055FB002118B12160217117
:10EBC00002201CBD0198024610F1700080F842102E
:10EBD00093682360137B237190F84230002BF5D1AA
:10EBE00000201CBD10B5044600F023FB20B10AF044
:10EBF000A3F808B10C2010BD207800F0F9FAE279F2
:10EC0000611C0AF06EF908B1002010BD022010BD91
:10EC100010B5886E60B1002241F8682F0120CA71DA
:10EC2000897988400BF028FB002800D01F2010BDF8
:10EC30000C2010BD1CB50C46694600F012FB0028E4
:10EC400005D10198B0F87000401C208000201CBD48
:10EC50001CB504460088694600F003FB08B1022099
:10EC60001CBD606828B1DDE90001224600F09CFB74
:10EC70001CBDDDE90001FFF7CBFF1CBD10B500781E
:10EC8000012800D00020FEF7A1FE002010BDF0B545
:10EC900044888188C288038945898089A71F40F6F6
:10ECA0007B46B74215D28F1FB74212D28C4210D882
:10ECB000B2F5FA7F0DD2A3F10A04361FB44208D28E
:10ECC000521C4A43B2EB830F03DA854201D800207D
:10ECD000F0BD3020F0BDF8B515460E46044607F0ED
:10ECE00071F808B10C20F8BD204600F09CFB00280C
:10ECF000F9D1A078C1064FF01100F4D5E17D0329C8
:10ED0000F1D0FEF76DFE3070A07555B9FF208DF87B
:10ED1000000069460020FEF74DFE69460020FEF720
:10ED20003EFE2046BDE8F840FEF7BDBD0022D2E71A
:10ED30000078C10801D01220704720498876002051
:10ED4000704710B504460078C00704D1608810B140
:10ED5000FEF711FE80B12078618800F00102607832
:10ED600000F0ACFB002806D1FEF7FDFD01466088EF
:10ED7000884203D9072010BD122010BD6168FEF73C
:10ED800019FE002010BD10B504460078C00704D15C
:10ED9000608810B1FEF730FE90B12078618800F0F5
:10EDA0000102607800F08AFB002804D16088616865
:10EDB000FEF7F5FD002010BD700000209006002039
:10EDC0001220F8E77CB5044640784225012808D88F
:10EDD000A078FEF745FC20B120781225012802D04A
:10EDE00090B128467CBDFEF710FE20B1A088002817
:10EDF000F7D08028F5D8FEF70FFE60B160780028C4
:10EE0000EFD02078012808D006F07EF9044606F0FD
:10EE100009FE00287FD00C207CBDFEF762FC10B9F3
:10EE2000FEF7F1FD90B306F0CDFF0028F3D1FEF719
:10EE3000D6FBA0F57F41FF39EDD1FEF7D6FCA688C1
:10EE400042F210704643A079FEF79CFDFEF7CDFD1F
:10EE5000F8B10022062101A801F002F9040058D0FF
:10EE6000F7480021846020460AF01EF92046FEF78C
:10EE7000EDFEF44D04F13000AA89E989C2830184D2
:10EE8000FEF7CCFD60B1288A01210DE0FFE71220DA
:10EE90007CBD3146002006F0FEFD88B3FFDF44E074
:10EEA000FEF7BEFD0146288A06F090FE0146A062EC
:10EEB0000022204606F02BF9FEF7B0FD38B9FEF728
:10EEC000AFFD0246214601200AF0E3FAD0B1DD4A47
:10EED0002146163201200AF0DEFAE87A0090AB7A79
:10EEE000EA89A989208801F0A5F900B1FFDF20880F
:10EEF00006F019F83146204606F0CDFD00B1FFDFDF
:10EF000013E008E00621BDF8040001F0E9F800B1C3
:10EF1000FFDF09207CBD44B1208806F005F8208879
:10EF2000062101F0DDF800B1FFDF00207CBD0021EB
:10EF300048E770B50D46062101F0C0F8040003D083
:10EF400094F8930110B10AE0022070BD94F87D009E
:10EF5000142801D0152802D194F8E00108B10C2042
:10EF600070BD1022294604F5CA70FEF7E2F90120AF
:10EF700084F89301002070BD10B5062101F09EF8C1
:10EF800018B190F8931111B107E0022013E790F83F
:10EF90007D10142903D0152901D00C200BE7022184
:10EFA00080F89311002006E72DE9FC410D464BF651
:10EFB00080321221954213D895B1694600F051F97B
:10EFC00000280CD1019EB41C703627882A46394689
:10EFD00030460AF02AF82088B842F6D10020CDE564
:10EFE0000846CBE51CB504460088694600F039F9AF
:10EFF000002808D10199A378084691F82C20703197
:10F000009A4201D10C201CBD7F220A728A72002212
:10F01000CA72E17880F82D10217980F82E10A1783D
:10F0200080F82C1010461CBD1CB50C46694600F03B
:10F0300018F9002806D1019890F88C0000B1012041
:10F04000207000201CBD7CB50D461446694600F0BA
:10F0500008F9002805D1019890F82C00012801D06A
:10F060000C207CBD019890F87810297090F87900F8
:10F07000207000207CBD70B50D461646062101F0BB
:10F080001DF818B381880124C388428804EB410429
:10F09000AC4217D842F210746343A4106243B3FB2E
:10F0A000F2F2521E94B24FF4FA72944200D914460E
:10F0B000A54200D22C46491C641CB4FBF1F24A4321
:10F0C000521E91B290F8CC211AB901E0022070BD15
:10F0D00001843180002070BD10B50C46062100F07F
:10F0E000EDFF48B180F8FF4024B190F8FD1009B160
:10F0F00006F083FD00205EE602205CE6017899B10F
:10F10000417889B141881B290ED381881B290BD3F3
:10F11000C188022908D34B490268283941F8322FA7
:10F1200040684860002070471220704710B506F014
:10F130001EFD00203FE610B506F01CFD00203AE65B
:10F1400070B514460A46064600250121104606F011
:10F150003DFD002800D8284605460121304600F034
:10F160004EF806460121002000F049F8311801222E
:10F1700096318D4206D901F19600691AB1FBF0F083
:10F18000401C82B22280002070BD10B5044600F001
:10F1900050F808B10C200EE6601C09F08FFE2078B4
:10F1A00000F00100FEF7BAFA002004E610B50446AC
:10F1B000062000F021FF08B10C20FCE52078C007F4
:10F1C00010D00022607811460BF062F808B11220CE
:10F1D000F1E5A06808F073FD6078616808F078FDDB
:10F1E0000020E8E5002008F06AFD00210846F5E768
:10F1F00018B1022801D0012070470020704710B5D7
:10F20000012904D0022905D0FFDF2046D3E5C00044
:10F21000503001E080002C3084B2F6E710B506F0E3
:10F22000D1FD20B1FEF755FA08B10120C3E5002059
:10F23000C1E510B506F0C6FD002800D00120BAE5F2
:10F240007000002090060020416891F82C0191F890
:10F250008C1021B918B1042801D00120704700207A
:10F26000704710B50C46062100F028FF606018B109
:10F270000120207000209EE502209CE5416891F865
:10F28000FD20002A05D0002281F8FD20406806F00C
:10F29000B4BC704708B54FF6FF70ADF8000006E04B
:10F2A0000621BDF8000000F01BFF00B1FFDF0021C8
:10F2B0006846FFF73AF90028F2D008BD70B5144649
:10F2C0000546012200F00EF9002806D12146284605
:10F2D000BDE87040002200F005B970BDFB2803D8DE
:10F2E00040F64800814201D9112070470020704744
:10F2F0001B38E12806D2B1F5A47F03D344F2902055
:10F30000814201D912207047002070471FB58E49F5
:10F31000897ECA0702D10278192A0AD08A0702D444
:10F320000278182A24D0490739D40178122933D019
:10F3300035E04088ADF8000002A9FFF792FF00B168
:10F34000FFDF039810F8601F8DF8021040788DF8E9
:10F3500003000020ADF8040001B9FFDF9DF80300B1
:10F3600000B9FFDF6846FFF7A7F9D8B1FFDF19E062
:10F370004088ADF8000040F64800FB21ADF80400DD
:10F38000ADF80800ADF80210ADF806106846FFF7BA
:10F390006DFA38B1FFDF05E0007BC00702D0002026
:10F3A00004B008E50120FBE7F8B50646508914468D
:10F3B0000F4640B1B0F5004F05D20022A0781146AB
:10F3C0000AF066FF08B11220F8BDB86E394607F1A1
:10F3D000700530B1A07891F86E20904201D00C20D9
:10F3E000F8BD012081F86F00A07881F86E00606898
:10F3F00041F8680F608988802089A884002087F8F8
:10F400006F0020886946FFF715FCA88CBDF8001036
:10F41000081A00B2002804DD39463046FFF7F8FB31
:10F42000DDE70020F8BD38B504460078EF2841D864
:10F430006088ADF80000009800F061F888B361883A
:10F44000080708D4D4E90120824233D8202A31D3D6
:10F45000B0F5804F2ED8207B18B307282AD8607BC0
:10F4600028B1012803D0022801D0032822D14A075D
:10F4700003D4022801D0032805D1A07B08B10128BC
:10F4800018D1480707D4607D28B1012803D002288D
:10F4900001D003280ED1C806E07D03D5012809D18B
:10F4A00004E007E0012801D0032803D1E07E18B171
:10F4B000012801D0122038BD002038BD70B50C469F
:10F4C0000546FF2904D8FEF7A9FA18B11F2C01D967
:10F4D000122070BD2846FEF7C3F808B1002070BDA9
:10F4E000422070BD0AB1012200E00222024202D194
:10F4F000880802D109B1002070471120704780B2FE
:10F50000C1060BD401071CD481064FEAC07101D596
:10F51000B9B900E099B1800713D410E0410610D4C6
:10F5200081060ED4C1074FEA807104D0002902DBA6
:10F53000400704D405E0010703D4400701D40120AB
:10F5400070470020704700009006002030B5058805
:10F5500025F4004421448CB24FF4004194420AD275
:10F56000121B92B21B339A4201D2A94307E005F461
:10F570000041214303E0A21A92B2A9431143018042
:10F5800030BD0844083050434A31084480B27047C7
:10F5900070B51D4616460B46044629463046049A69
:10F5A000FFF7EFFF0646B34200D2FFDF282200211B
:10F5B0002046FDF7E8FE4FF6FF70A082283EB0B26D
:10F5C00065776080B0F5004F00D9FFDF618805F1F5
:10F5D0003C00814200D2FFDF60880835401B343890
:10F5E00080B220801B2800D21B2020800020A07722
:10F5F00070BD8161886170472DE9F05F0D46C1885B
:10F60000044600F12809008921F4004620F400484E
:10F6100000F063FB10B10020BDE8F09F4FF0000A3E
:10F620004FF0010BB0450CD9617FA8EB0600401AE2
:10F630000838854219DC09EB06000021058041806D
:10F640001AE06088617F801B471A083F0DD41B2F8A
:10F6500000DAFFDFBD4201DC294600E0B9B2681ADA
:10F660000204120C04D0424502DD84F817A0D2E750
:10F6700009EB06000180428084F817B0CCE770B532
:10F68000044600F12802C088E37D20F400402BB13D
:10F6900010440288438813448B4201D2002070BD7D
:10F6A00000258A4202D30180458008E0891A0904B6
:10F6B000090C418003D0A01D00F01FFB08E0637F10
:10F6C00000880833184481B26288A01DFFF73EFF0E
:10F6D000E575012070BD70B5034600F12804C588AA
:10F6E000808820F400462644A84202D100201882D7
:10F6F00070BD98893588A84206D3401B75882D1A9D
:10F700002044ADB2C01E05E02C1AA5B25C7F204497
:10F710003044401D0C88AC4200D90D809C8924B136
:10F72000002414700988198270BD0124F9E770B5AE
:10F73000044600F12801808820F400404518208A02
:10F74000002825D0A189084480B2A08129886A8830
:10F750001144814200D2FFDF2888698800260844CE
:10F76000A189884212D1A069807F2871698819B166
:10F77000201D00F0C2FA08E0637F2888083318448F
:10F7800081B26288201DFFF7E1FEA681268201205A
:10F7900070BD2DE9F041418987880026044600F1BB
:10F7A0002805B94219D004F10A0800BF21F400402D
:10F7B0002844418819B1404600F09FFA08E0637F71
:10F7C00000880833184481B262884046FFF7BEFEC5
:10F7D000761C6189B6B2B942E8D13046BDE8F08105
:10F7E0002DE9F04104460B4627892830A68827F4E6
:10F7F0000041B4F80A8001440D46B74201D100200F
:10F80000ECE70AB1481D106023B1627F691D1846FC
:10F81000FDF78FFD2E88698804F1080021B18A194F
:10F8200096B200F06AFA06E0637F6288083399199D
:10F8300089B2FFF78BFE474501D1208960813046B0
:10F84000CCE78188C088814201D101207047002027
:10F85000704701898088814201D1012070470020D2
:10F86000704770B58588C38800F1280425F40042EC
:10F8700023F4004114449D421AD08389058A5E19FD
:10F8800025886388EC18A64214D313B18B4211D398
:10F890000EE0437F08325C192244408892B2801AFD
:10F8A00080B22333984201D211B103E08A4201D1E0
:10F8B000002070BD012070BD2DE9F0478846C18849
:10F8C0000446008921F4004604F1280720F400458D
:10F8D00007EB060900F001FA002178BBB54204D914
:10F8E000627FA81B801A002503E06088627F801B6E
:10F8F000801A083823D4E28962B1B9F80020B9F837
:10F9000002303BB1E81A2177404518DBE0893844E2
:10F91000801A09E0801A217740450ADB607FE1897F
:10F920000830304439440844C01EA4F81280BDE8B1
:10F93000F087454503DB01202077E7E7FFE7618299
:10F940000020F4E72DE9F74F044600F12805C088B0
:10F95000884620F4004A608A05EB0A0608B1404553
:10F9600002D20020BDE8FE8FE08978B13788B6F872
:10F97000029007EB0901884200D0FFDF207F4FF0A3
:10F98000000B50EA090106D088B33BE00027A07FB6
:10F99000B9463071F2E7E18959B1607F29440830F6
:10F9A00050440844B4F81F1020F8031D94F82110A7
:10F9B0008170E28907EB080002EB0801E1813080E9
:10F9C000A6F802B002985F4650B1637F30880833D2
:10F9D000184481B26288A01DFFF7B8FDE78121E0DD
:10F9E000607FE18908305044294408442DE0FFE756
:10F9F000E089B4F81F102844C01B20F8031D94F8B8
:10FA00002110817009EB0800E28981B202EB080045
:10FA1000E081378071800298A0B1A01D00F06DF9DF
:10FA2000A4F80EB0A07F401CA077A07D08B1E088AC
:10FA3000A08284F816B000BFA4F812B084F817B002
:10FA400001208FE7E0892844C01B30F8031DA4F88B
:10FA50001F10807884F82100EEE710B5818800F14E
:10FA6000280321F400442344848AC288A14212D08E
:10FA7000914210D0818971B9826972B11046FFF745
:10FA8000E8FE50B91089283220F40040104419795A
:10FA90000079884201D1002010BD184610BD00F148
:10FAA0002803407F08300844C01E1060088808B949
:10FAB000DB1E136008884988084480B270472DE92E
:10FAC000F04100F12806407F1C460830904643185C
:10FAD00008884D88069ADB1EA0B1C01C80B29042F7
:10FAE00014D9801AA04200DB204687B298183A4603
:10FAF0004146FDF7F1FB002816D1E01B84B2B84463
:10FB0000002005E0ED1CADB2F61EE8E7101A80B249
:10FB10000119A94206D8304422464146BDE8F041C9
:10FB2000FDF7DABB4FF0FF3058E62DE9F04100F168
:10FB30002804407F1E460830904643180025088858
:10FB40004F88069ADB1E90B1C01C80B2904212D939
:10FB5000801AB04200DB304685B299182A464046EA
:10FB6000FDF7E7FB701B86B2A844002005E0FF1CF0
:10FB7000BFB2E41EEAE7101A80B28119B94206D872
:10FB8000211832464046FDF7D4FBA81985B2284615
:10FB900024E62DE9F04100F12804407F1E4608309C
:10FBA00090464318002508884F88069ADB1E90B1BE
:10FBB000C01C80B2904212D9801AB04200DB30469D
:10FBC00085B298182A464146FDF7B3FB701B86B2F2
:10FBD000A844002005E0FF1CBFB2E41EEAE7101AAB
:10FBE00080B28119B94206D8204432464146FDF719
:10FBF000A0FBA81985B22846F0E5401D704710B556
:10FC0000044600F12801C288808820F4004319448A
:10FC1000904206D0A28922B9228A12B9A28A9042C1
:10FC200001D1002010BD0888498831B1201D00F0A5
:10FC300064F800202082012010BD637F62880833B1
:10FC4000184481B2201DFFF781FCF2E70021C18139
:10FC500001774182C1758175704703881380C2891D
:10FC600042B1C28822F4004300F128021A440A601B
:10FC7000C08970470020704710B50446808AA0F5FF
:10FC80007F41FF3900D0FFDFE088A082E08900B12A
:10FC90000120A07510BD4FF6FF7181820021817592
:10FCA000704710B50446808AA0F57F41FF3900D126
:10FCB000FFDFA07D28B9A088A18A884201D1002059
:10FCC00010BD012010BD8188828A914201D1807DC2
:10FCD00008B1002070470120704720F4004221F451
:10FCE00000439A4207D100F4004001F400418842E9
:10FCF00001D0012070470020704730B504460088CD
:10FD00000D4620F40040A84200D2FFDF21884FF4C6
:10FD1000004088432843208030BD70B50C00054664
:10FD200009D0082C00D2FFDF1DB1A1B2286800F075
:10FD300044F8201D70BD0DB100202860002070BD6A
:10FD40000021026803E093881268194489B2002AEE
:10FD5000F9D100F032B870B500260D4604460829E6
:10FD600000D2FFDF206808B91EE0044620688188C1
:10FD7000A94202D001680029F7D181880646A9422C
:10FD800001D100680DE005F1080293B2002299420A
:10FD900009D32844491B02608180216809682160D9
:10FDA0000160206000E00026304670BD00230B603B
:10FDB0008A8002680A600160704700234360021D68
:10FDC000018102607047F0B50F46018840881546F2
:10FDD0000C181E46AC4200D3641B3044A84200D924
:10FDE000FFDFA019A84200D9FFDF3819F0BD2DE9C7
:10FDF000F041884606460188408815460C181F4683
:10FE0000AC4200D3641B3844A84200D9FFDFE0199C
:10FE1000A84200D9FFDF70883844708008EB0400E6
:10FE2000BDE8F0812DE9F041054600881E461746E1
:10FE3000841B8846BC4200D33C442C8068883044F4
:10FE4000B84200D9FFDFA019B84200D9FFDF6888A7
:10FE50003044688008EB0400E2E72DE9F0410688B1
:10FE60001D460446701980B2174688462080B84265
:10FE700001D3C01B20806088A84200D2FFDF701928
:10FE8000B84200D9FFDF6088401B608008EB0600A5
:10FE9000C6E730B50D460188CC18944200D3A41AA9
:10FEA0004088984200D8FFDF281930BD2DE9F04185
:10FEB000BF4D04469046A8780E46A04200D8FFDF0A
:10FEC00005EB8607786A50F8240000B1FFDFB868B8
:10FED000002816D0304600F032F90146B868FFF726
:10FEE0003AFF05000CD0786A072E40F8245000D362
:10FEF000FFDFB0484246294650F826302046984752
:10FF00002846BDE8F0812DE9F84305000C46009530
:10FF100024D00026E81C20F00300A84200D0FFDF18
:10FF2000DFF88C820027314688F8007088F801409D
:10FF300088F8024088F8034088F8044088F80540B3
:10FF400088F80640684600F003F900204246009910
:10FF5000C91C21F00301009116B10FE00126D9E779
:10FF600002EB80035962002106E000BFD3F824C0F1
:10FF70004CF82170491CC9B2A142F7D30099401C2A
:10FF800001EB8401C0B200910728E0D3481BBDE813
:10FF9000F88310B50446F1F774F908B1102010BDCC
:10FFA0002078834A618802EB800092780EE0436AF1
:10FFB00053F8213043B14A1C6280A180406A50F856
:10FFC0002100A060002010BD491C89B28A42EED8F1
:10FFD0006180052010BD70B505460C460846F1F756
:10FFE00050F908B1102070BD072D01D3072070BD56
:10FFF00025700020608070BD0EB56946FFF7EBFFED
:020000021000EC
:1000000000B1FFDF6846FFF7C4FF08B100200EBD56
:1000100001200EBD10B50446072800D3FFDF644859
:10002000005D10BD3EB5054600246946FFF7D3FFCD
:1000300018B1FFDF01E0641CE4B26846FFF7A9FFD6
:100040000028F8D02846FFF7E5FF001BC0B23EBDF0
:1000500057498978814201D9C0B27047FF20704763
:100060002DE9F04106291BD1514C00273B464FF6A4
:10007000FF7604EB810514F801C00AE0DC19D5F81D
:1000800024E0A4B25EF824E0BEF1000F04D05B1CB3
:100090009BB29C45F2D8344604802046B44201D13C
:1000A00000202EE7BDE8F04100E7A0F57F43FF3BCD
:1000B00001D0072901D300207047F7E6A0F57F4261
:1000C000FF3A0BD0072909D2394A9378834205D9E0
:1000D00002EB8101496A51F8200070470020704707
:1000E0002DE9F04104460D46A4F57F4143F202009C
:1000F000FF3902D0072D01D3072002E72C494FF02A
:1001000000088A78A242F8D901EB8506726A52F893
:100110002470002FF1D0274839461C3050F8252094
:1001200020469047716A284641F8248000F007F87D
:1001300002463946B068FFF739FE0020E1E61D4966
:10014000383131F810004FF6FC71C01C0840704780
:100150002DE9F843164E8846054600242868C01C41
:1001600020F0030028602046FFF7E9FF315D484397
:10017000B8F1000F01D0002200E02A680146009289
:1001800032B100274FEA0D00FFF7C7FD1FB106E0AF
:1001900001270020F8E706EB8401009A8A602968AD
:1001A000641C0844E4B22860072CD7D3EFE60000B3
:1001B000AC060020D4B1010070B50E461D461146B4
:1001C00000F0D5F804462946304600F0D9F820441E
:1001D000001D70BD2DE9F04190460D4604004FF022
:1001E000000610D00027E01C20F00300A04200D041
:1001F000FFDFE5B141460020FFF78FFD0C3000EB3B
:10020000850617B113E00127EDE7624F04F10C00FA
:10021000AA003C602572606000EB85002060002130
:100220006068FDF7B0F841463868FFF776FD304664
:10023000BDE8F0812DE9FF4F564C804681B0206823
:100240009A46934600B9FFDF2068027A424503D9F7
:10025000416851F8280020B143F2020005B0BDE822
:10026000F08F5146029800F082F886B258460E99F7
:1002700000F086F885B27019001D87B22068A1468B
:1002800039460068FFF767FD04001FD067802580AE
:100290002946201D0E9D07465A4601230095FFF76B
:1002A00077F92088314638440123029ACDF800A01E
:1002B000FFF76EF92088C1193846FFF79AF9D9F887
:1002C00000004168002041F82840C7E70420C5E746
:1002D00070B5304C0546206800B9FFDF2068017A10
:1002E000A9420ED9426852F8251051B1002342F8B4
:1002F00025304A880068FFF759FD216800200A7AF6
:1003000008E043F2020070BD4B6853F8203033B967
:10031000401CC0B28242F7D80868FFF711FD0020E8
:1003200070BD70B51B4E05460024306800B9FFDF74
:100330003068017AA94204D9406850F8250000B11C
:10034000041D204670BD70B5124E0546002430686D
:1003500000B9FFDF3068017AA94206D9406850F839
:10036000251011B131F8040B4418204670BD10B5AA
:100370000A460121FFF705F9C01C20F0030010BD5B
:1003800010B50A460121FFF7FCF8C01C20F003005D
:1003900010BD00007C00002070B50446C2F11005BD
:1003A0002819FCF7C6FF15F0FF0109D0491ECAB293
:1003B0008020A0542046BDE870400021FCF7E3BF38
:1003C00070BD30B505E05B1EDBB2CC5CD55C6C402B
:1003D000C454002BF7D130BD10B5002409E00B78D0
:1003E000521E44EA430300F8013B11F8013BD2B22C
:1003F000DC09002AF3D110BD2DE9F04389B01E4677
:10040000DDE9107990460D00044622D002460846E8
:10041000F949FEF71EFB102221463846FFF7DCFFA4
:10042000E07B000606D5F44A394610231032084610
:10043000FFF7C7FF102239464846FFF7CDFFF87B8C
:10044000000606D5EC4A4946102310320846FFF74D
:10045000B8FF102200212046FCF795FF0DE0103E6A
:10046000B6B208EB0601102322466846FFF7A9FF43
:10047000224628466946FEF7ECFA102EEFD818D02F
:10048000F2B241466846FFF787FF10234A466946A5
:1004900004A8FFF796FF1023224604A96846FFF739
:1004A00090FF224628466946FEF7D3FA09B0BDE818
:1004B000F08310233A464146EAE770B59CB01E46E9
:1004C0000546134620980C468DF808002022194650
:1004D0000DF10900FCF72DFF202221460DF1290026
:1004E000FCF727FF17A913A8CDE90001412302AAB1
:1004F00031462846FFF780FF1CB070BD2DE9FF4F45
:100500009FB014AEDDE92D5410AFBB49CDE90076A4
:10051000202320311AA8FFF76FFF4FF000088DF855
:1005200008804FF001098DF8099054F8010FCDF8BB
:100530000A00A088ADF80E0014F8010C1022C0F3D8
:1005400040008DF8100055F8010FCDF81100A88873
:10055000ADF8150015F8010C2C99C0F340008DF88A
:10056000170006A88246FCF7E4FE0AA8834610227C
:100570002299FCF7DEFEA0483523083802AA40681D
:100580008DF83C80CDE900760E901AA91F98FFF7F0
:1005900033FF8DF808808DF809902068CDF80A00A7
:1005A000A088ADF80E0014F8010C1022C0F3400032
:1005B0008DF810002868CDF81100A888ADF8150056
:1005C00015F8010C2C99C0F340008DF81700504627
:1005D000FCF7AFFE584610222299FCF7AAFE864887
:1005E0003523083802AA40688DF83C90CDE90076A2
:1005F0000E901AA92098FFF7FFFE23B0BDE8F08FF8
:10060000F0B59BB00C460546DDE922101E461746A4
:10061000DDE92032D0F801C0CDF808C0B0F805C03F
:10062000ADF80CC00078C0F340008DF80E00D1F892
:100630000100CDF80F00B1F80500ADF813000878FF
:100640001946C0F340008DF815001088ADF816006B
:1006500090788DF818000DF119001022FCF769FE52
:100660000DF1290010223146FCF763FE0DF139002F
:1006700010223946FCF75DFE17A913A8CDE9000149
:10068000412302AA21462846FFF7B6FE1BB0F0BD63
:10069000F0B5A3B017460D4604461E46102202A828
:1006A0002899FCF746FE06A820223946FCF741FEB1
:1006B0000EA820222946FCF73CFE1EA91AA8CDE967
:1006C0000001502302AA314616A8FFF795FE16989E
:1006D000206023B0F0BDF0B589B00446DDE90E0717
:1006E0000D463978109EC1F340018DF80010317825
:1006F0009446C1F340018DF801101968CDF802103D
:100700009988ADF8061099798DF808100168CDF830
:1007100009108188ADF80D1080798DF80F00102335
:100720006A46614604A8FFF74CFE2246284604A903
:10073000FEF78FF9D6F801000090B6F80500ADF885
:100740000400D7F80100CDF80600B7F80500ADF8B1
:100750000A000020039010236A46214604A8FFF7F0
:1007600030FE2246284604A9FEF773F909B0F0BD11
:100770001FB51C6800945B6801931368029352686C
:100780000392024608466946FEF763F91FBD10B59D
:1007900088B00446106804905068059000200690C8
:1007A000079008466A4604A9FEF753F9BDF8000011
:1007B000208008B010BD1FB51288ADF800201A883F
:1007C000ADF80220002201920292039202460846EE
:1007D0006946FEF73EF91FBD7FB5074B1446054637
:1007E000083B9A1C6846FFF7E6FF22466946284602
:1007F000FFF7CDFF7FBD000022B2010070B50446B7
:1008000000780E46012813D0052802D0092813D1FC
:100810000EE0A06861690578042003F07FFA052DD9
:100820000AD0782300220420616903F0CDF903E0A7
:100830000420616903F072FA31462046BDE8704039
:1008400001F08AB810B500F12D03C2799C78411DE2
:10085000144064F30102C271D2070DD04A795C7969
:1008600022404A710A791B791A400A718278C97844
:100870008A4200D9817010BD00224A71F5E74178A3
:10088000012900D00C21017070472DE9F04F93B081
:100890004FF0000B0C690D468DF820B00978012649
:1008A0000C2017464FF00D084FF0110A4FF00809C1
:1008B0001B2975D2DFE811F01B00C40207031F03D8
:1008C0005E037103A303B803F9031A0462049504D9
:1008D000A204EF042D05370555056005F30536061E
:1008E000390668068406FE062207EB06F00614B1F8
:1008F00020781D282AD0D5F808805FEA08004FD05C
:1009000001208DF82000686A02220D908DF82420C5
:100910000A208DF82500A8690A90A8880028EED042
:1009200098F8001091B10F2910D27DD2DFE801F0C4
:100930007C1349DEFCFBFAF9F8F738089CF6F50061
:1009400002282DD124B120780C2801D00026F0E314
:100950008DF82020CBE10420696A03F0DFF9A88834
:100960000728EED1204600F0F2FF022809D02046E9
:1009700000F0EDFF032807D9204600F0E8FF072824
:1009800002D20120207004E0002CB8D02078012889
:10099000D7D198F80400C11F0A2902D30A2061E0C8
:1009A000C4E1A070D8F80010E162B8F80410218604
:1009B00098F8060084F83200012028700320207087
:1009C00044E00728BDD1002C99D020780D28B8D15B
:1009D00098F8031094F82F20C1F3C000C2F3C002AE
:1009E000104201D0062000E00720890707D198F8BF
:1009F00005100142D2D198F806100142CED194F8E8
:100A0000312098F8051020EA02021142C6D194F86C
:100A1000322098F8061090430142BFD198F80400A4
:100A2000C11F0A29BAD200E008E2617D81427CD868
:100A3000D8F800106160B8F80410218198F8060019
:100A4000A072012028700E20207003208DF8200055
:100A5000686A0D9004F12D000990601D0A900F3016
:100A60000B9022E12875FCE3412891D1204600F04B
:100A70006EFF042802D1E078C00704D1204600F0C0
:100A800066FF0F2884D1A88CD5F80C8080B24FF077
:100A9000400BE669FFF745FC324641465B464E4651
:100AA000CDF80090FFF741F80B208DF82000686A20
:100AB0000D90E0690990002108A8FFF79FFE2078BB
:100AC000042806D0A07D58B1012809D003280AD0F7
:100AD0004AE305202070032028708DF82060CEE1C5
:100AE00084F800A032E712202070EAE11128BCD17E
:100AF000204600F02CFF042802D1E078C00719D06E
:100B0000204600F024FF062805D1E078C00711D167
:100B1000A07D02280ED0204608E0CCE084E072E1FF
:100B200051E124E103E1E9E019E0B0E100F00FFF59
:100B300011289AD1102208F1010104F13C00FCF7C0
:100B4000F8FB607801286ED012202070E078C00792
:100B500060D0A07D0028C8D00128C6D05AE0112856
:100B600090D1204600F0F3FE082804D0204600F083
:100B7000EEFE132886D104F16C00102208F1010169
:100B80000646FCF7D6FB207808280DD014202070EC
:100B9000E178C8070DD0A07D02280AD06278022A29
:100BA00004D00328A1D035E00920F0E708B10128DE
:100BB00037D1C80713D0A07D02281DD00020009097
:100BC000D4E9062133460EA8FFF777FC10220EA9C0
:100BD00004F13C00FCF780FBC8B1042042E7D4E9F3
:100BE0000912201D8DE8070004F12C0332460EA8DF
:100BF000616BFFF770FDE9E7606BC1F34401491ECB
:100C00000068C84000F0010040F08000D7E720787D
:100C1000092806D185F800908DF8209036E32870D9
:100C2000EFE30920FBE79EE1112899D1204600F06F
:100C30008EFE0A2802D1E078C00704D1204600F0D9
:100C400086FE15288CD104F13C00102208F1010128
:100C50000646FCF76EFB20780A2816D01620207076
:100C6000D4E90932606B611D8DE80F0004F15C036B
:100C700004F16C0247310EA8FFF7C2FC10220EA946
:100C80003046FCF729FB18B1F9E20B20207073E223
:100C90002046FFF7D7FDA078216AC0F110020B189B
:100CA00000211846FCF76FFB26E3394608A8FFF73A
:100CB000A5FD06463CE20228B7D1204600F047FEDB
:100CC000042804D3204600F042FE082809D3204619
:100CD00000F03DFE0E2829D3204600F038FE1228F1
:100CE00024D2A07D0228A0D10E208DF82000686AB1
:100CF0000D9098F801008DF82400F5E3022894D1B6
:100D0000204600F024FE002810D0204600F01FFEF0
:100D10000128F9D0204600F01AFE0C28F4D0042057
:100D20008DF8240098F801008DF8250060E2112864
:100D3000FCD1002CFAD020781728F7D16178606AAE
:100D4000022912D05FF0000101EB4101182606EBE9
:100D5000C1011022405808F10101FCF7EAFA042011
:100D6000696A00F0E7FD2670F0E50121ECE70B2849
:100D7000DCD1002CDAD020781828D7D16078616ACD
:100D800002281CD05FF0000000EB4002102000EBB6
:100D9000C2000958B8F8010008806078616A02282A
:100DA0000FD0002000EB4002142000EBC2000958D5
:100DB000404650F8032F0A604068486039E001203F
:100DC000E2E70120EEE71128B0D1002CAED0207868
:100DD0001928ABD16178606A022912D05FF0000156
:100DE00001EB41011C2202EBC1011022405808F125
:100DF0000101FCF79EFA0420696A00F09BFD1A20AD
:100E0000B6E00121ECE7082890D1002C8ED02078A4
:100E10001A288BD1606A98F80120017862F34701A3
:100E20000170616AD8F8022041F8012FB8F8060075
:100E300088800420696A00F07DFD90E2072011E6B9
:100E40003878012894D1182204F114007968FCF74D
:100E500070FAE079C10894F82F0001EAD001E07837
:100E600061F30000E070217D002974D1217803290D
:100E700009D0C00725D0032028708DF82090686A1B
:100E80000D90412008E3607DA178884201D90620B9
:100E9000E8E502262671E179204621F0E001E171C2
:100EA000617A21F0F0016172A17A21F0F001A17262
:100EB000FFF7C8FC2E708DF82090686A0D9007200F
:100EC000EAE20420ABE6387805289DD18DF82000B1
:100ED000686A0D90B8680A900720ADF824000A9857
:100EE0008DF830B06168016021898180A17A8171BB
:100EF00004202070F8E23978052985D18DF820107A
:100F0000696A0D91391D09AE0EC986E80E004121AE
:100F1000ADF824108DF830B01070A88CD7F80C8084
:100F200080B24026A769FFF70EFA41463A4633469B
:100F3000C846CDF80090FEF72CFE002108A8FFF768
:100F40005DFCE07820F03E00801CE07020780528F1
:100F500002D00F200CE04AE1A07D20B1012802D090
:100F6000032802D002E10720BEE584F80080EDE40A
:100F70002070EBE4102104F15C0002F0E8FB606BF0
:100F8000B0BBA07D18B1012801D00520FDE00620EE
:100F90002870F8486063A063C2E23878022894D1D0
:100FA000387908B12875B7E3A07D022802D003285C
:100FB00005D022E0B8680028F5D060631CE06078B6
:100FC000012806D0A07994F82E10012805D0E94810
:100FD00006E0A17994F82E00F7E7B8680028E2D07F
:100FE0006063E078C00701D0012902D0E14803E046
:100FF00003E0F8680028D6D0A06306200FE68DF83D
:101000002090696A0D91E1784846C90709D0617856
:10101000022903D1A17D29B1012903D0A17D032992
:1010200000D00720287033E138780528BBD120781C
:1010300007281ED084F800A005208DF82000686ADB
:101040000D90B8680A90ADF824A08DF830B0032157
:101050000170E178CA070FD0A27D022A1AD00021C0
:101060000091D4E9061204F15C03401CFFF725FA55
:101070006BE384F80090DFE7D4E90923211D8DE8B4
:101080000E0004F12C0304F15C02401C616BFFF7BD
:1010900022FB5AE3626BC1F34401491E1268CA4045
:1010A00002F0010141F08001DAE738780528BDD16E
:1010B0008DF82000686A0D90B8680A90ADF824A0F9
:1010C0008DF830B0042100F8011B102204F15C01FE
:1010D000FCF72FF9002108A8FFF790FB20780928DA
:1010E00001D0132044E70A2020709AE5E078C10778
:1010F00042D0A17D012902D0022927D038E06178B1
:1011000008A8012916D004F16C010091D4E9061257
:1011100004F15C03001DFFF7BBFA0A2028700326C8
:101120008DF82080686A0D90002108A8FFF766FB03
:10113000E1E2C7E204F15C010091D4E9062104F187
:101140006C03001DFFF7A4FA0026E9E7C0F3440191
:1011500014290DD24FF0006101EBB0104FEAB060DE
:10116000E0706078012801D01020BDE40620FFE681
:10117000607801283FF4B6AC0A2050E5E178C90751
:1011800008D0A17D012903D10B202870042030E074
:1011900028702EE00E2028706078616B012818D02E
:1011A00004F15C0304F16C020EA8FFF7E1FA20469B
:1011B000FFF748FBA0780EAEC0F1100230440021CA
:1011C000FCF7E1F806208DF82000686A09960D907A
:1011D0009BE004F16C0304F15C020EA8FFF7C8FA6F
:1011E000E8E73978022903D139790029D0D0297567
:1011F00092E28DF82000686A0D9056E5387807284D
:10120000F6D1D4E909216078012808D004F16C00F6
:10121000CDE90002029105D104F16C0304E004F170
:101220005C00F5E704F15C0304F14C007A680646C3
:10123000216AFFF763F96078012822D1A078216A3A
:10124000C0F110020B1800211846FCF79CF8D4E9F5
:101250000923606B04F12D018DE80F0004F15C039C
:1012600000E05BE204F16C0231460EA8FFF7C8F91A
:1012700010220EA904F13C00FCF72EF808B10B2057
:10128000ACE485F8008000BF8DF82090686A0D906E
:101290008DF824A009E538780528A9D18DF820001B
:1012A000686A0D90B8680A90ADF824A08DF830B047
:1012B00080F80080617801291AD0D4E9092104F16D
:1012C0002D03A66B03910096CDE9013204F16C0366
:1012D00004F15C0204F14C01401CFFF791F900217C
:1012E00008A8FFF78BFA6078012805D015203FE6A3
:1012F000D4E90912631DE4E70E20287006208DF85A
:101300002000686ACDF824B00D90A0788DF82800F0
:10131000CBE438780328C0D1E079C00770D00F2023
:101320002870072065E7387804286BD11422391D0E
:1013300004F11400FBF7FDFF616A208CA1F809009D
:10134000616AA078C871E179626A01F003011172E3
:10135000616A627A0A73616AA07A81F824001620B1
:101360005DE485F800A08DF82090696A50460D91E3
:1013700092E0000022B201003878052842D1B86816
:10138000A8616178606A022901D0012100E0002192
:1013900001EB4101142606EBC1014058082102F07F
:1013A000D6F96178606A022901D0012100E00021AC
:1013B00001EB410106EBC101425802A8E169FFF7C8
:1013C0000BFA6078626A022801D0012000E0002058
:1013D00000EB4001102000EBC1000223105802A9CD
:1013E0000932FEF7EEFF626AFD4B0EA80932A169D1
:1013F000FFF7E1F96178606A022904D0012103E076
:1014000044E18DE0BFE0002101EB4101182606EB2D
:10141000C101A27840580EA9FBF78BFF6178606A82
:10142000022901D0012100E0002101EB410106EB7E
:10143000C1014158A0780B18C0F1100200211846D4
:10144000FBF7A1FF05208DF82000686A0D90A869C0
:101450000A90ADF824A08DF830B0062101706278B2
:10146000616A022A01D0012200E0002202EB42025E
:1014700006EBC202401C89581022FBF75AFF0021DC
:1014800008A8FFF7BBF91220C5F818B028708DF82E
:101490002090686A0D900B208DF8240005E43878C0
:1014A000052870D18DF82000686A0D90B8680A9000
:1014B0000B20ADF824000A98072101706178626A58
:1014C000022901D0012100E0002101EB410310219C
:1014D00001EBC30151580988A0F801106178626AD4
:1014E000022902D0012101E02FE1002101EB41039B
:1014F000142101EBC30151580A6840F8032F4968D1
:10150000416059E01920287001208DF8300074E600
:10151000162028708DF830B0002108A8FFF76EF96A
:10152000032617E114202870AEE6387805282AD162
:101530008DF82000686A0D90B8680A90ADF824A074
:101540008DF830B080F800906278616A4E46022AC9
:1015500001D0012200E0002202EB42021C2303EB37
:10156000C202401C89581022FBF7E3FE002108A8A4
:10157000FFF744F9152028708DF82060686A0D90F7
:101580008DF8246039E680E0387805287DD18DF823
:101590002000686A0D90B8680A90ADF8249009217F
:1015A00001706169097849084170616951F8012F3A
:1015B000C0F802208988C18020781C28A8D1A1E722
:1015C000E078C00702D04FF0060C01E04FF0070CA6
:1015D000607802280AD000BF4FF0000000EB040141
:1015E00001F1090105D04FF0010004E04FF00100C6
:1015F000F4E74FF000000B78204413EA0C030B7063
:1016000010F8092F02EA0C02027004D14FF01B0CF3
:1016100084F800C0D2B394F801C0BCF1010F00D02F
:101620009BB990F800C0E0465FEACC7C04D028F07B
:1016300001060670102606E05FEA887C05D528F0D2
:101640000206067013262E70032694F801C0BCF122
:10165000020F00D092B991F800C05FEACC7804D0B4
:101660002CF001060E70172106E05FEA8C7805D594
:101670002CF002060E701921217000260078D0BBD4
:10168000CAB3C3BB1C20207035E012E002E03878FA
:10169000062841D11A2015E4207801283CD00C28D6
:1016A0003AD02046FFF7EBF809208DF82000686A51
:1016B0000D9031E03878052805D0062038700326D3
:1016C0001820287046E005208DF82000696A0D91E9
:1016D000B9680A910221ADF8241001218DF830106B
:1016E0000A990870287D4870394608A8FFF786F8DF
:1016F000064618202870012E0ED02BE001208DF810
:101700002000686A0D9003208DF82400287D8DF854
:10171000250085F814B012E0287D80B11D202070CE
:10172000172028708DF82090686A0D9002208DF89F
:101730002400394608A8FFF761F806460AE00CB114
:10174000FE2020709DF8200020B1002108A8FFF79E
:1017500055F80CE413B03046BDE8F08F2DE9F043A6
:1017600087B00C464E6900218DF8041001202578C1
:10177000034602274FF007094FF0050C85B1012DF4
:1017800053D0022D39D1FE2030708DF80030606AC0
:10179000059003208DF80400207E8DF8050063E09D
:1017A0002179012925D002292DD0032928D0042907
:1017B00023D1B17D022920D131780D1F042D04D30E
:1017C0000A3D032D01D31D2917D12189022914D3E4
:1017D0008DF80470237020899DF80410884201E080
:1017E0001AB2010018D208208DF80000606A059036
:1017F00057E070780128EBD0052007B0BDE8F083F2
:101800001D203070E4E771780229F5D131780C2978
:10181000F3D18DF80490DDE7083402F804CB94E8A6
:101820000B0082E80B000320E7E71578052DE4D1D3
:101830008DF800C0656A0595956802958DF81010C1
:1018400094F80480B8F1010F13D0B8F1020F2DD035
:10185000B8F1030F1CD0B8F1040FCED1ADF804706D
:101860000E202870207E687000216846FEF7C6FFB3
:101870000CE0ADF804700B202870207E002100F0F1
:101880001F0068706846FEF7B9FF37700020B4E7A4
:10189000ADF804708DF8103085F800C0207E6870B7
:1018A000277011466846FEF7A9FFA6E7ADF8049039
:1018B0002B70207F6870607F00F00100A870A07F0F
:1018C00000F01F00E870E27F2A71C0071CD094F876
:1018D000200000F00700687194F8210000F0070074
:1018E000A87100216846FEF789FF2868F062A88881
:1018F0003086A87986F83200A0694078707528791A
:10190000B0700D203070C1E7A9716971E9E700B5C9
:1019100087B004280CD101208DF800008DF8040058
:10192000002005918DF8050001466846FEF766FF28
:1019300007B000BD70B50C46054602F0EFF9214630
:101940002846BDE870407823002202F03DB908B176
:10195000007870470C20704770B50C0005784FF088
:1019600000010CD021702146F1F757FC694821781D
:10197000405D884201D1032070BD022070BDF1F7A7
:101980004CFC002070BD0279012A05D000220A70AB
:101990004B78012B02D003E0042070470A758A615E
:1019A00002799300521C0271C15003207047F0B5B8
:1019B00087B00F4605460124287905EB800050F8D2
:1019C000046C7078411E02290AD252493A460839FD
:1019D00001EB8000314650F8043C28469847044605
:1019E0000CB1012C11D12879401E10F0FF00287194
:1019F00001D00324E0E70A208DF80000706A05900A
:101A0000002101966846FFF7A7FF032CD4D007B04A
:101A10002046F0BD70B515460A46044629461046D4
:101A2000FFF7C5FF064674B12078FE280BD1207C55
:101A300030B100202870294604F10C00FFF7B7FFF1
:101A40002046FEF71CFF304670BD704770B50E464D
:101A500004467C220021FBF796FC0225012E03D0D0
:101A6000022E04D0052070BD0120607000E065707A
:101A70002046FEF704FFA575002070BD28B1027C4A
:101A80001AB10A4600F10C01C4E70120704710B5F5
:101A9000044686B0042002F041F92078FE2806D0E2
:101AA00000208DF8000069462046FFF7E7FF06B0EA
:101AB00010BD7CB50E4600218DF804104178012937
:101AC00003D0022903D0002405E0046900E0446942
:101AD0000CB1217C89B16D4601462846FFF753FFC2
:101AE000032809D1324629462046FFF793FF9DF887
:101AF0000410002900D004207CBD04F10C05EBE7A4
:101B000030B40C460146034A204630BC024B0C3A26
:101B1000FEF751BE60B201001AB2010070B50D4669
:101B2000040012D08DB1220100212846FBF72BFCC6
:101B3000102255492846FBF7FCFB53480121083881
:101B4000018044804560002070BD012070BD70B5EB
:101B50004D4E00240546083E10E07068AA7B00EB5D
:101B60000410817B914208D1C17BEA7B914204D170
:101B70000C222946FBF7B0FB30B1641C308884424C
:101B8000EBDB4FF0FF3070BD204670BD70B50D46E9
:101B9000060006D02DB1FFF7DAFF002803DB401C5A
:101BA00014E0102070BD384C083C20886288411C2D
:101BB000914201D9042070BD6168102201EB001030
:101BC0003146FBF7B6FB2088401C2080287000209F
:101BD00070BD2D480838008870472B49083908889F
:101BE000012802D0401E08800020704770B51446BE
:101BF0000D0018D0BCB10021A170022802D010281D
:101C000011D105E0288870B10121A170108008E091
:101C10002846FFF79CFF002805DB401CA070A88920
:101C20002080002070BD012070BD70B505461446AF
:101C30000E000BD000203070A878012808D005D9FC
:101C40001149A1F108010A8890420AD9012070BD0A
:101C500024B1287820702888000A5070022008706B
:101C60000FE064B14968102201EB001120461039E1
:101C7000FBF75FFB287820732888000A6073102028
:101C80003070002070BD0000880000202DE9F04178
:101C900090460C4607460025C2EB4811FE48072F28
:101CA00000EB410607D2DFE807F007070707040447
:101CB0000400012500E0FFDF06F81470002D13D0AA
:101CC000F5487C3000EB880191F827001F2803D0ED
:101CD00006EB4000447001E081F8264006EB440228
:101CE0001F20507081F82740BDE8F081F0B51F46F5
:101CF00014460E4605461F2A00D1FFDFE648C7EB13
:101D0000471100EB410CE4490CEB44007C3101EB42
:101D100087021F2E07D00CEB460140784B784870A5
:101D200018461F210AE092F82530407882F82500F5
:101D3000F6E701460CEB410005704078A142F8D16E
:101D400092F827401F2C03D00CEB4404637001E091
:101D500082F826300CEB41041F23637082F82710B1
:101D6000F0BD30B50D46CD4B44190022181A72EB68
:101D7000020100D2FFDFCA48854200DDFFDFC8480C
:101D80004042854200DAFFDFC448401C844207DA43
:101D9000002C01DB204630BDC048401C201830BD5F
:101DA000BE48C043FAE710B504460168407ABD4A10
:101DB00052F82020114450B10220084420F07F4006
:101DC000F8F759FD94F90810BDE81040C9E7042060
:101DD000F3E72DE9F047B04E7C3696F82D50DFF84A
:101DE000B89206EB850090F8264036E0C5EB451129
:101DF00009EB41074FF0070817F81400012806D037
:101E000004282ED005282ED0062800D0FFDF01F0B0
:101E100045F9014607EB4400427806EB850080F85F
:101E2000262090F82720A24202D11F2280F82720E6
:101E3000084601F03EF92A4621460120FFF726FF19
:101E40009948414600EB041002682046904796F8F6
:101E50002D5006EB850090F826401F2CC6D1BDE81A
:101E6000F087022000E003208046D0E710B58A4CBE
:101E70001F217C3484F8251084F8261084F827105C
:101E8000002084F8280084F82D0084F82E10411ECC
:101E9000A16044F8100B2074607420736073A07309
:101EA0008249E07720750870487000217A4A103C1A
:101EB00002F81100491CC9B21F29F9D30120F8F713
:101EC000CAFB0020F8F7C7FB012084F82200F9F7CD
:101ED00037F87748F9F749F8744CA41E2070754814
:101EE000F9F743F86070BDE81040F8F741BB10B552
:101EF000F8F763FB6D4CA41E2078F9F74FF8607873
:101F0000F9F74CF8BDE8104001F000B91F20704708
:101F10000020F8F779BB70B5054601240E46AC40A9
:101F20005AB1FFF7F5FF0146634800EBC500C0F862
:101F30001015C0F81465614801E06048001D046098
:101F400070BD2DE9F34F544D00247C3505EB810A1B
:101F500089B09AF825001F2823D0611E02915249AA
:101F6000009401EB0017391D03AB07C983E8070094
:101F700005F11400A0460189ADF81C10807A8DF897
:101F80001E009DF81500C8B10226464951F82040B0
:101F90000399A219114421F07F41019184B10221DA
:101FA0000FE00120F8F757FB0020F8F754FBF8F793
:101FB00022FB01F0ABF885F82F40A9E00426E4E706
:101FC00000218DF81810022801D0012820D1039893
:101FD00001190998081A801C9DF81C1020F07F40F8
:101FE00001B10221353181420BD203208DF8150059
:101FF0000398C4F13201401A20F07F40322403904C
:102000000CE095F8240018B901F063FA002863D0B9
:10201000322C03D214B101F06DF801E001F076F832
:10202000224A107818B393465278039B121B002162
:102030009DF81840994601281AD0032818D000208E
:102040008DF81E00002A04DD981A039001208DF8F7
:1020500018009DF81C0000B102210398184A20F0D6
:102060007F40039003AB099801F05CF810B110E0D9
:102070000120E5E79DF81D0018B99BF80000032832
:1020800029D08DF81C80CDF80C908DF818408DF873
:102090001E809DF8180015E0DC080020FF7F841EDC
:1020A0000020A10770B20100EC0600209A00002079
:1020B000773A0100D31D010000F0014004F5014012
:1020C000FFFF3F0058B103980123811900221846F1
:1020D000F8F714FB06E000200BB0BDE8F08F0120FC
:1020E000F8F7B9FA97F90C20012300200199F8F7C5
:1020F00005FBF87BC00701D0F8F7E9FB012085F864
:102100002F008AF8288020226946FE48FBF711F943
:102110000120E1E72DE9F05FDFF8E883064608EBF0
:10212000860090F825501F2D21D0A8F17C01C6EB28
:1021300046102C4601EB4007A1F5F879DFF8C8B34B
:1021400005E0A24607EB4A0044781F2C0AD0F8F7B6
:1021500020FB09EB04135A4601211B1D00F0E2FF8E
:102160000028EED0AC4202D0334652461EE0E7488B
:1021700008B1AFF30080F8F70CFB98F82F206AB194
:10218000D8F80C20411C891A0902CA1701EB126108
:102190000912002902DD0020BDE8F09F3146FFF75B
:1021A000D0FE08B10120F7E733462A461F2104205C
:1021B000FFF79CFDEFE72DE9F041D24C2569F8F7D8
:1021C000E8FA401B0002C11700EB1160001200D4B6
:1021D000FFDF94F8220000B1FFDF012784F82270AE
:1021E00094F82E001F2800D1FFDF94F82E601F20E6
:1021F00084F82E00002584F82F5084F8205084F8AD
:102200002150C34825600078022835D0032833D0F8
:1022100000202077A068401C05D04FF0FF30A06060
:102220000120F8F718FA0020F8F715FAF8F711FB73
:10223000F8F709FBF8F7DFF908F0C6F8B5480560CC
:1022400005604FF0E0214FF40040B846C1F880022D
:10225000F0F7B5FE94F82D703846FFF75BFF0028C5
:10226000FAD0A849C7EB47107C3901EB400010F8C1
:102270001600022802D006E00120CAE73A4631469D
:102280000620FFF703FD84F8238004EB870090F815
:1022900026001F2804D09E48801E4078F8F784FE50
:1022A000207F002803D0F8F7C4FA257765771BE56F
:1022B000944910B591F82D20924B0024C2EB4211A5
:1022C0007C3B03EB410100BF11F814302BB1641CBF
:1022D000E4B21F2CF8D31F2010BD8F4901EB04116D
:1022E00008600020C87321460120FFF7CFFC20467C
:1022F00010BD10B5012801D0032800D181B3814A57
:1023000092F82D307F4C0022C3EB43137C3C04EB4E
:10231000430300BF13F812400CB1082010BD521C3B
:10232000D2B21F2AF6D37A4A48B1022807D0072929
:1023300017D2DFE801F01606080A0C0E1000002183
:102340000AE01B2108E03A2106E0582104E0772149
:1023500002E0962100E0B52151701070002010BD00
:10236000FFE70720FBE76A4810B54078F8F783FAE3
:1023700080B2F4E710B51F2815D2624991F82D20DC
:10238000C2EB4213A1F17C0202EB430414F81030BB
:102390004BB191F82D30C3EB431302EB430212F81B
:1023A0001020012A01D00020D9E791F82D20014604
:1023B0000020FFF76BFC0120D1E710B5F8F7E9F931
:1023C000BDE81040F8F757BA2DE9F0410E464D4FE1
:1023D00001781F257C3FC3EB43130C4607EB4303F7
:1023E00003E0254603EB45046478944202D01F2C99
:1023F000F7D108E01F2C06D0A14206D103EB410122
:102400004978017007E000206EE403EB440003EB21
:10241000450140784870414F7EB127B1002140F21C
:102420002D40AFF300803078A04206D127B10021C3
:102430004FF48660AFF30080357027B1002140F281
:102440003540AFF3008001204EE410B542680B68C0
:102450009A1A1202D41702EB1462121216D4497A95
:1024600091B1427A82B92E4A006852F8211012685E
:1024700019441044001D891C081A0002C11700EB02
:1024800011600012322801DB012068E7002066E7B6
:102490002DE9F0478146204EC1EB411006F5F87159
:1024A0009846144601EB400713E000BF06EB041505
:1024B000291D4846FFF7C9FF68B988F80040A97B85
:1024C00099F80A00814201D80020C8E407EB4400D3
:1024D00044781F2CEAD10120C1E42DE9F04782465F
:1024E00008480E4600EB8600DFF82C8090F8254067
:1024F0001F201070C1EB46109946154608F5F8717B
:1025000010E0000058090020FFFF3F00000000001D
:102510009A00002000F50040EC06002000000000BA
:1025200070B2010001EB40070BE000BF08EB0410A4
:102530005146001DFFF789FF28B107EB44002C70BE
:1025400044781F2CF2D1297889F800104B46224696
:1025500031465046BDE8F0479AE72DE9FC410E466A
:1025600007460024FE4D08E09DF8000005EB001032
:102570008168384600F0EAFD01246B4601AA314625
:102580003846FFF7AAFF0028EED02046BDE8FC81C0
:1025900070B50446C0EB44110125F248A54300EB99
:1025A0004101C5EB451200EB42003E22FAF7C1FEA5
:1025B000ED4E26B100214FF49360AFF30080E9485F
:1025C0007C3000EB850100EB8400D0F82500C1F8D9
:1025D000250026B1002140F29C40AFF30080284640
:1025E00070BD8A4203D003460520FFF77FBB1F2939
:1025F00008D0DC4AC0EB401002EB400000EB410089
:1026000040787047D7497C3101EB800090F8250075
:102610007047D34901EB0010001DFFF7C4BB7CB528
:102620001D46134604460E4600F108022146184690
:10263000F8F72EF994F908000F2804DD1F382072EE
:102640002068401C206096B10220C84951F826102D
:10265000461820686946801B20F07F40206094F96E
:1026600008002844C01C1F2803DA012009E00420C8
:10267000EBE701AAF8F70CF99DF8040010B10098F7
:10268000401C00900099206831440844C01C20F090
:102690007F4060607CBDFEB50C46064609786079D7
:1026A000907220791F461546507279B12179002227
:1026B0002846A368FFF7B3FFAA4928467C3191F862
:1026C0002E201F2A0AD00969491D0DE0D4E90223F2
:1026D000217903B02846BDE8F040A0E7A449497835
:1026E000052900D20521314421F07F4100F02EFD63
:1026F00039462846FFF731FFD4E90232217968468E
:10270000FFF78DFF2B4600213046019A00F00AFDAD
:10271000002806D103B031462846BDE8F04000F05D
:1027200015BDFEBD2DE9FE4F814600F0CBFC38B152
:102730005FF0000799F8000020B10020BDE8FE8F8F
:102740000127F7E7874D884C4FF0000A7C3524B10C
:10275000002140F2FF40AFF3008095F82D8085F80E
:1027600023A0002624B1002140F20450AFF30080E2
:102770001FB94046FFF70CFF804624B1002140F20C
:102780000C50AFF30080F8F704F843466A46494618
:10279000FFF781FF24B1002140F21250AFF3008017
:1027A00095F82E001F280CD029690098401A0002C5
:1027B000C21700EB1260001203D5684600F0C6FC99
:1027C000012624B1002140F21C50AFF3008095F89F
:1027D00023000028BBD124B1002140F22250AFF3E6
:1027E0000080F7F7D6FF6B46624A002100F09AFCA2
:1027F0000028A3D027B941466846FFF7AEFE06433E
:1028000026B16846FFF7CFFAC9F8080024B10021C5
:1028100040F23550AFF3008001208FE72DE9F04FF3
:1028200089B08B46824600F04DFC4E4C7C3428B378
:102830009BF80000002710B1012800D0FFDF4A4DAF
:1028400025B1002140F2F750AFF300804449012048
:1028500001EB0A18A94607905FEA090604D0002197
:1028600040F2FF50AFF30080079800F022FC94F88C
:102870002D50002084F8230067B119E094F82E0051
:1028800001271F2800D1FFDF9BF800000028D6D0C9
:10289000FFDFD4E72846FFF77BFE054626B100217F
:1028A00040F20960AFF3008094F823000028D3D1F0
:1028B00026B1002140F21360AFF30080F7F769FF03
:1028C0002B4602AA59460790FFF7E5FE98F80F003D
:1028D0005FEA060900F001008DF8130004D0002122
:1028E00040F21D60AFF300803B462A4602A9CDF8B6
:1028F00000A0079800F035FC064604EB850090F830
:1029000028000090B9F1000F04D0002140F22460AB
:10291000AFF3008000F0C2FB0790B9F1000F04D0C4
:10292000002140F22A60AFF3008094F823000028D1
:1029300092D1B9F1000F04D0002140F23260AFF320
:1029400000800DF1080C9CE80E00C8E90112C8F8DF
:102950000C30BEB35FEA090612D000210CE0000083
:10296000EC060020DC0800200000000070B201002E
:102970009A000020FFFF3F0040F23F60AFF300806D
:102980000098B84312D094F82E001F280ED126B11B
:10299000002140F24460AFF300802846FFF7BAFB05
:1029A00020B99BF80000D8B3012849D0B9F1000F35
:1029B00004D0002140F26160AFF30080284600F0AF
:1029C00066FB01265FEA090504D0002140F26A6037
:1029D000AFF30080079800F06CFB25B1002140F2B6
:1029E0006E60AFF300808EB194F82D0004EB800090
:1029F00090F826001F2809D025B1002140F275600B
:102A0000AFF30080F9484078F8F7CEFA25B10021FD
:102A100040F27A60AFF3008009B03046BDE8F08F35
:102A2000FFE7B9F1000F04D0002140F24C60AFF392
:102A3000008094F82D2051460420FFF727F9C0E7C5
:102A4000002E3FF409AF002140F25760AFF3008041
:102A500002E72DE9F84FE64D814695F82D004FF03D
:102A60000008E44C4FF0010B474624B100214FF41D
:102A7000D160AFF30080584600F01BFB85F823704F
:102A800024B1002140F28D60AFF3008095F82D0055
:102A9000FFF77EFD064695F8230028B1002CE4D010
:102AA000002140F293604DE024B1002140F2976094
:102AB000AFF30080CE49C6EB46107C3901EB4001F4
:102AC00011F81900032856D1334605EB830A4A460C
:102AD0009AF82500904201D1012000E000200090EA
:102AE0000AF125000021FFF76FFC01460098014222
:102AF00003D001228AF82820AF77E1B324B1002166
:102B000040F29C60AFF30080324649460120FFF757
:102B1000BDF89AF828A024B1002140F2A760AFF3D5
:102B2000008000F0BBFA834624B1002140F2AC6083
:102B3000AFF3008095F8230038B1002C95D0002128
:102B40004FF4D660AFF300808FE7BAF1000F07D0E3
:102B500095F82E001F2803D13046FFF7DBFAE0B1CD
:102B600024B1002140F2C460AFF30080304600F091
:102B70008EFA4FF0010824B1002140F2CD60AFF38E
:102B80000080584600F095FA24B1002140F2D1604F
:102B9000AFF300804046BDE8F88F002CF1D0002153
:102BA00040F2BF60AFF30080E6E70120F7F72CBDED
:102BB0008E48007870472DE9F0418D4C94F82E0036
:102BC0001F2821D194F82D6004EB860797F8255033
:102BD0001F2D00D1FFDF8649C6EB46107C3901EB83
:102BE000400000EB4500407807F8250F0120F87001
:102BF00084F82300294684F82E50324602202234DD
:102C0000FFF744F8002020701EE42DE9F0417A4ED1
:102C1000774C012538B1012821D0022879D003282A
:102C20007DD0FFDF10E400F065FAFFF7C4FF207EDF
:102C300000B1FFDF84F821500020F7F70CFDA168F8
:102C4000481C04D0012300221846F7F757FD14F85A
:102C50002E0F217806EB01110A68012154E0FFF7DD
:102C6000AAFF0120F7F7F7FC94F8210050B1A06803
:102C7000401C07D014F82E0F217806EB01110A68CA
:102C8000062141E0207EDFF86481002708F1020878
:102C9000012803D002281ED0FFDFB5E7A777F7F79A
:102CA000C8FD98F80000032801D165772577607D7D
:102CB000524951F8200094F8201051B948B1616888
:102CC0000123091A00221846F7F718FD0220207682
:102CD0009AE7277698E784F8205000F00BFAA07F57
:102CE00050B198F8010061680123091A00221846C2
:102CF000F7F704FD257600E0277614F82E0F2178EB
:102D000006EB01110A680021BDE8F041104700E020
:102D100005E036480078BDE8F041F8F745B9FFF71F
:102D20004AFF14F82E0F217806EB01110A680521DD
:102D3000EAE710B52E4C94F82E001F2800D1FFDFD3
:102D400014F82E0F21782C4A02EB01110A68BDE815
:102D50001040042110477CB5254C054694F82E0000
:102D60001F2800D1FFDFA068401C00D0FFDF94F8CF
:102D70002E00214901AA01EB0010694690F90C00D0
:102D80002844F7F785FD9DF904000F2801DD012097
:102D900000E00020009908446168084420F07F4169
:102DA000A16094F82100002807D002B00123BDE8FB
:102DB000704000221846F7F7A1BC7CBD30B5104A20
:102DC0000B1A541CB3EB940F1ED3451AB5EB940F9A
:102DD0001AD3934203D9101A43185B1C14E095428E
:102DE00010D9511A0844401C43420DE098000020BD
:102DF0005809002000000000EC06002070B201001D
:102E0000FF7F841EFFDF0023184630BD0123002210
:102E100001460220F7F772BC0220F7F71CBCF7F757
:102E2000B8BC2DE9FE4FF24C05468A4694F82E00B8
:102E30001F2800D1FFDFEE4E94F82E10A04620464A
:102E4000A6F51B7202EB01141F218DF8001090F8FB
:102E50002D10376900EB8101D8F8000091F825901A
:102E6000284402AA01A90C36F7F712FD9DF90800C3
:102E7000002802DD0198401C0190A0680199642D92
:102E8000084453D3DB4B00225B1B72EB02014DD392
:102E90006168411A21F07F41B1F5800F46D220F0E0
:102EA0007F40706086F80AA098F82D1044466B4663
:102EB0004A463046FFF7ECFAB8B3A068401C10D081
:102EC000F7F767FCA168081A0002C11700EB116050
:102ED000001202282CDD0120F7F7BDFB4FF0FF3078
:102EE000A06094F82D009DF800201F210F34FFF7FB
:102EF00078FBA17FBE4AC1EB41117C3A02EB410154
:102F0000E27F01EB4201487054F80F0C284444F86A
:102F10000F0C012020759DF800001F2803D0B64833
:102F20004078F8F741F8012008E401E0002005E4CA
:102F30007760FBE72DE9F047AD4C074694F82D008C
:102F4000A4F17C06C0EB401006EB400010F817001F
:102F500000B9FFDF94F82D50A046A84C24B1002101
:102F600040F6E800AFF30080C5EB451040F6F409E9
:102F700040F6FD0A06EB400616F81700012819D0A6
:102F8000042811D005280FD006280DD01CB100212F
:102F90004846AFF3008007F0EBFE002CECD0002198
:102FA0005046AFF30080E7E72A4639460120FEF796
:102FB0006DFEF2E74FF0010A4FF00009454624B1DB
:102FC000002140F60410AFF30080504600F071F885
:102FD00085F8239024B1002140F60910AFF300805A
:102FE00095F82D00FFF7D4FA064695F8230028B18E
:102FF000002CE4D0002140F60F101FE024B1002186
:1030000040F61310AFF3008005EB860000F12701B6
:1030100033463A462630FFF7D7F924B1002140F66F
:103020001710AFF3008000F039F8824695F82300BE
:1030300038B1002CC3D0002140F61D10AFF3008042
:10304000BDE785F82D60012085F82300504600F08B
:1030500030F8002C04D0002140F62A10AFF3008095
:10306000BDE8F08730B5044661480D4690F82D0064
:103070005F49C0EB40107C3901EB400010F81400B0
:1030800000B9FFDF5E4800EB0410C57330BD58493E
:1030900081F82D00012081F82300704710B55948B0
:1030A00008B1AFF30080EFF3108000F0010072B6BA
:1030B00010BD10B5002804D1534808B1AFF300800B
:1030C00062B610BD51480068C005C00D10D0103860
:1030D00040B2002804DB00F1E02090F8000405E095
:1030E00000F00F0000F1E02090F8140D4009704747
:1030F0000820704710B53E4C94F82400002804D1F5
:10310000F7F746FC012084F8240010BD10B5384CB8
:1031100094F82400002804D0F7F763FC002084F81A
:10312000240010BD10B51C685B68241A181A24F01E
:103130007F4420F07F40A14206D8B4F5800F03D22F
:10314000904201D8012010BD002010BDD0E900320E
:10315000D21A21F07F43114421F07F41C0E90031B0
:1031600070472DE9FC418446214815460F46C2EBC5
:1031700045117C38089C00EB410616F81400012824
:1031800004D0022802D00020BDE8FC813B46204A42
:1031900001216046FFF7C6FFF0B101AB6A46294640
:1031A0003846FFF79AF9B8B19DF804209DF8001051
:1031B0002846FFF716FA06EB440148709DF8000018
:1031C0001F280DD006EB400044702A4621460320FC
:1031D000FEF75CFD0120D7E72A4621460420F7E7E9
:1031E0000348012100EB850000F8254FC170ECE792
:1031F00058090020FF1FA1079800002000000000D0
:10320000EC060020000000000000000004ED00E0DB
:10321000FFFF3F002DE9F041044680074FF0000515
:103220004FF001060CD56B480560066000F0DEF932
:1032300020B16948016841F48061016024F0020412
:10324000E0044FF0FF3705D564484660C0F80873C6
:1032500024F48054600003D56148056024F0804464
:10326000E0050FD55F48C0F80052C0F808735E490A
:103270000D60091D0D605C4A04210C32116006616D
:1032800024F48074A00409D558484660C0F8005260
:10329000C0F808735648056024F40054C4F3803025
:1032A000C4F3C031884200D0FFDF14F4404F14D083
:1032B00050484660C0F808734F488660C0F8005216
:1032C000C0F808734D490D600A1D16608660C0F88D
:1032D00008730D60166024F4404420050AD5484860
:1032E00046608660C0F80873C0F8487345480560BA
:1032F00024F4006407F042F84348044200D0FFDFA2
:10330000BDE8F081F0B50022202501234FEA020438
:1033100020FA02F1C9072DD051B2002910DB00BFFD
:103320004FEA51174FEA870701F01F0607F1E02720
:1033300003FA06F6C7F88061BFF34F8FBFF36F8FB4
:103340000CDB00BF4FEA51174FEA870701F01F0659
:1033500007F1E02703FA06F6C7F8806204DB01F103
:10336000E02181F8004405E001F00F0101F1E021C6
:1033700081F8144D02F10102AA42C9D3F0BD10B583
:10338000224C20600846F7F71CFC2068FFF742FF3C
:103390002068FFF7B7FF06F031FC00F088F906F06F
:1033A000EDFF06F02CFFF7F7CBFDBDE8104006F06F
:1033B000D9BC10B5154C2068FFF72CFF2068FFF72B
:1033C000A1FF06F0DBFFF7F7FBFC0020206010BD3B
:1033D0000A207047FC1F00403C17004000C000401E
:1033E00004E50140008000400485004000D000401A
:1033F00004D5004000E0004000F0004000F500402F
:1034000000B0004008B50040FEFF0FFD9C0000200A
:1034100070B526490A680AB30022154601244B6894
:103420005B1C4B600C2B00D34D600E7904FA06F345
:103430000E681E420FD0EFF3108212F0010272B636
:1034400000D001220C689C430C6002B962B6496846
:103450000160002070BD521C0C2AE0D3052070BD15
:103460004FF0E0214FF48000C1F800027047EFF305
:10347000108111F0010F72B64FF0010202FA00F252
:103480000A48036842EA0302026000D162B6E7E735
:1034900006480021016041607047012181400348D6
:1034A0000068084000D0012070470000A000002004
:1034B00001208107086070470121880741600021D1
:1034C000C0F80011184801707047174901200870B2
:1034D00070474FF08040D0F80001012803D0124817
:1034E0000078002800D00120704710480068C0070D
:1034F00000D0012070470D480C300068C00700D094
:10350000012070470948143000687047074910319E
:103510000A68D20306D5096801F00301814201D18E
:103520000120704700207047A800002008040040D8
:103530004FF08050D0F830010A2801D000207047A9
:103540000120704700B5FFF7F3FF20B14FF0805026
:10355000D0F8340108B1002000BD012000BD4FF0BB
:103560008050D0F83001062803D0401C01D0002044
:103570007047012070474FF08050D0F830010D287F
:1035800001D000207047012070474FF08050D0F8E4
:103590003001082801D000207047012070474FF00B
:1035A0008050D0F83001102801D000207047012051
:1035B000704700B5FFF7F3FF30B9FFF7DCFF18B92C
:1035C000FFF7E3FF002800D0012000BD00B5FFF7A2
:1035D000C6FF38B14FF08050D0F83401062803D32D
:1035E000401C01D0002000BD012000BD00B5FFF748
:1035F000B6FF48B14FF08050D0F83401062803D30D
:10360000401C01D0012000BD002000BD0021017040
:10361000084670470146002008707047EFF310819C
:1036200001F0010172B60278012A01D0012200E006
:1036300000220123037001B962B60AB1002070476D
:103640004FF400507047E9E7EFF3108111F0010FDC
:1036500072B64FF00002027000D162B600207047CF
:10366000F2E700002DE9F04115460E46044600271A
:1036700000F0EBF8A84215D3002341200FE000BF73
:1036800094F84220A25CF25494F84210491CB1FB19
:10369000F0F200FB12115B1C84F84210DBB2AB426B
:1036A000EED3012700F0DDF83846BDE8F08172491D
:1036B00010B5802081F800047049002081F8420094
:1036C00081F84100433181F8420081F841004331E3
:1036D00081F8420081F841006948FFF797FF684888
:1036E000401CFFF793FFF7F7B3FBBDE8104000F075
:1036F000B8B840207047614800F0A7B80A460146B4
:103700005E48AFE7402070475C48433000F09DB80A
:103710000A46014659484330A4E740210170002081
:10372000704710B504465548863000F08EF820707A
:10373000002010BD0A460146504810B58630FFF7FC
:1037400091FF08B1002010BD42F2070010BD70B516
:103750000C460646412900D9FFDF4A480068103868
:1037600040B200F054F8C5B20D2000F050F8C0B2DD
:10377000854201D3012504E0002502E00DB1F7F7F1
:10378000AAFB224631463D48FFF76CFF0028F5D0E2
:1037900070BD2DE9F0413A4F0025064617F10407A8
:1037A00057F82540204600F041F810B36D1CEDB2EB
:1037B000032DF5D33148433000F038F8002825D0E8
:1037C0002E4800F033F8002820D02C48863000F036
:1037D0002DF800281AD0F7F754FB2948FFF71EFFF1
:1037E000B0F5005F00D0FFDFBDE8F0412448FFF7EF
:1037F0002BBF94F841004121265414F8410F401C7E
:10380000B0FBF1F201FB12002070D3E74DE7002876
:1038100004DB00F1E02090F8000405E000F00F0068
:1038200000F1E02090F8140D4009704710F8411F96
:103830004122491CB1FBF2F302FB13114078814293
:1038400001D1012070470020704710F8411F4078D7
:10385000814201D3081A02E0C0F141000844C0B21D
:10386000704710B50648FFF7D9FE002803D1BDE820
:103870001040F7F7F1BA10BD0DE000E08809002014
:10388000AC00002004ED00E070B5154D2878401C18
:10389000C4B26878844202D000F0DBFA2C7070BDAC
:1038A0002DE9F0410E4C4FF0E02600BF00F0C6FAC3
:1038B00007F05EFA40BF20BF677820786070D6F8C6
:1038C0000052EDF759FD854305D1D6F8040210B931
:1038D0002078B842EAD000F0ACFA0020BDE8F081D0
:1038E000BC0000202DE9F04101264FF0E022310319
:1038F0004FF000084046C2F88011BFF34F8FBFF36E
:103900006F8F204CC4F800010C2000F02EF81E4DE3
:103910002868C04340F30017286840F01000286072
:10392000C4F8046326607F1C02E000BF07F020FAA1
:10393000D4F800010028F9D01FB9286820F0100041
:103940002860124805686660C4F80863C4F80081FE
:103950000C2000F00AF82846BDE8F08110B50446B6
:10396000FFF7C0FF2060002010BD002809DB00F039
:103970001F02012191404009800000F1E020C0F8C1
:103980008012704700C0004010ED00E008C5004004
:103990002DE9F047FF4C0646FF21A06800EB061218
:1039A00011702178FF2910D04FF0080909EB01119F
:1039B00009EB06174158C05900F0F4F9002807DD5B
:1039C000A168207801EB061108702670BDE8F08729
:1039D00094F8008045460DE0A06809EB05114158B8
:1039E000C05900F0DFF9002806DCA068A84600EB0B
:1039F00008100578FF2DEFD1A06800EB061100EB51
:103A000008100D700670E1E7F0B5E24B04460020A7
:103A100001259A680C269B780CE000BF05EB001787
:103A2000D75DA74204D106EB0017D7598F4204D0C7
:103A3000401CC0B28342F1D8FF20F0BD70B5FFF743
:103A4000EEF9D44C08252278A16805EB02128958BA
:103A500000F0A8F9012808DD2178A06805EB011124
:103A60004058BDE87040FFF7D1B9FFF7A1F8BDE8B5
:103A70007040F7F799BA2DE9F041C64C2578FFF769
:103A8000CEF9FF2D6ED04FF00808A26808EB05169E
:103A9000915900F087F90228A06801DD80595DE0A6
:103AA00000EB051109782170022101EB0511425C40
:103AB0005AB1521E4254815901F5800121F07F41D3
:103AC00081512846FFF764FF34E00423012203EB11
:103AD000051302EB051250F803C0875CBCF1000F20
:103AE00010D0BCF5007F10D9CCF3080250F806C006
:103AF0000CEB423C2CF07F4C40F806C0C3589A1A9D
:103B0000520A09E0FF2181540AE0825902EB4C324B
:103B100022F07F428251002242542846FFF738FFAC
:103B20000C21A06801EB05114158E06850F82720EE
:103B3000384690472078FF2814D0FFF770F9227894
:103B4000A16808EB02124546895800F02BF90128BC
:103B500093DD2178A06805EB01114058BDE8F041E4
:103B6000FFF754B9BDE8F081F0B51D4614460E4686
:103B70000746FF2B00D3FFDFA00700D0FFDF8548FB
:103B8000FF210022C0E90247C57006710170427032
:103B900082701046012204E002EB0013401CE15445
:103BA000C0B2A842F8D3F0BD70B57A4C064665782D
:103BB0002079854200D3FFDFE06840F82560607817
:103BC000401C6070284670BD2DE9FF5F1D468B4686
:103BD0000746FF24FFF723F9DFF8B891064699F866
:103BE0000100B84200D8FFDF00214FF001084FF07C
:103BF0000C0A99F80220D9F808000EE008EB01132E
:103C0000C35CFF2B0ED0BB4205D10AEB011350F869
:103C100003C0DC450CD0491CC9B28A42EED8FF2C47
:103C200002D00DE00C46F6E799F803108A4203D162
:103C3000FF2004B0BDE8F09F1446521C89F8022012
:103C400008EB04110AEB0412475440F802B00421B7
:103C5000029B0022012B01EB04110CD040F8012043
:103C60004FF4007808234FF0020C454513D9E905BD
:103C7000C90D02D002E04550F2E7414606EB413261
:103C800003EB041322F07F42C250691A0CEB0412BA
:103C9000490A81540BE005B9012506EB453103EBD8
:103CA000041321F07F41C1500CEB0411425499F8E8
:103CB00000502046FFF76CFE99F80000A84201D0A2
:103CC000FFF7BCFE3846B4E770B50C460546FFF773
:103CD000A6F8064621462846FFF796FE0446FF282A
:103CE0001AD02C4D082101EB0411A8684158304628
:103CF00000F058F800F58050C11700EBD140401398
:103D00000221AA6801EB0411515C09B100EB4120CA
:103D1000002800DC012070BD002070BD2DE9F047B7
:103D200088468146FFF770FE0746FF281BD0194DD5
:103D30002E78A8683146344605E0BC4206D02646B7
:103D400000EB06121478FF2CF7D10CE0FF2C0AD000
:103D5000A6420CD100EB011000782870FF2804D097
:103D6000FFF76CFE03E0002030E6FFF755F8414610
:103D70004846FFF7A9FF0123A968024603EB041395
:103D8000FF20C854A878401EB84200D1A87001EBAB
:103D9000041001E0540A002001EB061100780870BD
:103DA000104613E6081A0002C11700EB116000125A
:103DB0007047000010B5202000F07FF8202000F0B0
:103DC0008DF84D49202081F80004EDF7D3FA4B49D6
:103DD00008604B48D0F8041341F00101C0F8041307
:103DE000D0F8041341F08071C0F804134249012057
:103DF0001C39C1F8000110BD10B5202000F05DF89D
:103E00003E480021C8380160001D01603D4A481E3F
:103E100010603B4AC2F80803384B1960C2F8000131
:103E2000C2F8600138490860BDE81040202000F069
:103E300055B834493548091F08607047314933483F
:103E4000086070472D48C8380160001D521E02608E
:103E500070472C4901200860BFF34F8F70472DE950
:103E6000F0412849D0F8188028480860244CD4F83C
:103E700000010025244E6F1E28B14046EDF7D4F90D
:103E800040B9002111E0D4F8600198B14046EDF747
:103E9000CBF948B1C4F80051C4F860513760BDE8AF
:103EA000F041202000F01AB831684046BDE8F041EA
:103EB00006F068BFFFDFBDE8F08100280DDB00F0F1
:103EC0001F02012191404009800000F1E020C0F86C
:103ED0008011BFF34F8FBFF36F8F7047002809DB4E
:103EE00000F01F02012191404009800000F1E02014
:103EF000C0F880127047000020E000E0C8060240D1
:103F000000000240180502400004024001000001C8
:103F1000454800210170417010218170704770B5D3
:103F2000054616460C460220F3F7F2FB3E490120F7
:103F3000F61E08703D4806603C4808380560001FC2
:103F4000046070BD10B50220F3F7E2FB3649012092
:103F5000087000F051F836494FF40000086010BDB9
:103F600010B5314C207888B131494FF40000091D5B
:103F7000086000F04AF8002120B1012060702D484F
:103F8000006801E061701020A0702170BDE8104051
:103F90000020F3F7BDBB244810B5017859B126487D
:103FA000D0F8000128B100F030F8002800D001203E
:103FB00010BD022010BD407810BD10B5C824641E8D
:103FC000E4B2FFF7E8FF022803D0012800D0002068
:103FD00010BD002CF3D1FFDFF9E7134810B50178CD
:103FE00041B100F012F818B112480068C0B210BD1B
:103FF000102010BD807810BD0F480021C0F80011BE
:10400000C0F80411C0F8081170470B48D0F800112F
:1040100029B1D0F8041111B1D0F8080108B100207D
:104020007047012070470000BE00002010F50040DE
:1040300004F5014000F4004000F000404748002132
:1040400001704170704770B5064614460D46012058
:10405000F3F75EFB42480660001D0460001D05602A
:1040600070BD70B53D4901250D7040EA02413C4AE2
:1040700041F08071121F11603A4C0026C4F80461AF
:10408000394A4FF04071116058B1012800D0FFDF6C
:10409000C4F80062256034494FF00070091F0860C1
:1040A00070BDC4F80052256070BD2C48017871B114
:1040B0002D4A4FF0407111602A49D1F804210021A6
:1040C0001AB12A4A1268427000E041700170002063
:1040D000F3F71EBB2148017841B12248D0F8040112
:1040E000002802D021480068C0B27047407870476D
:1040F0002DE9F04700282AD01848007800B9FFDFE2
:10410000184DD5F80401002821D10227C5F8047301
:10411000174C2068C04340F30016206840F01000A0
:1041200020604FF400484FF0E029761C04E000BF07
:10413000C9F8808206F01CFED5F804010028F7D0EB
:104140001EB9206820F010002060C5F80873BDE893
:10415000F08704490120886070470000C1000020FA
:1041600008F5004000F0004008F5014000F4004070
:1041700010ED00E010B541F6A474012802D0022829
:1041800002D0FFDF204610BD41F2883010BD38B5A7
:10419000FE4D0024C5F80041C5F80C41C5F810419A
:1041A000C5F80441C5F81441C5F81841FFF70EFAE7
:1041B00008B1C5F82841F6480068009038BD70B5D0
:1041C000F44D00246C702C7000F0D2FD85F8254071
:1041D000EC620922002105F11800AC63F9F7D3F86D
:1041E000ED49601E0860091D0860091D0C60091D6D
:1041F0000860091D0C60091D0860091D0860091D83
:104200000860091D0860091D0860091D0860091D76
:104210000860091D0860091D086070BDDF4800B511
:10422000016801F00F01032905D0006800F00F00BC
:10423000042802D0FFDF012000BD022000BD00B530
:10424000012802D0022800D0FFDF002000BD00B509
:10425000012802D0022802D0FFDF282000BD18204C
:1042600000BD10B5CB4902681839CA4C0A634268D0
:104270004A63007A81F83800207E50B1207FF9F738
:10428000C0F8A07E08B1012100E00021207FF9F7ED
:10429000ADF8607E00280CD0607FF9F7B2F8E07EC0
:1042A00008B1012100E00021607FBDE81040F9F76E
:1042B0009DB810BD00F063BD10B500F060FDB348BF
:1042C000D0F80001002800D0FFDF10BD70B501203C
:1042D00000F030FDB2480025056001260660FFF7BA
:1042E00085F9B04C18B1206840F480602060FFF779
:1042F00036F928B12068AC4920F0770008432060E7
:10430000FFF764F938B1A748001D016821F47F4127
:1043100041F4B0510160A349A4483C310860FFF763
:1043200055F99C4C60B19D490220503184F8210020
:104330000860A0499E48086095481030091F086031
:104340004FF01020806C411C05D094497C310A68E4
:1043500060F317420A60914940F25B6028310860BF
:10436000091F40F203100860081F06608B490320F4
:1043700008608C48EC38066094F8211011B14FF4B5
:10438000C02100E08C498B4A41F46021943A1160CD
:104390008749884A091F083211607D490839121F70
:1043A0001160016821F440710160016841F480717D
:1043B0000160012000F0CFFC74491020C1F8040313
:1043C00084F83150E56270BD76483830016821F0DC
:1043D000010141F08071016070476E4A0368183A2C
:1043E000C2F81A308088D0836A48017270476948E1
:1043F00090F825007047674A517010707047F0B50B
:104400000546840061488B882044C0F820360B782C
:10441000D1F8011043EA0121C0F8001605F10800A7
:104420000127604C07FA00F6FC3C52B1012A00D08B
:10443000FFDF2068304320602068AF4038432060B1
:10444000F0BD2068B043F6E706F0E8B8514890F8B0
:1044500032007047514AC1781432116000684F49E8
:1044600000020C3108607047252807D0262807D0A5
:10447000272807D00A2807D8042206E0022107E0EF
:104480001A2105E0502103E0062202EB4001C9B2E7
:10449000424A083A116041494431086070473D483A
:1044A000817A012917D0022914D1417E002911D027
:1044B000827F0121C37F01FA02F299400A433D49FC
:1044C00094390A6090F820003C4A002102EB8000F9
:1044D000C0F810157047017EE8E72DE9F0472D4C34
:1044E000A17A01290BD0022975D1627E002A72D0EF
:1044F000012906D0677FE17E59B101260AE0227EBC
:10450000F4E7277FA17E09B1012600E000261121F2
:1045100001E000262421DFF898804FF0010AA8F17D
:104520004408C8F84CA0DFF898904518D9F8000066
:10453000A84200D3FFDF0021C8F84C11C9F8005091
:10454000380286F0010140EA015040F0031294F86D
:1045500020101A4800EB8103C3F8102500EB8101FD
:10456000A27F184800EBC203C3F81415164DC3F818
:104570001055E37F00EBC300C0F814150449083957
:10458000C0F810150AFA02F120E024E00010004003
:10459000181100407C0A0020000E00401015004059
:1045A000FC1F00403C170040880000802C00008960
:1045B000448000409CF5014000000404006000407D
:1045C0004C85004000F001404C8100400AFA03F0A5
:1045D0000143F9480160BDE8F0872DE9F0410E463E
:1045E000F64907460320C1F80002F54C94F8210073
:1045F00010B14FF4C02000E0F248EF4D2860304683
:1046000006F036F817B1012F0FD017E0FEF7DEFFE6
:1046100010B1304600F0C9FB0120A072A06B40F43D
:104620008010A0634FF4801007E00220A072A06BFE
:1046300040F40010A0634FF400102860F6F744F92E
:104640003146BDE8F04148E72DE9F05FDB4C074615
:1046500003200E469346C4F80002D94D95F8210078
:1046600010B14FF4C02100E0D649DFF84C93C9F8EF
:104670000010104605F0FCFFDFF83C834FF0010A04
:1046800008F1A808A7B3012F3ED0FFDFCE4806608F
:10469000C949CE48A4310860A86B40F40020A86343
:1046A000D4F800721025C4F808530020C4F80002A2
:1046B000C1494FF48028091DC1F8008004F5007439
:1046C000FFF765FD2760C9F80080C4F80451E903CD
:1046D000C9F80010BE49C1F84CA0BB48001D0068D5
:1046E000B04200D3FFDF59463046BDE8F05FF4E644
:1046F000FFE7FEF76BFF10B1584600F056FBC8F815
:10470000004085F80AA0C1E7AC49091DC8F80010AF
:104710000220A872BAE72DE9F041A94C064690465E
:1047200094F831000F46002500B9FFDF16B1012EC5
:1047300012D01DE094F83100012806D094F8302002
:104740004146384605F0A2FF10E094F8301042468A
:10475000384605F0DCFF09E094F8310094F8301099
:1047600001284246384609D005F0F8FFE16A4518AD
:10477000424629463046BDE8F04165E705F0A8FF0E
:10478000F4E708B5FF208DF800008C480021C0F840
:1047900010110121016104E09DF80010491E8DF8FF
:1047A00000109DF8001019B1D0F810110029F3D0B5
:1047B0009DF80000002800D1FFDF08BD2DE9F04181
:1047C0007E4CD4F8000220F00307D4F804034FF025
:1047D0001008C0F30016C4F808830025C4F800527E
:1047E000774890F8210010B14FF4C02000E07548E0
:1047F000714940F46020091D0860FFF750FEFFF783
:10480000C0FFC4F81051FEF7E1FE08B1C4F828510A
:1048100000F0AEFAC4F80072002E01D0C4F8048390
:10482000BDE8F081ADE700686A4920F07F4008608C
:10483000704710B5012000F07DFABDE8104001205E
:1048400000F089BA01465E4818221838F8F771BDA1
:104850004FF0E0210220C1F8000170475E49087066
:1048600070475C4938390860704770B50546F6F7FF
:104870002BF8534C2844E16A884200D8FFDF01201E
:104880002074F6F721F82844606194F8211041B1B2
:10489000084460614948D0F8001241F04001C0F876
:1048A00000124B490020C1F8440147496069091FC3
:1048B0000860BDE8704000F0A2BA70B5404C0646F2
:1048C00002200D462074FFF7A9FC024694F831003F
:1048D00094F8301001281BD0304605F081FF60614C
:1048E00094F8210048B16169084460613348D0F808
:1048F000001241F04001C0F8001235490020C1F813
:1049000044016169E06A08442F49091F086070BDCD
:104910002B46304605F037FFE1E727494FF480008A
:10492000091D08602648816B21F480018163002104
:10493000017470472A4A10B502EBC002274BC2F837
:104940001035C2F81415012181401B4801601C4834
:10495000826B0A43826310BD1D4801214160C16022
:104960000021C0F844111848001F01601448C162BA
:10497000704710B50446FEF729FE10B1104880F8C4
:1049800021401448243004600C48D0F8001241F053
:104990004001C0F8001210BD084810B5D0F8001250
:1049A00021F04001C0F80012FEF710FE0949243141
:1049B00000B10220086010BD04F501400010004065
:1049C0007C0A002000000404488500404881004023
:1049D000008000403C150040C3000020041100404E
:1049E00000F00140F948D0F8001221F01001C0F8A1
:1049F0000012012181617047F4480021C0F81C11A8
:104A0000D0F8001241F01001C0F800127047EF49D1
:104A100008B5D1F81C21012A01D0002008BDEC4ABC
:104A2000126802F07F02524202700020C1F81C019D
:104A3000E84800680090012008BDF0B517460C005A
:104A4000064600D1FFDFE44DE0072F7302D0012CB2
:104A500000D0FFDF46B102206872EC72012802D05C
:104A6000022800D0FFDFF0BD0120F5E770B5DA4C79
:104A70000021E27A930703D5830701D5430713D4B6
:104A8000D30605D594F8333013B194F835305BB1C3
:104A9000130702D594F8243033B9520702D594F89D
:104AA00025200AB1C00700D00121607A012518B184
:104AB000A1B1BDE8704081E694F8210010B14FF437
:104AC000C02000E0C548C6490860C048D0F80012C0
:104AD00021F00301C0F80012E57270BD012803D077
:104AE000022808D0FFDF70BD00F042F9A5729621C0
:104AF000227B002006E000F03BF90220A072227B1E
:104B000096210120BDE8704005E62DE9F05FDFF851
:104B1000D4B29BF80000042800D3FFDFB248D0F8DD
:104B20004C0108B1FFF7BBFCAB4CAD49A06B086072
:104B30004FF00008C4F8388000F06BF9DFF8AC9251
:104B40000546D9F80010A16294F8210008B1081AAE
:104B5000A062A648001F0068E062FFF75FFB84F8D0
:104B60003000A07ADFF868A2012184F83100AAF1B0
:104B7000440A022808D1607830B1DAF800201278AF
:104B800002402078904310D084F82480924EA807E9
:104B9000A6F1180605D5F5F797FEA16A081A31693E
:104BA0008847E80704D0002709E084F82410EDE7DF
:104BB000A80701D5012702E0280707D50227F5F746
:104BC00083FEE16A7269081A394690479BF8000033
:104BD000C0071CD1DAF800005746007800F00F003B
:104BE000072812D239680622A01C0931F8F774FB95
:104BF00038B9207A39680978B0EBD11F01D101208A
:104C000000E0002084F8250001E084F82580284693
:104C1000FFF72CFFE80701D030682FE0A80726D562
:104C200068071ED4FEF7D2FCD8B9FEF7DFFCC0B986
:104C30006748F4380168001F0068C0F3425CC0F3A5
:104C4000006700F00F03C0F30312C0F3032047B165
:104C50000BB102B128B921B1BCF1030F01D245F06B
:104C6000040545F380007168401C884709E0280767
:104C700001D5B06802E0E80602D5F068804700E0A0
:104C8000FFDFA07A02281BD1207C002818D0564ACA
:104C9000C2F8448102280FD0012800D0FFDFE16A6A
:104CA0006069884200D8FFDFD4F81410C9F80010FA
:104CB000BDE8F05F00F0A3B86169E06A0144F5E780
:104CC000BDE8F09F70B5054641F2643441F66A06CE
:104CD000022806D0012D12D0022D0CD0FFDF304665
:104CE00070BDFEF72FFC0028F6D1FEF738FC002837
:104CF000F2D141F6583441F29A00204470BD42F698
:104D0000CE3070BD324808300168032904D00068F5
:104D1000022801D000207047012070472C4808303D
:104D200001680B2904D000680A2801D000207047D0
:104D30000120704700280DDB00F01F020121914087
:104D40004009800000F1E020C0F88011BFF34F8FD0
:104D5000BFF36F8F7047002809DB00F01F020121AD
:104D600091404009800000F1E020C0F880127047B7
:104D700019480021417281720121C172704730B51A
:104D800000240546012902D002290BD0FFDF184874
:104D900004430F4834380460164805430C48303843
:104DA000056030BD4FF08074F1E7094A4032116868
:104DB00053060228D3F820031ED0C0F3062000BFFC
:104DC00021F4FE4141EA00201060704700100040CD
:104DD000481500401C1100407C0A0020000004041B
:104DE00008F50140C30000200080004044850040D9
:104DF0000801100000000302C0F30660E0E7354838
:104E0000816B41F48001816333494FF48000086075
:104E1000DBE7F8B52F4C314E0020217C19B1D6F8D4
:104E20004411012907D00023A27A2D49012A04D078
:104E3000022A0AD019E00123F6E7D1F80C01012873
:104E400001D0002011E008200FE0D1F80C0101286A
:104E500006D0002223480068012803D0042002E085
:104E60000222F7E7002010431843D1F81021012A4D
:104E70002ED0002505431C48026812F0FF0F03D016
:104E8000D1F81421012A00D0002284F832200068D1
:104E900010F0FF0F03D0D1F81801012800D0002036
:104EA00084F833000F481030006884F83400FFF7AE
:104EB00072F8012800D0002084F83500FFF767F968
:104EC0000020C6F844010948006800902846F8BD53
:104ED0001025CFE77C0A002004F501400080004047
:104EE0000010004000140040401600404481004083
:104EF00010B5444822220021F8F745FA4148002421
:104F0000017821F010010170012104F04DFC3D49B0
:104F10004FF6FF70263981F8224088843A4908808C
:104F2000488010BDE4E7704700F05FB83549016084
:104F30007047354908807047324926398A8CA2F576
:104F40007F43FF3B02D00021016008E091F822205E
:104F50002C492639012A02D0016001207047002027
:104F600070472848263810F8221F012908D001214F
:104F7000017025482349263900888884012070471C
:104F8000002070472049488070471E491E4B263933
:104F90008A8C5B889A4205D191F8222012B1016077
:104FA00001207047002070471648174A2638818C28
:104FB0005288914209D14FF6FF71818410F8221F67
:104FC00019B10021017001207047002070470D4881
:104FD0000D4A2638818C5288914204D190F82200E3
:104FE00008B10020704701207047064926398A8C95
:104FF000824205D1002081F822004FF6FF7088849C
:1050000070470000DE0A0020C400002070473D4ABF
:10501000012338B1012804D1137008689060888892
:105020009081704753700868C2F802008888D08069
:105030007047344A10B1012807D00EE0507860B1B3
:10504000D2F802000860D08804E0107828B1906897
:1050500008609089888001207047002070472949A6
:1050600010B1012802D005E0487800E0087808B1C6
:10507000012070470020704730B50C4605468DB0C2
:105080004FF0030104F1030012B1FEF741FB01E010
:10509000FEF75DFB60790D2220F0C00040F040007B
:1050A0006071002104A8F8F76EF9E0788DF81F0010
:1050B00020798DF81E0060798DF81D001022294698
:1050C0006846F8F736F9684604F036FE9DF82F007A
:1050D00020709DF82E0060709DF82D00A0700DB01E
:1050E00030BD10B5002904464FF0060102D0FEF78E
:1050F0000FFB01E0FEF72BFB607920F0C000607130
:1051000010BD0000C8000020FE48406870472DE92F
:10511000F0410E46074601461446012004F011FDF9
:10512000054697F86500FFF725F84AF2B1210844D3
:105130004FF47A71B0FBF1F1788840F2712250435C
:10514000C1EB4000041BA4F2663402F0BBFD00B1C9
:105150001E3CAE4201D2284600E03046A04204D2B6
:10516000AE4201D22C4600E034467C62BDE8F081BC
:1051700030B502460020002914D0A2FB01104C0AD1
:1051800044EAC054400A641C40F100000021D4F1FC
:10519000FF3240F2A175814100D2FFDF04F5F464D3
:1051A000B4FBF5F030BD2DE9FF4F8BB0044690F80D
:1051B00065008A460990DDE90D1008430890D24841
:1051C0000026007800F004FE054694F88C0100F0FB
:1051D000FFFD284480B2009094F87D000D2804D093
:1051E000002007900D9810B131E00120F9E794F804
:1051F0002C0103282BD1079848B3B4F8AE115145C0
:1052000025D1D4F83401C4F82001608840F2E2418D
:105210004843C4F82401B4F87A01B4F806110844EC
:10522000C4F82801204602F057FDB4F8B201E0822C
:1052300094F8B0016075B4F8B4016080B4F8B601B8
:10524000A080B4F8B801E080022084F82C01D4F8E2
:1052500084010590D4F880010390B4F80681B4F875
:105260007811D4F8740106900D9820B194F840019B
:1052700000287DD108E004F580700290743004901D
:1052800004F5B075001D07E004F5AA700290001D3A
:10529000049004F5A275001D0A90B4F87020AAEBE2
:1052A00002000FFA80F9AAEB010007B2002F05DA1D
:1052B000D4F87001069001204F46089092484FF0B4
:1052C000000B007970B3F5F7A1FC58B3B4F81801DE
:1052D000022827D394F82C01022823D094F8430104
:1052E00000BB94F88C0100F073FD00F5C86080B23B
:1052F000009094F82C01012845D0608840F2E241EA
:1053000048430099FFF734FF08EB0901CA1BD4F8A2
:10531000341180B2431A02FB03BBC4F834010120EC
:1053200084F8430194F82C0100286DD001287DD029
:1053300002287CD003287BD0FFDF00BFA6EB0B0147
:105340000698FCF70EFD0499012640F271220860D0
:105350000A990020A1F800A028702E710498006816
:10536000A8606088D4F834115043C1EB400000E0DD
:10537000BFE16549A0F23630C861896981427DD9B3
:10538000029908607BE194F88000032833D0012162
:10539000002004F0CDF8E18A40F27122514300EB85
:1053A00041000190D4F82401B8340099FFF7E0FEE1
:1053B000A16E226F431AA066DDE9001002FB03BB59
:1053C000FFF7D6FEA16FA067421A34F8B60C40F280
:1053D000E241484393440099FFF7CAFE08EB0901F4
:1053E000226FC91B8A1AE16F521E431A02FB03BBCC
:1053F000E067B83C93E7E08A40F27122D4F82411C8
:10540000504301EB4000CCE7039800B9FFDF0121D6
:10541000002004F08DF80646E08A40F271214843EE
:1054200006EB40000099FFF7A3FE02E0C0E058E061
:10543000DDE0C4F83001608840F2E2414843009961
:10544000FFF796FEC4F8340182B22046A16AFFF746
:105450005EFE14F8650FFEF7F2FE4FF47A7800F264
:10546000E140B0FBF8F1039801EB00092078FEF76A
:10547000E6FE07462078FEF77DFE00E0FDE03844BA
:105480004AF2AB310144B1FBF8F134F84F0C40F271
:105490007122504306EB4000411AD4F8CB0040F291
:1054A000E2430A1A02EB0906227814F8501C11FB99
:1054B00003F1203E00F0B9FC1349801C886114F808
:1054C0006509FEF7BCFE00F2E140B0FBF8F103987D
:1054D0000844301A40F2F6218842BFF42FAFFFDFB4
:1054E0002CE7E08A40F27122D4F82411504301EBFA
:1054F00040000099FFF73CFEC4F83001608840F29C
:10550000E24103E0000B0020D8000020484300994E
:10551000FFF72EFEC4F8340182B22046A16AFFF7DD
:10552000F6FDB8F1000F21D10E98F8B194F865603E
:105530003046FEF71FFE4AF2B12101444FF47A7063
:10554000B1FBF0F0D4F8301140F271230144E08A4D
:10555000D4F82421584302EB4000471A3046FEF7A6
:1055600076FE0599081A3E18203E0AE0E08A40F2CD
:105570007122D4F82411504301EB4000D4F83011CB
:10558000461AD4F82821D4F82011D4F8300140F27A
:10559000E24301FB020094F86520617D11FB03F1F9
:1055A00000F043FCF9498861012084F82C01C5E62C
:1055B000608840F271225043D4F83411D4F8282185
:1055C000C1EB40067E4308EB0900801AD4F8207135
:1055D000D4F83031401E07FB023200FB012094F862
:1055E0006520617D40F2E24311FB03F140E06088F9
:1055F00040F27122D4F834115043C1EB400694F8C4
:105600007C007E43242803D094F87D0024280AD10E
:10561000B4F8AE11AAEB010000B2002803DB94F845
:10562000B10100B109900898D8B1B8F1000F18D1B4
:10563000059808B1039800B9FFDF94F86500FEF7FC
:1056400099FD4AF2B12101444FF47A70B1FBF0F0B8
:10565000361A94F86500FEF7FAFD0599081A064413
:10566000203ED4F8341108EB090048430021099A80
:1056700000F0DBFBC549886160E602980160029892
:10568000616A0068084400F5D370E86002F01AFB14
:1056900010B1E8681E30E8606E71B4F8F010A1EB4C
:1056A0000A0000B2002801DD032068710798002875
:1056B0000E9822D0C0B100BFB4F81811B1B3B4F83D
:1056C0001A0100BFA4F81A0194F81C21401C42439F
:1056D0008A4209D26879401E002805DD6E71B4F84F
:1056E0001A01401CA4F81A010D9830B394F8400137
:1056F000F8B102200FB0BDE8F08F0028DCD194F89B
:105700002C010028F0D0608840F27122D4F83411C6
:105710005043C1EB4001284603F04EFE0004000C4C
:10572000E2D0189901B108800120E3E7FFE70020EB
:10573000C8E794F87C01FDF78CF994F87C012946C0
:1057400000F059FB20B10D9880F0010084F8410170
:105750000020CFE77CB50446FCF72FFE0146D4F8C5
:105760007001FDF72BFB214600F076FB94F87D10CD
:105770000D290AD0B4F87020B4F83E1113189942DC
:1057800006DB491CA4F83E1106E0B4F83E010CE02B
:10579000401C1044A4F83E0194F8420140B9B4F80A
:1057A0003E01B4F8F410884202D1401CA4F83E0136
:1057B000B4F87A0101AE401CA4F87A01B4F89A005A
:1057C000B4F89810401AB4F87010401E084485B21E
:1057D00009E000231A4620460096FFF7E4FCD0B10A
:1057E00001282ED0FFDFB4F83E11681A00B200285D
:1057F000EFDA082084F88D00012084F88C00204620
:1058000001F0F5FE204600F0F8FA60484079BDE866
:105810007C40F5F7C9BBA06E002811D0B4F83E015A
:10582000B4F89420801A01B2002909DD34F86C0F15
:105830000144491E91FBF0F189B201FB0020208553
:105840007CBDB4F83E01BDF804100844A4F83E0144
:10585000C9E770B54E4C607A08B1002070BD94F86D
:10586000300030B1616B606A884202D9F8F70CFBF6
:10587000F3E7A06AC8B1F7F725FF0546F7F7F9FE89
:10588000284442F210714618FCF797FD0546294658
:10589000E06AFDF793FAE562A16A8219914202D2A9
:1058A0000120A062E2E7081AA062012070BD70B575
:1058B000374C012500202575207494F8300004F140
:1058C000100650B14FF47A71A069FCF74AFAA06152
:1058D0000021304603F070FD10E0002000F00DFBC9
:1058E0000546F7F7EFFE05442946A069FCF739FAAB
:1058F000A0612946304603F05FFD451C208C411C09
:105900000A2901D228442084606828B1208C401CD8
:105910000A2801D3022000E003206075FFF799FFF9
:1059200038B1207B314600F066FA002800D1FFDF55
:1059300070BD00F0DAFA15484079BDE87040F5F71F
:1059400033BB38B50025044680F82C51A0F87851B7
:105950002B462A4629460095FFF725FC00B1FFDFBC
:10596000C4F828510120C4F8205184F82C01A4F86F
:105970003E51A4F83C5184F8425134F8700F401E57
:1059800024F8B80B0020A4F8525038BDD8000020ED
:10599000000B002010B530B1F749012807D00228CC
:1059A0000BD0FFDF10BDBDE8104000F0EABA486A36
:1059B000BDE81040002100F0B5BA002081F83000A9
:1059C000FCF7F9FBED484079BDE81040F5F7ECBA7B
:1059D0002DE9F0410646E8480F460178E74D0329D6
:1059E00009D1017BB14206D1406868613846BDE803
:1059F000F04100F0EEBA304600F0F3F90621FAF774
:105A00005DFB040000D1FFDF304600F0EAF9218899
:105A1000884200D0FFDF214638466C61BDE8F04186
:105A200000F027BA10B5D44C207848B1012060723C
:105A3000F8F74CFA2078032804D0207A002800D008
:105A40000C2010BD207BFDF704F8207BFDF772FAD7
:105A5000207BFCF78FFC00B9FFDF0020207010BD19
:105A600010B5FFF7DFFF00F0F1FAC348002180F81E
:105A70003010C172084610BDC049487100208870BE
:105A800001220A7048700A71C870BB490870E7E7C4
:105A9000BA49087070472DE9F047B74C07460E46E3
:105AA000207800284BD1B648FCF702FC20731F2851
:105AB00045D04FF00309676084F8009000256572B7
:105AC000257287B1012107F58E70FDF740FE062093
:105AD000FAF7A0FA97F81C11B1FBF0F200FB1210D4
:105AE000401C87F81C01FCF73EFC40F2F65188424E
:105AF00000D2084600F23F101FFA80F8F7F7B9FD10
:105B0000E061F7F7DFFD0127E0B1A772FCF755FC74
:105B10008246002000F0F1F900EB08015046FCF746
:105B200020F9A061C4E90A6A277584F815909249A2
:105B30002574207B103100F05EF990B910E00C2044
:105B4000BDE8F087FCF739FC4146FCF70AF9A06193
:105B5000A57284F83070A6F28B566663A562E3E7FF
:105B6000FFDF25840020F8F7B1F90020E8E783493A
:105B7000487070478149087170472DE9F0417F4CAA
:105B80000746E088401CE080D4E902516078D7F8ED
:105B9000806120B13246284603F036FC0546A068F5
:105BA000854205D02169281A08442061FDF7D3F801
:105BB000A560AE4205D897F82C01012801D0E07805
:105BC00010B10020BDE8F0810120FBE710B50446CC
:105BD0000846FEF7CFFA4AF2B12108444FF47A7131
:105BE000B0FBF1F040F2E2414C4300F23630844227
:105BF00001D9201A10BD002010BD7CB5044600203C
:105C000084F8400194F8FE0000283FD194F82C015C
:105C100003283BD1FCF7D1FB0146D4F87001FDF716
:105C2000CDF8002832DD214600F016F9411CB4F809
:105C300070000144A4F83C11B4F83C11B4F8F4200D
:105C4000511A09B2002921DD012184F84211B4F86A
:105C50009A10B4F8982001AE891A491E084485B2FA
:105C60000EE00096B4F83C11002301222046FFF715
:105C70009AFA00280AD0012809D0022806D0FFDFAE
:105C8000B4F83C01281A00B20028EADA7CBDB4F866
:105C90003C01BDF804100844A4F83C01F0E738B515
:105CA00000250446012902D13448C07868B1042097
:105CB00084F82C01FCF77FFAA4F87A51B4F870004C
:105CC000A4F83E0184F842515FE60095B4F8F41060
:105CD000012300222046FFF766FA0028EAD0FFDF02
:105CE000E8E710B5062916D2DFE801F00509030C34
:105CF0000C0D002100E00121BDE81040CFE7032199
:105D000080F82C1110BDB0F834118AB2816ABDE858
:105D10001040FFF7FCB9FFDF10BD70B5174CA1783C
:105D2000022916D1E188002913D16569C5F88401DB
:105D300095F86500FEF78BFAD5F88411081AA1686A
:105D40000144A160E1680844E060BDE8704000F0F3
:105D5000A9B970BD70B5054608488478022C11D0E9
:105D6000054C243401B34FF47A7601290ED0022970
:105D700010D0FFDF70BD0000000B0020D800002015
:105D8000D1590100446904F5C074EBE71846FEF7E9
:105D900056FA02E01046FEF795FF00F2E140B0FB34
:105DA000F6F0281A2060E5E72560E3E7FE4810B525
:105DB000007808B1002010BD0620FAF71DF980F028
:105DC000010010BDF8480078002800D0012070477D
:105DD00010B504460C2800D3FFDFF44830F8140057
:105DE00010BD10B504461F2800D3FFDFEE48383041
:105DF00030F8140010BDFCF711BD70B5044600204A
:105E000084F82C0194F87C514FF6FF761F2D00D3B7
:105E1000FFDFE548383020F8156094F87C01FCF786
:105E2000A9FA1F2084F87C01A4E770B505460C464A
:105E300016461046FEF79EF94AF2B12108444FF487
:105E40007A71B0FBF1F000EB450004443046FEF7F8
:105E5000FEF9204460308DE7002809D0D1F83421C4
:105E6000498840F271235943C2EB4101B0FBF1F084
:105E700070472DE9F04101250226CD4F0C46082838
:105E800031D2DFE800F0040E161611301A23204636
:105E900000F0ADF9204600F064F984F84051BE707E
:105EA00090E601F00AFF01E0FEF72FFE84F8405172
:105EB00088E62046BDE8F0414CE4FEF7B3FCFEF76F
:105EC00024FE4FF0E020C0F880627BE694F82C01BD
:105ED000042800D0FFDF2046FFF78FFF7879BDE868
:105EE000F041F5F761B8FFDF6CE610B5AE4C207BF2
:105EF000FCF740FA0020207010BD08B500284FF0D4
:105F00000101684602D0FDF703FC01E0FDF7F6FB56
:105F10009DF8000042F210710002B0FBF1F201FBAB
:105F2000120008BD2DE9F0419F4C0746002084F87F
:105F30003000A669E07220700120207201216068A3
:105F400003F0B2F86068C0F87061257B80F87C517E
:105F5000C0F88071C0F8746106881F2D00D3FFDF80
:105F60009148383020F815606068FFF7EAFC00B10E
:105F7000FFDFFCF720F98E484079BDE8F041F5F7E6
:105F800013B870B5884C0025A07A18B10120FFF72E
:105F9000B4FF0546F7F796FB4119A069FBF7E1FE50
:105FA000A061002525740320607501202075607AAA
:105FB00030B97D49207B1031FFF71DFF00B9FFDFAD
:105FC0002584FCF7F8F87A484079BDE87040F4F78A
:105FD000EBBF70B5744D04462878032800D0FFDF6E
:105FE000082C31D2DFE804F0040E2A2A2630302DA6
:105FF00000206862F7F77CFD00B1FFDF6C490320E9
:106000008870B7E6F7F735FBE9690446A14206D286
:10601000601A0421FCF705FFEC6108B906E0E861AD
:10602000F7F7B1FE0028ECD0FFDFA3E6BDE8704033
:106030000020AFE4BDE87040FEF767BDBDE87040EA
:1060400035E4BDE8704050E7FFDF93E6FEB5584CFD
:106050000120E0704FF6FF750CE00621FAF72EF8EC
:10606000060000D1FFDF96F87C01FCF763FF3046A5
:10607000FFF7C3FE69460620F9F7ADFF50B1FFDF19
:1060800008E0029830B190F82C1119B10088A842AC
:10609000E3D104E06846F9F77CFF0028F1D0002046
:1060A000E070FEBD2DE9F0474148446994F8431182
:1060B000002955D094F82C11032951D194F86590FA
:1060C0000078FFF785FE054694F88C01FFF780FE07
:1060D000284486B294F88C01FFF77AFE00F5C86078
:1060E0001FFA80F84846FEF7B2F8D4F884110D1A6A
:1060F0004846FEF73FF84FF47A7A00F2E730B0FBFB
:10610000FAF02D1A4846FEF7A2F8D4F800110F1A3B
:106110004846FEF72FF84AF2B1210144B1FBFAF0EC
:106120003A1AA2F160007043B0FBF8F1292000EBAD
:1061300052006031A0EB510200EB5100AA4201D89D
:10614000854201D3F4F714FE608840F2E2414843EF
:106150003146FFF70DF8C4F83401002084F84301FC
:10616000EEE470B50446FCF7FEF8054694F86500C9
:10617000FEF700F84AF2B12108444FF47A71B0FBFF
:10618000F1F0D4F8341140F2712201446088504398
:10619000C1EB4006303EB72D00D8B725214601207F
:1061A00003F0CFFC284405E0000B002088B201007A
:1061B000D8000020351A21460120A5F21B3503F036
:1061C000C0FC616A9C30814201D9081A00E00020BD
:1061D0002C49A842CD6000D328468860D4F86C01D1
:1061E000A0F5D3700861BDE87040FCF7B4BD10B5F0
:1061F000044624490020C4F88001C880C4F8840102
:1062000094F8410138B9FCF7D8F8D4F84C11FCF7F0
:10621000D5FD002813DCB4F83E11B4F870008142BB
:1062200001D1B4F8F410081AA4F8F600A4F870101C
:10623000D4F86801C4F84C01C4F870011CE0B4F84B
:106240003C01B4F87010401AA4F8F600B4F83C0110
:10625000A4F87000D4F84C01C4F86801C4F87001C7
:10626000D4F85401C4F80001D4F85801C4F87401FA
:10627000B4F85C01A4F878012046BDE8104001F0B4
:1062800006BC0000D80000202DE9F0410E4604466F
:1062900003F06FFB0546204603F06DFB044603F058
:1062A000FDF8FB4F010015D0386990F864208A4250
:1062B00010D090F8C4311BB190F8C63123421FD0E2
:1062C0002EB990F85D30234201D18A4218D890F857
:1062D000C401A8B1284603F0E1F870B1396991F81A
:1062E0006520824209D091F8C40118B191F8C70124
:1062F000284205D091F8C40110B10120BDE8F08119
:106300000020FBE730B5E24C85B0E06900285ED0A4
:10631000142200216846F7F736F8206990F86500E6
:10632000FDF728FF4FF47A7100F5FA70B0FBF1F534
:10633000206990F86500FDF78AFF2844ADF8060053
:1063400020690188ADF80010B0F87010ADF80410A5
:106350004188ADF8021090F8A60130B1A069C11CC7
:10636000039103F01FFA8DF81000206990F8A50141
:106370008DF80800E169684688472069002180F8A7
:10638000A61180F8A5110399002920D090F8A41136
:1063900000291CD190F87C10272918D09DF81010E6
:1063A000039A002913D013780124FF2B11D0072B57
:1063B0000DD102290BD15178FF2908D180F8A441D1
:1063C0000399C0F8A8119DF8101080F8A71105B026
:1063D00030BD1B29F2D9FAE770B5AD4C206990F8B1
:1063E0007D001B2800D0FFDF2069002580F8A75022
:1063F00090F8D80100B1FFDF206990F8A81041B1F2
:1064000080F8A8500188A0F8DC1180F8DA510C213E
:1064100008E00188A0F8DC1180F8DA51012180F849
:10642000DE110B2180F8D8110088F9F77AFFF9F70F
:1064300023FC2079F4F7B8FD206980F87D5070BD09
:1064400070B5934CA07980072CD5A078002829D16D
:1064500062692046D37801690D2B01F170005FD08D
:106460000DDCA3F102034FF001050B2B19D2DFE87D
:1064700003F01A1844506127182C183A6400152BA1
:106480006FD008DC112B4BD0122B5AD0132B62D0BB
:10649000142B06D166E0162B71D0172B70D0FF2B72
:1064A0006FD0FFDF70BD91F87F200123194602F005
:1064B00038FF0028F6D12169082081F87F0070BDDF
:1064C0001079BDE8704001F0A2BC91F87E00C007D1
:1064D00000D1FFDF01F05AFC206910F87E1F21F087
:1064E0000101017070BD91F87D00102800D0FFDF20
:1064F0002069112180F8A75008E091F87D00142848
:1065000000D0FFDF2069152180F8A75080F87D10AA
:1065100070BD91F87D00152800D0FFDF172005E041
:1065200091F87D00152800D0FFDF1920216981F83E
:106530007D0070BDBDE870404EE7BDE8704001F0E1
:106540003ABC91F87C200123002102F0EAFE00B958
:10655000FFDF0E200FE011F87E0F20F0040008701E
:106560001DE00FE091F87C200123002102F0D9FE0C
:1065700000B9FFDF1C20216981F87C0070BD12E0AA
:106580001BE022E091F87E00C0F30110012800D04A
:10659000FFDF206910F87E1F21F010010170BDE8B7
:1065A000704001F0F3BB91F87C200123002102F040
:1065B000B8FE00B9FFDF1F20DDE791F87D0021283C
:1065C00001D000B1FFDF2220B0E7BDE8704001F04C
:1065D000E9BB2F48016991F87E20130702D50121FC
:1065E0008170704742F0080281F87E208069C0788F
:1065F00081F8E10001F0C1BB10B5254C21690A8882
:10660000A1F81A2281F8180291F8640001F0A9FBA0
:10661000216981F81C0291F8650001F0A2FB216953
:1066200081F81D02012081F81602002081F8C401C2
:106630002079BDE81040F4F7B7BC10B5144C052123
:106640002069FFF74EFB206990F85A10012908D005
:1066500000F5F77103F048FA2079BDE81040F4F72F
:10666000A3BC022180F85A1010BD10B5084C0123BC
:106670000921206990F87C20703002F052FE48B168
:106680002169002001F8960F087301F81A0C10BD5B
:10669000F80000200120A070F9E770B5FE4D01233D
:1066A00029462869896990F87C2009790E2A01D148
:1066B000122903D000241C2A03D004E0BDE8704056
:1066C000D3E7142902D0202A07D008E080F87C40C4
:1066D00080F8A240BDE87040AFE7162906D0262A10
:1066E00001D1162902D0172909D00CE000F87C4FFF
:1066F00080F82640407821280CD01A2017E090F826
:106700007D20222A07D0EA69002A03D0FF2901D17F
:1067100080F8A63132E780F87D4001F037FB286928
:1067200080F8974090F8C4010028F3D00020BDE81D
:10673000704061E72DE9F843D74C206990F87C1050
:10674000202909D05FF0000790F87D10222905D09C
:106750007FB300F17C0503E00127F5E700F17D053B
:1067600010F8B01F41F004010170A06903F007F9AF
:106770004FF00108002608B33946A069FFF784FDF1
:10678000E0B16A46A169206902F096FE90B3A06963
:1067900003F0F3F82169A1F8AE01B1F8701001F02F
:1067A000C6FA40B32069282180F88D1080F88C80CB
:1067B00048E0FFE70220A070BDE8F883206990F868
:1067C000C40110B11E20FFF717FFAFB1A069216906
:1067D000C07881F8E20008FA00F1C1F3006000B966
:1067E000FFDF20690A2180F87C1090F8A20040B9F0
:1067F000FFDF06E009E01AE02E7001F0C7FAFFF7AC
:10680000E8FE206980F89760D6E7206990F8C40117
:1068100018B10020FFF7F0FE2E70206900F17D0115
:1068200080F897608D420DD180F87D600AE0206984
:106830009DF8001080F8B0119DF8011080F8B1119A
:1068400024202870206900F17D018D4203D1BDE82C
:10685000F84301F09BBA80F8A260ADE770B58E4CAA
:1068600001230B21206990F87D20703002F059FD42
:10687000202650BB20690123002190F87D20703034
:1068800002F04FFD0125F0B1206990F87C0024282A
:106890001BD0A06903F063F8C8B1206990F8B0106C
:1068A00041F0040180F8B010A1694A7902F00702B2
:1068B00080F85D20097901F0070180F85C1090F8FC
:1068C000C5311BBB06E0A57058E6A67056E6BDE8CC
:1068D00070407EE690F8C431C3B900F164035E787D
:1068E0008E4205D11978914202D180F897500DE07F
:1068F00000F504710D7002884A8090F85C200A71DE
:1069000090F85D0048712079F4F74EFB2169212051
:1069100081F87D00BDE8704001F02FBAF8B55E4CFB
:10692000206990F87E0010F0300F04D0A07840F07D
:106930000100A070F8BDA06902F0FAFF50B3A06991
:1069400002F0F0FF0746A06902F0F0FF0646A069DA
:1069500002F0E6FF0546A06902F0E6FF0146009757
:10696000206933462A46303003F046F8A079800784
:1069700003D56069C07814280FD0216991F87C0094
:106980001C280AD091F85A0001280ED091F8BB01BA
:1069900058B907E0BDE8F8401BE62169012081F8FD
:1069A0005A0002E091F8BA0130B1206910F87E1F58
:1069B00041F0100101700EE091F87E0001F5FE72C9
:1069C00040F0200081F87E0031F8300B03F080F8B1
:1069D0002079F4F7E9FABDE8F84001F0CEB970B5D6
:1069E0002D4C206990F87E10890707D590F87C20FF
:1069F00001230821703002F094FCE8B1206990F87E
:106A0000AA00800712D4A06902F073FF216981F8FF
:106A1000AB00A06930F8052FA1F8AC204088A1F8A0
:106A2000AE0011F8AA0F40F002000870206990F83B
:106A3000AA10C90703D00FE00120A0709EE590F8CE
:106A40007E00800700D5FFDF206910F87E1F41F02F
:106A50000201017001F091F92069002590F87C1085
:106A6000062906D180F87C5080F8A2502079F4F7EE
:106A70009BFA206990F8AC110429DFD180F8AC5161
:106A80002079F4F791FA206990F87C100029D5D18B
:106A900080F8A25072E50000F800002070B5FE4CAE
:106AA00001230021206990F87D20703002F039FC2C
:106AB000012578B9206990F87D20122A0AD0012397
:106AC0000521703002F02DFC10B10820A07055E5B2
:106AD000A57053E5206990F8A80008B901F04DF9B8
:106AE0002169A06901F5847102F0F1FE2169A069B4
:106AF000D83102F0F2FE206990F8E00100B1FFDF2A
:106B000021690888A1F8E20101F5F271A06902F09B
:106B1000D6FE2169A06901F5F67102F0D5FE206963
:106B200080F8E051142180F87D102079BDE8704094
:106B3000F4F73ABA70B5D84C01230021206990F8D7
:106B40007D20703002F0EDFB0125A8B1A06902F0B4
:106B50008CFE98B1A0692169B0F80D00A1F8AE01D2
:106B6000B1F8701001F0E3F858B12069282180F8DD
:106B70008D1080F88C5001E5A570FFE4BDE87040F1
:106B800027E5A0692169027981F8B021B0F80520D4
:106B9000A1F8B22102F060FE2169A1F8B401A06958
:106BA00002F05DFE2169A1F8B601A06902F05AFE6B
:106BB0002169A1F8B8010D2081F87D00DEE47CB5E3
:106BC000B54CA079C00738D0A06901230521C5784C
:106BD000206990F87D20703002F0A3FB68B1AD1EF3
:106BE0000A2D06D2DFE805F00909050509090505A2
:106BF0000909A07840F00800A070A07800281CD1F6
:106C0000A06902F0FFFD00287AD0A0690226C578AD
:106C10001DB1012D01D0162D18D1206990F87C00EE
:106C200002F067FB90B1206990F87C101F290DD00D
:106C3000202903D0162D16D0A6707CBD262180F801
:106C40007C10162D02D02A20FFF7D6FC0C2D58D030
:106C50000CDC0C2D54D2DFE805F033301D44A7A71F
:106C6000479E57A736392020A0707CBD0120152DE6
:106C700075D008DC112D73D0122D69D0132D64D07E
:106C8000142D3DD178E0162D7CD0182D7DD0FF2D10
:106C900036D183E020690123194690F87F207030B7
:106CA00002F03FFBF8B9A06902F007FE216981F804
:106CB0009201072081F87F0078E001F044F975E047
:106CC000FFF738FF72E001F01EF96FE0206990F8DD
:106CD0007D10112901D0A67068E0122180F87D1086
:106CE00064E0FFF7DBFE61E0206990F87D00172883
:106CF000F1D101F04BF821691B2081F87D0055E0AE
:106D000052E0FFF76CFE51E0206990F87E00C0076A
:106D100003D0A07840F001001FE06946A06902F0AE
:106D2000EAFD9DF8000000F02501206900F8B01F81
:106D30009DF8011001F04101417001F01EF8206939
:106D400010F87E1F41F0010114E0FFF78EFC2DE0EA
:106D5000216991F87E10490705D5A07026E00EE064
:106D600016E00FE011E001F008F8206910F87E1F2E
:106D700041F00401017019E0FFF7D0FD16E001F0C9
:106D80008AF813E0FFF76AFD10E0FFF7D3FC0DE08F
:106D900001F060F80AE0FFF780FC07E0E16919B153
:106DA000216981F8A60101E0FFF713FC2069F0E9F1
:106DB0003012491C42F10002C0E900127CBD70B5DE
:106DC000354CA07900074AD5A078002847D1206922
:106DD00090F8E400FE2800D1FFDF2069FE210025A5
:106DE00080F8E41090F87D10192906D180F8A7509A
:106DF00000F0CCFF206980F87D50206990F87C106D
:106E00001F2902D0272921D119E090F87D0002F036
:106E100070FA78B120692621012380F87C1090F85F
:106E20007D200B21703002F07CFA78B92A20FFF720
:106E3000E3FB0BE02169202081F87C0006E00121C2
:106E400080F8A51180F87C5080F8A250206990F855
:106E50007F10082903D10221217080F8E41059E441
:106E600010B50D4C216991F8B0210AB991F8642050
:106E700081F8642091F8B1210AB991F8652081F870
:106E8000652010B10020FFF7B7FB206902F0D4FDA8
:106E9000002809D0206901E0F8000020BDE810407A
:106EA00000F5F77102F020BE10BD70B5FC4C06462F
:106EB0000D46206990F8E400FE2800D0FFDF22692B
:106EC000002082F8E46015B1A2F8A40022E422F8C0
:106ED0009E0F012010711DE470B5F14C01230021BB
:106EE000206990F87C20703002F01BFA002869D0ED
:106EF000206990F8BA1111B190F8BB1139B190F82E
:106F0000C41100295DD090F8C51111B359E090F873
:106F10007D1024291BD090F87C10242917D0002341
:106F200000F5D87200F5DD7102F058FD21690020EE
:106F300081F8BA0101461420FFF7B7FF216901F17A
:106F40003000C28A21F8E62F408B48803FE00123C1
:106F5000E6E790F87D2001230B21703002F0E1F983
:106F600078BB206990F8640000F0FBFE05462069BC
:106F700090F8650000F0F5FE0646206990F8C6110D
:106F8000284600F0E0FE50B1206990F8C711304665
:106F900000F0D9FE18B10020FFF72EFB11E02069A8
:106FA0000123032190F87D20703002F0BAF940B936
:106FB00020690123022190F87D20703002F0B1F9A0
:106FC00008B1002080E400211620FFF76EFF0120A9
:106FD0007AE410B5F0BBB24C206990F87E10CA0775
:106FE00002D00121092051E08A070AD501210C2095
:106FF000FFF75BFF206910F8AA1F41F00101017043
:1070000046E04A0702D5012113203FE00A0705D5D3
:1070100010F8E11F41710121072037E011F0300F16
:107020003AD090F8BB11A9B990F8BA11D9B190F83B
:107030007D1024292ED090F87C1024292AD00023FA
:1070400000F5D87200F5DD7102F0C8FC216911F875
:107050007E0F00E020E020F0200040F010000870DB
:10706000002081F83C01206990F87E10C90613D5F4
:1070700002F0E2FCFFF7E1FA216901F13000C28A77
:1070800021F8E62F408B488001211520FFF70DFFE6
:10709000012010BD0123D3E7002010BD70B5804C46
:1070A000206990F8E410FE2978D1A178002975D1E3
:1070B00090F87F2001231946703002F032F9002841
:1070C0006CD1206990F8901149B10021A0F89C1072
:1070D00090F8911180F8E610002102205BE090F812
:1070E0007D2001230421703002F01BF90546FFF7D3
:1070F00070FF002852D1284600F089FF00284DD1AA
:1071000020690123002190F87C20703002F009F9F9
:1071100078B120690123042190F87D20703002F0BD
:1071200000F930B9206990F8960010B100211220C2
:1071300031E0206990F87C200A2A0DD0002D2DD155
:1071400001230021703002F0ECF878B1206990F84A
:10715000AC1104290AD105E010F8E21F01710021E9
:10716000072018E090F8AA00800718D0FFF7B4FEB7
:10717000002813D120690123002190F87C20703071
:1071800002F0CFF8002809D0206990F8A401002867
:1071900004D00021FF20BDE8704086E609E0002110
:1071A0000C20FFF782FE206910F8AA1F41F00101B0
:1071B000017043E43EB505466846FDF7BDFE00B9E3
:1071C000FFDF222200210098F6F7DDF80321009866
:1071D00002F0FFFA0098017821F0100101702946B1
:1071E00002F01DFB2E4C0D2D40D00BDCA5F102054D
:1071F0000B2D19D2DFE805F01F184719191F185673
:1072000018192400152D5ED008DC112D25D0122D63
:107210000BD0132D09D0142D06D154E0162D29D0F2
:10722000172D69D0FF2D73D0FFDFFDF79AFE0028E0
:1072300000D1FFDF3EBD2169009891F8E61017E00C
:10724000E26800981178017191884171090A817191
:107250005188C171090A0172E7E70321009802F021
:10726000A6FB0621009802F0A6FBDEE700980621A7
:107270000171DAE70098216991F8C621027191F84D
:10728000C7114171D1E72169009801F5887102F0B9
:1072900028FB21690098DC3102F028FBC5E70000DB
:1072A000F8000020F849D1E90001CDE90101206989
:1072B00001A990F8B00000F025008DF804000098B6
:1072C00002F048FBB1E72069B0F84810009802F0DE
:1072D00017FB2069B0F8E810009802F015FB206950
:1072E000B0F84410009802F013FB2069B0F8E610E3
:1072F000009802F011FB98E7216991F8C401002879
:107300000098B9D111F8642F02714978B9E7FFE705
:10731000206990F8A721D0F8A811009802F08DFA02
:1073200083E7DA4810B5006990F8821041B990F807
:107330007D2001230621703001F0F3FF002800D0EA
:10734000012010BD70B5D14D286990F8801039B179
:10735000012905D0022906D0032904D0FFDF0AE461
:10736000B0F8F41037E090F87F10082936D0B0F864
:107370009810B0F89A2000248B1C9A4206D3511A18
:10738000891E0C04240C01D0641EA4B290F896103F
:1073900039B190F87C2001230921703001F0C1FF40
:1073A00040B3FFF7BEFF78B129690020B1F8902003
:1073B000B1F88E108B1C9A4203D3501A801E00D055
:1073C000401EA04200D284B20CB1641EA4B228694F
:1073D000B0F8F4102144A0F8F01040E5B0F898108F
:1073E0000329BDD330F8701F428D1144491CA0F809
:1073F000801034E50024EAE770B50C4605464FF4EA
:10740000087200212046F5F7BEFF258027E5F8F732
:107410005FBF2DE9F0410D4607460621F8F74EFE05
:10742000041E3ED094F8CC010026B8B16E7007203F
:1074300028700DE0268484F8CC61D4F8CE01C5F81C
:107440000200D4F8D201C5F80600B4F8D60168816C
:1074500094F8CC010028EDD1AE70B6E094F8D801D4
:1074600090B394F8D8010B2813D00C2801D0FFDF7B
:10747000ABE02088F8F755FF0746F8F712FC78B91B
:107480006E700C20287094F8DA01A8702088A8800B
:1074900014E02088F8F745FF0746F8F702FC10B122
:1074A0000020BDE8F0816E700B20287094F8DA019E
:1074B000A8702088A88094F8DE01A87184F8D861AB
:1074C0003846F8F7E8FB80E0FFE794F80E0230B1A9
:1074D0006E700E20287084F80E626F8075E094F84C
:1074E000E00180B16E700820287020886880D4F890
:1074F000E4116960D4F8E811A960B4F8EC01A8813E
:1075000084F8E06161E094F8080270B16E701620B2
:10751000287005E084F80862D4F80A02C5F8020071
:1075200094F808020028F5D14FE094F8EE01B0B1CC
:107530006E70122028700DE084F8EE61D4F8F0012E
:10754000C5F80200D4F8F401C5F80600D4F8F80133
:10755000C5F80A0094F8EE010028EDD135E094F862
:10756000FC0180B16E701820287084F8FC61D4F89A
:10757000FE01C5F80200D4F80202C5F80600B4F80E
:107580000602688121E094F8100240B119202870A9
:1075900084F81062D4F81202C5F8020015E094F8DD
:1075A000160200283FF47DAF6E701320287008E0AB
:1075B00084F81662D4F81802C5F80200B4F81C0268
:1075C000E88094F816020028F2D1012069E72F48DC
:1075D0000021C16101620846704730B52B4D0C4651
:1075E000E860FFF7F4FF00B1FFDF2C7130BD002130
:1075F00080F87C1080F87D1080F8801090F8FE10E4
:1076000009B1022100E00321FEF76BBB2DE9F04137
:107610001E4C0546206909B1002104E0B0F80611AE
:10762000B0F8F6201144A0F8061190F8901139B97D
:1076300090F87F2001231946703001F072FE30B1BE
:10764000206930F89C1FB0F85A201144018020694D
:1076500090F8A23033B1B0F89E10B0F8F620114483
:10766000A0F89E1090F9A670002F06DDB0F8A410C7
:10767000B0F8F6201144A0F8A41001213D263DB138
:1076800080F88D6018E00000A0B20100F800002032
:107690002278022A0AD0012A11D0A2782AB380F8CF
:1076A0008C1012F0140F0DD01E2113E090F8E6207C
:1076B000062A3CD016223AE080F88C1044E090F87C
:1076C000922134E0110702D580F88D603CE09106EC
:1076D00003D5232180F88D1036E0900700D1FFDF1D
:1076E00021692A2081F88D002AE02BB1B0F89E2074
:1076F000B0F8A0309A4210D2002F05DDB0F8A420D7
:10770000B0F8A0309A4208D2B0F89C30B0F89A2075
:10771000934204D390F890310BB1222207E090F805
:1077200080303BB1B0F89830934209D3082280F8FA
:107730008D20C1E7B0F89820062A01D33E22F6E753
:10774000206990F88C1019B12069BDE8F0414EE72E
:10775000BDE8F0410021FEF7C4BA2DE9F047FF4C27
:1077600081460D4620690088F8F7EDFD060000D13E
:10777000FFDFA0782843A070A0794FF000058006B5
:10778000206904D5A0F8985080F8045103E030F83F
:10779000981F491C0180FFF7C4FD012740B3E08812
:1077A000000506D5206990F8821011B1A0F88E501E
:1077B0001EE02069B0F88E10491C89B2A0F88E1026
:1077C000B0F890208A4201D3531A00E00023B4F8A5
:1077D00008C00CF1050C634501D880F89670914201
:1077E00006D3A0F88E5080F80E722079F3F7DCFBF8
:1077F000A0794FF0020810F0600F0ED0206990F8C9
:10780000801011B1032908D102E080F8807001E0F6
:1078100080F880800121FEF764FA206990F88010DA
:10782000012904D1E188C90501D580F88080B9F12A
:10783000000F71D1E188890502D5A0F8185104E044
:10784000B0F81811491CA0F8181100F0A7FBFEF7BA
:1078500059FDFFF723FC00F0B2FD0028206902D09B
:10786000A0F8F85003E030F8F81F491C018000F040
:10787000A9FD38B1206990F80411022907D8491CE4
:1078800080F80411206990F80401022804D92069C5
:1078900020F8F85F4580057320690123002190F8E6
:1078A0007D20703001F03DFD20B9206990F87D0009
:1078B0000C286AD120690123002190F87C207030C7
:1078C00001F02FFD48B320690123002190F87F20AB
:1078D000703001F026FD00B3206990F88010022975
:1078E00053D190F80401C0B93046F7F7AAFFA0B110
:1078F000216991F8E400FE2847D1B1F8F20001288F
:1079000043D981F8FD70B1F89A20B1F89800931E20
:10791000984203DB012004E043E036E0101A401EE9
:1079200080B2B1F8F82023899A4201D3012202E003
:107930009A1A521C92B2904200D91046012801D1E5
:1079400081F8FD5091F86F206AB98A6E5AB1B1F88A
:107950009420B1F87030D21A12B2002A03DD90429E
:1079600000DB104680B291F8892192B1B1F8FA207B
:10797000B1F88A118A4201D3012102E0891A491C17
:1079800089B2884205D9084603E02169012081F8BF
:10799000FD502169B1F870201044A1F8F400FFF700
:1079A000D1FCE088C0F340214846FFF72FFE206954
:1079B00080F8FE50BDE8F047FDF7F6BA6749024689
:1079C0008878CB78184312D10846006942B189798A
:1079D000090703D590F87F00082808D001207047D8
:1079E000B0F84C10028E914201D8FEF7C6B80020C4
:1079F000704770B5594C05460E46E0882843E08034
:107A0000A80703D5E80700D0FFDF6661EA074FF05B
:107A100000014FF001001AD0A661F278062A02D0C8
:107A20000B2A14D10AE0226992F87D30172B0ED16F
:107A30000023E2E92E3302F8370C08E0226992F8BD
:107A40007D30112B03D182F8811082F8A800AA079B
:107A500018D56269D278052A02D00B2A12D10AE021
:107A6000216991F87D20152A0CD10022E1E930220C
:107A700001F83E0C06E0206990F87D20102A01D123
:107A800080F88210280601D50820E07067E42DE90F
:107A9000F84F324C00254FF00108E580A570E570E5
:107AA0004146257061F3070220619246814680F8C5
:107AB000FE800088F8F747FC070000D1FFDF20694F
:107AC0000088FDF736FA20690088FDF75BFA206927
:107AD000B0F8F21071B190F8E410FE290FD190F8CF
:107AE000901189B190F87F2001231946703001F080
:107AF00018FC78B1206990F8E400FE2804D02069D1
:107B000090F8E400FFF756FB206990F8FF1089B168
:107B1000258118E02069A0F89C5090F8911180F818
:107B2000E61000210220FFF7C0F9206980F8FD501F
:107B30000220E7E790F8CC1119B9018C82889142B4
:107B400000D881882181B0F8F610491E8EB2B0F8B5
:107B5000F8103144A0F8F81002E00000F80000200E
:107B600090F8FC1021B1A0F8FA5080F8FC5004E025
:107B7000B0F8FA103144A0F8FA1030F8981F3144E8
:107B80000180FFF7CEFB20B1206930F88E1F314411
:107B900001802069B0F8F210012902D8491CA0F830
:107BA000F2100EB180F8045190F8FD10A1B1B0F8B8
:107BB000F800218988420FD23846F7F742FE58B1C3
:107BC000206990F8891139B1B0F8FA10B0F88A013B
:107BD000814201D300F0F9FB206980F8FD5090F854
:107BE0007D100B2901D00C2916D1B0F87020B0F807
:107BF000AE31D21A12B2002A0EDBD0F8B011816079
:107C000090F8B4110173032101F04EFA206980F855
:107C10007D5080F8B28026E0242910D1B0F8701091
:107C2000B0F8AE21891A09B2002908DB90F8C40126
:107C3000FFF716F9206900F87D5F857613E090F86C
:107C40007C10242901D025290DD1B0F87010B0F88E
:107C5000AE01081A00B2002805DB0120FFF700F989
:107C6000206980F87C5020690146B0F8F620703019
:107C700001F0C8FA206990F8891109B1A0F8FA500A
:107C8000F6480090F64BF74A4946504600F0DEFAB7
:107C9000216A11B16078FCF74DFE206901230521AE
:107CA00090F87D20703001F03CFB002803D0BDE847
:107CB000F84F00F038BABDE8F88F00F045BBEA494C
:107CC000C8617047E848C069002800D001207047AB
:107CD000E54A50701162704710B50446B0F8B421FF
:107CE0004388B0F8B611B0F8B8019A4205D1A3881C
:107CF000994202D1E38898420FD02388A4F8D0316A
:107D0000A4F8D221A4F8D411A4F8D601012084F853
:107D1000CC01D5480079F3F747F90221204601F05C
:107D2000C3F9002004F87D0F0320E07010BD401A55
:107D300000B247F6FE71884201DC002801DC012018
:107D4000704700207047012802D0022805D102E0C8
:107D5000012904D001E0022901D000207047012050
:107D6000704710B5012804D0022804D0FFDF204658
:107D700010BD0124FBE70224F9E7BB48002100699C
:107D800020F8A41F8178491C81707047B64800B55F
:107D9000016911F8A60F401E40B20870002800DAF1
:107DA000FFDF00BDB0482721006980F87C1000216A
:107DB00080F8A411704710B5AB4C206990F8AC1155
:107DC000042916D190F87C2001230021703001F0A5
:107DD000A8FA00B9FFDF206990F8AA10890703D438
:107DE000062180F87C1004E0002180F8A21080F8C1
:107DF000AC11206990F87E00800707D5FFF7C6FF19
:107E0000206910F87E1F21F00201017010BD964913
:107E100010B5096991F87C200A2A09D191F8E2206D
:107E2000824205D1002081F87C0081F8A20010BDBB
:107E300091F87E20130706D522F0080081F87E0015
:107E4000BDE81040A2E7FF2801D0FFDF10BDBDE86C
:107E50001040A7E710B5844C206910F8B01F41F01E
:107E600004010170A06901F0A4FD162806D1206963
:107E700090F87C00202802D0262805D010BDA069EB
:107E800001F09BFDFEF7B8FB2169002081F87C0022
:107E900081F8A20010BDF8B5734C01230A212069B6
:107EA00090F87C20703001F03CFA38B3A06901F002
:107EB0003FFDC8B1A06901F035FD0746A06901F09A
:107EC00035FD0646A06901F02BFD0546A06901F0CD
:107ED0002BFD01460097206933462A46303001F0D9
:107EE0008BFD206901F0A8FD2169002081F8A20026
:107EF00081F87C00BDE8F840FEF79FBBA07840F019
:107F00000100A070F8BD10B5574C01230021206975
:107F100090F87D20703001F004FA30B1FFF72DFFAA
:107F20002169102081F87D0010BD20690123052101
:107F300090F87D20703001F0F4F908B1082000E0DD
:107F40000120A07010BD70B5474C012300212069AD
:107F500090F87D20703001F0E4F9012588B1A06926
:107F600001F0A8FC2169A1F8AE01B1F87010FFF78B
:107F7000DEFE40B12069282180F88D1080F88C50F9
:107F800084E5A57082E52169A06901F5D87101F049
:107F90008CFC21690B2081F87D0077E510B5FEF798
:107FA0000EFFFEF70CFE304CA079400708D5A078F4
:107FB00030B9206990F87F00072801D10120207096
:107FC000FEF73EFAA079C00609D5A07838B9206935
:107FD00090F87D100B2902D10C2180F87D10E078FB
:107FE00000070ED520690123052190F87D2070300F
:107FF00001F097F930B10820A0702169002081F8C4
:10800000D80110BDBDE81040002000F016BB10B52F
:10801000154C216991F87D2040B3102A06D0142A0E
:1080200007D0152A23D01B2A35D123E001210B20AC
:1080300022E0FBF769FB0C2820D32069082100F51A
:108040008870FBF765FB28B120690421DC30FBF761
:108050005FFB00B9FFDF012104200DE05B77010029
:10806000BD790100F3790100F800002008E000F07C
:1080700017F803E001210620FEF717FF012010BDCD
:10808000212A08D191F8970038B991F8C40110B1AC
:1080900091F8C50108B1002010BD01211720EBE7C0
:1080A00070B5184C0025206990F8931101290AD069
:1080B000022925D190F8A810A9B1062180F8E61070
:1080C0000121022017E090F8D811002918D100F101
:1080D000C80300F58471002200F5CA7001F0C1F8F0
:1080E0000121052007E090F8B000400701D51120DC
:1080F00000E00D200121FEF7D8FE206980F89351A1
:10810000C4E40000F8000020F9480078002800D0FE
:108110000C20704710B50446FFF7F6FF00B1FFDFF3
:10812000F348047210BDF2490120C871704770B560
:108130000C460546082B01D0194600E004211046E4
:1081400001F075F9844200D220460DB1001D80B2C5
:10815000C0B270BD70B5E64934314C6804F17005A9
:1081600060B1628F218F94F86530A87CFFF7DFFF44
:1081700094F86510BDE87040FCF79EB8FF2094F8B5
:108180006410F7E72DE9F0478146D9483430446858
:10819000002004F17005628F218F94F86530FFF79D
:1081A000C6FFD34F0646D34878620120FFF7D2FFBF
:1081B000A87C4FF0000840B305F15801CE4891E883
:1081C0000E1000F1080A8AE80E10A96EC0F82110FE
:1081D000E96EC0F82510FE38FCF743FBC6480121C4
:1081E00008300176D5E91412C0E90412A0F58372B3
:1081F000796AFBF728FF94F8650000F0A7FB0246B8
:1082000031460120FBF72DFF04E0786AFCF729FBDB
:10821000FBF74BFFB9F1000F03D141469620FCF765
:108220004CFB94F8642001210020FCF706FC94F834
:108230002C00012801D1FCF7DFFB02203870FCF78D
:1082400061FD002800D0FFDFBDE8F0872DE9F04395
:10825000A74D87B0804628780E9F1C461646894653
:1082600010B90EB104B107B9FFDFEF61C5E90564CC
:108270000020C5E90D89E871A871E870A87028711F
:108280009B4F6871A8813437E8817E68344636F8A0
:10829000700BF8F758F8E8622088F8F742F828637E
:1082A000FCF714F894F96700FCF7CEF804F112001B
:1082B000FCF7B9FA04F10E00FCF7CCF80120FCF74A
:1082C000CDFA18228D496846F5F733F88C480490AA
:1082D0006846FCF7B7FAF07EFCF7C6F8FCF7B8FA88
:1082E00094F86F0078B9A06E68B1B08C318888427C
:1082F00009D1B4F86C1001220844B08494F86E00DF
:10830000A16EF9F708FE628F218F94F86530B07C7A
:10831000FFF70DFF94F865402146FBF7CDFF786825
:1083200090F8880108B1FCF74FF821460120FCF7CE
:1083300054F97868D0F80001FCF797FA0120FFF7AC
:1083400021FF07B0BDE8F083694800B50078022836
:1083500000D0FFDF00BD664810B534304468FCF73C
:10836000FBFAFCF7DAFAFCF729FAFCF762FAFBF7FA
:108370009CFE94F82C00012801D1FCF733FB94F803
:108380006F0038B9A06E28B1002294F86E00114633
:10839000F9F7C1FD564CE08900F0E2FAE269A179F3
:1083A000A07890470020207010BD514810B500788B
:1083B000022800D0FFDFBDE81040CCE7CBE74C48F7
:1083C000007970474A48C078704749490120487190
:1083D00070472DE9FC474648454E3430A0F114075C
:1083E00044684FF0000A254694F875004FF00108E4
:1083F000703458B3012868D002286AD0032876D098
:10840000FFDF316AB1460826087820F008000870BE
:10841000A37906EAC303184320F004000870E37947
:10842000042606EA8303184320F0100008706779D9
:10843000D9F82C00F7F715FA0646FCF7C8FD022F0D
:1084400067D0012F65D0032F66D068E000F094FA62
:10845000AA8E0146104600F0EAFF298E814200D222
:1084600008464C21ADF8040048533846FCF78DFD12
:1084700048B14FF48060316A00F077FA03206071F0
:1084800084F80380BDE76A4601A9F06A00F05CFA4F
:10849000306210B194F8371029B13846FCF746FD28
:1084A00084F80580ADE79DF8001031B9A0F800A070
:1084B00080F802A0012101F08CF9BDF80410306AA7
:1084C00001F07DFA022060719BE73846FCF72EFD33
:1084D00097E7B5F84C00ADF804006A4601A9F06AC8
:1084E00000F032FA306200288BD1FFDF89E709E023
:1084F0001C010020780B0020780D0020A8B201009C
:108500001B5D01003846FCF740FD0028BAD1FFDFB3
:1085100077E7B04301D002E00EB1012100E0002175
:10852000D9F820004E46027842EA01110170617CC0
:1085300051B36179012927D004F15801F7488EC958
:1085400000F1080989E88E00A16EC0F82110E16EE3
:10855000C0F82510FE38FCF784F9F048083080F8A0
:1085600018A0D4E91212C0E90412A0F58371326A8E
:10857000FBF769FD95F8640000F0E8F90246FB217D
:108580000020FBF76EFD03E0FCF76BF9FBF78DFDB8
:10859000012195F865200846FCF74FFA86F804801B
:1085A000316A0A8832828978B17486F80080FCF7D3
:1085B000B5FB002800D0FFDFBDE8FC8770B5D84CC4
:1085C000054639B9012D05D1E078401CC0B2E070F4
:1085D000012820D8A16928468847E0B16179D148AF
:1085E00031B1012D04D1417811B90178C90612D5F4
:1085F000A17981B98DB9CA4910310978CA0602D466
:108600000078C00607D5A08928B9A06A28B9608972
:1086100018B1C80601D4012070BD002070BD10B58E
:10862000BF4CA06A00B9FFDF6289D4E90910D21CEF
:10863000F4F77FFEA06A606210BD2DE9F0470600E6
:10864000B748B74D00F134004468686A04F170041B
:10865000477801D0012E03D1296B02F0EDF8687044
:1086600068784FF000084FF0010938B1012816D0A2
:1086700002282FD0032844D0FFDFE5E5012E30D0BB
:10868000FFF7CDFF39460122286BF7F75BF926E0AB
:1086900084F8078030E000BF84F807902CE0012EBA
:1086A00008D0FFF7BCFF39460022286BF7F74AF9DC
:1086B000022EE2D0D4E91401401C41F10001C4E9CA
:1086C0001401E079012802D084F80790BCE584F811
:1086D0000780B9E5012E04D0286BF7F7B7FA022E10
:1086E000CBD0D4E91401401C41F10001C4E91401CC
:1086F000E0790128D0D1CBE7287ABDE8F047F2F73E
:1087000053BC012EB9D0286BF7F7A0FAF4E770B587
:108710008349834A343100264C68516A01257034FC
:108720000B7803F00303012B14D0022B12D0032B80
:1087300003D0907940F0040023E0A570D08940F484
:108740000060D081012000F010F91CE0E67170BDDE
:10875000E57170BD4978B1B1D38943F40063D38129
:10876000936A002BF5D0FB2908D8D17921B1BDE857
:108770007040802000F0F4B8057070BD907940F032
:108780001000907170BDE0790128E1D1DEE770B58D
:108790006348634D3430446828787034012800D031
:1087A000FFDFA07838B10020A0700146042000F05F
:1087B000DCF801202071296A0878C043800705D1C0
:1087C000A889400502D5022000F0CFF80121002041
:1087D000FFF7F4FE10B1BDE87040BCE5BDE87040A5
:1087E0000020CFE42DE9F84F4D4F4D4C3437002693
:1087F0007D6882468DF8006020787035022800D0B0
:10880000FFDFE08940F40070E0810020FFF7A2FC68
:10881000A87CBAF1000F5BD0FBF76AFCFBF75AFCAF
:108820004FF0010968B9A87C58B1606A417841B13C
:108830000078E979C0F3C000884202D184F8029040
:1088400059E0606A4178618121B1206BF7F734F813
:10885000A06200E0A662E089B84640F02000E08116
:10886000E670786800F17007064690F82C00012841
:1088700016D1FCF7B7F83946304600F010FD78B154
:10888000D8F804003188A0F80A12397A80F80C125E
:10889000797A80F80D1280F80892207AF2F784FB3A
:1088A000606AA9790078C0F38000884205D000F0A2
:1088B00094F8E08940F48070E081606AE97900789A
:1088C000C0F3C00088420AD16846FFF720FF06E0E7
:1088D00008B1FBF73EFCE08940F04000E0815146E2
:1088E0000120FFF76BFE00289DF8000007D010B1B3
:1088F0000020FFF7A2FEFFF72EFDBDE8F88F10B1B4
:108900000120FFF79AFEFFF764FD9DF800000028A4
:10891000F3D00220FFF791FEEFE70000780D002072
:108920001C010020780B002070B5064654480D4607
:108930004468FBF773FC034694F8642029463046EC
:10894000BDE87040FDF706BAF6F7C5BE00B50128D0
:1089500002D0022802D0FFDF002000BD012000BDB0
:10896000474A0021343A52691047454A343A9389BC
:108970000343938152691047414810B5446804F19C
:108980007001087B24280ED0497B24290BD01F2896
:108990000CD020280AD0222912D094F86400042890
:1089A00000D1082010BD94F8B01106E0222907D0AC
:1089B00094F8C60100F04FF8014694F8640008E00E
:1089C00094F8C60114F85D1F084000F044F8014611
:1089D000E079BDE8104000F048B870B52848446818
:1089E00094F875007034002832D0022810D1244D3C
:1089F000343DE86AF6F79BFE00B9FFDFD4E91201C7
:108A0000401C41F10001C4E91201287AF2F7CCFAC6
:108A100000256571207920B1257100211020FFF714
:108A2000A4FFE07878B1E570FCF7BEFA00B9FFDF8B
:108A300000210820FFF799FFD4E91201401C41F101
:108A40000001C4E91201A079012802D00120A0711F
:108A500070BDA57170BDC10701D0012070478007AE
:108A600001D50220704700207047002904D001285A
:108A700003D0012901D00220704701207047000077
:108A8000500100202DE9F0410F4606460024FE4D1E
:108A90000FE000BF05EBC40090F85311B14206D1BE
:108AA0000622394600F5AA70F4F716FC38B1641CAA
:108AB000E4B22878A042EDD81020BDE8F08120462D
:108AC000FBE7F0B50746F04816460478621C0270D2
:108AD00000EBC4050868C5F854018888A5F858015A
:108AE000102C00D3FFDF85F8537185F85A612046BA
:108AF000F0BD70B5054600F017FA10281CD1E24C05
:108B00002078401EC0B22070A84215D004EBC002ED
:108B100004EBC50102F58070D2F85321C1F853214E
:108B2000D0F85700C1F85701207800F0FDF910285F
:108B300002D0204480F8035170BD2DE9F047D24C9B
:108B40000646A719A078401EC5B2A57097F8038104
:108B5000AE422AD004EB051A04EB06190AF1030110
:108B600009F103001022F4F7E4FB0AF1830109F193
:108B700083001022F4F7DDFB601905EB450290F845
:108B8000031187F8031106EB460104EB420204EBE4
:108B90004101D2F80B31C1F80B31B2F80F21A1F825
:108BA0000F2190F83B0187F83B0104EBC80090F8D7
:108BB0005A01C00703D14046BDE8F04799E7BDE838
:108BC000F087B1498A78824203D9084490F843017A
:108BD00070470020704710B540F2D3120021AA4818
:108BE000F4F7D1FB0822FF21A848F4F7CCFBA748F3
:108BF00000210C38417081704FF46171818010BD8B
:108C000070B50D460646FFF73DFF9F4C102807D074
:108C100004EBC00191F85A11C90701D0012070BDC1
:108C20006178082910D2102808D004EBC000012177
:108C300080F85A116078401C6070EFE701222946E5
:108C40003046FFF73EFFF5E7002070BD70B58E4D52
:108C50002878401E44B20AE005EBC40090F85A019F
:108C6000C00702D0E0B200F070F9641E64B2002CBC
:108C7000F2DA864900200C39887070BD82498A7802
:108C8000824203D901EB0010C01C704700207047DE
:108C90002DE9F047984691460C460546FFF7F2FE4F
:108CA0000646102805D000F03FF9102801D0122008
:108CB00085E7754FB87808282AD2102E05D10022F2
:108CC00021462846FFF7FDFE0646BC781022601CB0
:108CD000B87007EB0415E81C494600F0B5FA05F139
:108CE00083001022414600F0AFFA1021404600F008
:108CF0009CFA3C44102184F84301484604F59674DC
:108D000000F093FAE07704F8296C0020E07356E74E
:108D1000072054E75C4810B58078401E44B204E058
:108D2000E0B2FFF70AFF641E64B2002CF8DA10BD4F
:108D300056490C394870704754480C384078704791
:108D400040B14AF2B811884204D850490C398880A1
:108D500001207047002070474C480C3880887047CD
:108D600010B5FFF78FFE102803D000F0DDF81028B3
:108D700000D1082010BD44498A78824203D901EB12
:108D8000001083307047002070473F4B10B59C782F
:108D900084420FD9184490F8030103EBC00090F807
:108DA00053310B70D0F854111160B0F85801908015
:108DB000012010BD002010BD334A114491F8032159
:108DC00032490C390A700268C1F80620808848814F
:108DD000704770B52D4B0C3B5B7873B12A4B9C7878
:108DE0005CB1451821460AB1D81C01E02648833001
:108DF0002A46FBF794F8012070BD002070BD10B525
:108E0000FBF7DBF818B1BDE81040FBF7E6B8FF2030
:108E100010BD1D498A78824209D9084490F803019F
:108E200001EBC00090F85A0100F0010070470020EB
:108E300070472DE9F04100242546134E2CE02846CA
:108E400000F072F88046FFF719FF06EBC50797F8A8
:108E50005A11C9071ED060B1B8F1100F05D006EB4A
:108E6000080191F83B11012903D0102100F0DDF930
:108E700080B10649204601F80480641C97F853210C
:108E800007F5AA71E4B203E0A80D002064010020F8
:108E9000FBF7B5FA6D1CEDB23078A842CFD80CE6DE
:108EA000012296E72E4A01EB410102EB41010268E3
:108EB000C1F80B218088A1F80F01704701461022EC
:108EC000284800F0C1B92748704725498A7882426E
:108ED00003D9084490F83B0108B1002070470120F5
:108EE00070472DE9F0410E460746154606213046EB
:108EF00000F09BF91A4C58B1002004E02118401CE6
:108F000081F83B51C0B2A1788142F7D80120D4E565
:108F100031463846FFF724FF082803D0204480F864
:108F20003B51F3E70020C8E50D4910B5034600208A
:108F30008A7806E00C1894F803419C4204D0401C47
:108F4000C0B28242F6D8102010BD05494A78521EA0
:108F50004A7001EBC001002281F85A21C9E50000E6
:108F6000A80D00207B0F002000F00101400800F058
:108F700001021144400800F001021144400800F0D1
:108F800001021144400800F001021144400800F0C1
:108F900001021144400800F00102114401EB5000AD
:108FA000704710B500240485848DDB004C43B3FB6F
:108FB000F2F394FBF2F45B1C84859BB203FB02F496
:108FC0004385B4F5C84F01DD5B1E43854FF4FA437A
:108FD000B3FBF2F35B1C0386438C02EBC3035B1E03
:108FE000B3FBF2F30384C38B4B43B3FBF2F1C183B6
:108FF00010BD70B50546087B0E4600F01F000873D3
:109000000020687604463019007AFFF7ADFF291971
:10901000641C0875697EE4B208446876052CF2D3B6
:10902000C0B2252800D9FFDF70BD0023C38342846E
:1090300001EBC202521EB2FBF1F101847047F0B5A0
:109040006FF01F02010C02EA90261F25A1F5AA402D
:1090500054380DD0A1F5AA40553809D0A1F52850B3
:10906000AA3805D0A1F52A40AA3801D0012000E095
:10907000002000221346144682EA0107FF431F43E3
:109080007F1C0FD006F00107520842EAC73205F0F4
:1090900001075B0876086D08641C43EAC733162C89
:1090A000EAD3F0BD0020F0BD2DE9F04101260446D1
:1090B000002500F1700751B1012974D0022971D047
:1090C00003296CD101463846BDE8F04191E7802282
:1090D00000213846F4F757F9BD71FD713D737D737A
:1090E000FD733D747D71BD76FD76212087F84000CB
:1090F000412087F84100FE2087F8740027887022FD
:1091000000212046F4F73FF9278084F8646084F852
:109110006560282084F8660004F1300000210746CD
:1091200000F071FC1B21F9833984A4F85210A4F8D3
:1091300054104FF4A470A4F85600A4F858006673B5
:109140004FF448606080A4F8F050A4F8F250A4F8FE
:10915000F450A4F8F650A4F8F850A4F8FA5084F8A3
:10916000FD5084F8FF50A4F8065184F80451A4F887
:109170001851A4F81A5184F8BA5184F8BB5184F8F4
:10918000C45184F8C55184F8895184F8905184F809
:10919000935184F8AC51C4F8A451C4F8A851BDE867
:1091A000F08100E025E0A4F8065184F8FE506188C3
:1091B000FE480A460844B0FBF1F0A4F890004BF6D4
:1091C0008030A4F89200E3883846FFF7EAFE214693
:1091D0003846FFF70EFFFAF7F9F920B1D4F80E0080
:1091E000FFF72DFF10B184F88851D8E784F8886123
:1091F000D5E74188B4F8B831B4F8B4213846BDE8B1
:10920000F041CEE6437E0BB1252B01D912207047E9
:109210002AB14B7B2BB1012B05D01F2070470020BA
:10922000704700F0EEB900F092B910B500231A466D
:1092300003E0845C2343521CD2B28A42F9D30BB1BF
:10924000002010BD012010BD30B5134606E0CC183B
:10925000D51A14F8014C5B1E4455DBB2002BF6D135
:1092600030BD70B50E468CB0144601461D46102226
:109270006846FFF7E9FF1022314604A8FFF7E4FF34
:10928000684600F059FD08A94FF0100228461CB1AD
:10929000FFF7DAFF0CB070BDF4F74BF8FAE738B51A
:1092A00005460C466846FBF7B2FB002820D09DF926
:1092B00000002072E17E617294F90A100022411AC6
:1092C00000D5494295F82D308B4210DCFF2B0ED093
:1092D000E17A491CC9B2E17295F82E30994202D860
:1092E000A17A7F2903D1A0720020E07201221046EA
:1092F00038BD0C2813D00B2811D00D280FD01F28F3
:109300000DD020280BD0212809D0222807D02328CF
:1093100005D0242803D0262801D000207047012042
:10932000704710B5A2F10F030C2941D2DFE801F01C
:1093300006080D1215181C40243E272EAAB337E04C
:10934000072A37D0082A35D032E00C2A32D00B2A2F
:1093500030D02DE00D2A2DD02AE00C2B2AD927E081
:10936000103A0B2A26D923E0032B23D990F8380092
:10937000F0B11B2A1ED91BE0062A1BD018E01C2ABC
:1093800018D01D2A16D01E2A14D011E01F2A11D081
:10939000202A0FD0212A0DD0222A0BD0232A09D02F
:1093A000242A07D0262A05D002E003E00E2A01D0A5
:1093B000002010BD012010BD2DE9F0410C460546EE
:1093C00040F23577866805E0F8F7F7FF3946F8F799
:1093D000C8FCA8602846F9F7A5F90028F4D08CB19C
:1093E0003046A968F9F7EAFC00280BDD2044401E4E
:1093F000B0FBF4F707FB04F13046F8F7B2FCA860C5
:109400003846CCE60020CAE670B5044690420BD23E
:10941000101B642800D2642025188D4205D8042131
:10942000F9F7FFFC08B1284670BD204670BD11F069
:109430000C0F19D04A074FF41671002A03DA00BF47
:109440004FF0100201E04FF0400201DA4FF09601B8
:1094500001F5BC71A0EB0103884202D993FBF2F045
:1094600000E0002080B27047022904D06FF00D01A7
:1094700001EBD000F6E76FF00E0101EB9000F1E791
:109480000844184498300AB1042100E0002108443F
:10949000704701207047106808667047C10701D007
:1094A00001207047810701D502207047400701D590
:1094B00008207047002070472DE9F0410546164608
:1094C00088460124084600F054FA0746404600F05A
:1094D00052FA0346FFF7E2FF02463846FFF7DEFF87
:1094E00052EA000100D10024990700D10022B907F7
:1094F00000D1002095F86410914200D10022327012
:1095000095F86510814200D10020707072B968B979
:10951000404600F032FAB5F87010401A00B247F633
:10952000FE71884201DC002800DC0024204636E67B
:1095300010B540F6C4125410012903D0022902D0FC
:10954000FFDF02E008B1104610BD204610BDF0B5A7
:109550000C7C8B7BCD7B5C404B7C02886B4044EA6F
:109560000324467E62400023D5B2120A95FAA5F57F
:1095700092FAA2F22D0E120E45EA022202EB02121C
:109580005B1C2244DBB292B2032BEDD36240252355
:10959000B2FBF3F403FB142301EBD304837603F053
:1095A00007070125247A05FA07F701E0FFDB05002C
:1095B0003C4201D0C3761AE05643320C521CD2B260
:1095C000002403191B7D934213D300230E19367A0E
:1095D00005FA03F73E4201D0521ED2B222B15B1C03
:1095E000DBB2082BF4D306E003EBC401C176002004
:1095F000F0BDD21AD2B2641CE4B2052CE1D31F2014
:10960000F0BDF0B5837E0C7E012504FB02322523DC
:10961000B2FBF3F403FB142201EBD204827602F0D6
:109620000703247A05FA03F31C4201D0C2761EE038
:10963000437EB2FBF3F403FB1422521CD2B200238C
:10964000C418247D944214D30024CE1896F80860E0
:1096500005FA04F73E4201D0521ED2B222B1641C78
:10966000E4B2082CF4D306E004EBC301C176002079
:10967000F0BD121BD2B25B1CDBB2052BE0D31F2066
:10968000F0BD000030B50546007801F00F0220F073
:109690000F0010432870092912D2DFE801F00507F6
:1096A00005070509050B0F0006240BE00C2409E053
:1096B000222407E001240020E87003E00E2401E0EA
:1096C0000024FFDF6C7030BD007800F00F007047A1
:1096D0000A6840F8032F8988818070470A6840F83B
:1096E000092F8988818070470278402322F0400248
:1096F00003EA81110A4302707047027822F0800267
:1097000042EAC1120270704770B514460E46054613
:109710001F2A00D9FFDF2246314605F10900F3F781
:1097200008FEA41D6C7070BD70B514460E4605464B
:109730001F2A00D9FFDF2246314605F10900F3F761
:10974000F8FDA41D6C7070BD30B5017801F00F01FB
:10975000032920D0052921D14578B0F81910B0F897
:109760001B40B0F81730827D222D17D1062915D362
:109770004FF44865A94211D8B4F5FA7F0ED26AB108
:10978000082A0BD88A4209D28B4207D8B0F81D00AC
:10979000A84205D902E040780C2801D0002030BD55
:1097A000012030BD4078704700B5027801F0030316
:1097B00022F003021A430270012905D0022903D0C6
:1097C000032903D0FFDF00BD002100E0012141702B
:1097D00000BD00B5027801F0030322F003021A4332
:1097E0000270012905D0022903D0032903D0FFDF2D
:1097F00000BD002100E00121417000BD007800F0B3
:1098000003007047417841B1C078192803D2704AEB
:10981000105C884201D1012070470020704730B5AC
:1098200001240546C170192902D26948445C02E04E
:10983000FF2900D0FFDF6C7030BD70B514460E46B6
:1098400005461B2A00D9FFDF6C7022463146E81C12
:10985000BDE87040F3F76DBDB0F807007047B0F891
:1098600009007047B0F80B00704770B5B0F80720DA
:10987000B0F80940B0F805300179951F40F67A46F6
:10988000B54210D8B4F5FA7F0DD261B108290AD8D3
:10989000914208D2934206D8B0F80B00B0F5486F59
:1098A00001D8012070BD002070BD42680A60007AB6
:1098B00008717047B0F80900704700797047426836
:1098C0000A6080684860704780890880704750F857
:1098D0000E2F0A60406848607047D0F81600086094
:1098E00070470A6842604968816070470968C160D2
:1098F00070470079704742680A6080684860704726
:109900000171090A417170478171090AC17170477B
:109910000172090A417270478172090AC172704767
:1099200080887047C08870470089704740897047B9
:1099300001891B290CD341894FF4A472914207D3AA
:1099400081881B2904D3C088904201D3012070472D
:10995000002070470A684260496881607047017959
:10996000490704D04079400701D00120704700200A
:1099700070470079704740797047C08870470CB5D0
:1099800014A2D2E90012CDE900120179407901F068
:10999000070269461DF80220012A04D800F00700DA
:1099A000085C012801D900200CBD01200CBD01710B
:1099B000704700797047417170474079704730B502
:1099C0000C460546FB2900D9FFDF6C7030BD000056
:1099D000C0B20100000101020102020310B58C882F
:1099E0000A894B88C988A0F84430A0F84810A0F82C
:1099F0004640A0F84A2010BD10B5029C8181C2816A
:109A00000382448210BD1B2202838282C281828132
:109A100042800281028042848284828300290AD1AA
:109A20004FF4A4714183C18241820182C18041818E
:109A30008180C18401857047F0B5B0F84830818FCE
:109A4000458EC48E8B4200D30B46B0F84A10B0F856
:109A50004020914200D20A464386C286068F478F35
:109A600000F130019E4200D21E46974200D21746B6
:109A70000E814F81AB4201D1A24201D0012400E00E
:109A80000024B0F84420C38F068E858E9A4200D3FE
:109A90001A46B0F84670B0F842309F4200D23B46BA
:109AA00090F85A70022F08D1964200D232469D4259
:109AB00000D22B46002780F85A700A808B80B24271
:109AC00001D1AB4201D0012000E000202043F0BDD5
:109AD000508088899080C889D080088A1081488AFF
:109AE000508101201070704770B502884A80048E42
:109AF0008C80838ECB80428E0A81C58E4D81B0F8DA
:109B00005660AE420BD1B0F85250954207D1B0F832
:109B100058509D4203D1B0F85430A34201D00123E4
:109B200000E000230B73A0F852204A89A0F85620C9
:109B30008A88A0F85420CA88A0F85820012008700C
:109B400070BD70B50C46088E91F8641000F016F8E0
:109B5000A18E0546A94200D20D46208F94F86510CB
:109B600000F00CF8618F814200D208460146284679
:109B7000BDE8704000221346FFF782BC11F00C0FC5
:109B800004D04FF4747101EB801006E0022902D07A
:109B9000C000703001E080003C3080B270470000AF
:109BA0002DE9F0410C4612490D68114A114908325D
:109BB0001160A0F12001312901D301200CE04128DE
:109BC00010D040CC0C4F94E80E0007EB8000241F0F
:109BD00050F8807C3046B84720600548001D05607D
:109BE000BDE8F081204601F0B9F8F5E7062070479E
:109BF0001005024001000001DCB2010010B555481B
:109C0000F9F704FD00B1FFDF5248401CF9F7FEFCF4
:109C1000002800D0FFDF10BD2DE9F14F4E4E82B07D
:109C2000D6F800B001274B48F9F7F8FCDFF824819B
:109C300020B9002708F10100F9F706FD474C00257F
:109C40004FF0030901206060C4F80051C4F80451CA
:109C5000029931602060DFF808A11BE0DAF800000B
:109C6000C00617D50E2000F068F8EFF3108010F052
:109C7000010072B600D001200090C4F80493D4F81B
:109C8000000120B9D4F8040108B901F071F8009876
:109C900000B962B6D4F8000118B9D4F8040100285C
:109CA000DCD0D4F804010028CCD137B1C6F800B01C
:109CB00008F10100F9F7B2FC11E008F10100F9F731
:109CC000ADFC0028B6D1C4F80893C4F80451C4F818
:109CD00000510E2000F031F81E48F9F7B5FC0020C5
:109CE000BDE8FE8F2DE9F0438DB00D4606460024F9
:109CF0000DF110090DF1200818E000BF04EB440736
:109D0000102255F827106846F3F713FB05EB870779
:109D1000102248467968F3F70CFB6846FFF77CFF92
:109D200010224146B868F3F704FB641CB442E5DB3B
:109D30000DB00020BDE8F0836EE7002809DB00F0DD
:109D40001F02012191404009800000F1E020C0F88D
:109D5000801270476C01002004E5004000E00040E4
:109D600010ED00E0B64900200870704770B5B54DA1
:109D700001232B60B44B1C68002CFCD0002407E0AE
:109D80000E6806601E68002EFCD0001D091D641CB4
:109D90009442F5D30020286018680028FCD070BDDC
:109DA00070B5A74E0446A94D3078022800D0FFDFD9
:109DB000AC4200D3FFDF7169A548012903D847F2FF
:109DC0003052944201DD03224271491C7161291B0A
:109DD000C1609F49707800F030F9002800D1FFDFA2
:109DE00070BD70B5964C0D466178884200D0FFDF9B
:109DF000964E082D4BD2DFE805F04A041E2D4A4A44
:109E00004A382078022800D0FFDF03202070A07895
:109E1000012801D020B108E0A06800F041FD04E075
:109E200004F1080007C8FFF7A1FF05202070BDE876
:109E30007040F8F7C0B9F8F7C0FA01466068F8F763
:109E4000BDFFB04202D2616902290BD30320F9F7AA
:109E50000EFB12E0F8F7B1FA01466068F8F7AEFFC2
:109E6000B042F3D2BDE870409AE7207802280AD0C9
:109E7000052806D0FFDF04202070BDE8704000F008
:109E8000D2B8022000E00320F9F7F1FAF3E7FFDF90
:109E900070BD70B50546F8F790FA694C606020789F
:109EA000012800D0FFDF6A490120087000200871F6
:109EB00004208D6048716548C86002202070607879
:109EC00000F0BBF8002800D1FFDF70BD10B55C4C7E
:109ED000207838B90220F9F7E0FA18B90320F9F729
:109EE000DCFA08B1112010BD5A48F8F7E1F96070AA
:109EF0001F2804D0012020700020606110BD0320C5
:109F000010BD2DE9F0471446054600EB84000E46CF
:109F1000A0F1040800F0D7FC07464FF0805001691B
:109F20004F4306EB8401091FB14201D2012100E039
:109F3000002189461CB10069B4EB900F02D90920B9
:109F4000BDE8F0872846E7F76FF990B9A84510D328
:109F5000BD4205D2B84503D245EA0600800701D0CC
:109F60001020EDE73046E7F75FF910B9B9F1000FBF
:109F700001D00F20E4E7384838490068884205D00E
:109F8000224631462846FFF7F1FE1AE0FFF79EFF12
:109F90000028D5D12A4800218560C0E9036481707A
:109FA000F9F7DDFA08B12E4801E04AF2F870604393
:109FB0004FF47A7100F2E730B0FBF1F01830FFF7A0
:109FC00068FF0020BCE770B505464FF0805004697B
:109FD0006C432046E7F728F908B10F2070BD00F068
:109FE00072FCA84201D8102070BD1B481B490068B4
:109FF000884203D0204600F053FC10E0FFF766FFD4
:10A000000028F1D10E48012184608170F9F7A7FA88
:10A0100008B1144800E014481830FFF73AFF002058
:10A0200070BD00F053BE10B5054C6078F8F7A2F98A
:10A0300000B9FFDF0020207010BDF8F7EFBB000073
:10A040007001002004E5014000E40140105C0C00B8
:10A050008C0F0020E39D010058000020BEBAFECA0C
:10A0600050280500645E0100A85B01007149096881
:10A070000160002070476F4908600020704701218F
:10A080008A0720B1012804D042F20400704791678A
:10A0900000E0D1670020704767490120086042F264
:10A0A0000600704708B50423634A1907103230B11F
:10A0B000C1F80433106840F0010010600BE0106834
:10A0C00020F001001060C1F808330020C1F8080139
:10A0D0005A4800680090002008BD011F0B2909D8CC
:10A0E000554910310A6822F01E0242EA4000086019
:10A0F0000020704742F205007047000100F18040E7
:10A10000C0F8041900207047000100F18040C0F839
:10A11000081900207047000100F18040D0F80009C4
:10A12000086000207047012801D907207047444A81
:10A1300052F8200002680A4302600020704701289C
:10A1400001D9072070473E4A52F8200002688A432E
:10A15000026000207047012801D907207047384A63
:10A1600052F820000068086000207047020035495E
:10A170004FF0000003D0012A01D0072070470A6089
:10A18000704708B54FF40072510510B1C1F80423AF
:10A1900008E0C1F808230020C1F8240127481C303A
:10A1A00000680090002008BD08B58022D10510B1DC
:10A1B000C1F8042308E0C1F808230020C1F81C01FD
:10A1C0001E48143000680090002008BD08B54FF408
:10A1D0008072910510B1C1F8042308E0C1F808238A
:10A1E0000020C1F8200115481830006800900020B8
:10A1F00008BD10493831096801600020704770B50A
:10A200004FF080450024C5F80841F9F7B4F910B9BA
:10A21000F9F7BBF928B1C5F82441C5F81C41C5F8C8
:10A2200020414FF0E020802180F800140121C0F887
:10A23000001170BD0004004000050040080100400E
:10A24000A0B30100780500406249634B0A68634986
:10A250009A42096801D1C1F31001016000207047E2
:10A260005C495D4B0A685D49091D9A4201D1C0F302
:10A2700010000860002070475649574B0A6857493C
:10A2800008319A4201D1C0F31000086000207047E5
:10A2900030B5504B504D1C6842F20803AC4202D01E
:10A2A000142802D203E0112801D3184630BDC300A0
:10A2B0004B481844C0F81015C0F81425002030BDD4
:10A2C0004449454B0A6842F209019A4202D00628E5
:10A2D00002D203E0042801D308467047404A012116
:10A2E00042F83010002070473A493B4B0A6842F26E
:10A2F00009019A4202D0062802D203E0042801D3C1
:10A3000008467047364A012102EBC0004160002038
:10A31000704770B52F4A304E314C156842F2090330
:10A3200004EB8002B54204D0062804D2C2F800181B
:10A3300007E0042801D3184670BDC1F31000C2F82D
:10A340000008002070BD70B5224A234E244C1568C9
:10A3500042F2090304EB8002B54204D0062804D27D
:10A36000D2F8000807E0042801D3184670BDD2F8DF
:10A370000008C0F310000860002070BD174910B538
:10A380000831184808601120154A002102EBC0036B
:10A39000C3F81015C3F81415401C1428F6D3002078
:10A3A00006E0042804D302EB8003C3F8001807E09A
:10A3B00002EB8003D3F80048C4F31004C3F800484C
:10A3C000401C0628EDD310BD04490648083108603A
:10A3D0007047000058000020BEBAFECA00F50140D8
:10A3E00000F001400000FEFF814B1B6803B198475D
:10A3F000BFF34F8F7F4801687F4A01F4E06111434A
:10A400000160BFF34F8F00BFFDE710B5EFF3108081
:10A4100010F0010F72B601D0012400E0002400F01A
:10A42000DDF850B1E6F7A4FFF7F761FDF8F7C1FFDB
:10A43000F9F7E2FC71490020086004B962B6002017
:10A4400010BD2DE9F0410C460546EFF3108010F0E9
:10A45000010F72B601D0012600E0002600F0BEF820
:10A4600020B106B962B60820BDE8F08100F006FD13
:10A47000E6F782FF0246002001234709BF0007F1EB
:10A48000E02700F01F01D7F80071CF40F9071BD07B
:10A49000202803D222FA00F1C90727D141B20029AE
:10A4A00004DB01F1E02191F8001405E001F00F0157
:10A4B00001F1E02191F8141D4909082916D203FA87
:10A4C00001F717F0EC0F11D0401C6428D5D3F9F731
:10A4D00071FC4B4A4B490020F9F7B4FC47494A4804
:10A4E00008602046E6F7A7FE60B904E006B962B648
:10A4F00041F20100B8E73E4804602DB12846E6F776
:10A50000E7FE18B1102428E0404D19E02878022811
:10A5100002D94FF4805420E007240028687801D045
:10A52000D8B908E0C8B1202817D8A878212814D8AD
:10A53000012812D001E0A87878B9E8780B280CD867
:10A54000E6F71AFF2946F8F71AFFF7F78FFC00F035
:10A55000EDF92846E6F7DAFE044606B962B61CB104
:10A56000FFF753FF20467FE700207DE710B5044644
:10A5700000F034F800B101202070002010BD244903
:10A5800008600020704770B50C4622490D682149CB
:10A59000214E08310E60102807D011280CD0122847
:10A5A0000FD0132811D0012013E0D4E90001FFF7E8
:10A5B00048FF354620600DE0FFF727FF00252060AB
:10A5C00008E02068FFF7D2FF03E011492068086027
:10A5D000002020600F48001D056070BD07480A4933
:10A5E0000068884201D101207047002070470000B8
:10A5F000880100200CED00E00400FA05580000205E
:10A600004810002000000020BEBAFECAA8B3010016
:10A6100004000020100502400100000100B585493A
:10A6200010F1080F19D00CDC10F1280F1DD010F11B
:10A63000140F18D010F1100F13D010F10C0F08D117
:10A640000DE010F1040F06D080B103280ED00428CD
:10A650000CD0FFDF00BDFC2008E0F82006E0F4206D
:10A6600004E0F02002E0EC2000E0D820086000BD0B
:10A67000704900B5091D012803D0022803D0FFDF6F
:10A6800000BD032000E00420086000BD2DE9F0417A
:10A6900005460C4617461046F9F76CFD4FF47A76DE
:10A6A000022C10D0012C10D040F63401441838464A
:10A6B000F9F7C5FD204449F679710844B0FBF6F07E
:10A6C000281ABDE8F0813146F0E74FF4C861EDE7A4
:10A6D00070B505460C460846FAF7F4FA022C10D07D
:10A6E000012C11D04FF4AF5149F6CA62511A0844F7
:10A6F0004FF47A7100F2E140B0FBF1F0281A801EAD
:10A7000070BD40F24C41EFE740F63401ECE770B524
:10A71000064615460C460846FAF7D4FA4FF47A7105
:10A7200040F63402022D11D0012D11D01346022C17
:10A7300011D0012C01D04FF4AF529A1A104449F6AF
:10A74000FC621044B0FBF1F0301A70BD0B46EEE72E
:10A750004FF4C863EBE740F24C42EEE770B50446B5
:10A760000E460846F9F706FD05463046F9F767FD3F
:10A7700028444AF2AB3108444FF47A71B0FBF1F04F
:10A78000201A801E70BD2DE9F04106461D460C467C
:10A790001746104600F045F806EB4601C1EBC6111E
:10A7A00000EBC100022C15D0012C16D04FF4AF5194
:10A7B00046182046FAF786FA301A4FF47A7100F6F6
:10A7C000B730B0FBF1F43846F9F741FD2044284496
:10A7D000401D76E740F24C41EAE740F63401E7E7F6
:10A7E00070B5044615460E460846F9F7C3FC04EB5F
:10A7F0004401C1EBC411C0EBC1043046F9F71FFDA1
:10A80000241A284600F00DF820444FF47A7100F61F
:10A81000B730B0FBF1F42846F9F719FD2044401D8C
:10A8200070BD082803D0042801D0F9F7A3BC4EF668
:10A83000283070470C150040F0B585B00C46054631
:10A84000FEF7DCFF07466E78204603A96A46F5F757
:10A8500004FA81198EB258B1012F02D0032005B03D
:10A86000F0BD204604AA0399F5F719F9049D01E00B
:10A87000022F0FD1ED1C042E0FD32888BDF8001035
:10A88000001D80B2884201D8864202D14FF00000FC
:10A89000E5E702D34FF00200E1E74FF00100DEE709
:10A8A0000B4A022111600B490B68002BFCD0084BAE
:10A8B0001B1D186008680028FCD000201060086884
:10A8C0000028FCD070474FF080504069704700006E
:10A8D00004E5014000E4014002000B464FF0000097
:10A8E000014620D0012A04D0022A04D0032A0DD127
:10A8F00003E0012002E0022015E00320072B05D22F
:10A90000DFE803F00406080A0C0E10000720704769
:10A91000012108E0022106E0032104E0042102E015
:10A92000052100E00621F7F7E4BC0000E24805211C
:10A9300081700021017041707047E0490A78012A56
:10A9400005D0CA681044C8604038F8F704BA8A686D
:10A9500010448860F8E7002819D00378D849D94A0C
:10A9600013B1012B0ED011E00379012B00D06BB98C
:10A9700043790BB1012B09D18368643B8B4205D22B
:10A98000C0680EE00379012B02D00BB100207047A4
:10A9900043790BB1012BF9D1C368643B8B42F5D2EB
:10A9A00080689042F2D801207047C44901220A70A1
:10A9B000027972B100220A71427962B104224A71AD
:10A9C000826852328A60C068C860BB4902208870C1
:10A9D00070470322EFE70322F1E770B5B74D044655
:10A9E00000202870207988B100202871607978B122
:10A9F0000420B14E6871A168F068F7F7B2F9A86059
:10AA0000E0685230E8600320B07070BD0120ECE7D0
:10AA10000320EEE72DE9F04105460226F8F7C5F8D8
:10AA2000006800B1FFDFA44C01273DB12878B8B120
:10AA3000012805D0022811D0032814D027710DE079
:10AA40006868C82808D30421F8F7EBF920B16868D2
:10AA5000FFF773FF012603E0002601E000F014F980
:10AA60003046BDE8F08120780028F7D16868FFF70C
:10AA700072FF0028E2D06868017879B1A0780428D4
:10AA800000D0FFDF01216868FFF7A7FF8B49E0785E
:10AA900000F003F90028E1D1FFDFDFE7FFF785FFD2
:10AAA0006770DBE72DE9F041834C0F46E17888427F
:10AAB00000D0FFDF00250126082F7DD2DFE807F058
:10AAC000040B28283D434F57A0780328C9D00228FB
:10AAD000C7D0FFDFC5E7A078032802D0022800D046
:10AAE000FFDF0420A07025712078B8BB0020FFF79D
:10AAF00024FF72480178012906D08068E06000F0E8
:10AB0000F9F82061002023E0E078F7F782FDF5E70F
:10AB1000A078032802D0022800D0FFDF207880BB75
:10AB2000022F08D05FF00500F8F7A1FCA0780328F9
:10AB300040D0A57095E70420F6E7A078042800D05F
:10AB4000FFDF022004E0A078042800D0FFDF01200E
:10AB5000A1688847FFF75EFF054633E003E0A07871
:10AB6000042800D0FFDFBDE8F04100F08DB8A078E8
:10AB7000042804D0617809B1022800D0FFDF2078D2
:10AB800018B1BDE8F04100F08AB8207920B1062064
:10AB9000F8F76DFC25710DE0607840B14749E07829
:10ABA00000F07BF800B9FFDF65705AE704E007208A
:10ABB000F8F75DFCA67054E7FFDF52E73DB1012DC9
:10ABC00003D0FFDF022DF9D14BE70420C0E70320BB
:10ABD000BEE770B5050004D0374CA078052806D133
:10ABE00001E0102070BD0820F8F757FC08B11120D3
:10ABF00070BD3548F7F75CFBE0701F2806D00121D7
:10AC0000F8F730FA0020A560A07070BD032070BD79
:10AC1000294810B5017809B1112010BD81780529A6
:10AC200006D0012906D029B101210170002010BDF4
:10AC30000F2010BD00F033F8F8E770B51E4C054644
:10AC4000A07808B1012809D155B12846FFF783FE45
:10AC500040B1287840B1A078012809D00F2070BDFC
:10AC6000102070BD072070BD2846FFF79EFE03E050
:10AC700000212846FFF7B1FE1049E07800F00DF8FA
:10AC800000B9FFDF002070BD0B4810B5006900F06F
:10AC900029F8BDE81040F7F78EBAF7F7BFBD0648B0
:10ACA00010B5C078F7F766FB00B9FFDF0820F8F7AA
:10ACB000DEFBBDE8104039E68C0100209C0F00202F
:10ACC0003D860100FF1FA107A5AA010010B5134C86
:10ACD0002060201D0160114810300260001D0360DB
:10ACE000002010BD0E490A6848F202139A4302433D
:10ACF0000A6070470A4A116848F2021301EA030029
:10AD0000994311607047054B02465B421020134483
:10AD1000FC2B01D8116000207047000000060040A5
:10AD2000C806024070477047704700001EF0040FCD
:10AD30000CBFEFF30880EFF30980014A10470000D1
:10AD40005F3E010001B41EB400B5F8F7A9FD01B4DF
:10AD50000198864601BC01B01EBD0000826903490E
:10AD600081614FF0010010447047000045AD0100C3
:10AD70000FF20C0000F10000694641F8080C20BFFA
:10AD800070470000FEDF18490978F9B904207146C0
:10AD900008421BD10699154A914217DC06990229EF
:10ADA00014DB02394878DF2810D10878FE2807D054
:10ADB000FF280BD14FF001004FF000020C4B184759
:10ADC00041F201000099019A094B1847094B002BE9
:10ADD00002D01B68DB6818474FF0FF3071464FF018
:10ADE0000002034B1847000028ED00E000C00100FE
:10ADF000E9A3010004000020174818497047FFF735
:10AE0000FBFFE6F7CBF900BD1548164909688842F3
:10AE100003D1154A13605B68184700BD20BFFDE7EA
:10AE20000F4810490968884210D1104B18684FF03C
:10AE3000FF318842F2D080F308884FF02021884209
:10AE400004DD0B48026803210A4302600948804779
:10AE500009488047FFDF0000B00F0020B00F00203E
:10AE600000100000000000200400002000C00100CD
:10AE700014090040DD2F000009AE0100F0B4404687
:10AE8000494652465B460FB402A0013001B5064860
:10AE9000004700BF01BC86460FBC804689469246EB
:10AEA0009B46F0BC70470000091100000420714669
:10AEB000084202D0EFF3098101E0EFF308818869CD
:10AEC00002380078102813DB20280FDB2C280BDB3E
:10AED0000A4A12680A4B9A4203D1602804DB094AE5
:10AEE0001047022008607047074A1047074A10477A
:10AEF000074A12682C3212681047000058000020E0
:10AF0000BEBAFECA7D130000A19B010087A5010007
:10AF1000040000200D4B0E4908470E4B0C49084712
:10AF20000D4B0B4908470D4B094908470C4B084985
:10AF300008470C4B064908470B4B054908470B4B84
:10AF4000034908470A4B02490847000019AC0000B2
:10AF500059B00000A52F00000BA8000099A7000021
:10AF6000A1AE0000991300004D7700001DB0000055
:10AF70002DAD01005F8200000784000065850000A0
:10AF8000C98500000386000037860000698600003E
:10AF90009986000021870000478300008985000012
:10AFA00013120000C12100000B2200006F220000DC
:10AFB000F522000011240000D32400000525000024
:10AFC000E3250000CB2600001F270000A12700007A
:10AFD000C1270000B92D0000DD2D0000FD2C000070
:10AFE000592D00000F2E0000A32E00002F3D000061
:10AFF000093E00003D4100003D420000B342000018
:10B000001D4300008143000017120000754400003A
:10B01000E1440000E3270000E927000017120000C8
:10B02000171200001712000017120000F32700008B
:10B030002B280000A12800001712000017120000A2
:10B040002D22000087290000A9290000F529000011
:10B05000131200001312000013120000131200005C
:10B06000EF5200007553000091530000AD530000F3
:10B070003B550000D7530000E1530000235400006B
:10B0800045540000215500006355000013120000D4
:10B0900013120000676E0000876E0000916E0000C2
:10B0A000CB6E0000F96E0000E96F000077700000C1
:10B0B0008B700000D9700000EF71000095730000E4
:10B0C000BD740000E95D0000D5740000131200009B
:10B0D00013120000A1A0000003A200005DA2000066
:10B0E000D7A2000083A30000100110013A02000063
:10B0F0001A0200040506000007000000FFFFFFFF22
:10B100000000FFFFE39C0000BF1C0000934E000006
:10B11000335E0000E97A000000000000A17D00001D
:10B120007D7D00008F7D0000000002000000000017
:10B13000000200000000000000010000000000000C
:10B14000136C0000F36B0000616C00007152000092
:10B150003352000053520000219400003994000043
:10B160004396000041370000816C000000000000A1
:10B17000B16C0000BF5200000000000000000000A1
:10B18000000000002395000000000000C13700000F
:10B19000555555D6BE898E0000006406640C6412B5
:10B1A00000000803AC055008000054044408340CA7
:10B1B00075DF0000DDE00000D7DE000073DF000077
:10B1C0001B5D0100ABE1000000000000480800002A
:10B1D0004808000051350000513500009B21000057
:10B1E000439B0000B7600000A34D0000F97301000D
:10B1F0008135000081350000BF210000D59B000093
:10B200003F610000174E00000F74010070017001D3
:10B21000400038005C002400200200000300656C40
:10B220007462000000000000000000000000000048
:10B230000000870000000000000000000000000087
:10B240000000BE83605ADB0B376038A5F5AA9183F6
:10B25000886C0000010000008B0801005D170100F0
:10B2600000000001020603040500000007000000C2
:10B2700000000000060000000A000000320000008C
:10B2800073000000B4000000F401FA0096006400AE
:10B290004B0032001E0014000A00050002000100ED
:10B2A0000041000000000000AB830100E5870100C1
:10B2B0008F870100BD830100000000002989010083
:10B2C0000C0802170D010102090901010602091803
:10B2D00018030101090903030500000049A2010048
:10B2E00061A2010079A2010091A20100C1A20100A6
:10B2F000E9A2010013A3010047A30100C79F0100B9
:10B30000039F010023A0010007AD01000D360100DD
:10B310001D360100493601001B37010023370100AB
:10B32000353701007FA0010099A001006DA0010048
:10B3300077A00100A5A00100DBA00100ED9B0100AA
:10B34000FBA0010009A1010017A1010027A1010034
:10B350003FA1010057A101006DA10100ED9B01007B
:10B3600000000000B7A900000DAA000023AA0000F9
:10B37000D9A80100199C0100E59C0100D3AB010094
:10B3800011AC01003BAC0100113401005D3901003A
:10B3900083A10100A9A10100CDA10100F3A1010039
:10B3A0001C0500402005004000100200CCB3010045
:10B3B00008000020980100004411000000B40100C2
:10B3C000A0010020100E00008011000001150545AD
:10B3D000481000200519A40500203601000100884E
:10B3E0003720FB349B5F80041F8000100D9DCB092C
:10B3F0000020880900200E0A0020024810000000EA
:10C000000000022079120300A1120300A312030012
:10C01000A5120300A7120300A912030000000000EC
:10C02000000000000000000000000000AB12030050
:10C03000AD12030000000000AF120300B1120300B4
:10C04000B31203000166020019110300DD100300A2
:10C05000F1100300B312030051FB020009E60200D5
:10C060007D0C0300850C03008D0C0300B31203004C
:10C07000B3120300B3120300B3120300B3120300A0
:10C08000B31203008D1C0300B3120300B3120300AC
:10C09000B3120300B3120300CD530300B312030025
:10C0A000B3120300B3120300950C03009D0C0300B0
:10C0B000B3120300B31203000000000000000000F0
:10C0C000B3120300B3120300B312030005110300FF
:10C0D000B3120300B3120300B3120300B312030040
:10C0E00041110300000000000000000000000000FB
:10C0F00000000000B3120300000000002D11030037
:10C10000000000000000000000000000000000002F
:10C11000000000000000000000000000000000001F
:10C12000000000000000000000000000000000000F
:10C1300000000000000000000000000000000000FF
:10C1400000000000000000000000000000000000EF
:10C1500000000000000000000000000000000000DF
:10C1600000000000000000000000000000000000CF
:10C1700000000000000000000000000000000000BF
:10C1800000000000000000000000000000000000AF
:10C19000000000000000000000000000000000009F
:10C1A000000000000000000000000000000000008F
:10C1B000000000000000000000000000000000007F
:10C1C000000000000000000000000000000000006F
:10C1D000000000000000000000000000000000005F
:10C1E000000000000000000000000000000000004F
:10C1F000000000000000000000000000000000003F
:10C2000090F800F06DE9024520F007016FF0000C96
:10C2100010F0070491F820F040F049804FF000043E
:10C220006FF00700D1E9002391F840F000F1080019
:10C2300082FA4CF2A4FA8CF283FA4CF3A2FA8CF351
:10C240004BBBD1E9022382FA4CF200F10800A4FAB8
:10C250008CF283FA4CF3A2FA8CF3E3B9D1E904230C
:10C2600082FA4CF200F10800A4FA8CF283FA4CF343
:10C27000A2FA8CF37BB9D1E9062301F1200182FAFD
:10C280004CF200F10800A4FA8CF283FA4CF3A2FA03
:10C290008CF3002BC6D0002A04BF04301A4612BA11
:10C2A000B2FA82F2FDE8024500EBD2007047D1E914
:10C2B000002304F00305C4F100004FEAC50514F0A3
:10C2C000040F91F840F00CFA05F562EA05021CBF74
:10C2D00063EA050362464FF00004A9E7000000008E
:10C2E000A2EB0300704700BF02780B78012A28BF39
:10C2F0009A42F5D16DE9044540EA0104CDE90267AF
:10C300006FF0000C4FEA447212B380EA010414F09B
:10C31000070F6AD100F0070420F0070004F00305BE
:10C3200021F007014FEAC505F0E8042314F0040FDB
:10C33000F1E804670CFA05F462EA040266EA04060E
:10C340000AD063EA0403624667EA0407664603E02C
:10C35000F0E80423F1E8046782FA4CF582EA060467
:10C36000A4FA8CF46CBB83FA4CF583EA0705A5FAB2
:10C370008CF595B950E9022351E9026782FA4CF530
:10C3800082EA0604A4FA8CF483FA4CF583EA0705E2
:10C39000A5FA8CF52543DBD09CB92DBAB5FA85F406
:10C3A00024F0070427FA04F1DDE9026723FA04F315
:10C3B00003F0FF0001F0FF01FDE80445A0EB0100E0
:10C3C000704724BAB4FA84F424F0070426FA04F17E
:10C3D000DDE9026722FA04F202F0FF0001F0FF013A
:10C3E000FDE80445A0EB0100704714F0030F3CD1B9
:10C3F00010F0030428D150F8082B51F8083B82FABA
:10C400004CF582EA0305A5FA8CF55DB950F8042CC9
:10C4100051F8043C82FA4CF582EA0305A5FA8CF542
:10C42000002DE8D02DBAB5FA85F424F0070423FADC
:10C4300004F122FA04F202F0FF0001F0FF01FDE82E
:10C440000445A0EB010070474FEAC40420F003004C
:10C4500050F8082B21F0030151F8083B0CFA04F4C2
:10C4600062EA040263EA0403C9E710F003041AD085
:10C47000A1EB040120F00300E40750F8042B06D0E0
:10C480000FD28B785FFAA2F4E41A06D12BB1CB78E5
:10C490005FFAB2F4E41A00D11BB920465DF8104BE4
:10C4A000704701F1040150F8042BCC0721F003017F
:10C4B00051F8043B48D824D222F07F4482FA4CF54C
:10C4C00094EA1325A5FA8CF50AD165B951F8043B15
:10C4D00084EA0204B4EB036F0ED150F8042BEBE7AF
:10C4E0004FEA132355E035F07F454DD10878FDE83C
:10C4F0000445C0F1000070474FEA126203F0FF03E9
:10C5000047E002EA1C4482FA4CF594EA1345A5FA86
:10C510008CF50AD165B951F8043B84EA0204B4EB06
:10C52000034F0CD150F8042BEBE74FEA134330E0F4
:10C5300015EA1C4528D10B884FEA124229E04FEA40
:10C54000124203EA1C4324E002F0FF0482FA4CF595
:10C5500094EA1365A5FA8CF50AD165B951F8043B44
:10C5600084EA0204B4EB032F09D150F8042BEBE763
:10C570004FEA13630DE015F0FF0F05D10B684FEA8A
:10C58000122223F07F4304E04FF00000FDE8044551
:10C59000704712BA1BBA82FA4CF482EA0304A4FA76
:10C5A0008CF5B5FA85F402FA04F203FA04F34FEAC3
:10C5B0001260FDE80445A0EB136070470000000026
:10C5C0002DE9F04F8DB00D780C466909062904AFAE
:10C5D000064635D0052900F09F80022991465ED09D
:10C5E000012900F0EF8003297AD0042900F064814A
:10C5F00011BB05F01F05012D00F00E82022D1BD18D
:10C600006578032D18DC94F80280B8F1010F05F16C
:10C61000640C00F07682CC4B34680022C7E9043207
:10C6200007F1100393E8030033468DE803006146E9
:10C6300004F1D00001F0BCF92437BD46BDE8F08F0D
:10C6400005F01F0808F1FF33022BA07840F2D680D6
:10C650001EF040F8BD4B00221EF0E0F9B6A3D3E96E
:10C6600000231EF0B1F81EF049FB05F01D056378AC
:10C67000042DC7E905303DD0A8F10508B8F1010F38
:10C68000DAD83068022300223B61202100920C237B
:10C6900007F1100200F2FC7012F0D6F9CCE705F0B9
:10C6A0001F05012D00F0E480022D00F06A81032DAA
:10C6B000C2D100F16301631D224612F8010F01F897
:10C6C000010B9A42F9D106F168030A3412F8010FFE
:10C6D00003F8010BA242F9D1304601F07DFAABE735
:10C6E00005F01F05012D00F0A081002DA4D101F05F
:10C6F00099FBA1E7306800223A610C2300922021C7
:10C7000007F1100200F2FC70A8F1050812F09CF984
:10C71000B8F1010F90D8B4E7E3786278DFF830C25F
:10C720006079A17803EB830302EB82029B0000EBAC
:10C73000800592003068ACFB0363ACFB02625B09CE
:10C74000AD00ACFB0565BB74520923797A7401EB2B
:10C7500081016A098900A579FA74ACFB016103EBD8
:10C760008303490905EB85059B003974AD00ACFBDB
:10C770000313E279ACFB05155B09217A3B75637AFB
:10C7800001EB810402EB820103EB83038900ACFB24
:10C790000121A4009B00ACFB0424ACFB032349094A
:10C7A0005B09F97500F5D36007F110016D096409A3
:10C7B00009227D75BC753B7614F068FB2437BD46B5
:10C7C000BDE8F08F05F01F05042D94F8018000F0FE
:10C7D000F580012D00F00881022D00F0BB80032DB3
:10C7E00000F03D81052D00F0678106EB0805002370
:10C7F000243785F85030BD46BDE8F08F1DF06AFF44
:10C80000524B94F8019000221EF008F94CA3D3E992
:10C8100000231DF0D9FF1EF071FA33680446012190
:10C8200003F5E26005F01D0512F026FE012D0CD087
:10C830003068494600F5DC6012F01EFE3068214683
:10C8400000F5DF6013F0F4FAF6E63068494600F5CB
:10C85000D66012F011FE3068214600F5D960A8F1CB
:10C86000020813F0E5FAB8F1010F3FF6E5AEDFE795
:10C87000931D23F007036D46ADEB030D0021B9F1C5
:10C88000030F8DF810100DF110080DF11100A2F139
:10C89000020203D47A601DF081FA7A68A11C404636
:10C8A0001DF066F9627802EB820241465200304682
:10C8B00001F0B8F9AD46BFE605F01F0B611C00F1B1
:10C8C000A0054FF0000807E008F10108B8F1100FCB
:10C8D00005F115053FF4B0AE2B78002BF4D02B7A80
:10C8E0005B45F1D10822284679601DF0F5FB08EB85
:10C8F000480A7968CAEBCA0A03460028E4D10AF15B
:10C90000A90AA9F1090246F80A0006EB0A0004F197
:10C9100009014360C0F807301DF02AF908F101024F
:10C92000012392B24FF4FA5107F1100010F08CFA83
:10C9300082E600BFAFF300800000000000E06F401F
:10C940000000000000F88F4071D80100000059403D
:10C950001F85EB5103686188182000FB083006EB47
:10C96000080508EB480803EBC80340F2FE32D3F891
:10C9700050339142DB68A8BF114600F554709847C8
:10C9800035E700F15401631D224612F8010F01F84A
:10C99000010B9342F9D106F1590204F10A0013F890
:10C9A000011F02F8011B8342F9D15E360F3413F8E0
:10C9B000012F06F8012B9C42F9D13DE6006808EBF7
:10C9C000480300EBC3031822D3F8503302FB0800DE
:10C9D0005B6800F554709847A2784146304601F0F4
:10C9E0003FFA06EB080502E700EB080595F8503022
:10C9F0000BBB4FF0180A4FF454731AFB083A4FEA76
:10CA000048093068A178C84400EBC8085044D8F8F9
:10CA100050331B689847EAE66378A3F10103B3FA41
:10CA200083F35B0980F82C3206E66279D4F80110B2
:10CA300001F0CAF900E6006808EB480300EBC30305
:10CA40004FF45472D3F850334FF0180A1AFB082AE7
:10CA5000DB68504400214FEA48099847D1E7A28893
:10CA60006188A2B9036808EB480203EBC2021820F0
:10CA7000D2F8502300FB0830146940F2DC534FF425
:10CA8000FA6200F5547006EB0805A047AFE6E388AC
:10CA900033BB0468182000FB084006EB080508EBD0
:10CAA000480804EBC80440F2DC53D4F8504300F5C6
:10CAB00054702469A0479AE600F1100300F13C018C
:10CAC00002E08B423FF491AE53F8042F9045F8D129
:10CAD000A2784146304601F037FA06EB080586E6B3
:10CAE000006808EB480400EBC40406EB0805D4F822
:10CAF0005043182606FB0800246900F55470A0472F
:10CB000075E6154BBB604FF0000910230268C7F8AB
:10CB10000C90029307F1080393E8030033468DE875
:10CB20000300614602F1D0004A4600F0EBFEE378D4
:10CB30003068012B4FF454724FF0180313FB052398
:10CB400018440CBF49464146354412F0BFFE01234C
:10CB500085F8503070E500BF71D80100000000007A
:10CB600030B5214C04600325C0F81858002400F5A6
:10CB7000026EF7EE007A0225C0E90244C0F81C58A4
:10CB8000CEED007AC0F8244800F628044FF0000CDF
:10CB9000C4F800C09FED127B012480F82C485C1E75
:10CBA00000F5036E00F5046C032C8EED007B0CED9C
:10CBB000027B05D85C1C6410C0F81838C0F81C480B
:10CBC00092B207EE902A00F61402F8EE677A00F5AA
:10CBD00001631160C3ED007A30BD00BFAFF3008088
:10CBE000000000000000000078B503000000000015
:10CBF0004389DA0700F142822DE9F04F4FF080427D
:10CC00002DED048BD2F8002443F001039BB00746BE
:10CC10004381002A00F01D82BF4A09921368013344
:10CC20001360BE4A07CA17AB03C317A91A7007F5EA
:10CC3000D360092214F02AF907F1D0031C4608EE4C
:10CC4000903A07F045FD0021384608F0E5F8204607
:10CC50000AF078F9B24C04F1F00554F8043F184694
:10CC600013B11B681B689847A542F6D1384602F0FD
:10CC700037FDAC4B0024CDE911341025029511ABE2
:10CC800093E8030022468DE803003B4640F2FD3165
:10CC900018EE900A08F06AF8A34B1494139313ABA0
:10CCA00093E80300C0238DE80300029364223B460F
:10CCB00040F2FD3118EE900A08F058F89B490295B1
:10CCC000169415AB159193E8030022468DE80300F6
:10CCD0003B464FF47F7118EE900A08F047F87A89C6
:10CCE000934B42F4C0427A81A021602280244020EC
:10CCF000E02583F8095383F80A1383F81A2383F88D
:10CD00001B2383F8071383F81C1383F8214383F84C
:10CD1000222383F8014383F8020383F8060307F60E
:10CD2000A4031C4607F61800069303F07FFA814916
:10CD300020460DF0EFFA8049059020460DF0EAFA02
:10CD40003B687E4A5B680890934240F09381642080
:10CD50000AF06EFB099B1B68079307F10C0309EEB1
:10CD6000103A0FF2AC1BDBE900AB07F604134FF0EF
:10CD7000000908EE103A4C46C846079B032B00F00A
:10CD8000A28007F664100DF047F9002840F0E38018
:10CD9000059B002B00F0EF80FF2318EE100A4A4697
:10CDA000214610F035FA3B685B681420634A9342D1
:10CDB00040F0A4800AF03CFB0134E4B2052C08F1F9
:10CDC000010804D109F101095FFA89F90024B8F1D9
:10CDD000190F059B00F09680002BCED05549069880
:10CDE0000DF0E6FB05981EF09AF9089B13B1184662
:10CDF0001EF095F9099A0023136002F0B1FC014678
:10CE00000BA810F095FC13F0E3FF52465B46064674
:10CE10000D461DF0EBFF02460B46304629461646EE
:10CE20001D4652465B461DF0E1FF0DA8114610F06D
:10CE30005FFC52465B46304629461DF0D7FF0EA8E0
:10CE4000114610F055FC5B465246304629461DF00F
:10CE5000CDFF01460FA810F04BFC0EAA0FA910A899
:10CE600010F0FCFC0DAA10A90CA810F0F7FC10A8FB
:10CE700010F036FC0FA810F033FC0EA810F030FCB8
:10CE80000DA810F02DFC069B009301230CAA0BA902
:10CE900019EE100A019318EE903A06F0D3FA0CAB93
:10CEA000184610F01DFC0BAB184610F019FC19EEDB
:10CEB000100A07F6641207F6F40106F0D9FC079B86
:10CEC000032B7FF45EAFB8F1180F39DD059B002B03
:10CED00036D1089B002B52D0FF234A4618EE100A89
:10CEE000214610F095F9079B144A032B3B685B68B9
:10CEF0000CBF0A20142093423FF45CAF0146384631
:10CF0000984759E7002B3FF470AF67E7AFF3008015
:10CF100000CA9A3B000000003020002028C2030015
:10CF2000D43B0020DD480200C948020091490200BC
:10CF300000E100E0C0C00300CCC103006D48020066
:10CF4000FF2318EE100A4A46214610F061F93B68AB
:10CF50000A205B682AE707F688100DF05DF80028C4
:10CF60003FF416AFB8F1180F7FF716AF059B002BF3
:10CF70007FF412AFADE7089B002B7FF40DAF02F0FA
:10CF8000EFFB01460BA810F0D3FB13F021FF3FA3EA
:10CF9000D3E90023814688461DF028FF3BA3D3E94F
:10CFA000002306460D46484641461DF01FFF0DA8CA
:10CFB000114610F09DFB35A3D3E9002330462946E6
:10CFC0001DF014FF0EA8114610F092FB2FA3D3E919
:10CFD0000023304629461DF009FF01460FA810F036
:10CFE00087FB0EAA0FA910A810F038FC0DAA10A9F3
:10CFF0000CA810F033FC10A810F072FB0FA810F072
:10D000006FFB0EA810F06CFB0DA810F069FB00245C
:10D01000069B00930CAA18EE903A0BA919EE100A81
:10D02000019406F00FFA0CA810F05AFB0BA810F0B0
:10D0300057FB07F017FC3B68114A5B68934210D11D
:10D040000A200AF0F5F920461BB0BDEC048BBDE8C0
:10D05000F08F0C4B09934FF47A701A600AF0D2FDEE
:10D06000DFE538460A21984720461BB0BDEC048B0B
:10D07000BDE8F08F6421384698476BE60248704758
:10D080006D4802003020002016FCFFFF00CA9A3BCA
:10D0900000000000000000002DE9F04D04462DEDD9
:10D0A000028BC0681DF026FB064620690F461DF066
:10D0B00021FBD4F8148041EC180B40461DF01AFBFC
:10D0C000024601F1004382468B46304639461BF04A
:10D0D00013FB1DF03BFEE06205461BF0D3FA03464E
:10D0E00028461D461BF098FA034628461D461DF0AB
:10D0F00013FB32463B461DF067FB064628460F46AB
:10D100001DF00AFB52465B461DF05EFB02460B46D5
:10D11000304639461DF0A0F902460B4651EC180B7B
:10D120001BF0EAFA1DF012FEB8F1000F07EE900AAC
:10D1300024DDF5EEC07AF1EE10FA1BDD10A7D7E979
:10D14000006717EE900A1DF0E7FA02460B463046DC
:10D1500039461DF081F932463B461DF07FF91DF03E
:10D16000F5FDA062BDEC028BE38843F00203E3808F
:10D17000BDE8F08D04A7D7E90067E2E7A062F1E718
:10D18000EA2E4454FB21F93FEA2E4454FB21F9BF17
:10D1900082B010B59FED0A7B82B00146069CCC6040
:10D1A00081ED087B103004A9019081E80C000AF0A1
:10D1B00053FB019802B0BDE8104002B00AF09ABAE1
:10D1C000000000000000000082B010B582B004A989
:10D1D00081E80C00D0E90823134304D102B0BDE874
:10D1E000104002B0704704460CF022FAD4E908233C
:10D1F00082428B41F2D29FED0A7B002304F11000A2
:10D2000084ED087BE36001900AF026FB019802B0F0
:10D21000BDE8104002B00AF06DBA00BFAFF3008065
:10D2200000000000000000002DE9F84F994653422D
:10D230005F4F134329F0004E4EEAD373BB42904632
:10D2400004460D463DD84642064321F0004A4AEACC
:10D25000D676BE4203468B4633D809F1404606F5E2
:10D26000801616433DD04FEAA97606F002065AEA28
:10D27000030346EAD1762CD05EEA020335D0BE45E0
:10D2800046D0BA4531D0AAEB0E0EBEF1747F4FEAFC
:10D290002E5339DAB9F1000F46DA3C3344DA002074
:10D2A0000021012E58D0022E49D086B134A3D3E9F3
:10D2B00000231DF0D1F834A3D3E900231DF0CCF8EE
:10D2C00005E022462B46404649461DF0C7F8BDE81A
:10D2D000F88F022E10D0032EF9D12DA1D1E9000133
:10D2E000F5E7BDE8F84F00F067B8BBF1000F07DBCA
:10D2F00029A1D1E90001EAE723A1D1E90001E6E78C
:10D3000027A1D1E90001E2E723A1D1E90001C8E7A3
:10D31000F24506F1FF3623D0022E29D8254B03EB28
:10D32000C606D6E90601D2E742464B4620462946C4
:10D330001DF074FB1CF0BEF800F03EF8B1E710A33E
:10D34000D3E900231DF088F802460B460EA1D1E96F
:10D3500000011DF081F8BAE701F100431946B6E774
:10D36000022E08D8134B03EBC606D6E90001AEE740
:10D3700000200021ABE70CA1D1E90001A7E700BF25
:10D38000075C143326A6A13C182D4454FB21094008
:10D39000182D4454FB2109C0182D4454FB21F93F9A
:10D3A000182D4454FB21F9BF182D4454FB21E93FAB
:10D3B0000000F07F88B103002DE9F84FB84B21F051
:10D3C00000469E4204460D468A4616DDB54B9E42F7
:10D3D0000BDC08D0BAF1000F40F3BD8094A1D1E975
:10D3E0000001BDE8F88F0028F4D022462B462046E5
:10D3F00029461DF033F8BDE8F88FAB4B9E4200F391
:10D40000AF80A3F1DE739E4240F396804FF0FF3B66
:10D4100022462B46204629461DF0D6F902460B46E9
:10D42000804689461DF0D0F983A3D3E90023064640
:10D430000F461DF0C9F982A3D3E900231DF00EF8B1
:10D4400032463B461DF0C0F97FA3D3E900231DF00F
:10D4500005F832463B461DF0B7F97DA3D3E900231A
:10D460001CF0FCFF32463B461DF0AEF97AA3D3E92F
:10D4700000231CF0F3FF32463B461DF0A5F978A3CC
:10D48000D3E900231CF0EAFF42464B461DF09CF90D
:10D4900075A3D3E9002380468946304639461DF0FE
:10D4A00093F973A3D3E900231CF0D6FF32463B4621
:10D4B0001DF08AF970A3D3E900231CF0CDFF32469A
:10D4C0003B461DF081F96EA3D3E900231CF0C4FF95
:10D4D00032463B461DF078F96BA3D3E900231CF0DC
:10D4E000BBFF32463B461DF06FF9BBF1FF3F0246E2
:10D4F0000B464046494652D06C4E1CF0AFFF06EB3F
:10D50000CB0B22462B461DF05FF9DBE908231CF00C
:10D51000A3FF22462B461CF09FFF02460B46DBE989
:10D5200000011CF099FFBAF1000FBFF664AF01F1E2
:10D5300000431946BDE8F88F55A3D3E900231CF03A
:10D540008DFF5B4B00221DF0CFFB00283FF45EAF48
:10D55000204629464FE750A1D1E90001BDE8F88FE8
:10D560001BF0A8FF534B9E4204460D4625DCA3F555
:10D5700050239E424CDC02460B461CF06FFF4C4B86
:10D5800000221CF069FF02460B462046294614463D
:10D590001D464FF0000B00224FF0804322E01CF0AC
:10D5A0005DFF22462B461DF00FF902460B46204632
:10D5B00029461CF051FFBDE8F88F3F4B9E421CDA14
:10D5C0003E4B00221CF048FF02460B4620462946EF
:10D5D00014461D460022394B4FF0020B1DF0F4F8A3
:10D5E000334B00221CF03AFF02460B4620462946E8
:10D5F0001DF014FA04460D460AE722462B46304930
:10D6000000201DF00BFA4FF0030B04460D46FFE619
:10D61000274B00221CF020FF02460B4620462946DD
:10D620004FF0010B14461D46DAE700BFAFF3008050
:10D63000182D4454FB21F93F11DA22E33AAD903F13
:10D64000EB0D76244B7BA93F513DD0A0660DB13F39
:10D650006E204CC5CD45B73FFF8300922449C23FA1
:10D660000D5555555555D53F2F6C6A2C44B4A2BF66
:10D670009AFDDE522DDEAD3F6D9A74AFF2B0B33F2E
:10D68000711623FEC671BC3FC4EB98999999C93FA6
:10D690009C7500883CE4377E182D4454FB21F9BF6B
:10D6A000FFFF0F440000F07FFFFFDB3FB8B1030036
:10D6B0000000F03FFFFFF23F008003400000F83F12
:10D6C0000000F0BF0348044B834202D0034B03B178
:10D6D000184770477C2100207C21002000000000BA
:10D6E000054806490B1AD90F01EBA301491002D0D6
:10D6F000034B03B1184770477C2100207C21002098
:10D700000000000010B5064C237843B9FFF7DAFF9C
:10D71000044B13B10448AFF300800123237010BD04
:10D72000783700200000000050D5030008B5044BF6
:10D730001BB104490448AFF30080BDE80840CFE7BF
:10D74000000000007C37002050D50300A3F5803A8C
:10D75000704700BF154B002B08BF114B9D46FFF7CC
:10D76000F5FF00218B460F461148124A121A1CF091
:10D7700015FB0C4B002B00D098470B4B002B00D017
:10D7800098470020002104000D000B4802F094F996
:10D790001CF098F92000290001F0B2FB1CF068F998
:10D7A000000008000000000000000000000002204F
:10D7B0000022002030450020999A0300004870475D
:10D7C00016FCFFFF0048704716FCFFFF82B08DE893
:10D7D0000C0002B0704700BF82B010B58C4684B018
:10D7E00049688646DCF800000DF1080CACE803003F
:10D7F00006A981E80C00039BDA070EEB630C12D537
:10D800005A10029B5EF80220D45808AB93E803003C
:10D810008DE8030006AB0CCB6046A04704B0BDE822
:10D82000104002B07047029CEFE700BF82B08DE865
:10D830000C00BDF800308268BDF802C0029982F881
:10D840003EC0643B82F83D301123C2F83F1082F89D
:10D850005030037C1BB9806802B001F013BBC06874
:10D8600014233D324FF4887102B000F0B5BE00BF02
:10D8700082B000B501A981E80C008268BDF80430CF
:10D88000A2F852300399BDF806C082F854C01223A2
:10D890004FF0010E82F851E0C2F8551082F8643062
:10D8A000037C2BB95DF804EB806802B001F0D2BABA
:10D8B0005DF804EBC0681423513240F2111102B03C
:10D8C00000F08ABE82B08DE80C0082680299BDF833
:10D8D00002C082F852C0022382F851301223C2F8EB
:10D8E000531082F86430037C1BB9806802B001F0E9
:10D8F000B1BAC0681423513240F2111102B000F0E5
:10D900006BBE00BF2DE9F04F83B0DDE90CABBDF875
:10D910003870002B41D080460E4691461D46BAF124
:10D92000000F3DD00F2E01D1C02F36D128201DF081
:10D93000F8FB044610300FF0D5FA18202680A4F822
:10D9400002901DF0EEFBCDE900AB47F00207A78087
:10D950006B4607460246A06003CB47F80C5B0023EA
:10D96000D8F80060D360E3607B60916050607568B8
:10D970000D495161C4E908330C4B9D4208D1204642
:10D980000AF090F8204603B0BDE8F04F1DF0C7BB89
:10D9900021464046A8470028F1D103B0BDE8F08FEA
:10D9A0001BF0010FBED1F8E7D9D70100BDD70100A8
:10D9B0002DE9F0438DB00446149FDDF8549088465D
:10D9C00016461D465FB306A80FF08CFA1820ADF876
:10D9D0000880ADF80A601DF0A4FB0146CDE900798E
:10D9E00041F80C5B0023EC460246C3604B60BCE888
:10D9F000030050602068916005930D49856804928A
:10DA000051610C4A0A9312219542ADF80C100B9308
:10DA100009D102A80AF046F80DB0BDE8F08319F06C
:10DA2000010FD0D1F8E761462046A847F1E700BFD3
:10DA3000D9D70100C5D7010008B501F053FA60B38A
:10DA40004FF0FF310EF026FC07EE900AFDEEE77A6C
:10DA50009FED127ADFED126A17EE900A7828A8BFC0
:10DA600078203428B8BF342007EE900AF8EEE77A21
:10DA700077EEC77AFDEEE77A17EE903AC3EB032311
:10DA800007EE903AF8EEE77A87EEA67AFDEEC77ACF
:10DA900017EE900AFF28A8BFFF2008BD00005042E3
:10DAA0000000884270B5244E8AB00025CDE9026599
:10DAB000044602AB93E80300226823468DE8030086
:10DAC00002F1D00001212A46FFF772FFCDE904657B
:10DAD00004AB93E80300266823468DE803002A463A
:10DAE00006F1D0000221FFF763FF144B2668CDE951
:10DAF000063506AB93E803002A468DE8030023466B
:10DB000006F1D0000D21FFF753FF0D4B2668CDE93C
:10DB100008350AAB13E903002A468DE803002346C3
:10DB200006F1D000FFF744FF606810B10368DB6BBB
:10DB3000984720460AB070BD71D80100C5D80100D1
:10DB40002DD801002DE9F041064600F1400700F113
:10DB5000500501243A68306802EB4203DB00C1182B
:10DB60003244D1F8501303F55473D1F8448082F84D
:10DB7000384201211844C04757F8043B306803EB92
:10DB80004303DB00C21803F55473D2F85023184442
:10DB900053689847BD42DDD1BDE8F08182B010B531
:10DBA000044602A9642081E80C0009F041FC2046EB
:10DBB000BDE8104002B0FFF7C5BF00BF8368022276
:10DBC0001A745A74704700BF10B50446FFF7BAFFC5
:10DBD0000123237410BD00BF2DE9F8438146074699
:10DBE00059F8540B00F513604FF000080CF016F8CC
:10DBF0000FFA88F64D460024386815F8013B21B22B
:10DC0000324600F6041001340FF002FB052CF3D16C
:10DC100008F10108B8F1050F09F10509E8D1BDE8DF
:10DC2000F88300BF30B583B00546684614460FF050
:10DC30007FFD009BB3F90230002B25DD286800F53D
:10DC400013600BF0EBFF002C2D6812DD694605F523
:10DC5000136501A80FF0E2FD224601A928460CF049
:10DC6000A5F801A80FF03CFD68460FF039FD03B0A0
:10DC700030BD002168460FF009FE05F51365014629
:10DC8000224628460BF0E6FF68460FF029FD03B058
:10DC900030BD00BF70B503682DED028B0446D3F88C
:10DCA0002C0A9FED348A0D460AF0BCF907EE900A63
:10DCB00027EE887ABDEEC77A17EE103A2B802368DC
:10DCC000D3F82C0A0AF0BEF907EE900A67EE887ABC
:10DCD000FDEEE77A17EE903A6B802368D3F82C0AB2
:10DCE0000AF088F94042A8802368D3F82C0A0AF089
:10DCF00089F9E8802368D3F82C0A0AF08BF94042AE
:10DD000028812368D3F8300A0AF062FB23680646AC
:10DD1000D3F82C0A0AF07EF9002805DDB42ED4BF12
:10DD2000C6F1B406C6F507766E812368124ED3F8A5
:10DD3000300A0AF081FA86FB0023C017C0EBA3105B
:10DD4000A8812368D3F8300A0AF07EFA86FB002304
:10DD5000C017C0EBA310E8812368D3F8300A0AF09B
:10DD60007BFA86FB0036C017C0EBA6102882BDECFC
:10DD7000028B70BD00007A44D34D621038B5D0F8E4
:10DD80009C300A2B14BF5D1C00250446C0F89C5033
:10DD9000006800F6F40004F06BF81C3504F16C0325
:10DDA00044F82500002204F1940053F8041F98421F
:10DDB0000A44FAD1034BD01783FB0232C0EB620056
:10DDC00038BD00BFE9A28B2E10B5036886B0B3F84A
:10DDD0006845D3F864050190ADF80840D3F86C05A8
:10DDE000D3F870450390049493F874050C4B8DF8A8
:10DDF00014000C1E009300DD2AB90021684612F0C1
:10DE000017F806B010BD521101219140684612F07A
:10DE10000FF82146684611F0BBFB06B010BD00BFED
:10DE200084CD030010B503680C4AD3F86405B3F839
:10DE3000684586B000210190D3F86C05ADF8084024
:10DE40000390D3F8704593F87435049468468DF8C0
:10DE50001430009211F0ECFF06B010BD84CD030029
:10DE60004318012A10B483F8382205D0022A03D0BF
:10DE700012B15DF8044B7047006801EB4103DB0011
:10DE8000C11803F55473D1F8504318441146626C1D
:10DE90005DF8044B104700BF2DE9F84F814602EBB7
:10DEA00042050068ED00431905F5547BD3F8503363
:10DEB00058449B6916460F469847002841D0D9F828
:10DEC000000043190021D3F8503358445B6C984745
:10DED00006EB86039B0003F5F878C84403F501734D
:10DEE00009EB030A4446D9F8000043195844D3F813
:10DEF00050335B69984744F8040B5445F3D1C4464A
:10DF0000002208F1100E0132634653F8045FDCF87A
:10DF10000040A542BCBFCCF800501C609E45F4D127
:10DF2000042A0CF1040CEED1D8F808203A8009EB51
:10DF30000603314693F838224846BDE8F84FFFF70C
:10DF40008FBFBDE8F88F00BF2DE9F04395B0DFF833
:10DF5000A091CDF84890002701F1640613970D4673
:10DF600014A9D0F800C00446034611E90300B6B274
:10DF70008DE8030090460CF1D00002223146FFF7F5
:10DF800017FDCDE9109710AB93E803008DE803006F
:10DF900020682346D03003223146FFF709FDCDE942
:10DFA0000E970EAB93E803008DE80300206823462C
:10DFB000D03004223146FFF7FBFCCDE90C970CABC7
:10DFC00093E803008DE8030020682346D030052243
:10DFD0003146FFF7EDFCB8F1010F1FD0B8F1020F89
:10DFE0004ED0B8F1000F16D1206805EB4503DB00D9
:10DFF000C21803F554731844D2F850335B6D414690
:10E0000098476319294693F83822204615B0BDE891
:10E01000F043FFF725BF15B0BDE8F083CDE90A97BF
:10E020000AAB93E803008DE8030020684FF0100866
:10E0300023463146D030CDF808800222FFF762FC3B
:10E04000CDE90897CDF8088008AB93E803008DE888
:10E0500003002068234631460322D030FFF752FCEC
:10E0600005EB45052068ED00431905F55475D3F817
:10E0700050335B6D0221284415B0BDE8F0431847CA
:10E08000CDE9069706AB93E803008DE8030020680E
:10E090004FF010083146D03023460422CDF80880D6
:10E0A000FFF730FCCDE90497CDF808800DEB0803AD
:10E0B00093E803008DE80300206831462346D03002
:10E0C0000522FFF71FFC05EB45062068F6008319C3
:10E0D0003946D3F8503306F554775B6D384498478A
:10E0E000206806440321D6F8503338445B6D87E737
:10E0F0002DD801002DE9F041804D01600026044635
:10E1000006740F4600F1140C00F140080FCDACE886
:10E110000F000FCDACE80F0095E8070005F10C03E8
:10E120008CE807000FCB96B088E80F002C22314610
:10E13000C4E91566C4E91766C4E91966266584F85A
:10E140006C6004F170001BF029FE4FF4A872314698
:10E15000C4F89C6004F1A0001BF020FE3C22314674
:10E1600004F5F8701BF01AFE0023D7F8300A84F883
:10E170002C62C4F830320AF043F8002800F08A809C
:10E18000206800F664100DF13C080BF045FF0028F4
:10E1900040F0A0802368D3F8300A0AF031F8002854
:10E1A00000F0A5802368564FD3F82C0A0368002599
:10E1B0005B6A08219847CDE9057505AB93E8030034
:10E1C000226810268DE80300234602F1D000029653
:10E1D0002A460121FFF796FBCDE90775029607ABAA
:10E1E00093E803008DE80300206823462A46D030D8
:10E1F0000221FFF787FBCDE90975029609AB93E889
:10E2000003008DE80300206823462A46D030792198
:10E21000FFF778FB3B4B22680C950B9302960BABF8
:10E2200093E8030023468DE8030002F1D0000D219E
:10E230002A46FFF767FB344B22680E950D93029632
:10E240000DAB93E8030023468DE8030002F1D000F4
:10E250004FF47A710122FFF755FB2C4B10950F9369
:10E2600098E80300256802968DE803002346022201
:10E270004FF47A7105F1D000FFF744FB04201CF045
:10E2800050FF2146054600F0E7F82046E56016B04D
:10E29000BDE8F08101236422CDE91233CDE91432C7
:10E2A00023680F90D3F8305A16ABCDE9100013E96C
:10E2B0000F008DE80F000DF13C08284698E80E008D
:10E2C00009F084FF206800F664100BF0A5FE00281A
:10E2D0003FF460AF2368D3F8300A09F047FF2368A2
:10E2E000D3F8300A09F08CFF00287FF45BAF236875
:10E2F000D3F8300A09F03AFF54E700BFF8B1030041
:10E3000071D80100C5D801009DDB0100CDD7010007
:10E310002DE9F04107460E4600F1100800F13C04DB
:10E32000002558F8043F386803EB4303DB00C218AC
:10E3300003F55473D2F850231844136A984700B376
:10E34000D8F80030386803EB4303DB00C21803F54C
:10E350005473D2F8502318449369984788B1D8F879
:10E360000030386803EB4303DB00C21803F5547335
:10E37000D2F85023184453689847D8F80030984092
:10E380000543A045CDD197F8503043B13868D0F857
:10E39000503300F55470DB6A984745EA006597F8FA
:10E3A000513043B13868D0F8683300F55A70DB6AF1
:10E3B000984745EA406597F8523043B13868D0F83D
:10E3C000803300F56070DB6A984745EA806597F80E
:10E3D000533043B13868D0F8983300F56670DB6A83
:10E3E000984745EAC065386800F664100BF014FEE3
:10E3F0003B68044603F688100BF00EFE42073868AF
:10E4000042EA047300F6BC101D430BF005FE45EA1A
:10E41000807535603846FFF7B1FC3071386800F61A
:10E42000182002F0C9F98038707197F82C320BB9B6
:10E43000BDE8F081FFF700FBB071BDE8F08100BFDF
:10E4400008B5012008F0F4FF022102480AF0B4FDEB
:10E45000C0B208BD7C2A002038B504460A4D0B46E0
:10E4600028462360002101F01BFC084B4FF4E131EA
:10E47000A5F62C401C600AF0BBFD0549054808F0D4
:10E4800089FE204638BD00BFA83600209437002002
:10E49000AD7502002DEA01002DE9F84F98460D33C5
:10E4A00023F0070300AF18F10409ADEB030D8A4612
:10E4B000934608F106046D4644D408F105060DF1B3
:10E4C0000100324600211BF069FC85F803A085F8A5
:10E4D00004804FEA1A2A424601234FF0FF085946AA
:10E4E000681D85F802A085F800806B701BF040FB6A
:10E4F0005EB32B4605EB09004146002201E013F80C
:10E50000011F98420A44FAD1114BA3FB021302EBFC
:10E51000D31202F0FF02AA550E4E01E008F088FF68
:10E5200030460AF0C7FDC0F1FE0084424FF0010002
:10E53000F4DC00232246294606480AF0C5FCBD4605
:10E54000BDE8F88F08F10506BFE73246E3E700BFF4
:10E55000818080807C2A002010B582B011220C0AB4
:10E56000FF2000238DF8012001228DF802408DF854
:10E5700003108DF804208DF805208DF806308DF8F5
:10E5800000006A460DF10504014601E012F8011F82
:10E59000A2420B44FAD10E4A0E4CA2FB031203EB2B
:10E5A000D2138DF8063001E008F042FF20460AF051
:10E5B00081FDC0F1FE0006284FF00100F4DD0223CA
:10E5C0000722694603480AF07FFC02B010BD00BF75
:10E5D000818080807C2A00202DE9F84F98460D33F9
:10E5E00023F0070300AF18F10409ADEB030D8A46D1
:10E5F000934608F106046D4644D408F105060DF172
:10E600000100324600211BF0C9FB85F803A085F804
:10E6100004804FEA1A2A424621234FF0FF08594648
:10E62000681D85F802A085F800806B701BF0A0FAC9
:10E630005EB32B4605EB09004146002201E013F8CA
:10E64000011F98420A44FAD1114BA3FB021302EBBB
:10E65000D31202F0FF02AA550E4E01E008F0E8FEC8
:10E6600030460AF027FDC0F1FE0084424FF0010061
:10E67000F4DC00232246294606480AF025FCBD4664
:10E68000BDE8F88F08F10506BFE73246E3E700BFB3
:10E69000818080807C2A0020F8B50368134D9E6835
:10E6A000044606F124072B3628460AF003FD6328AA
:10E6B000FADC20683946FFF72BFE3A46072320464E
:10E6C00040F20111FFF7E8FE142008F0B1FE2068C7
:10E6D0003146FFF7DFFA2046122332464FF48171AC
:10E6E000FFF7DAFE142008F0A3FEDDE77C2A002005
:10E6F00008B5024B1868FFF7CFFF00BF9437002022
:10E700002DE9F04F2DED068B0368C44D9B688BB04F
:10E71000FE210746C14801930AF092FCBF480AF067
:10E72000B9FCFE21BD480AF071FCBC480AF0A2FC0D
:10E73000019B03F1100208EE102A03F1240208EEF7
:10E74000902A03F12B0209EE102A03F1650209EE6B
:10E75000902A03F1670200240AEE102A03F16902ED
:10E76000CDE90344CDE90544CDE907440AEE902AFA
:10E77000ADF8244003AE03F16B0A002C4BD101200D
:10E7800008F056FE022128460AF016FCC0B2FF2807
:10E790008DF80C00F3D1012008F04AFE0221284632
:10E7A0000AF00AFCC0B221288DF80D00814683468C
:10E7B00000F2F880012008F03BFE022128460AF012
:10E7C000FBFB8DF80E00012008F032FE02212846E6
:10E7D0000AF0F2FB04248DF80F00BDF80E8098FAC1
:10E7E00098F81FFA88F8B8F5807F68D040F20113D6
:10E7F000984500F0C680B8F5817F1DD1B9F1010FB1
:10E8000000F0F080013C22460DF10D0130461BF076
:10E8100049FA002CB3D09DF80C30FF2BF2D1012C1B
:10E82000B9D09DF80D90B9F1210FCB46EAD8022C52
:10E83000C0D0032CD1D1C6E7B8F5907F11D1B9F182
:10E84000010FDFD1386819EE904A19EE901A0022B4
:10E85000FFF722FB4146022322463846FFF71CFE03
:10E860008DE740F22113984509D1B9F1010FC9D1C3
:10E8700038681AEE104A1AEE101A4A46E8E7B8F558
:10E88000917F09D1B9F1010FBCD138681AEE904AD5
:10E890001AEE901A0222DBE740F223139845B1D119
:10E8A000B9F1010FAED1386851460322FFF7F4FAEF
:10E8B0004146022352463846FFF7EEFD5FE7B9F1C5
:10E8C000010F76D0ABF1100BBBF1010F9AD8042CDD
:10E8D00000F095809DF810300093142B92D8009B87
:10E8E00003F10608444518D2621E06EB020B012014
:10E8F00008F09EFD022128460AF05EFB5B460233CB
:10E900009B1B98450BF8010FF1D808F1FF331B1B37
:10E910000134A04538BF00231C44009B03F1050CC3
:10E9200006EB0C000022334613F8011B83420A4415
:10E93000FAD10AAB3A4953FA8CFCA1FB02011CF84C
:10E940001C3C02EBD11202F0FF0293427FF45AAF5B
:10E95000009C0DF11101224618EE100A1BF008F977
:10E9600018EE101A38682246FDF72AFEB9F1110F89
:10E970007FF405AF01224FF480713846FFF7ECFDBC
:10E98000FDE6B9F1010F7FF43DAF386818EE901A3B
:10E99000FFF7BEFC18EE902A414607233846FFF7E2
:10E9A0007BFDECE6FF288DF80C003FF4F4AE01246B
:10E9B00028E73868FFF702F9019B384683F8129080
:10E9C00018EE102A14234146FFF766FD3868037CD1
:10E9D000002B7FF4D4AEFFF7F7F81249124808F085
:10E9E000D9FBCCE6386819EE101AFFF753F919EE87
:10E9F000102A414612233846FFF74EFDBFE6FFF7C7
:10EA00001FFD142800908DF8100004D8009B0524E9
:10EA100003F1060868E70524F4E600BF7C2A00201D
:10EA200081808080AD750200F1E6010008B5024BDF
:10EA30001868FFF765FE00BF943700200048704754
:10EA400016FCFFFF704700BF0048704716FCFFFF31
:10EA50000A20704701EB810100EB41008C307047C8
:10EA6000704700BF704700BFD0F88800FFF7A6B816
:10EA700010B50749074A016000238260C38104463C
:10EA8000083008F051F8204605F0D4F9204610BDB2
:10EA90004CB2030044C4030010B50849084C01609F
:10EAA0000022C28040F8084CA0F1080408F03CF8AD
:10EAB000204605F0BFF9204610BD00BF44C4030046
:10EAC0004CB2030003680D4A1B69934270B50E886F
:10EAD00004460D460FD18C300388B34200D070BD80
:10EAE0006A89002AFBD0D4F8880005F10C01BDE842
:10EAF0007040FDF765BD00219847EDE755EA01003C
:10EB0000F8B503682B4E1B690F88B34204460D46C7
:10EB10002ED1BE300388BB421ED023682F881B69CC
:10EB2000B34238D104F1C8000388BB422DD023681A
:10EB30002F881B69B34238D104F1D2000388BB424D
:10EB40002DD023682F881B69B3421AD104F1DC0051
:10EB50000388BB420FD0F8BDD4F8880004F16506E5
:10EB600000223146FFF798F90223AE60AB81F8BD71
:10EB700005219847CEE7D4F8880004F16B060322FC
:10EB8000EFE7082120469847E2E7D4F8880004F12F
:10EB900067060122E5E7062120469847C4E7D4F836
:10EBA000880004F169060222DBE707212046984726
:10EBB000C4E700BF55EA0100704700BF10B509491E
:10EBC000094A016000238260C3810446083007F0CF
:10EBD000ABFF204605F02EF920461CF0A0FA204697
:10EBE00010BD00BF4CB2030044C4030038B509494E
:10EBF000094D01600022A0F10804C28040F8085CC1
:10EC000007F092FF204605F015F920461CF087FA20
:10EC1000204638BD44C403004CB203002DE9F04F38
:10EC20002DED028B85B0044605F0F4F8814B0025EC
:10EC300004F10808C4E90235404607F007FF7E4B9F
:10EC400023604833A36004F110067C4B2561C6E9BC
:10EC50000155C6E903556562C4F82B50C4F8275026
:10EC6000C4F82F50C4F83350C4F83750A4F83B50C0
:10EC7000C4F83D50C4F84150C4F84550C4F8495058
:10EC8000C4F84D50C4F85150C4F85550C4F8595008
:10EC9000C4F85D50C4F86150A4F86550A4F86750FA
:10ECA000A4F86950A4F86B50C4F86D50C4F87150C2
:10ECB000C4F87550C4F87950C4F87D50C4F8843055
:10ECC00004F1510308EE103A04F16D0308EE903A96
:10ECD00004F1240B04F18C0704F12B0A04F13D0923
:10ECE00004F1F00538460A3704F084F8BD42F9D142
:10ECF000534D2B68DB0740F19080524BC4F88830AD
:10ED000000229C60227120464F4905F0A1F8204660
:10ED10004FF2E43105F0B0F81425072700223346FE
:10ED2000114601262046CDE9015700954FF4807227
:10ED300005F0B2F8CDE901765B46314620460097F2
:10ED400040F2011205F0A8F81222CDE90022029645
:10ED50005346092620464FF48172022105F09CF8A3
:10ED60004B462046CDE9015600954FF488720321A9
:10ED70004FF0020905F090F840F2011A18EE103A2F
:10ED80002046CDE90156009540F21112042105F00C
:10ED900083F804F165032046CDE9019ACDF800908F
:10EDA0004FF49072052105F077F804F167032046CF
:10EDB000CDE9019ACDF8009040F22112062105F02C
:10EDC0006BF8394604F169032046CDE9019ACDF884
:10EDD00000904FF4917205F05FF804F16B03204648
:10EDE000CDE9019ACDF8009040F22312082105F0F8
:10EDF00053F818EE903A31464FF498722046CDE918
:10EE00000055029605F048F8404600F01DFC2046EB
:10EE100005B0BDEC028BBDE8F08F08490948FFF74B
:10EE200069F90123094A0A4906482B601CF072F966
:10EE300063E700BF44C403004CB20300002300207A
:10EE4000983700209C37002034B203004020002077
:10EE5000A5DA010070B5044605F0AEF800B970BD42
:10EE6000236804211B69204698470546204605F083
:10EE700091F804F15102014614232846BDE8704080
:10EE800003F0BEBF70B5044605F096F800B970BD3A
:10EE9000236803211B69204698470546204605F054
:10EEA00079F804F13D02014614232846BDE870407C
:10EEB00003F0A6BF10B5034B036004460FF042FCFD
:10EEC000204610BDB8B2030010B5054B03600446E0
:10EED0000FF038FC20461CF022F9204610BD00BF80
:10EEE000B8B20300044B186800B17047034AD2F867
:10EEF000A0021860704700BFE439002000330020F2
:10EF000000B51E4C1E4885B0FDF772FE2368DA0777
:10EF10001DD51C4C2368DB0724D5052211461A4B4E
:10EF200002A80EF01FF902A903A80EF081F8002331
:10EF3000CDE9003315481A4603A90AF0D1FE03A80B
:10EF40000EF00AF84FF47A7008F072FAFAE71048F7
:10EF5000FFF764FE01230F4A0F490D4823601CF0A0
:10EF6000D9F8D6E706490D48FFF7C4F80123094A46
:10EF70000B490A4823601CF0CDF8CEE7E0390020A9
:10EF80000023002098370020F8B20300302C002026
:10EF9000E83900204020002071EA01009C37002061
:10EFA000A5DA010010B5054C204605F049FD2046C4
:10EFB000034A0449BDE810401CF0ACB8002300200F
:10EFC00040200020C9EF01002DE9F843644B654E55
:10EFD000654FDFF8A881044603F13C0200F59D501F
:10EFE000C4E900320830002500F098FE04F64820FD
:10EFF00000F0F8F904F61820A4F81E5AC4F8186AAC
:10F0000007F092FD04F51F60A4F8F659C4F8F06902
:10F0100007F08AFD04F6BC100CF07EFA534BC4F8DE
:10F02000AC3904F6AC1008F009FE04F688100AF0BA
:10F030005FFF04F664100AF05BFF04F6F40000F0D2
:10F040004FFD04F6940002F0B7FB04F6680001F0EF
:10F05000D5FB04F6180000F073FEC4F8FC7704F248
:10F06000FC700FF06FFBC4F8E47704F2E4700FF06B
:10F0700069FB04F27C7011F089F804F55170A4F872
:10F080004A53C4F8446307F04FFD394BC4F80433C6
:10F0900004F541700CF01AFC364BC4F8F8302833F4
:10F0A000C4F8003104F53E700EF074FA04F53D70BA
:10F0B0000EF070FA04F1F80904F5357504F1F4075F
:10F0C00045F81C8C28460CF0C5FCA5F110003C3D11
:10F0D0000EF060FABD42F3D100254846C4F8F8604E
:10F0E000A4F8FE5007F020FD04F1D0000BF064FE00
:10F0F00004F198000AF08AFA04F17C00E667A4F8AB
:10F10000825007F011FD04F164006666A4F86A50AD
:10F1100007F00AFD04F14C00E664A4F8525007F031
:10F1200003FD274604F134006663658707F0FCFCA5
:10F13000114B47F80C3F04F120000EF0D1FA04F116
:10F140001C000EF0CDFA3846E660658207F0ECFC54
:10F15000201D6660658107F0E7FC2046BDE8F88366
:10F1600074C2030044C40300B8B20300D0C7030054
:10F1700058CE0300C4CC030074C1030094CC030038
:10F18000A0F1040020E700BF10B50446FFF71CFF04
:10F1900020461BF0C4FF204610BD00BF10B5041F61
:10F1A0002046FFF711FF20461BF0B9FF204610BD97
:10F1B000704700BF70B5044682B038201BF0B1FF25
:10F1C00004F1080613233246054624490093244BD4
:10F1D0000FF06CFD0021C4F8F05828460FF0B8FE7F
:10F1E000D4F8F0080FF03AFE81B2304602F006FA89
:10F1F0004FF40041304602F00BFAD4F8F00888B121
:10F2000094F87238D4F878188BB910F027F8D4F83D
:10F21000F00894F8733828B1D4F874185BB1002260
:10F220000FF0D8FFD4F8EC385BB102B070BD01220A
:10F230000FF0D0FFEBE710F011F8D4F8EC38002B0A
:10F24000F3D1002240F2FF3304F67C01304602F095
:10F2500093F9C4F8EC0802B070BD00BF0010024082
:10F2600000442C4710B50446D0F8FC08036801217F
:10F270001B6898470121D4F8FC0810F06FFDD4F802
:10F280004818D4F8F4080EF0C5FFD4F8F818D4F8EC
:10F29000F40800220EF0EEFF01210EF02FFC0123F6
:10F2A00084F8703810BD00BF38B50446D0F848085F
:10F2B0000EF0ACFB10B194F87038C3B1D4F8480824
:10F2C0000EF0A4FB054610B994F8703803B938BDA8
:10F2D000D4F8FC0884F87058036829461B689847DE
:10F2E000D4F8FC082946BDE8384010F037BD204668
:10F2F000FFF7B8FFE2E700BF38B5044600293CD06D
:10F30000D0F8F03823B3C388264A43F00103022122
:10F31000C380C2F88410BFF34F8FBFF36F8FD0F854
:10F32000F0080FF051FFD4F87818D4F8F0080FF077
:10F3300095FFD4F87418D4F8F0080FF08FFFD4F8C4
:10F34000F00810B103689B6998470023C4F8F038AF
:10F35000D4F8FC0894F8703802680025DBB284F811
:10F3600071382946136884F870589847D4F8FC0817
:10F37000294610F0F3FC002038BDC388DA0705D514
:10F38000D0F8F02823F00103C38042B194F871381B
:10F39000002BF0D02046FFF765FF002038BDFFF7B7
:10F3A00009FFF3E700E100E0044B186810B1D0F862
:10F3B000F03803B17047FFF7FDBE00BFD83A002018
:10F3C000D0F8F03880F873185BB129B1D0F8741810
:10F3D000002218460FF0FEBED0F8741818460FF041
:10F3E0003DBF704770B50446D0F8F0081C4B236051
:10F3F00048B1D4F878180FF031FFD4F87418D4F865
:10F40000F0080FF02BFF174BC4F8083903F1840103
:10F4100003F1A802C4F82019C4F82829124E0025C7
:10F4200004F638100EF0B6F804F51260C4F820693E
:10F43000A4F8265907F078FB04F6041003F0B4F89A
:10F4400004F67C0002F07EFD04F1080001F06AFE83
:10F4500020462660E58007F067FB204670BD00BFB0
:10F460001CB3030018BF030044C4030010B50446D6
:10F47000FFF7B8FF20461BF052FE204610BD00BF2C
:10F480002DE9F04F002587B01E46654B0360074607
:10F490004560044692468B46DDF8409007F0D6FA68
:10F4A000604B47F8083B6049032340F2FF3238467F
:10F4B000FDF756FB40F20113C4F878A804F67C0A65
:10F4C0004AF6444284F87058A4F8723840F6C231C3
:10F4D000C4F874B884F87158504602F0D3FD119BFB
:10F4E000C4F8FC385146C4F8EC58C4F8F058C4F8D5
:10F4F000F468C4F8F89804F6041003F053F82B22CB
:10F50000394604F6081003F0FDFA484B1A68002A41
:10F5100000F08480E38843F400535046E3800121E7
:10F5200003F034F80022494630460EF0A3FE03688B
:10F530003F495B6AC4F84808984707210022D4F87D
:10F540004808DFF800A1DFF8E8900EF0BDFA204689
:10F55000FFF788FE07F066FA0246442005921BF08A
:10F56000E0FDD4F84818059A05461C3104F50768F3
:10F570000DF0A4FB41462846C4F854580DF0B2F9EA
:10F58000D4F8540803685B69984701464C200591FC
:10F590001BF0C7FD02230A22CDE900320599254A56
:10F5A000012305460DF0D4F8D4F85408C4F84C589B
:10F5B00003685B6998470146602005911BF0B1FD27
:10F5C0001D4B0193152302934FF0834305991B4A6A
:10F5D000009305461A4B0CF013FEC4F8585844200B
:10F5E0001BF09FFDD4F84C1805462C3125220DF058
:10F5F00065FB04F50666C4F8505854201BF091FDD5
:10F60000534605464A46394602F066FC46F8045B16
:10F61000B045F2D1204607B0BDE8F08F1C6079E715
:10F6200044C403001CB3030000442C47D83A002014
:10F6300000E02B460AD7A33D00000C420000AA427E
:10F640000000824200007F43C38843F48043C380AC
:10F65000704700BF84B003AA01900DF107030DF1BC
:10F66000030013F8011902F8011B8342F9D1039832
:10F6700004B0704740BA82B080B202B0704700BF99
:10F680000048704738B30300BFF34F8F0549064B5E
:10F69000CA6802F4E0621343CB60BFF34F8F00BF30
:10F6A000FDE700BF00ED00E00400FA0512DF70473F
:10F6B000704700BF084608F0A9BA00BF11F088BB28
:10F6C000084608F09FBA00BF11F088BB024A034900
:10F6D00001601060704700BFE83A00207CB303006F
:10F6E00030B583B0054600240DF107008DF80740C2
:10F6F000FFF7DCFF9DF80730012B1ED0154A164896
:10F70000012313604FF0040CC2F80041D2F800311D
:10F71000002BFBD0D2F80835BCF1010C43EA0020E5
:10F72000F2D1012353602B680C4A9B6993420AD1A2
:10F7300003B0BDE8304008F069BA2B68074A9B69FE
:10F7400005489342F4D00146284603B0BDE8304056
:10F75000184700BF00D00040ED5EBC0BB5F60100BD
:10F7600030B4194D0FCD88B001AC0FC495E8070037
:10F77000164D03C4002305F8053F19464FF080538A
:10F7800022705C6E05204FF0010C01EB810202F14A
:10F7900020030DEB0302B4FBF0F300FB1343B3FBB8
:10F7A000FCF31A44013112F81C2C05F8012D05292F
:10F7B000A4EB030400EB80000CEB8C0CE5D10348B8
:10F7C00008B030BC704700BF40B30300DC3A0020F3
:10F7D00000B583B000230DF107008DF80730FFF767
:10F7E00065FF9DF80700A0F10100B0FA80F0400924
:10F7F00003B05DF804FB00BF08B5FFF745FF00BF8D
:10F800002DE9804889B09E4C079011F0D7FA9D4BA6
:10F810009D490022C3F81025C3F81425C3F8182504
:10F82000C3F81C25C3F82025C3F82425C3F82825D0
:10F83000C3F82C251C230D1D4FF0A04203F5E073E7
:10F8400003208D4242F823000ED011F8013F1F2BF8
:10F8500086BF03F01F0322464FF0A04203F5E0737A
:10F860008D4242F82300F0D1884A854C1523151D9E
:10F870004FF0A04103F5E0730320954241F82300C7
:10F880000ED012F8013F1F2B86BF03F01F03214645
:10F890004FF0A04103F5E073954241F82300F0D109
:10F8A0007A48774D15234FF0A041012404FA03F361
:10F8B0009042C1F80C350ED010F8013F1F2B86BFC7
:10F8C00003F01F0329464FF0A04104FA03F39042CE
:10F8D000C1F80C35F0D16E4B6E4A1B681268069366
:10F8E000DFF89CB10492002303934FF0010A049BBC
:10F8F000002B00F0B880039A934240F3B280664B2D
:10F900000193002302931B264FF0A041019B4FF06F
:10F9100000095A1CB9F1270F059203F1050876DC9E
:10F92000039B40F69F72042B49F6404E49F63F4335
:10F93000C4BF4FF47A6E1346DDF814C0534C7746BB
:10F9400049F64042B64604254EFA05FE1EF0010F68
:10F95000524E4FF01C0012D01F2846D84FF0A04E38
:10F960000AFA00F0013DCEF80C0512D31CF801ECA8
:10F9700016F8010B4EFA05FE1EF0010FECD11F2800
:10F9800037D84FF0A04E0AFA00F0013DCEF8080536
:10F99000ECD25FB120781F2886BF00F01F005D46C3
:10F9A0004FF0A0450AFA00F0C5F80805002002E073
:10F9B0000130904212D09842D1F80455F8D1257800
:10F9C0001F2D86BF05F01F055E464FF0A046013093
:10F9D0000AFA05F59042C6F80C55ECD1C44504F17D
:10F9E00001040AD01CF801EBADE700F01F00DE4671
:10F9F000B6E700F01F00DE46C5E709F10109B9F1DD
:10FA0000300F09D0019BB9F1270F1E7888DD4FF028
:10FA1000FF334FF0000E8FE7029B032B2BD0029B8E
:10FA20003BB3012B14BF01230A23079A92FBF3F384
:10FA3000029A1B480132029280FB0320DA17C2EBC4
:10FA4000A00202EB8202A3EB4203303305226FF0E7
:10FA50009F005BB212FB0303069AD018D65C01909C
:10FA600054E7FFF711FE0C4B0193049B02931B26F6
:10FA70004AE76423D9E7039B0133039337E700BFC9
:10FA800000030050006000406CB3030064B3030047
:10FA9000A4200020E43A00205CB303006DB303000F
:10FAA0006766666608B5FFF7ABFE00BF08B5084697
:10FAB000FFF7F8FF08BD00BF4FF0FF30704700BFF1
:10FAC000054B186828B10368044ADB69934202D1E8
:10FAD000704711F07BB91847E83A0020B1F60100F1
:10FAE00010B5074B03F1080248330446026040F8A2
:10FAF0003C3F09F0A1FE204601F068FE204610BD03
:10FB00009CB30300094B10B503F1080248330446C7
:10FB1000026040F83C3F09F08FFE204601F056FE9F
:10FB200020461BF0FCFA204610BD00BF9CB303002A
:10FB3000094A10B502F108014832A0F13C0440F82E
:10FB40003C1C026009F078FE204601F03FFE204692
:10FB50001BF0E5FA204610BD9CB30300084B10B51E
:10FB6000044603F10801483340F83C1C44F83C3992
:10FB700009F062FE204601F029FE204610BD00BFBC
:10FB80009CB3030070B582B0012604461D46009662
:10FB900001F0B2FF2A46214604F13C0009F090FE34
:10FBA000044B204603F1080248332260E36302B0AD
:10FBB00070BD00BF9CB30300F8B50646044656F876
:10FBC000640B03684FF400620025DF6962630B2356
:10FBD0003146B8472946102284F88B5084F880506B
:10FBE00084F8755084F8905004F181001AF024FCD8
:10FBF00029461022606404F176001AF01DFC236887
:10FC0000656B1A68E06405F500651846E563136BDB
:10FC1000676C98472844874212D3E56C636CAB420B
:10FC20000ED220680368DB6A9847854208D20549EE
:10FC30000E22304619F06AFFB0FA80F04009F8BD94
:10FC40000020F8BD00B4030038B504461546184638
:10FC5000C4E90150042321604FF48072083104F19B
:10FC60000C0005F01FFC0022012104F1240007F024
:10FC700037FD04F198000DF0DBFD0023C4E91333D8
:10FC8000C4E91533A363236223646363E36363649A
:10FC9000A4F85C302366C4F89430204638BD00BF19
:10FCA000036A19B143F008030362704723F00803A5
:10FCB0000362704730B5036ADB078DB0044608D491
:10FCC000FFF77AFF28B9236A23F0010323620DB0FE
:10FCD00030BD2D22002168461AF060F82068616B63
:10FCE00002680B23156A6A46A84720680168012349
:10FCF0000D6AE16C6A46A847E5E700BF38B500F138
:10FD000024050446284607F0F5FC2046FFF7D2FFFD
:10FD10002846BDE8384007F067BD00BF10B504466F
:10FD200098300DF0DDFC204610BD00BFC160002002
:10FD3000704700BF014B1880704700BF004500208E
:10FD400010B5044A026000230446C38006F0ECFEAE
:10FD5000204610BD44C4030010B5064A02600023CB
:10FD60000446C38006F0E0FE20461BF0D8F920468A
:10FD700010BD00BF44C4030082B010B58C4684B0EF
:10FD800049688646DCF800000DF1080CACE8030079
:10FD900006A981E80C00039BDA070EEB630C12D571
:10FDA0005A10029B5EF80220D45808AB93E8030077
:10FDB0008DE8030006AB0CCB6046A04704B0BDE85D
:10FDC000104002B07047029CEFE700BF2DE9F843F6
:10FDD00000251E46144B45600446036088461746BE
:10FDE000BDF8209006F032FE104B23602A46C4E98D
:10FDF0000887A662012104F12C0007F071FC0022A3
:10FE00000023C4E91023E388256143F4804343F0D1
:10FE100004036561A561E563A4F84850A4F8049063
:10FE2000E3802046BDE8F88344C4030070B40300B7
:10FE3000C3885B070CD510B5006A84B00268002344
:10FE40000093146AE0210DF10F02A04704B010BD29
:10FE5000704700BF70B5C3885B0784B004460D4689
:10FE600008D5006A002302680093166AE0210DF1AC
:10FE70000F02B047206A2A68016853880024009462
:10FE80000C6A0432E021A04704B070BD70B54B6A23
:10FE9000D3F83C23B3F84243526884B0064603F5D6
:10FEA0004F700D46904784F48074B0FA80F3C4F329
:10FEB00000245B09A34229D10C2101220DEB010092
:10FEC0000DF040FBEB885B0708D5286A0023026829
:10FED0000093146AE0210DF10B02A047286A039AEF
:10FEE0000368002100919C6A04320C23E021A047A2
:10FEF00048B903A930460DF043FB03A80DF04AFBB7
:10FF0000304604B070BD03A80DF044FB30460DF040
:10FF100013FB304604B070BD70B50C4682B0064687
:10FF200068460DF009FBE38801252B43E38001209F
:10FF300007F068FE214601A8FFF7A8FF01A968465F
:10FF40000DF030FB01A80DF025FB009B5A88691CC1
:10FF5000E2B11A79202A1DD1E2885B79920601D597
:10FF6000392B1FD0312B11D0022168460DF0ACFB8C
:10FF7000E38823F001036946E38030460DF000FB7F
:10FF800068460DF007FB304602B070BD132D0BDC48
:10FF90000D46CCE7132AE7D059790E4807F0D8FD73
:10FFA000C11CE2E70125C2E70122022101A80DF0F0
:10FFB000C9FA019B20221A7138225A71E38823F072
:10FFC0000103E38001A930460DF0DAFA01A80DF033
:10FFD000E1FAD5E720B4030070B584B00D46019274
:10FFE0001E4604460DF0A8FA019903A80DF0C8FAC0
:10FFF00003A92846FFF72EFF00B92EB903A80DF07C
:020000022000DC
:10000000C9FA204604B070BD03A80DF0C3FA294612
:1000100003A8FFF781FF03A920460DF0C3FA03A848
:100020000DF0B8FA204604B070BD00BF70B582B0C4
:100030001646044601220D46684602210DF082FA5A
:1000400020460DF079FA009B10225E711A71694604
:1000500001A80DF095FA01A92846FFF7FBFE064618
:1000600001A80DF097FA2EB168460DF093FA2046DC
:1000700002B070BD294601A8FFF74EFF01A9204636
:100080000DF090FA01A80DF085FA68460DF082FA9D
:10009000204602B070BD00BF30B5CB889B0783B04F
:1000A0000C46054606D5A068A38928602846AB8083
:1000B00003B030BD68460DF03FFA0122214601A889
:1000C000FFF7B4FF01A968460DF06CFA01A80DF026
:1000D00061FA009BB3F80730A3810222214601A8F0
:1000E000FFF7A4FF01A968460DF05CFA01A80DF026
:1000F00051FA009BB3F807302381022B03D1E38828
:1001000043F02003E3800322214601A8FFF78EFF7E
:1001100001A968460DF046FA01A80DF03BFA009BD4
:10012000A189B3F80730638149F60412E38891424C
:1001300016BF23F0040343F0060343F00203E380F9
:1001400068460DF027FAAEE770B50C4684B004217E
:10015000054601220DEB01000DF0F4F9019A12237E
:1001600013710126082384F0010453719671D47130
:1001700001A90DEB03000DF003FA3346294602AA4C
:1001800003A8FFF729FF03A80DF004FA02A80DF059
:1001900001FA01A80DF0FEF904B070BD30B50121DF
:1001A00087B00446FFF7D0FF1F4A07CA03AB03C35B
:1001B000606A1A7003A9092200F5557010F066FEF6
:1001C0000021012006F0C4FC0122042168460DF044
:1001D000B9F9009A122313710723012553710823DB
:1001E0009571D371694601A80DF0CAF92B4601AA91
:1001F000214602A8FFF7F0FE02A80DF0CBF901A8F6
:100200000DF0C8F90A2007F0FDFC606A032100F533
:100210004F700FF0BDFD4FF080436846C3F80055A6
:100220000DF0B8F907B030BD14B40300C388DB0784
:1002300000D5704730B50446406AD0F83C33B0F87A
:1002400042535B6883B000F54F70984785F4807522
:10025000B0FA80F0C5F300254009A84213D16846E2
:100260000DF06AF9214601A8FFF710FE01A96846C2
:100270000DF098F901A80DF08DF9009B5A8822B96C
:1002800068460DF087F903B030BD1A79112AF7D10D
:100290005A79092AF4D19A79012AF1D1DB79032B11
:1002A000EED12046FFF77AFFEAE700BFC38870B5BA
:1002B00013F0010503D0124B00221A6070BD0446F2
:1002C000406AD0F83C33B0F842635B6800F54F7089
:1002D000984786F48076B0FA80F0C6F3002640098D
:1002E000B042E8D1064A13681D2B02DC01331360CB
:1002F00070BD20461560BDE87040FFF797BF00BF96
:10030000EC3A0020C38819B143F00103C380704761
:1003100023F001039BB2C380704700BF08B507F00C
:10032000C9F9003818BF012008BD00BF10B5044648
:1003300009F06EF9D4E91032C01A61EB0201B0F590
:10034000FA7F71F1000305D3E06B0028CCBF0020D9
:10035000012010BD002010BD30B5194B1D688DB0B7
:1003600045B3044606A80CF0BDFD164B02931820B9
:100370001AF0D7FE14490022CDE900120146CDE95A
:10038000040241F80C4BCDE90A22C2604A606A4679
:10039000034603CA586099602A680C4992680C4861
:1003A00058618A424FF01203ADF80C3004D102A814
:1003B00007F078FB0DB030BD02A928469047F6E75C
:1003C000083D0020FF030500F1030200C5D701002E
:1003D00079FD010010B504462C3007F03DFA0020ED
:1003E00007F070F92046BDE81040FFF7B5BF00BF29
:1003F00082B010B502A981E80C00BDF8082040F2D7
:10040000FF339A4203D0BDE8104002B07047BDF8F8
:100410000A30052BF7D104462C3007F01DFA0020D6
:1004200007F050F92046BDE8104002B0FFF794BF36
:100430002DE9F04F8FB006469DF8600004901F46EE
:100440000D460191144609F0F3F8B36A002B00F051
:10045000028182468B4609F0EBF86DB1844277EB5E
:100460000103C0F0F6807D4A201A67EB01010023EA
:1004700082428B4180F0ED8001213046FFF764FE1F
:10048000774A736A07CA0BAD03C503F555702A7026
:100490000BA9092210F0FAFC049B002B14BF0220C8
:1004A0000120002106F054FB08A809F08BF98046D2
:1004B000B06A02910368C168DA6943690791D3F8A9
:1004C00048150591D3F804130691D3F80413C3F823
:1004D0000813644B9A4240F0B480634BC360DFF86A
:1004E00098910023A9F80030049B73B9199B63B15C
:1004F0001B6819985B689847199BD988C1F300213C
:10050000C1F1030118460FF043FC706A032100F5A6
:100510004F700FF03DFCB06A544A03684021DB6B1A
:100520001160089A02219847B06A03689B6A98474D
:100530000D3C029B47F1FF37B4EB0A0467EB0B0756
:10054000B8EB0A0863EB0B0B18EB08084BEB0B0B33
:10055000B4EB0803029367EB0B030393019B089C26
:10056000DFF818B100252F46AA4643B3029B039932
:100570009D4277EB010224D25A1B61EB070393459E
:100580007AEB03031BD3B06A03682244DB6B0221BE
:10059000984730BFB06A03689B6C9847041B651985
:1005A000804647F1000709F043F8B9F8002092B2FD
:1005B000444632B1019BA9F800A0002BD6D15A467F
:1005C000E1E7706A002100F54F700FF0E1FB04993C
:1005D00021B9199B13B118460FF0DAFBB06A036812
:1005E0001B6B9847B06A0368DA694369D3F8041350
:1005F000C3F808131B498A4226D1079AC260059A9C
:10060000C3F84825002200231946104609F0EAF8ED
:10061000B36A049A5B69002A069AC3F8042314BFDC
:1006200004200320002106F093FA00213046FFF752
:100630008BFD08F0EDFFC6E9100100200FB0BDE80A
:10064000F08F094990474AE707999047B36A5B6979
:10065000D5E70748F2E70748F0E700BF9F860100AB
:1006600014B403002DFD010035FD010000E100E0A0
:1006700009FCFFFF16FCFFFF00450020BFBDF0FF97
:1006800030B5044685B0002007F01CF82046FFF77F
:1006900063FE0022002302A8CDE9022309F0B8F886
:1006A000012300220146CDE900322046DDE9022384
:1006B000FFF7BEFE054604F12C0007F0CDF82846F2
:1006C00005B030BD4CDF704710B5044A026000230E
:1006D0000446C38006F028FA204610BD44C4030037
:1006E00010B5064A026000230446C38006F01CFAD7
:1006F00020461AF014FD204610BD00BF44C403007C
:1007000010B586B0002304460193FFF761F800BBE3
:10071000124A01231360D2F80031002BFBD00023D2
:10072000C2F80031D2F80835019301215160002B45
:10073000B8BF03339B10238208F06AFFE268A188E8
:1007400001231044A0601A4602A80CF07DFB06B0FD
:1007500010BD01A8FFF7B6FF019BE8E700C000400D
:10076000C38843F4804310B50446C38008F050FFAB
:10077000A368984271F1000300D210BD2046BDE885
:100780001040FFF7BDBF00BF70B5094B0025044600
:10079000C0E900350E4606F059F9064A22604FF4CA
:1007A0007A73C4E90253A6802561204670BD00BF5C
:1007B00044C4030094B40300C38843F4804310B5D9
:1007C0000446C38008F024FFA368984271F1000337
:1007D00005D2B4F91000B4F91230C01A10BD204689
:1007E000FFF78EFFB4F91000B4F91230C01A10BD33
:1007F0006FF47D70704700BF00207047094B10B543
:1008000003F10802483304460260836018300CF09C
:1008100067FF054A226000232046E38006F084F942
:10082000204610BDF8B4030044C403000020704704
:100830000B4B10B503F10802483304460260836095
:1008400018300CF04DFF074A22600023E380204659
:1008500006F06AF920461AF062FC204610BD00BF7F
:10086000F8B4030044C403002DE9F0411D46104BC9
:1008700003600023436004460F461646BDF8188007
:1008800006F0E4F80B4B656103F10802483322607F
:10089000A360C4E9037604F118000CF0C9FF4022FC
:1008A0001823A4F80480A262E3802046BDE8F0810A
:1008B00044C40300F8B403002DE9F04F032B87B0C4
:1008C00082460D46174619464FF00102B8BF032174
:1008D00005A803930CF036FE4B4E4FF014094FF071
:1008E000000868690121FFF70DFDE8683A680168B2
:1008F0005388CDF800800C6A0432E421A047834677
:10090000002866D13B681B790C2B39D1EB8813F09A
:10091000400F14BF6420142006F08AFD2869D0F827
:100920003C23B0F84243526884F48074B24200F52C
:100930004F70C4F3002447D10020844224D1002208
:1009400011464FF0FF3305A80CF052FEE868059AF7
:1009500001685388CDF800808C6A0432E421A047F6
:100960008346C8B9059A386813790079834237D02D
:10097000EC88A1061BD5202B0ED15379392B0BD136
:10098000012006F055FDC9E70BF1010B012006F02F
:100990004FFDBBF1140FC1D1B9F10109A1D16869B3
:1009A0004946FFF7AFFC50460CF0C6FD24E0002B93
:1009B000E6D0202BF0D153799842E1D0002BDFD044
:1009C000B9F101098DD1EAE79047B0FA80F040090A
:1009D000B3E7012006F02CFDB9F1010981D1DEE772
:1009E00068695946FFF78EFC039905A80CF06CFE68
:1009F00005A950460CF0C4FD05A80CF0CBFD5046EF
:100A000007B0BDE8F08F00BFF10702002DE9F0410B
:100A10000C4684B00546486998461746FFF708FA21
:100A2000E388DB0611D403AE394630460CF0A8FD4E
:100A30004346324621462846FFF73EFF30460CF03B
:100A4000A9FD284604B0BDE8F0810122114601A8A5
:100A50000CF078FD3B681B79032B019B0CBF062231
:100A600003221A7101A902A80CF08AFD03210A4889
:100A700007F06EF803AE034602AA21463046FFF7A0
:100A80001BFF30460CF086FD02A80CF083FD01A888
:100A90000CF080FDC8E700BFB0B40300F0B585B02E
:100AA000044617460E460122082101A89D000CF0BD
:100AB00049FD20460CF040FD47F02060019FFEF705
:100AC000C9FD78602846FEF7C5FD01A9B86002A8F7
:100AD0000CF056FD05F1080302AA314603A8FFF702
:100AE00095FF03A920460CF05DFD03A80CF052FD14
:100AF00002A80CF04FFD23685B88082B12D9002256
:100B000020464FF0FF3308210CF092FD23685988EE
:100B1000204608390CF0D8FD01A80CF03BFD20461A
:100B200005B0F0BD03A80CF007FD03A920460CF0AA
:100B300039FD03A80CF02EFD01A80CF02BFD20467A
:100B400005B0F0BD30B583B00C46014601A81D4686
:100B5000FFF7A4FF01994B885BB12046AA0004313E
:100B600019F006F8002401A80CF014FD204603B08B
:100B700030BD014CF7E700BF0CFCFFFFA0F10800FF
:100B8000FFF7E0BF2DE9F04F804685B068464FEA99
:100B900083090D4692460CF0CFFCD8F82810494541
:100BA000A8BF49460831012201A80CF0CBFC09EB93
:100BB000050B4FF0FF330022FF2101A80CF018FDB8
:100BC0005D453DD2002601E0AB4539D9D8F8282053
:100BD000019FA9EB0604944245F03060A8BF14467B
:100BE000FEF738FD78602046FEF734FD26F003015D
:100BF00022465144B86007F10C0018F0B9FF04F127
:100C0000080101A80CF060FD01A902A80CF0B8FCD5
:100C1000092302AA414603A8FFF7F8FE03A9684684
:100C20000CF0C0FC03A80CF0B5FC02A80CF0B2FC60
:100C3000009B5B8825442644002BC5D1064C00E070
:100C4000002401A80CF0A6FC68460CF0A3FC20468A
:100C500005B0BDE8F08F00BF0EFCFFFFA0F108005B
:100C6000FFF790BF70B5154682B0012204460E46CC
:100C7000684611460CF066FC009B69461D7101A890
:100C80000CF07EFC2946094806F062FF01AA0346E3
:100C900031462046FFF7BAFE01A80CF07BFC6846FF
:100CA0000CF078FC204602B070BD00BFB0B4030069
:100CB00010B5C3889B0784B0044609D5636A002039
:100CC0009AB262F30F001B0C63F31F4004B010BD17
:100CD00001A80CF031FC0722214602A8FFF7C2FF51
:100CE00002A901A80CF05EFC02A80CF053FC019BC9
:100CF0005A88B2B90622214602A8FFF7B3FF02A91B
:100D000001A80CF04FFC02A80CF044FC019B5A888F
:100D10001AB901A80CF03EFCD0E75B7984F82630C4
:100D2000F7E7B3F80500FEF7A5FC0622A0842146EC
:100D300002A8FFF797FF02A901A80CF033FC02A854
:100D40000CF028FC019B5A88002AE2D05B79A28C27
:100D500084F8263002FB03F3B3F5F83F1EDC61692B
:100D600002A8FFF799F9BDF80830012B4FF04002B7
:100D7000E3881AD023F0100343F02803A2629BB249
:100D8000BDF80C2002F5CD427B3292B2012A98BF09
:100D900043F0400343F00203E380BAE74FF4F83333
:100DA000B3FBF2F284F82620D9E7A26243F01803DD
:100DB000E6E700BF2DE9F04788B0064615460C4629
:100DC0000122082101A80CF0BDFB02A80CF0B4FB25
:100DD00003A80CF0B1FB04A80CF0AEFB3046FFF703
:100DE00067FF96F826300590B08C04EB850900FB70
:100DF00003F3994500F2D580B9FBF0F8B4FBF0F1AC
:100E000000FB08F8B9EB080300FB01FA08BFA8EBE8
:100E1000000854454FEA850500F0BD80C31A00FB69
:100E20001144B3FBF0F700FB1737002C7DD1002FE6
:100E300040F08C80F3881B073BD5C2455BD85446F5
:100E400007AD03E0B38C1C44444554D844F04060E3
:100E5000019FFEF7FFFB78602046FEF7FBFB01A930
:100E6000B86006A80CF08CFB012306AA3146284680
:100E7000FFF7CCFD294602A80CF094FB28460CF0A5
:100E800089FB06A80CF086FB029B5B88002BD9D15E
:100E9000454C04A80CF07EFB03A80CF07BFB02A8D9
:100EA0000CF078FB01A80CF075FB204608B0BDE8FB
:100EB000F0874AF04060019CFEF7CCFB6060404642
:100EC000FEF7C8FB01A9A06006A80CF059FB01239E
:100ED00006AA314607A8FFF799FD07A902A80CF05A
:100EE00061FB07A80CF056FB06A80CF053FB029B15
:100EF0005B88002BCCD0039B5B88002B35D1049BF7
:100F00005C88002CC5D004A907A80CF039FB079A0F
:100F100033681C6A5388494604329B083046A04710
:100F200007A80CF037FB0024B3E707ADA30852462F
:100F300031462846FFF7B2FD294603A80CF032FBE4
:100F400028460CF027FB002F3FF474AF07ADBB0819
:100F50004A4631462846FFF7A1FD294604A80CF071
:100F600021FB28460CF016FB64E703A907A80CF048
:100F700007FB079A33681C6A538851469B08043262
:100F80003046A04707A80CF005FB049B5C88002CAA
:100F90003FF47FAFB7E7021B4244AA427FF43EAF63
:100FA00048E76FF47A7474E70EFCFFFF10B504464F
:100FB00084B00191FFF77CFEA28C01999208204633
:100FC00004B0BDE81040FFF7F5BE00BF10B5044601
:100FD00082B0FFF76DFEA38C94F8260003FB00F0AF
:100FE00002B010BD10B5044682B0FFF761FEA08CC0
:100FF00002B010BD10B5044682B00838FFF758FEA5
:10100000A08B02B010BD00BF0368084ADB6A9342A0
:101010000BD110B5044682B0FFF74AFEA08C94F8BD
:10102000263003FB00F002B010BD1847CD0F0200C0
:1010300010B5044682B00838FFF73AFEA38BA07FB4
:1010400003FB00F002B010BD30B5044685B0A0F13E
:10105000080528460191FFF72BFEA28B0199920803
:10106000284605B0BDE83040FFF7A4BE10B550F8E3
:10107000083C0A4ADB6A9342044682B0A0F10800A9
:1010800003D002B0BDE810401847FFF711FEA08B57
:10109000A37F03FB00F002B010BD00BFCD0F020024
:1010A00003460020DA680132DA6070470B68C160DD
:1010B0001B680846184700BFC068003818BF0120E9
:1010C000704700BFD0F81808704700BF4B1E032BB5
:1010D00002D96FF47A7070474B1C5B10C0F8181877
:1010E000C0F81C380020704700F6140000687047F4
:1010F00010B5044B044640F8083B0CF04BFA204670
:1011000010BD00BF64B5030010B5054B044640F8A0
:10111000083B0CF03FFA20461AF001F8204610BDBB
:1011200064B50300F8B58468104B03600546D4B17C
:101130000F4E104F08E040F8087B0CF02BFA2046C9
:1011400019F0EDFFAC6874B16068E26B0368DB68AE
:10115000AA60984723689B68B3422046EBD0984723
:10116000AC68002CF0D12846F8BD00BF78B503006C
:101170000911020064B5030038B54B680C461A68C3
:101180004FF07E51054612692163184605F6140595
:10119000904795ED006A9FED117AD4ED067AD4ED73
:1011A000075AC7EE276A431C03EBD37320F00202F1
:1011B0005B10012AC4E90D0385EE867AC4ED096A45
:1011C00084ED0A7A02D00023236238BDBEEE007A95
:1011D00067EE877AC4ED087A38BD00BF00C07F444F
:1011E0002DE9F04F2DED068B8BB00C460AEE100A60
:1011F000029108F01DFAA3680193CDE90401002BC8
:1012000000F09981029B4FF40072D3F81C3892FBD6
:10121000F3F2002A40F3AC81029B103392000021CC
:101220001846039318F0BAFDCC4E9FEDCD8A0124E9
:101230000AE002985946FFF79FFFDBF834505DB98A
:10124000019B002B00F0B080019B9B46DB6BDBF821
:1012500034500193002DECD0029BDBED0A7AD3F8D9
:101260001C284FF4007AF5EE407A9AFBF2FA0AF164
:10127000040A03EB8A02F1EE10FA009209D103F698
:10128000140292ED007ADBED076AC6EE877ACBEDA9
:101290000A7A009A039B9A42D2D99846DBF8083022
:1012A0009BED0B7A5A88DBF8383092FBF3F207EEAD
:1012B000902AF8EEE77A9BED0A6A009A77EEC77AF1
:1012C000A2EB0807C7EE866ABF10FDEEE68A18EEAD
:1012D000909AB945A8BFB946B9F1000F34D007EECE
:1012E000903A4C46C24601E0DBED0E7ADBF8102066
:1012F00056F82530F8EEE77A67EE877AFDEEE77A62
:1013000017EE900A1044984707EE900A9BED087A72
:101310009BED096ADBED0C6AF8EEE77A013C77EEAB
:10132000877A9AED007A67EE867AA6EEA77AAAEC1B
:10133000017ADBED0B7A9BED0A7A37EE877A8BED3B
:101340000B7AD1D108EB890818EE903A9F4223DD41
:10135000DBF80C30002B3FF473AFDBF80410013BDB
:10136000CBF80C300B6806A81B68984706A90BF150
:1013700008000CF017F906A80CF00CF9DBF808309F
:101380008BED0B8A5A880433CBF810301344CBF81A
:101390001430002A3FF454AF009B9845FFF47EAF11
:1013A000019B002B7FF450AF002C40F08580029B06
:1013B00093F82C387BB1029B049AC3F83828059A1D
:1013C000C3F83C2883F82C480222012340F6D6318A
:1013D00006A80BF039FD01224FF4007106A80CF0AD
:1013E000B1F8029A069C9FED5F7A658802F5016369
:1013F00093ED008A02F50263D3ED007AD2F8183833
:10140000D2F81C2895FBF2F568EE277A032BC7EE7D
:10141000879A04F1040400F08580012B00F082809B
:10142000F6EE007A68EE678A9FED4F9A28EE278ADB
:1014300075B3B8EEC99A039F4C4EDDF80880023DA3
:1014400002E0D8F81838013DB7EC017AD8F8242822
:1014500056F82330F0EE497AE7EE297A2046F4EE8A
:10146000687AF1EE10FA48BFF0EE687AF4EE487A46
:10147000F1EE10FAC8BFF0EE487AFDEEE77A17EE0B
:10148000901A11439847D8F81C381C446B1CD8D1CB
:10149000029BD86803681B68984706A91AEE100AD1
:1014A0000CF06EF806A80CF075F81AEE100A0BB0E6
:1014B000BDEC068BBDE8F08F029A02F62803D3ED4F
:1014C000007AF5EE407AF1EE10FA0ED0D2F81C3820
:1014D0004FF4007292FBF3F2002A06DD039B03EB4C
:1014E0008202E3EC017A9A42FBD1029B93F82C38FA
:1014F000002B7FF470AF02990498C1F830080123E3
:10150000059881F82C3801F5046400260027C1F8FD
:1015100034081A4644E9026740F6D63106A80BF0B3
:1015200093FC58E7B6EE009A28EE099ADFED0C8A94
:10153000BDEEC99A7CE7029BD86803681B68984790
:101540001AEE100A01224FF400710BF0FBFF1AEEA5
:10155000100A0BB0BDEC068BBDE8F08F5C200020BC
:101560000000000000C07F44000000008020002038
:10157000029B1033039357E670B506462DED028BA0
:10158000402008EE903A08EE102A0D4619F0C9FDE9
:1015900040220446002118F001FC2046164B40F87A
:1015A000083B0BF0C9FFF8EEE88AB5EE408AF1EE91
:1015B00010FA6560C4ED068A05D12B6828469B6940
:1015C000984708EE100A0023002221463046C4E95D
:1015D000033384ED078A6361E262FFF7CDFD2B6878
:1015E000B2685B68E2632846B46021469847BDEC68
:1015F000028B204670BD00BF64B5030007EE901A51
:10160000F8EE677A00F50160C0ED007A00207047BF
:10161000C0F824180020704729DF704728DF704782
:1016200012DF7047022802D1014B01221A70704765
:101630000C45002000207047C0687047D0E9023098
:1016400003FB00F0704700BF10B50446084664680D
:10165000114621449A0018F08BFA002010BD00BFFB
:101660002DE9F041466882B04FF000080DF1070007
:101670001D4614460E448DF80780FFF7D1FF9DF8F4
:101680000730ABB11E4F87F8008001E008F094F8F6
:101690002A4621463046FFF7BFFF03460A20002BAB
:1016A000F4D13B78002BFCD0002002B0BDE8F081E3
:1016B000144A0123C2F80435D2F80034002BFBD0C1
:1016C00095B1A4F1040C0F48C4F104040CEB85059A
:1016D000344404EB0C035CF8042F1A60D0F80014B7
:1016E0000029FBD0AC45F4D1064A0023C2F80435EA
:1016F000D2F80034002BFBD0002002B0BDE8F0810E
:101700000C45002000E00140F0B5436883B004467A
:1017100000270DF10700CD188DF80770FFF780FF47
:101720009DF807309BB1174E377001E008F044F880
:10173000E068B5FBF0F0FFF771FF03460A20002BCD
:10174000F4D13378002BFCD0002003B0F0BD0E4A5A
:101750000223C2F80435D2F80034002BFBD00A492A
:10176000C2F80855D1F80034002BFBD00023064AFC
:10177000C1F80435D2F80034002BFBD0002003B0B0
:10178000F0BD00BF0C45002000E0014002680549A3
:10179000D2688A4204D1D0E9020303FB00F070470B
:1017A000104700BF3D160200C360024B0360C0E952
:1017B00001127047A4B50300704700BF6FF47D703D
:1017C000704700BF6FF47D70704700BF10B5C388CD
:1017D000044A026023F400530446C38006F040FE2E
:1017E000204610BDC8B5030010B5C388064A026084
:1017F00023F400530446C38006F032FE204619F05D
:101800008EFC204610BD00BFC8B50300036870B54C
:101810005A6C0A4DAA42044606D15B68084A9342B4
:1018200008D16FF47D7070BD90472368044A5B68EF
:101830009342F6D02046BDE870401847C517020015
:10184000F107020070B50646006A0368DB6A984734
:10185000306A03681B6B9847F369D868002820DD5D
:1018600006F130011E4D0844002411F9012B02F548
:10187000A272884245F82240F7D11A4D002402E0B6
:10188000DA68A2420DDD5A6952F8240002685268F3
:10189000AA4204F10104F3D09047F369DA68A24246
:1018A000F1DC9A68002A13DD0E4D002402E09A68EC
:1018B000A2420DDD1A6952F8240002685268AA4259
:1018C00004F10104F3D09047F3699A68A242F1DC75
:1018D000F388002223F00203F380F27570BD00BF8D
:1018E00000600040F1070200C37D0BB1FFF7AABF03
:1018F000704700BF2DE9F04FC37D85B004460191CC
:10190000002B6CD1C3880293E669F368002B6DDD70
:101910000123206ADFF8E880DFF8E8E0344D354F36
:10192000039404F1300C04F1350200219B469C1C09
:101930008CF80030147074696458247D03F5A27922
:1019400048EA04244EF8294012F9019B446909F140
:10195000A20901F5A27A544445F8394012F9014C24
:101960001CF9019BA23405EBC40407EB8909C4F8F8
:10197000049012F9014C0BFA04F4C5F80445F4681C
:101980009C4201F1040103F10103D0DC039C029BA2
:1019900023F00103E380019B327A1749023B012BBC
:1019A0009CBF0132D2B26275C2EB0212134B92009D
:1019B000B3FBF2F2237B626202FB03F3A1FB03138E
:1019C000DB0BA36203680021DB6B9847236A5B692A
:1019D0000122DA60019BA37505B0BDE8F08FC388D2
:1019E0000293DB0790D4D0E90760D4E7206ACEE702
:1019F00000F0014030600040818080800024F400CD
:101A000003000100006000402DE9F8430546817D98
:101A1000FFF770FFEB699A68002A20DD304FDFF88E
:101A2000C490DFF8C48000240AE05A6C4A4549D1CA
:101A30005B68434543D1EB699A680134A2420EDDED
:101A40001B6953F8246033689A68BA42EDD00021CC
:101A500030469047EB699A680134A242F0DCDA68BC
:101A6000002A20DD1E4FDFF87C90DFF87C80002408
:101A70000AE05A6C4A452DD15B68434527D1EB6992
:101A8000DA680134A2420EDD5B6953F824603368E2
:101A90009A68BA42EDD0002130469047EB69DA6887
:101AA0000134A242F0DC286A03685B6A9847286A1E
:101AB00003689B6A98470123EB75BDE8F8833046BD
:101AC0009847B8E70021304690473368B0E7304682
:101AD0009847D4E70021304690473368CCE700BFF1
:101AE0000D180200C5170200F1070200C37D03B103
:101AF0007047FFF789BF00BFF8B515460E4652681C
:101B000029689DF81870044606F0D6FCEA68134B65
:101B100013492360052A4FF00003C4E90756A7754F
:101B20000C602376E3752375E3620FDC3268194697
:101B30003046936B9847206A03684FF47A51DB6C08
:101B40009847226AE37D0749D1600BB12046F8BD72
:101B50002046FFF759FF2046F8BD00BFC8B5030077
:101B6000F03A0020591E020010B5034661B1026828
:101B70000E49126B0E4CC37D23708A4213D10BB1F8
:101B8000FFF760FE002010BD094A1278002AF9D044
:101B90001A680849D26A8A4205D1DB7D002BF1D14F
:101BA000FFF732FFEEE79047002010BDE918020072
:101BB0000D450020ED1A02002DE9F04FC769037DA5
:101BC000BA680569934285B0044680F21B813A6980
:101BD0009E4E52F8230003681B68B34240F03281E6
:101BE000D4F82080D8F8142001235360227D617D31
:101BF0001A44B2FBF1F001FB10222275B868824250
:101C00005EDAD7F80C90B969B9F1000F01EB420127
:101C10004BDDAA1DD8F81450009525890195CDE912
:101C2000027800FA03FEDDE90078A07DCDE9002608
:101C300000F0FD0004F1300CCD18227E032A03D8F9
:101C4000DFE802F002B2A3BF4A78009E15F801ACAB
:101C500008FB026212F80A2018B9002A00F0BF80BF
:101C6000FF22A66A03F5A87A06FB02F247F82A20AB
:101C70009A46002A00F0B8809CF90020920002F1F8
:101C8000804202F5C042D2F810B52BF4801BC2F896
:101C900010B5D145714403F101030CF1010C7544F9
:101CA000CBDCDDE90278019E227D3B6953F82200FE
:101CB00003681B68B34240F0BC80D8F814305EE083
:101CC000626AD8F800300021DB6B920040469847EA
:101CD000E169CB68002B27DD0025DFF8749104F162
:101CE0003007A84602E0CB68AB421DDD4A6917F910
:101CF000013B013502EB850203F5A27352F8040C97
:101D000049F82380D4E9082305F5A87C52699B0093
:101D100042F82C3003681B68B342E4D00121984795
:101D2000E169CB68AB42E1DC0B69186803681B68AA
:101D3000B34240F083800B6994F930201B6844491A
:101D40001B7D02F5A2721B0243F0011341F8223001
:101D500094F9303094F935103E4A9B00A23103F1DA
:101D6000804303F5C24342F83130236A94F93510B9
:101D70005B69A23102EBC10203F14401516001220F
:101D8000DA601A6005B0BDE8F08F91F801A06289B1
:101D9000009EA2EB0A0215F801AC08FB02626FEA92
:101DA0000A0A12F80A2057E715F8012C009E91F84C
:101DB00001A002FB088232446FEA0A0A12F80A20E4
:101DC0004AE7628915F801AC009E013AA2EB0A02CB
:101DD00008FB026291F801A012F80A203CE703F523
:101DE000A8729A4647F822009CF90020920002F15E
:101DF000804202F5C042D2F810B54BF4801BC2F805
:101E000010B546E7D0E908235169104E9A00D1F881
:101E10004435817DC3EB0323B3FBF2F3C288C3F1E6
:101E2000FF0342F00302C362C280FFF763FDE7696C
:101E3000D6E601219847236A5B69A0E7002198470D
:101E4000E16978E700219847E769C9E6BD17020014
:101E50000060004000F00140024B186808B1FFF735
:101E6000ABBE7047F03A002010300BF0C7B900BF8E
:101E7000837D10B5044633B1012B0ED0E3889B0758
:101E800013D5E06A10BD0221FFF734FDE288A37D7F
:101E900022F00202012BE280F0D103212046FFF75D
:101EA00029FDE38823F00203E380192005F0C0FA3E
:101EB000E06A10BD10B5044606F0B6FA40B9237BBF
:101EC000616A044A01FB03F3A2FB0323DB0BA36259
:101ED00010BD00BF8180808070B52DED028B08EEB3
:101EE000103A044616460D460AF0ECFAFDEEC87AA2
:101EF0000A4A226017EE903A324684ED138A214650
:101F00006564A6642846FFF737FB01462065204636
:101F10000AF07CFABDEC028B204670BD08B60300C7
:101F2000016170470069003818BF0120704700BF89
:101F300003207047C06B07EE900AF8EEE77A17EEC1
:101F4000900A7047104B03F108023C3310B5044669
:101F50000260836030300BF01DFB04F12C000BF0AD
:101F600019FB04F128000BF015FB04F124000BF021
:101F700011FB064AA260002304F10800E38104F08B
:101F8000D3FD204610BD00BF2CB6030044C403009F
:101F9000114B03F108023C3310B504460260836024
:101FA00030300BF0F7FA04F12C000BF0F3FA04F1E7
:101FB00028000BF0EFFA04F124000BF0EBFA074ACB
:101FC000A2600023E38104F1080004F0ADFD204687
:101FD00019F0A5F8204610BD2CB6030044C4030038
:101FE00038B5124B03F108023C33044640F8082C84
:101FF00040F8283B0BF0CEFA04F124000BF0CAFAAB
:1020000004F120000BF0C6FA04F11C000BF0C2FA38
:10201000074A22600023A4F10805E380204604F06B
:1020200083FD284619F07BF8284638BD2CB60300FE
:1020300044C4030038B5114B054603F108023C3394
:10204000044640F8082C45F8083928300BF0A2FA6D
:1020500004F124000BF09EFA04F120000BF09AFA30
:1020600004F11C000BF096FA054A2260002320467A
:10207000E38004F059FD284638BD00BF2CB60300AC
:1020800044C40300F0B5274B036004460025264BEB
:10209000836083B0A1810830E581164604F0D6FC48
:1020A000224B23603433A3602A46012104F114003B
:1020B00005F016FB04F1280701224FF4007104F12A
:1020C00024000BF03FFA38460BF036FA04F12C00EE
:1020D0000BF032FA2946012204F130000BF032FAFB
:1020E00000234FF4007123660122A164C4E90D5559
:1020F0002561E56401A80BF025FA01A938460BF02B
:1021000051FA01A80BF046FA094A2264AE424FF098
:1021100000032046C4E91655C8BFE663A4F844305E
:1021200003B0F0BD64C8030044C4030034B6030028
:1021300000C07F44C3895B0770B5456B04465DD41E
:102140002B46E16A002B64D05033081D4A88636334
:10215000024493420ED3D1ED037A6063F5EEC07A68
:10216000F1EE10FA3CDA04F1140005F0AFFB0028A0
:1021700036DC636B93ED027ADFED277A19685A68D3
:102180006265B5EEC07AF1EE10FA48BFB1EE477A5B
:10219000C7EE276A00202165E06504F1640104F1BF
:1021A0007005D4ED0F7AF8EEE77A67EEA67AFDEEC9
:1021B000E77AF8EEE76AC4ED167ADA699861012ADF
:1021C000B8BF012207EE902AB8EEE77ADA61C6EED0
:1021D000877A1433E1EC017A8D42EED1002070BD94
:1021E0000026666304F1300104F12C000BF0DAF9EB
:1021F000A81BC4E9166618BF012070BD0023436305
:1022000000F130012C300BF0CDF9636BE16A002B4B
:102210009AD10B1D184699E700007A442DE9F04F3A
:10222000D1E9167E2DED088B01F124034FF0000B50
:102230009FEDB78ADFEDB7AA9FEDB7AA0BEE903AF4
:102240000BEE100A8BB00C465D467046B842034652
:1022500033D0E28912F004022FD10492B8424EDB4F
:10226000E289920740F11781049B002BEED0AB4628
:10227000002D00F04181D4ED107AB4F84420B6EE80
:10228000007A67EE877A5545FCEEE77A17EE903ACA
:1022900043EA02039BB203D22BF8023BDA45FBD898
:1022A0001BEE901A1BEE100A0BF06AF91BEE100AD7
:1022B0000BB0BDEC088BBDE8F08F2046FFF73AFF6E
:1022C000A76DE389002F40F09E80002800F0F38086
:1022D000A56323F00403E3810523E36401231A4685
:1022E000A18906A80AF0B0FD04F1140005F07CFAFB
:1022F000D4E916700122B84203460492B0DA002DE8
:1023000000F0CC8006AA019204F16402029204F16A
:10231000700BD4ED157AD4ED108A94ED147A616BBC
:10232000DDF808C0DDF804E068EEA78AD4ED0F7A86
:1023300027EE087AF8EEE77A68EEAA8A87EE279AFF
:102340000E46F0EE4A9AE8EECA9AD6F81880F2697C
:10235000BCEC017A07EE908AF8EEE77A013A67EE74
:10236000877A9045FDEEE77A06F11406EEEC017AE5
:1023700008BF4EF8047CE345E7D1DDE90676089A0C
:10238000BE42A8BF3E469642A8BF16469E4241DDC9
:10239000AA4585D0D4ED187AFDEEE77AD1E903306D
:1023A00017EE901A984707EE900AF8EE676AB0EEBB
:1023B000697AA8EEA67AE06DB4F84420D4ED187AD4
:1023C000BCEEC77A79EE277A17EE101AF4EEC87AC7
:1023D000431C1143F1EE10FA25F8021B1846E36581
:1023E000C4ED187A08DD77EEC87AF4EEC87AF1EE1B
:1023F00010FAF8DCC4ED187AB3420BDA55453FF415
:102400004FAF616BC6E713F004025CD000283FF4C5
:1024100060AF5DE79C46BC4586460DF11C094FF058
:1024200014084FF00006204608D00136032E08F1AC
:10243000140828D059F8047BBC45F6D1426B06EB52
:10244000860102EB810389000391D3E906718F4273
:102450004FEA8604E9DA5B6902EB08014BB10590AB
:1024600098470598039B426BD0F85CE01344F44610
:102470009F69344402EB840201360137032E9761D1
:1024800008F11408D6D104466346A76D6745704627
:102490003FF73FAFE8E6002D7FF4E6AEA56BB5B1A0
:1024A000626A0021A16302F1040A528887429244C1
:1024B0003FF728AFD8E659073FF50BAFE06D012392
:1024C00004930346CAE6E06D04920346C6E606ADF1
:1024D0000122A16C28460BF035F829461BEE900A24
:1024E0000BF060F828460BF055F8626AE06DA76DB6
:1024F000151D0346AA46D8E706A80BF01DF81BEEEB
:10250000900A06A90BF04EF806A80BF043F8C7E6B0
:10251000000080440000803A00000044F0B50C4602
:1025200001F1280785B0394606460BF029F8A36B60
:102530006D4633B128462146FFF770FE28460BF062
:1025400029F80023A36304F1240138460BF02AF88C
:1025500021462846FFF762FE28460BF01BF820694B
:1025600003681B689847E36C002B02DD013BE364C2
:1025700013B1304605B0F0BDA189012302222846DF
:102580000AF062FC304605B0F0BD00BFC38919B146
:1025900043F00203C381704723F002039BB2C3815F
:1025A000704700BF01607047704700BF70B5664E4E
:1025B000664D674C674930460BF0BAF83046664EB8
:1025C0002A46214618F0A6FD644930460BF0B0F8C3
:1025D0003046634E2A46214618F09CFD614930463C
:1025E0000BF0A6F83046604E2A46214618F092FDC0
:1025F0005E4930460BF09CF830465D4E2A46214637
:1026000018F088FD5B4930460BF092F830465A4E80
:102610002A46214618F07EFD584930460BF088F8CE
:102620003046574E2A46214618F074FD554930462B
:102630000BF07EF83046544E2A46214618F06AFDCB
:10264000524930460BF074F83046514E2A46214626
:1026500018F060FD4F4930460BF06AF830464E4E98
:102660002A46214618F056FD4C4930460BF060F8DA
:1026700030464B4E2A46214618F04CFD494930461B
:102680000BF056F83046484E2A46214618F042FDD7
:10269000464930460BF04CF83046454E2A46214616
:1026A00018F038FD434930460BF042F83046424EB0
:1026B0002A46214618F02EFD404930460BF038F8E6
:1026C00030463F4E2A46214618F024FD3D4930460B
:1026D0000BF02EF830463C4E2A46214618F01AFDE3
:1026E0003A4930460BF024F83046394E2A46214606
:1026F00018F010FD374930460BF01AF83046364EC8
:102700002A46214618F006FD344930460BF010F8F1
:102710003046334E2A46214618F0FCFC31493046FB
:102720000BF006F83046304E2A46214618F0F2FCEF
:102730002E4930460AF0FCFF2A4621463046BDE8C5
:10274000704018F0E7BC00BF203B00204020002074
:10275000E1D6020084B60300F43A00208CB60300F0
:10276000143B0020FCB70300383B002004B80300F2
:10277000183B0020E0B803003C3B0020E8B8030011
:10278000F83A0020C4B90300083B0020D0B9030088
:102790000C3B002064BA0300283B002068BA030009
:1027A0001C3B0020FCBA0300403B002004BB03009C
:1027B0002C3B002098BB0300003B0020A0BB030083
:1027C000243B002034BC0300FC3A00203CBC030046
:1027D000303B0020D0BC0300043B0020D8BC0300E9
:1027E000103B002024BD0300343B00202CBD03001F
:1027F0006FF47D70704700BF6FF47D70704700BF4D
:102800006FF47D70704700BFC08800F0050000388D
:1028100018BF0120704700BFC08800F00A000038D0
:1028200018BF0120704700BFC08810F0030018BF18
:1028300001207047C08800F00C00003818BF01204C
:10284000704700BFC088C0F3802070476FF47D7070
:10285000704700BF6FF47D70704700BF03684FF48E
:102860007A729B6B02FB01F1184700BF6FF47D7019
:10287000704700BF6FF47D70704700BF08B50368F4
:10288000DB6B9847024BA3FB0030800908BD00BFFB
:10289000D34D62106FF47D70704700BF016100205E
:1028A000704700BF6FF47D70704700BF6FF47D709C
:1028B000704700BF0A717047704700BF704700BF84
:1028C000806B7047406B704701207047C06A0038CA
:1028D00018BF0120704700BF10B5044618F01FFC58
:1028E000204610BDC38B990710B5044606D5436D2D
:1028F0005BB110BD23F002039BB2E383626D002A3B
:10290000C4BF43F00203E38310BD06F081FE636C95
:10291000C01A61F10001652871F10003E38BE9D26F
:102920009A07EBD510BD00BF0B4B10B503F10801A2
:1029300003F18C02B03304460160826103623030DF
:102940000AF028FE054AA261002304F11800E3837F
:1029500004F0EAF8204610BD10BF030044C4030091
:1029600038B50C4B03F1080103F18C02B033044677
:1029700040F8181C0260836018300AF00BFE064A0B
:10298000226000232046A4F11805E38004F0CCF86F
:10299000284638BD10BF030044C40300026838B5A0
:1029A00093690D4612498B42044617D1C38803F040
:1029B00005031BB153680F4A934201D10E4838BD3D
:1029C00020469847B5FA85F35B098342F6D1236820
:1029D0000A4A1B68934206D1002038BD9847002858
:1029E000ECD02268E6E7294620469847002038BD0B
:1029F00009280200F107020012FCFFFFBD170200C8
:102A000002680849D26B8A4208B505D1406B064B73
:102A1000A3FB0030800908BD9047034BA3FB0030A7
:102A2000800908BDC5280200D34D621001207047FF
:102A3000C068003818BF0120704700BF0D4B10B5AB
:102A400003F1080103F18C02B03304460160826196
:102A5000036230300AF09EFD074AA2610023E3833F
:102A600004F1180004F060F8204618F058FB2046E6
:102A700010BD00BF10BF030044C4030038B50E4BA7
:102A800003F1080103F18C02B033044640F8181C2E
:102A90000260836018300AF07DFD084A226000233E
:102AA000A4F11805E380204604F03EF8284618F00B
:102AB00036FB284638BD00BF10BF030044C40300E6
:102AC000C388990710B5044606D5C36B5BB110BD2A
:102AD00023F002039BB2E380E26B002AC4BF43F001
:102AE0000203E38010BD06F093FDE36AC01A61F1B2
:102AF0000001652871F10003E388E9D29A07EBD55C
:102B000010BD00BF1B4B70B5044603604FF48073CB
:102B1000C3800025184B228102202071A36104F19B
:102B20001800C4E903552575E5610E4603F08EFFD4
:102B3000124BA66203F1080103F18C02B03321604D
:102B4000A261236201224FF4007104F130000AF007
:102B5000F9FCE38B226B656300218020043243F48F
:102B60008043A063E5626564E26421656565E38393
:102B7000204670BDA4BE030044C4030010BF030080
:102B800038B5044621200D4605F03AF8236B5888E5
:102B90000433002D3DD019182848E26BE36CA0FBEC
:102BA000020299424FEA12102AD9520907EE902ADE
:102BB000B8EEE77A07EE900ADFED215AF8EEE76A01
:102BC000B7EE006AD4ED147AF4EEC77AF1EE10FA9B
:102BD0004FF0000248BF94F854201A70D4ED147AD4
:102BE000E36C77EE867A0133F4EEE67AF1EE10FAD2
:102BF000C8BFF0EE657A8B42C4ED147AE364E1D38A
:102C0000D4E90D232120C4E90F23BDE8384004F0A6
:102C1000F7BFD4E91121521A07EE902A9FED097AE5
:102C2000F8EE677A67EE877AFDEEE77A17EE902A7C
:102C30008242D4BF99181918AEE700BFA38B2EBAF1
:102C40000000000078C2B93C10B5044606F0E0FC74
:102C5000636B606403B1A36B636500212046FFF7DB
:102C60008FFFE38BDB0700D510BDFCF79DFB04F164
:102C70002001074AA06A8023FEF77EFCE28B0168F0
:102C800042F001020968E062E283BDE810400847B3
:102C900000442C47B1F5806F0DD8B1F5007F08B521
:102CA000C8BFC1F580618029A8BF80218163FFF77B
:102CB000CBFF002008BD6FF47A70704708B5134B46
:102CC000A3FB01231B09162202FB03F39A1807EE4C
:102CD000103A07EE901A06EE902AF8EE677AF8EEB0
:102CE000666AB8EE477A37EEC77A77EEE67AB0EEE4
:102CF000C77AF0EEE77AB4EEE77AF1EE10FA58BF51
:102D000013464363FFF7A0FF002008BDA38B2EBA34
:102D1000036810B54FF47A749B6B04FB01F1174CF8
:102D2000A34227D1164BA3FB01C316241B0904FBA6
:102D300003F303EB040C07EE103A07EE901A06EECD
:102D400090CAF8EE677AF8EE666AB8EE477A37EE20
:102D5000C77A77EEE67AB0EEC77AF0EEE77AB4EEAD
:102D6000E77AF1EE10FA58BF63464363FFF76CFF52
:102D7000002010BDBDE81040184700BFBD2C020068
:102D8000A38B2EBA70B50C4682B005460AF0D4FB70
:102D9000E38B9B070DD4236B0433E36406F038FC0C
:102DA000E36AA0641A68184613689847284602B078
:102DB00070BD04F13006314628460AF0F3FB204688
:102DC0000121FFF7DDFE01224FF4007101A80AF096
:102DD000B9FB01A930460AF0E5FB01A80AF0DAFBCD
:102DE000D9E700BFA1F12001FFF7CCBFACDF7047EE
:102DF000AEDF70470022028102604260704700BF70
:102E00002DE9F0414FF6FF7486B0A142ADF80630CF
:102E100033D0048914F001040D46064617460FD13D
:102E20009BB202AA00243188ADF808302846ADF8DC
:102E30000A400397FFF7DAFF204606B0BDE8F081AD
:102E40000388ADF808300592012302AA8DF80A30F4
:102E50004FF000080DF1060311462846ADF80C802E
:102E600004930092FFF7C4FF0028E5D0049B009A6A
:102E70001988BDF806309942D4D10024204606B006
:102E8000BDE8F08172DF704773DF704774DF704711
:102E900076DF704777DF704778DF70477ADF7047FB
:102EA0008FDF704769DF70471321FFF7F1BF00BF65
:102EB0000B68034A0146D2560320FFF7EBBF00BF61
:102EC00064C1030010B5094B044640F8143B0AF0F6
:102ED00007FC04F110000AF003FC054A22600023FD
:102EE0002046E38003F020FE204610BD74C103009D
:102EF00044C40300C388590705D41B0700D4704796
:102F000004200EF0C7BF10B5044606F081FBA3698C
:102F1000C01A61F10001B0F5FA6F71F1000303D23C
:102F2000E3881A070BD410BD074800210FF0CAFD33
:102F3000E38823F004039BB21A07E380F3D5BDE8CE
:102F4000104004200EF0A6BFA92E020070B584B078
:102F50000DF107034FF6FF70039310F015FA4FF6CB
:102F6000FF75A84227D0044607E0039B1B786BB18E
:102F700010F00AFAA84204461DD002AA01212046F8
:102F800010F000FC03462046002BEED006F040FB7C
:102F90000A4E04460D4610F097FF09E006F038FB94
:102FA000031B61EB0502B3F57A7F72F1000302D2D5
:102FB0003368002BF2D104B070BD00BF843B002009
:102FC00010B59AB004463C2200210BA816F0E6FE8C
:102FD0000023012205930A930293CDE90833CDE93A
:102FE000033306938DF814208DF829200F4B4FF4EE
:102FF0007A7202FB04F40221A3FB043406238DF849
:103000002C1002AA0A498DF82F300BA81F23640A3E
:103010000191ADF8083007940FF052F805AA01A904
:103020000448FFF72FFF1AB010BD00BF5917B7D1E2
:10303000503B00203821002038B5664D002943D18F
:103040002B78990638D4DA062FD41C0725D45807D4
:103050001DD4990713D4DA070BD45B0603D40EF002
:10306000D5FC002038BD5C4B01211878FFF70CFF20
:10307000F5E712F087F92B785B06F0D5F3E7574BAD
:103080004FF400321A602B78DA07E6D5F1E7534A9D
:10309000012151609907DED5F1E7504B4FF00072E6
:1030A0001A602B785807D4D5F1E74C4B01221A60EF
:1030B0002B781C07CBD5F0E7484B4FF400621A6021
:1030C0002B78DA06C1D5F0E70EF09AFC00232B70BE
:1030D00012F070F92C7810B944F001042C703F4BB9
:1030E0001B689A0348BF44F002043C4B48BF2C7055
:1030F0005B68DB0748BF44F00404384B48BF2C70C2
:103100001B68980148BF44F00804344B48BF2C703A
:103110001B68D90748BF44F01004304B48BF2C70DF
:103120001B681A052C4B48BF44F02004187848BF90
:103130002C70FFF7ABFEB0B1E30719D4A0071CD485
:10314000610726D422072FD4E30639D4A00688D5F8
:10315000224B4FF40062C3F88020BFF34F8FBFF3C0
:103160006F8F002038BD44F04004E3072C70E5D594
:1031700012F0E6F82C78A007E2D5184B4FF4003295
:10318000C3F88020BFF34F8FBFF36F8F2C78610798
:10319000D8D5124B0122C3F88420BFF34F8FBFF361
:1031A0006F8F2C782207CFD50C4B4FF00072C3F8ED
:1031B0008020BFF34F8FBFF36F8F2C78E306C5D508
:1031C000064B0122C3F88020BFF34F8FBFF36F8FF0
:1031D0002C78BBE70E4500203821002000E100E0FC
:1031E0000B4B10B5044640F8143B0AF079FA04F191
:1031F00010000AF075FA074A22600023E380204697
:1032000003F092FC204617F08AFF204610BD00BF55
:1032100074C1030044C4030010B5044682B010F02A
:1032200041FF204610F04CFF2378023B062B0CD8C0
:10323000DFE803F01022040B0B0B0D000123608864
:103240008DF8043001A910F03BFE02B010BD237AC6
:10325000012B1FD0124B1C68002CF6D094F82030A4
:10326000002BF2D1E3689B07EFD4A369002BECD0CD
:1032700006F0CEF9A061E8E7094B1B68002BE4D00B
:1032800093F82020002AE0D1DA689207DDD40222E8
:10329000DA60DAE7034A1368013B1360DAE700BF3C
:1032A000883B0020843B002003883B2B42D80F2B17
:1032B00040F29B8010B5103B86B02B2B38D8DFE84E
:1032C00003F0475C373737163737377737373737B5
:1032D000373737893737373737373737373737372C
:1032E000373737373737373737373737374000F1E2
:1032F0000801062268460AF06BFA694601A80AF03E
:103300008DFA3A4B1C686CB101A902A80AF086FA42
:1033100002A904F110000AF091FA0123E36002A867
:103320000AF0DEF901A80AF0DBF968460AF0D8F9DC
:1033300006B010BD562B03D180881321FFF7A8BD1E
:1033400070478088132106B0BDE81040FFF7A0BD8C
:1033500081884FF6FF73994206D0254B254A1B689A
:103360000320D256FFF796FD01231A464FF47A71D7
:1033700002A809F069FD06B010BD1C4B1C68002CAA
:10338000D6D0012302224FF47A7102A809F05CFD25
:1033900094F82130002BCBD00FF012FB0028C7D1BE
:1033A000154B1878012106B0BDE81040FFF76CBD41
:1033B000037A002BBCD10D4B1C68002CB8D094F8BC
:1033C0002030002BB4D1E3689B07B1D406F020F97C
:1033D000A061ADE7002302A980888DF808308DF840
:1033E0000930FFF75DFD06B010BD7047883B002037
:1033F0004C20002064C103003821002038B50E4B5A
:1034000000250446C0E9003503F020FB0B4B236088
:10341000A56004F110000AF00BFA04F114000AF0A0
:1034200007FA074BE56040F2011222841C6012F09B
:10343000E7F9204638BD00BF44C4030074C103004F
:10344000883B00202DE9F04FC488A3B014F48054C9
:103450009DF8B4B002D023B0BDE8F08F99462C9B04
:103460008360C0E9064490460F4605460EF01CFAFC
:1034700012F074F802940EF0F7FC11F089FE02A924
:10348000012011F0EFFF9C4B05F1140A196812A8F6
:103490000AF04EF912A950460AF0D0F912A80AF023
:1034A0001FF906AE954904A80AF042F9944930463E
:1034B0000AF03EF904AA514608A80AF0CFF93A46A4
:1034C00008A90BA80AF0CAF932460BA912A80AF0FB
:1034D000C5F912A950460AF0B1F912A80AF000F98C
:1034E0000BA80AF0FDF808A80AF0FAF830460AF02E
:1034F000F7F804A80AF0F4F86B6908940220C4F302
:10350000072260F301028DF821201A1D0A94099206
:1035100008A95B88029AADF828304120ADF82A301E
:10352000FFF7C0FC02A811F0E5FF2046FFF7B4FC4E
:1035300003224FF0000362F30613049410278DF862
:10354000103007238DF811308DF814408DF812706B
:1035500010F058FC0DEB070010F09AFC694810F0D1
:103560007BFC0823ADF8183030464FF4C873ADF833
:103570001A70ADF81C40ADF81E30FFF78FFC6248A2
:1035800021460FF02FFCBBF1000F40F0A28003AFEB
:103590005E4B129312A812F0B3F87C2017F0C1FD15
:1035A0004A46AB68294600F093FE534B12A81968AF
:1035B0000AF0BEF856490BA80AF0BAF80BAA12A9ED
:1035C00038460AF04BF90BA80AF08AF812A80AF05C
:1035D00087F84022002112A816F0E0FB4D4B186836
:1035E000139001238DF8843010B1F8F709FE80B2F2
:1035F000ADF84800039804301590F8F701FEADF8D7
:103600005000D8F8000004301790F8F7F9FD424B4D
:10361000ADF858001868199010B1F8F7F1FD80B2B4
:103620003E4BADF8600018681B9010B1F8F7E8FD4C
:1036300080B23B4BADF8680018681D9010B1F8F7E8
:10364000DFFD84B212A8ADF8704012F0A5F910F0B9
:103650004DFC344B18601B68002B01DDFFF776FC36
:10366000314CDFF8D0803220FFF7AAFC0623214638
:103670002E4823600FF026FA98F80010FF2905D095
:1036800023682B4A0120D256FFF704FC4FF4A033E5
:103690000C934FF4F02303220D930BA80023CDE9E4
:1036A0000E33CDE910338DF838200B960FF01AF851
:1036B000012185F8211098F80000FFF7E5FBEB8861
:1036C00043F480533846EB800AF00AF823B0BDE893
:1036D000F08F10F00BFC032803AF7FF759AF12AB4C
:1036E0003A460BA90DF1060010F012FCBDF80C00D3
:1036F00010F004FC4CE700BF48200020E4BF0300AA
:10370000E8BF030019320200703B0020913C020028
:10371000ECBF0300483B0020443B00204420002035
:103720004C3B0020843B00204C200020B12E0200A6
:1037300064C103003821002008B50FF041F90038BA
:1037400018BF012008BD00BF2DE9F041A8B06A22D2
:103750000D460DA82A492B4E16F00AFA0DA903A80A
:1037600009F0F0FC03A906A809F062FC05F13C0889
:103770006FF0FE030122CDE9003206A90523642281
:10378000404606F06DFB06A809F0E6FB0FCE0DF1F2
:10379000180CACE80F0096E80700ACE803008CF8C2
:1037A00000200522114606AB04A809F0DBFC002727
:1037B00004A905A809F03CFCCDE9007740463B464A
:1037C0003A4605A906F08CFA05A83C4609F0C4FB68
:1037D0002B6821465B6A284698470534052003F08C
:1037E00027FEFF2CF4D14FF47A7003F021FE04A8D9
:1037F00009F0B2FB03A809F0AFFB28B0BDE8F081E7
:10380000DCC0030048C103002DE9F84F4FF080539E
:1038100008460E46D3F86490FEF726FB4FF0040AE4
:1038200005274FF001081036B9FBF7F507FB159592
:10383000B5FBF8F56B1C002BA9EB050907EB870717
:1038400008EB88080EDD0FFA8AFB0024C4F104029D
:10385000FF2312B25946304609F0DAFCAC4204F1BB
:103860000104F3D1BAF1010ADED2BDE8F88F00BF3E
:10387000A54B2DE9F04F1D682B6943F008032B6120
:10388000A24D002387B080F8203083610446287859
:1038900003920F461E460293FFF7F8FAC820FFF77F
:1038A0008FFB07F13C0A01212878FFF7EDFA50461B
:1038B00006F0B4F939462046FFF746FF3946204660
:1038C000FFF7A2FF4FF0FF0B07F1100904F11008FA
:1038D00094F82030002B37D1E3689D0703D4A26908
:1038E000002A40F01B8113F0010531D1590765D43E
:1038F000990740F1BD8013F0080500F0A3808449CA
:1039000004A809F09FFB04A905A809F091FB002376
:10391000CDE900331A4605A9504606F0E1F905A89D
:1039200009F01AFB4FF4FA6003F082FD04A809F0D5
:1039300013FB642003F07CFD40F68D26FBF75CFF53
:1039400094F82030002BC7D0E36813F00105CDD0E8
:10395000704904A809F076FB04A905A809F068FBE2
:103960000023CDE900331A4605A9504606F0B8F900
:1039700005A809F0F1FA029B002B40F0B580ABF1ED
:10398000040BBBF1280F40F3B580BBF1FF0F029B86
:10399000A8BF0023029303980368DB69984728B106
:1039A000E36823F0010343F00403E36004A809F093
:1039B000D3FAE36859074FF0000699D53B68FF2119
:1039C0005B6A384698472369B3F90230002BC8BFB9
:1039D000002521DCE6E0E36813F0020672D1A3695A
:1039E000002B4FD14FF4487003F022FD3846FEF70C
:1039F0003BFA94F82030EBB9E3689A0762D4A369E4
:103A0000002B61D1C82003F013FD2369B3F9023004
:103A10000135AB4240F3C68029B2404609F036FF7B
:103A2000002301461A46484609F0A4FC94F82030C9
:103A3000002BD0D0E3689A0744D4642003F0F8FC4C
:103A4000012645E7344904A809F0FCFA04A905A8B1
:103A500009F0EEFA2B462A4605A9CDE90055504655
:103A600006F03EF905A809F077FA04A809F074FAFF
:103A7000642003F0DDFC013640F68B239E427FF785
:103A800027AF5BE705F0C4FDA369C01A61F100012F
:103A9000B0F5FA6F71F1000360D2E36813F002022F
:103AA000A0D094F8201000297FF425AF52B9A36963
:103AB000002B40F080804FF47A7003F0B9FCE3688B
:103AC0009A07BAD5002616E705F0A2FDA369C01A29
:103AD00061F10001B0F5FA6F71F1000350D2E368B3
:103AE00013F002028ED0DCE70BF1040BBBF1280FC0
:103AF0003FF74BAF029B3846BBF1000FD8BF2B46B8
:103B00000293FEF7B1F946E7C83C002038210020B7
:103B100038C00300F0BF030078C0030005F078FD53
:103B2000A369C01A61F10001B0F5FA6F71F10003E9
:103B3000FFF40AAF94F82030002B7FF405AFE36860
:103B400098073FF5D0AEE38843F00403E3800A23EF
:103B5000E3602046FBF778FDE368F6E694F8203052
:103B6000002B9AD1E36813F002029FD10A23E3608D
:103B7000E38843F00403E3802046FBF765FD8CE710
:103B800094F82030002BAAD1E36813F002028DD103
:103B90000A23E360E38843F00403E3802046FBF755
:103BA00053FD9CE794F82030002B7FF443AFE3688B
:103BB00003F002027AE705F02BFDA369C01A61F158
:103BC0000001B0F5FA6F71F1000305D2E3689807C0
:103BD0007FF571AF00268EE694F82030002BF5D1EA
:103BE000E3689D073FF56EAFE38843F00403E3808D
:103BF0000A23E3602046FBF727FDE7E710B50446FC
:103C0000806882B020B10A4906F084FB844620B166
:103C100002B0BDE81040FBF7EFBD0549A0688DF884
:103C200007C004230DF1070206F0AEFBF0E700BF6A
:103C3000C0C0030090F82000704700BF38B5124B99
:103C4000044600251878FFF721F984F821500EF07A
:103C5000A1FE98B9E3696BB105F0DAFCE369C01A1B
:103C600061F10001B0F5FA7F71F100032CBF012072
:103C7000002038BD05F0CCFCE061EDE729460348A3
:103C80000EF020FF284638BD38210020A92E020062
:103C900020B9034B186808B1FFF7D0BF704700BFC9
:103CA000883B00200238012801D90120704710B557
:103CB000074C206850B1C38843F00803C380FBF76A
:103CC000C3FC2068BDE81040FFF7B8BF012010BD5D
:103CD000883B0020012801D0012070470B4B10B514
:103CE0001C6824B12046BDE81040FFF7A7BF084B71
:103CF0001878FFF7CBF80EF04DFE08B9012010BD83
:103D0000214604480EF0DEFE204610BD883B002010
:103D100038210020A92E020044F20103984214D059
:103D200009D801280FD041F20103984214BF4A205C
:103D30004720FBF7B7BE44F20203984214BF4A2063
:103D40004820FBF7AFBE4620F3E74920F1E700BF6C
:103D5000A8DF7047B0DF704762DF7047704700BF71
:103D60000368034A9B68934200D1704706311847A5
:103D70005D3D02000B88502B70B504462CD00FD946
:103D8000512B35D0532B09D10368204D1C6BAC420D
:103D900033D19B680A461E498B4233D1012070BD46
:103DA000102B1ED0112BF9D10368194DDA69AA42E4
:103DB00025D100252E4605E023681B69984701356B
:103DC00023680681DB68204698470346AB422946B4
:103DD0002046F1DC012070BD03681B6A9847012072
:103DE00070BD03680A4A9B699342F7D1012070BDF8
:103DF00003685B6A9847012070BDA047CEE79047F3
:103E00002368D6E7911D9847C8E700BF613D0200CF
:103E10005D3D020010B50023054A026004460371AF
:103E2000C38000F0E7F9214600F0F2F9204610BD0A
:103E300098C1030010B5054B0360044600F0DAF9A1
:103E4000214600F0F3F9204610BD00BF98C10300E1
:103E500000B585B010316B460DF1100C11F8012D35
:103E600003F8012B6345F9D1011D6846FFF774FF84
:103E700005B05DF804FB00BF00B583B003798DF891
:103E800006308C46821D01A90120ADF804C0FFF761
:103E90005FFF03B05DF804FB2DE9F04788B00546ED
:103EA000BDF84090BDF84460BDF8484092460F46CA
:103EB000202200216846984615F070FFADF8046096
:103EC000B6EB090618BF01262B79ADF800A0E00774
:103ED000CDF80880ADF806908DF80C608DF80230B2
:103EE00005D59DF80D3043F002038DF80D30A10784
:103EF00005D59DF80D3043F004038DF80D306207B1
:103F000005D59DF80D3043F008038DF80D302307DB
:103F100005D59DF80D3043F010038DF80D30E60601
:103F200005D59DF80D3043F020038DF80D30A00627
:103F300005D59DF80D3043F040038DF80D30610636
:103F400005D59DF80D3043F001038DF80D30E205E5
:103F500044BF01238DF80F3040F20112A30548BF82
:103F60000123ADF812202A6848BF8DF810300123D4
:103F700012698DF811308DF8143039462846EC88D6
:103F800090476946024620460EF0F6FD08B0BDE8AF
:103F9000F08700BF00B58DB001A80EF037FD019B82
:103FA00023B1BDF808000DB05DF804FB4FF6FF70BB
:103FB0000DB05DF804FB00BF08B50EF001FD003840
:103FC00018BF012008BD00BF03682DE9F041DB6880
:103FD00006460C4690469847071E1BDD00250BE061
:103FE0004388A3421ED08388A34221D0C388A34222
:103FF00024D00135AF420DD0336829461B693046C5
:1040000098470388A342EBD1012388F80030284663
:10401000BDE8F08100234FF0FF3588F800302846D6
:10402000BDE8F081022388F800302846BDE8F08121
:10403000032388F800302846BDE8F081042388F87F
:1040400000302846BDE8F08130B583B00C460DF154
:104050000702C9880546FFF7B7FF011E08DB9DF878
:104060000730032B06D02B680A4A1B6893420BD1FA
:1040700003B030BD238A022BF5D12B6828461B697B
:104080009847638A0381EEE7A11D2846984703B04D
:1040900030BD00BF5D3D020070B58AB00C460DF129
:1040A000070209890646FFF78FFF00282CDB9DF8E1
:1040B000072001239A428DF8083027D12389ADF8D3
:1040C0001830336825485B68E189ADF81A1000257F
:1040D00040F2011C83420895ADF82450ADF81CC095
:1040E00029D12B462E4605939DF80E30ADF81010C1
:1040F00062F30003A088ADF80C5002A9ADF812607D
:104100008DF80E30FFF726FE0AB070BD9DF80E2028
:10411000E589A088ADF81050002363F3000202A9DE
:10412000ADF80C308DF80E20ADF812300593FFF786
:1041300011FE0AB070BD06A9304698479DF81C30A4
:104140009DF81D20BDF81A10BDF824601BB9089B0E
:104150004FF48175C7E7089BC5E700BF5D3D0200CE
:1041600000B583B009890DF10702FFF72DFF03B0F9
:104170005DF804FB91F806C0BCF1010F11D0BCF151
:10418000020F0DD110B50268094CD26AA24282B06A
:104190000AD109890DF10702FFF716FF02B010BD21
:1041A000704703689B6A184702B0BDE8104010478B
:1041B00061410200F8B50E4C26689EB13368002BB1
:1041C0000FDD07463546002402E03368A34208DDD0
:1041D00055F8040F036839465B6901349847002895
:1041E000F3D1F8BD542016F09CFF20600660F8BDA6
:1041F0008C3B002010B5054C206800B110BD542048
:1042000016F08FFF00230360206010BD8C3B002060
:1042100008B50368132B05DC00EB83020133516002
:10422000036008BD1420FBF7EBFA00BF30B405684B
:10423000002D19DD0246002302E00133AB4213D00A
:1042400052F8044F8C42F8D15A1CAA42B8BF00EB76
:10425000820108DA01324C6841F8044BAA42F9D1D4
:10426000591ED31A0B44036030BC704701207047BD
:1042700001EB810100EB41007030704782B010B556
:104280008C4684B049688646DCF800000DF1080CC5
:10429000ACE8030006A981E80C00039BDA070EEBEB
:1042A000630C12D55A10029B5EF80220D45808AB5A
:1042B00093E803008DE8030006AB0CCB6046A047F3
:1042C00004B0BDE8104002B07047029CEFE700BFA9
:1042D000F0B5044687B0002517461E46FFF79AFD45
:1042E0002F4B2360C4E90276258284F85450A565DB
:1042F00004F17000FEF77EFD2A49E565204625663B
:104300006566A566E566FFF7A3FD4DF61D1120461F
:10431000FFF7B2FD14210A2204F15C03CDE900117C
:104320000292294643F610322046FFF7B5FD2820B9
:10433000A76816F0F6FE0646103008F0D3FD2923D4
:104340003360182016F0EDFE174A049202460595D8
:1043500042F80C4BC560556004AA0346C6E9020545
:1043600003CA124A586099605A613B68104A5B68F8
:1043700012219342C6E90855B18008D1304603F0B6
:1043800091FB304616F0CBFE204607B0F0BD31461B
:10439000384698470028F1D1204607B0F0BD00BF4D
:1043A000F4C10300DCC10300F94602007D420200B3
:1043B000BDD7010070B5037CCA78934284B004462F
:1043C00025D004D8D31AF82B04DD04B070BD9B1A95
:1043D000072BFADD4AF601222368ADF800201B699D
:1043E00000212046984705462046FFF7D3FD6A4640
:1043F000014602232846FEF703FD637C0433DBB24B
:1044000000226374237484F8542004B070BD90F8C3
:104410005420013303744FEA021E143000EB0213E0
:104420004E68D1F808C0CD680A6940F80E60C3F83C
:1044300004C09D60DA6094F85430012B1CD0032B2B
:1044400004D083B1013384F85430BEE701231A4607
:104450002921684608F0F8FC637C0022043384F8C4
:1044600054206374B1E7B1F801305BBA01229BB20A
:10447000A36584F85420A8E78B784978A26D1B04C3
:1044800043EA016313430222A36584F854209CE7A6
:10449000F0B50368524A1B690E88934297B00446F0
:1044A0000D4616D170300388B34201D017B0F0BD6D
:1044B0006B89002BFAD02A7B022A1AD00CD8002A4A
:1044C0003CD005F10C01204617B0BDE8F040FFF7E5
:1044D00071BF00219847E6E7EE2A10D0FF2AE5D108
:1044E0006B7B33B1012BE1D117B0BDE8F040FBF796
:1044F00083B90123292106A808F0A6FCD6E7394B89
:104500008DF81820002518688DF81A5001238DF8B1
:104510001930FFF78FFB23688DF81A0029461B69B5
:1045200020469847034620461C46FFF733FD0323E9
:10453000014606AA2046FEF763FCB7E706A801F08D
:104540001FFF294B1A684AB9129A3AB19DF84410D4
:10455000032903D125490A60139A1A606B7B8DF8F1
:10456000053003EB830616AA02EB860606A9142281
:1045700002FB0313103303CB2368CDF80E00CDF8F4
:1045800012101F6956E90E23110E8DF809208DF8BF
:104590000610110C120A8DF808201A0E00258DF84D
:1045A0000D308DF80A201A0C1B0A8DF80B208DF89F
:1045B0000C308DF807108DF8045029462046B84776
:1045C00006462046FFF7E6FC01AA014612233046C4
:1045D000FEF716FC258284F85450A56566E700BFF7
:1045E00071420200883B0020903B0020943B002059
:1045F00010B5ADF5627D01A801F026FD4FF46072A3
:10460000002102A815F0CAFB0223002258210393BF
:1046100003A801230A930DF043FB00220290C3215B
:104620009AA80DF03DFB00239990D3F8FC2F01329E
:1046300019D04FF08052D3F8FC4F13691C444FF44B
:10464000607202A9204615F061FAD0B900234FF438
:104650006072D3F8FC4F02A9204615F057FA50BB00
:104660000DF5627D10BD4FF010224FF0805394691C
:104670001B691C444FF4607202A9204615F046FAEB
:1046800070B1214601A801F0E1FCE02302AA214615
:1046900001A801F011FD0023D3F8FC3F0133D5D16F
:1046A0004FF010234FF460729C6902A9204615F068
:1046B0002DFA0028D4D0214601A801F0C7FCE02340
:1046C00002AA214601A801F0F7FC0DF5627D10BD9C
:1046D0000023D3F8FC2F01320ABF4FF01023D3F888
:1046E000FC2F9A694FF080531B69134493F8A13251
:1046F00003B97047FFF77CBF82B02DE9F04184B069
:104700000AA9044602A881E80C0001F09DFCBDF84E
:104710002A50022D08D0FF2D66D0012D1ED004B0E6
:10472000BDE8F04102B070471023A16D04F11402FE
:1047300002A801F0C1FCFFF75BFF4549E06805F006
:1047400037FF444B186810B1012100F065FBFBF7FF
:1047500053F804B0BDE8F04102B070473C49E0684E
:1047600005F0D8FD002848D016F0D9FC03AE4FF074
:104770008055A36D2869B3FBF0F200FB1232194695
:104780009AB92869800804D10FE02869B2EB900F2C
:104790000BD21868013002F1010203F10403F4D0D6
:1047A00002A8019101F052FC019902A804F114023F
:1047B000102301F081FC4FF601722368ADF80C2044
:1047C00000211B6920469847034620461C46FFF7F8
:1047D000E1FB0223014632462046FEF711FB04B0FE
:1047E000BDE8F04102B070471B4B1868FFF706FAAE
:1047F00004B0BDE8F04102B07047184F1449E068BA
:104800008DF80C5003AE2B46324605F0BDFD3B68DB
:10481000002BACD0124A15689D42A8D24FF08058A8
:104820002B1F05F6FC7001E0984207D053F8042FC7
:104830000132F9D0294602A801F008FCD8F810305E
:1048400023F003031D443B689D42E9D38FE700BF7B
:10485000CCC10300E83A0020883B0020903B0020B8
:10486000943B002042DF7047704700BF084602F0CB
:10487000DFBD00BF82B010B58C4684B04968864663
:10488000DCF800000DF1080CACE8030006A981E893
:104890000C00039BDA070EEB630C12D55A10029B37
:1048A0005EF80220D45808AB93E803008DE80300BB
:1048B00006AB0CCB6046A04704B0BDE8104002B088
:1048C0007047029CEFE700BF82B08DE80C0000212A
:1048D00000F6482002B0FAF773BD00BF82B010B5F1
:1048E00002A981E80C00BDF80A30152B044610D847
:1048F000022B1DD9033B122B1AD8DFE803F0251930
:104900001D371919191919191D19191919191919F1
:104910003F0040F6B93293420AD100F580544FF07F
:10492000FF31D4F8A002BDE8104002B007F0B2BCDD
:10493000BDE8104002B07047BDE81040D0F82C0A26
:10494000036802B01B6B1847002100F6641005F0E5
:1049500075FC04F68810002105F070FC04F6AC101C
:10496000BDE81040012102B006F0BABDBDE810401C
:10497000D0F8300A036802B09B6A184700F58054EB
:10498000D4F8A002BDE8104002B007F02FBD00BF70
:1049900082B08DE80C00BDF80230152B01D002B0BA
:1049A000704700F5805002B0D0F8A00207F028BD93
:1049B00038B500F6180504462846FBF7AFFC40B1B1
:1049C00004F10C00FEF7B8FE38B92846FBF7AEFC40
:1049D00050B9BDE838400CF0F9B92846FBF7FAFCAD
:1049E000BDE838400CF0F2B92846FBF749FE002834
:1049F000EFD138BD064A1368591E11603BB9054A0C
:104A0000116821B14189136021F40053438170473B
:104A10005020002030200020704700BF064A136855
:104A2000591E11603BB9054A116821B1C188136054
:104A300021F40053C3807047502000203020002014
:104A40002DE9F04F2DED048B85B00446FAF73EFEBC
:104A5000BD4B0025C4E90135201D01F0F7FFBB4B1C
:104A6000236003F13C0204F10C0604F13409626096
:104A70003046FEF7C3FC04F14C08B5492663092211
:104A800048460CF00FF904F16407B2490A22404687
:104A90000CF008F904F17C06AF491A2238460CF0F4
:104AA00001F9AE491B2230460CF0FCF82A46494673
:104AB000012304F1980004F009FE04F1F80A04F15E
:104AC000D00006F0D5F904F5417B414622235B2254
:104AD000504609F087F804F55178394612225846B5
:104AE0000BF01AFE04F27C7351465A46404604F21B
:104AF000E477029300F0DEF9994B029804F5CD6259
:104B000004F5CA610BF030FC04F5B86204F5B56138
:104B1000384601F0B5FE04F5A36204F5A66104F27F
:104B2000FC7001F0ADFE04F6180208EE902A104663
:104B300028224B46009239464246FBF747F904F6D5
:104B400068012A23424609EE101A084600933946A6
:104B500018EE903AFBF788FED5F8F83F01330ABF0C
:104B60004FF01023D5F8F81F59694FF0805304F621
:104B7000940818691B6900EB4000091A04F6A405A3
:104B800001224046FCF710FE4146002228460395CC
:104B900005F096FB0523C4F8D838C4F8DC38C4F80F
:104BA000E038C4F8E438D4F82837C4F8C438D4F866
:104BB0002C37C4F8C838D4F83037C4F8CC38D4F817
:104BC0003437C4F8D038D4F83837C4F8D438654B03
:104BD000C4F8F03804F5BB63C4F8B03804F5BE631C
:104BE000C4F8B43804F5C163C4F8B83804F5C46334
:104BF0003146C4F8BC3804F50B6604F5C76304F607
:104C0000C40504F6D80904F6F400C4F8C0384A46CE
:104C10000723C4F8E868C4F8EC5808EE100AFAF75D
:104C2000B1FF01230022CDE9002204F572711A467A
:104C300004F6641005F0DCFA0022CDE9002201231D
:104C4000022204F58B6104F6881005F0D1FA04F510
:104C5000A96803230222012104F6AC1006F0FEFB32
:104C60005A4640F6AC53414604F6BC1006F080FCB0
:104C7000092104F51F6001F069FC082104F61820E1
:104C8000FBF782FD384600F05FFCC4F82C0A38467A
:104C900000F044FD039A0092014618EE103AD4F851
:104CA0002C2AC4F8300A04F6342000F0BFFD04F5C5
:104CB000AF625346019204F5AC6A04F5B262009209
:104CC00004F55471524604F64820FAF7D9FB04F56E
:104CD0009D5018EE902A029B19EE101A0830FAF730
:104CE000B3FF4FF0000363810121404604F5D06813
:104CF0000AF0ECFD40460AF055FD022140460AF05C
:104D000051FBB4F88636184923F480733846A4F86A
:104D1000863609F0E1FC56F8040B01210BF01EF871
:104D2000B542F8D155F8040B01210BF017F8A9454D
:104D3000F8D1012150460BF011F8204605B0BDEC2A
:104D4000048BBDE8F08F00BF44C4030074C20300AD
:104D50000090004000A0004000A0014000B00140D1
:104D60000020004038C20300801A06002DE9F04FF1
:104D700083B0DDE90CABBDF83880002B3CD0074692
:104D80000E4691461D46BAF1000F32D00F2E02D1C9
:104D9000B8F1C00F30D1282016F0C3F90446103006
:104DA00008F0A0F818202680A4F8029016F0B9F9AF
:104DB000CDE900AB84466B460246A06003CB4CF8BD
:104DC0000C5B00233E68D360E360CCF80430506095
:104DD0009160756848F00208C4E908330C4BA4F8E8
:104DE0000480384653612146A84740B903B0BDE866
:104DF000F08F1BF0010FC9D16FF47A70F6E72046EF
:104E000002F050FE204616F08AF90248EEE700BF95
:104E10007548020016FCFFFF30B587B000224FF442
:104E20008053009204460D4602A811468022FCF7EA
:104E3000BBFC01230E4A01A902A8FCF705FC019B5B
:104E40007BB10B4901236A4602A8FCF709FC04F573
:104E50009D500830FAF752FF02A8FCF7ADFC07B0EE
:104E600030BD002DF3D102A8FCF7A6FC07B030BD81
:104E700034C20300A0F10400F7F7BABE10B5044A2B
:104E8000026000230446C38001F04EFE204610BDA0
:104E900044C4030010B5064A026000230446C380E0
:104EA00001F042FE204616F03AF9204610BD00BF40
:104EB00044C403002DE9F04FB74B03600023804644
:104EC00087B04360CDE9041201F0C0FDB34BC8F8D0
:104ED00000302923C8F8083002220323642108F196
:104EE0000C000AF0C7FC03231A46652108F12400D0
:104EF0000AF0C0FC03230422662108F13C000AF0FA
:104F0000B9FC08F16C0B03232322672108F154003C
:104F10000AF0B0FC03231C22682158460AF0AAFCC0
:104F200008F1840608F19C031C460E220323692124
:104F300030460AF09FFC08F1B40A032325226A21B7
:104F4000204602940AF096FC03230B226B21504664
:104F50000AF090FC03230A226C2108F1CC000AF02D
:104F600089FC032309226D2108F1E4000AF082FC88
:104F700008F1FC0708F58A731D461E2203236E21E3
:104F800038460AF077FC032317226F212846039541
:104F90000AF070FC03230C22702108F596700AF0C9
:104FA00069FC03231122712108F5A2700AF062FC4A
:104FB00003230122722108F5AE700AF05BFC032383
:104FC0000D22732108F5BA700AF054FC08F5D27569
:104FD00003231D22742108F5C6700AF04BFC08F566
:104FE000DE7903232222752128460AF043FC03239D
:104FF0001F22762148460AF03DFC08F5EA7408F5C0
:10500000F67301931A220323772120460AF032FC1B
:1050100003232022782101980AF02CFC0323242268
:10502000792108F501700AF025FC002203237A217A
:1050300008F507700AF01EFC032314227B2108F5F3
:105040000D700AF017FC03230522862108F5137062
:105050000AF010FC032310227C2108F519700AF0D5
:1050600009FC032308227D2108F51F700AF002FCC9
:10507000032315227E2108F525700AF0FBFB03238C
:1050800016227F2108F52B700AF0F4FB03230F2270
:10509000802108F531700AF0EDFB032318228121ED
:1050A00008F537700AF0E6FB03231322822108F586
:1050B0003D700AF0DFFB01230622832108F54370CF
:1050C0000AF0D8FB01232822842108F549700AF050
:1050D000D1FB03231922852108F54F700AF0CAFB82
:1050E00003230722972108F555700AF0C3FB032319
:1050F0002122982108F55B700AF0BCFB03231B22D8
:10510000992108F561700AF0B5FB032327229A2143
:1051100008F567700AF0AEFB292203239B2108F5EE
:105120006D700AF0A7FB032326229C2108F57370FB
:105130000AF0A0FB029B0499194AC8F8F863C8E971
:10514000FC37019BC8F80834164B039E1960D8F849
:1051500008300599C8F8EC93132BC8E9F9BAC8F8D8
:10516000FC63C8F80054C8F8044411600CDD132532
:10517000236820465B6C00219847D8F80830013539
:10518000AB4204F11804F3DC43440022404683F8A8
:105190000C2407B0BDE8F08F44C40300D4C2030060
:1051A000F43D0020F83D002082688118002A91F823
:1051B0000C3443F0010381F80C3441DD2DE9F04754
:1051C000DFF88090074600F10C0500F20B464FF027
:1051D000000812E0D3F8003703F44033B3F5003F82
:1051E00003D1337843F008033370BB68A4F20A4458
:1051F000E41BA34205F1180520DD95F814A0344600
:1052000006F8018F2B682846DB6998470AF01F02D1
:105210000028EAD1BAF1200F34BF4FF0A0434B462B
:1052200003EB8203D3F8002702F44032B2F5403F8B
:10523000D0D1337843F004033370D6E7BDE8F0876C
:10524000704700BF000300502DE9F04181681E4BFC
:1052500006460844002990F80C2422F0010280F848
:105260000C24D3F80483D3F80423C3F8082325DDE2
:10527000164F06F10C0406F20C45BF1B10E011F0AE
:10528000080320464FF0020104BF204619460AF0E9
:105290007FFDB26801357B199A4204F118040DDDD7
:1052A00023682046DB6998470028F2D129784B070C
:1052B000E5D5032120460AF06BFDEAE7024BC3F86F
:1052C0000483BDE8F08100BF00600040F4FBFFFFF5
:1052D0002DE9F04F06463A4883B09946B3689246A6
:1052E000D0F804230092002BD0F80423C0F8082340
:1052F0002FDD884634460025E36894F820B0DB694A
:1053000004F10C0738469847E8B9E36838461B6A49
:105310009847C0B1638A13F4007124D0B8F1000F2C
:1053200011D0BAF1000F2BD0BBF1200F0BF01F0BE7
:10533000244A0BF5E07138BF4FF0A04252F821101B
:1053400011F4403F27D0B3680135AB4204F1180493
:10535000D2DC1B4B0022C3F87C21009AC3F8042343
:1053600003B0BDE8F08FB9F1000FECD038460AF079
:105370000FFDB3680135AB4204F11804BCDCE8E76B
:10538000384651460AF004FDB3680135AB4204F1DA
:105390001804B1DCDDE7C3F30023C3F10301384691
:1053A00001920AF0F5FC019A012303FA0BF3C2F80B
:1053B0002035B3680135AB4204F118049CDCC8E722
:1053C000006000400003005030B583B0062916D8B5
:1053D000DFE801F0333F4D18181D040081680029F3
:1053E0000DDD0022438A9C0548BF23F4007302F1BF
:1053F000010248BF43828A4200F11800F2D1002026
:1054000003B030BDFFF720FF002003B030BD002AFD
:1054100045D08568002DF2DD014600234C8A14F446
:10542000007F03F1010301F1180103D01468013476
:10543000146085689D42F1DCE1E70190FFF7B4FE5E
:105440000122019800231146FFF742FF002003B01C
:1054500030BD8368034493F80C34DB0715D5012372
:1054600000221946FFF734FF002003B030BD8368E7
:10547000034493F80C34DD070CD501231A46194672
:10548000FFF726FF002003B030BD0190FFF78CFE30
:105490000198E4E70190FFF787FE0198EDE76FF4CC
:1054A0007A70ADE710B5044603EB4300C4E902236C
:1054B00021608000012102F0C3FA00236060238292
:1054C000204610BD704700BF10B5034B0360044673
:1054D00002F0C8FD204610BDF8C2030010B5054B10
:1054E0000360044602F0BEFD204615F018FE20467B
:1054F00010BD00BFF8C20300074B1B68834204D0F5
:105500001A680649126B8A4203D110B53220FAF7A5
:1055100077F91846104700BFA03B0020F95402005D
:10552000074B1B68834204D01A680649D26A8A4234
:1055300003D110B53220FAF763F91846104700BFBF
:10554000A03B0020215502002DE9F041414D2B6880
:1055500013F0010382B004460BD03F4D2B68DB07EC
:1055600012D53E4E337803B33D4D286802B0BDE8F6
:10557000F08101223B48114607F0FAFB01232B6022
:10558000354D2B68DB07ECD41922852103233648DF
:10559000324E0AF06FF90123344A354932482B6004
:1055A00015F0B8FD3378002BDED12F4F072002F025
:1055B00029FB38460AF0F6F80221384609F0F2FED7
:1055C000FB8823F480733221FB80204605F0A6F986
:1055D000F8B9442015F0A5FD2249214D04460522C5
:1055E00002F06CFB234B23604C202C6015F099FDDE
:1055F0001C490622044600F087F81F4B1C60204619
:10560000296802F001FE28680123337002B0BDE86A
:10561000F081502015F085FD322305222146CDE989
:1056200000320F4D0F4B3A46804605F05DF954208D
:10563000C5F8008015F075FD3A463C230627CDE9F4
:1056400000372146074B044605F046FA0A4B1C601A
:10565000D5E700BF983B00209C3B00200F45002071
:10566000A03B0020A43B0020AC3B002040200020B9
:10567000C5540200F8C20300C43B002010B5044624
:1056800015F04DFD204610BD10B5034B03600446D8
:1056900002F0BAFE204610BD38C3030010B5054B1A
:1056A0000360044602F0B0FE204615F038FD2046A7
:1056B00010BD00BF38C30300074B1B68834204D0F2
:1056C0001A680649926A8A4203D110B53320FAF764
:1056D00097F81846104700BFC43B0020B956020097
:1056E000074B1B68834204D01A680649D2698A4274
:1056F00003D110B53320FAF783F81846104700BFDE
:10570000C43B0020E156020010B5044602F004FD3F
:10571000014B2360204610BD38C3030008B5FFF7D6
:1057200013FF014B186808BDC43B002082B010B5C0
:105730008C4684B049688646DCF800000DF1080C00
:10574000ACE8030006A981E80C00039BDA070EEB26
:10575000630C12D55A10029B5EF80220D45808AB95
:1057600093E803008DE8030006AB0CCB6046A0472E
:1057700004B0BDE8104002B07047029CEFE700BFE4
:105780002DE9F04F83B0DDE90CABBDF83870002B8C
:1057900041D080460E4691461D46BAF1000F3DD0DD
:1057A0000F2E01D1C02F36D1282015F0BAFC0446A7
:1057B000103007F097FB18202680A4F8029015F00F
:1057C000B0FCCDE900AB47F00207A7806B46074667
:1057D0000246A06003CB47F80C5B0023D8F80060BA
:1057E000D360E3607B609160506075680D495161E2
:1057F000C4E908330C4B9D4208D1204602F052F90F
:10580000204603B0BDE8F04F15F089BC2146404664
:10581000A8470028F1D103B0BDE8F08F1BF0010FBD
:10582000BED1F8E72D570200BDD7010030B58DB0CD
:10583000044610982160C4E901231B49E06004F08C
:1058400069FDD0B105460DF1140E00696969AA69B8
:10585000EB69F446ACE80F00286A696AAA6AACE80A
:1058600007001CE90F008DE80F0020689EE80E007D
:1058700002F0ACFC284615F052FC0C4B1D6885B1BB
:105880000B4A0023CDE9052305AB93E80300C023B1
:105890008DE8030002930322234606212846FFF7E2
:1058A0006FFF20460DB030BD68C30300083D0020E7
:1058B000995D020070B40B680468D0E90156E31AE0
:1058C00007EE903A4B68EB1A06EE903AF8EEE66A6D
:1058D0008B68F8EEE77A66EEA66AF31AE7EEA76A37
:1058E000012A07EE903AF8EEE77AE7EEA76A35DD8F
:1058F00002EB420201EB8200B0EE666A0C38D1E99D
:105900000323EB1A07EE903AA21AF8EEE77A07EEB5
:10591000102A4B69B8EEC77A67EEA77AF31AE7EE5A
:10592000077A0C3107EE103AB8EEC77AE7EE077A3D
:10593000F4EE667AF1EE10FAB4EE676A48BFF0EE64
:10594000676AF1EE10FA48BFB0EE676A8842D6D1B6
:1059500076EE667A70BC17EE900A7047B0EE666A13
:1059600076EE667A70BC17EE900A70472DE9F04724
:105970002DED068B84B004AC04E90E00139A029E50
:105980001D4600230F469A424FF48061C0E9003360
:10599000C0E90311814683608361416140F3CB809C
:1059A000129C9FED788A02EB420204EB8208A24629
:1059B000DAE90023F31A07EE903ABA1AF8EEE77A1A
:1059C00007EE102ADAF80830B8EEC77A67EEA77A41
:1059D000EB1AE7EE077A07EE103AB8EEC77AE7EE71
:1059E000077AF5EE407AF1EE10FA00F1AF80B1EEF1
:1059F000E77A0AF10C0AFDEEC77AF8EEE77AF4EEE0
:105A0000487AF1EE10FAC8BFB0EE678AD045CFD120
:105A10009FED5C9AF7EE00AAF0EE499AB0EE49AA23
:105A2000F0EE498AD4E90012B31A07EE903A7B1AD5
:105A300007EE103AF8EEE77AA368B8EEC77A67EE99
:105A4000A77AE81AE7EE077A07EE100AB8EEC77AE7
:105A5000E7EE077AF5EE407AF1EE10FA7DD4F1EE3A
:105A6000E75AC91B921B5B1B0C3407EE101AB8EEE9
:105A7000C76A07EE102AC8EE257AF8EEC76A07EE65
:105A8000103AB8EEC77A86EE255A86EEA56AC7EEBA
:105A9000256A77EEEA7AF0EEC55AF4EE687AF1EE0E
:105AA00010FAC8BFF0EE678AB0EEC66AB0EEE67ACA
:105AB000A045A5EEA7AAE6EE279AA7EE279AB1D1B0
:105AC00069EEA97AEAEE0A7AE9EE097AF5EE407A09
:105AD000F1EE10FA4BD4BDEEC87A17EE103AB1EEE3
:105AE000E77A4846C9E90165C9F80070C9F8183075
:105AF0008AEE075AC9EE875A89EE076AF7EE007AEE
:105B0000F0EE676AB0EE677AE5EE286AA5EEA87A4D
:105B1000E6EE287AFEEECB6ABEEECB7AFEEECB7ACC
:105B2000C9ED036A89ED047AC9ED057A04B0BDECCC
:105B3000068BBDE8F0879FED139AF0EE499AB0EE20
:105B400049AAF0EE498AF0EE497AC8E717EE900AC2
:105B500012F00EFE07EE100A4BE717EE900A12F055
:105B600007FED4E9001205EE900AA36879E717EE64
:105B7000900A12F0FDFDFDEEC87A07EE100A17EE4E
:105B8000903AAEE7000000002DE9F04F93B0161EEA
:105B90001190884640F3FA80002206EB460C0B4633
:105BA000740001EB8C0C15461746D3E900010C3349
:105BB0000D4453F8041C9C4507440A44F5D197FB57
:105BC000F6F3099395FBF6F3079392FBF6F3039331
:105BD000119B099A1A60079A5A60039A9A60414683
:105BE00032461846FFF766FE3444D8F80030D8F83D
:105BF0000410D8F808B00A93A8F10C0202EB840252
:105C00006FF0C704E41A10946FF0C704641AC3F568
:105C1000C8730B940D936FF0C704C1F5C87305EEFC
:105C2000900AA4EB0B0400200E93CBF5C8730591EA
:105C30000C9006948246019081460F93099B10991F
:105C4000194402910D99CB18089307990E9B0B44A8
:105C5000049303990F9B03EB010EDDED027A0A9B7F
:105C600017EE901AF8EEE74A5D180B9B079964EE61
:105C7000A44A03EB010C07EE90CAF8EEE77A059B05
:105C80000399B0EE645AA7EEA75A03EB0C04069BE7
:105C90005F1807EE907AF8EEE77AB0EE456AA7EE65
:105CA000A76A012E0BEB0700F0EE466A29DD43469A
:105CB0001969611A07EE901AD968691A07EE101A65
:105CC000F8EEE77A5969B8EEC77A67EEA77A411A13
:105CD000E7EE077A0C3307EE101AB8EEC77AE7EE54
:105CE000077AB4EE676AF1EE10FAF4EE676AC8BF9D
:105CF000B0EE676AF1EE10FA48BFF0EE676A9A42BA
:105D0000D6D176EEC66AF4EEE56AF1EE10FA04D565
:105D1000F0EE665A82460194A946C837BE45B8D10E
:105D2000049B0CF1C80C6345A5D1029B0899C833AC
:105D30009942029391D1099B4B4508D0019B07934F
:105D40000123CDF80CA00C93CDF8249076E7079BA7
:105D500001998B4206D0019B07930123CDF80CA03B
:105D60000C936BE7039B9A4504D00123CDF80CA05C
:105D70000C9363E70C9B2BB1119B099A1A60079A4D
:105D8000C3E9012A119813B0BDE8F08F00230393F3
:105D90000793099374001BE782B02DE9F04F2DEDB6
:105DA000028BE9B074A98346642081E80C0001F0FD
:105DB00029FF052211460AA807F01AF996490BA8EF
:105DC00007F040F91DAB68A900229A60C3E90022E0
:105DD0000C338B42F9D1DBF80800149203688DF87C
:105DE0005420CDE91022CDE912220F929B6ADFF8F0
:105DF0003C82984708EE100ADBF808000368FF2190
:105E00005B6A9847DBF808003C3003F007FF4FF06F
:105E1000020A0023D14605930AA804937F4D07F098
:105E2000EDF9049B0FAF2C463E4633B9023444458E
:105E30000CD016F8013F002BF8D06278217850235F
:105E40000AA8023407F0E4F94445F2D1744C7549CC
:105E5000226801EB42000F2311F8121042780AA8C1
:105E600007F0D6F923680133584200F00F0003F021
:105E70000F0358BF4342236052464946FF230AA8F6
:105E800007F0C6F900230093DBF808001A460AA9B8
:105E9000103007F0D9F9DBF8040002F0ABF8044643
:105EA000DBF8040002F0AEF814F52A7F4EDB14F1A3
:105EB000C80F51DBB4F52A7F51DCC82CCCBF4FF0A2
:105EC00003094FF0020910F52A7F3CDB10F1C80FDF
:105ED0003FDBB0F52A7F45DCC828CCBF4FF0030A72
:105EE0004FF0020A00231C4606E00134192C07F18A
:105EF00001071FD015F8023F9945F6D16B7853453D
:105F0000F3D13A78002AF0D1059FDBF8001006AEF5
:105F10001DAB304607EB470503EB850502F076F92C
:105F200096E807007B1CDBB285E807000FAA059303
:105F300001231355502001F065FE059B192B14D049
:105F40009DF83C3068E74FF0000ACBE74FF00009BE
:105F5000B9E74FF0010AC5E74FF00109B3E74FF089
:105F60000409B0E74FF0040ABCE7059D0CAC2A46D3
:105F70001DA92046FFF708FE1DAB0195009316AD45
:105F800094E80E002846FFF7F1FC19AB0FCB8DE823
:105F90000F00DBF8000095E80E0002F017F9DBF8BF
:105FA0000C0020B120492A461C2304F0EDF9DBF84F
:105FB0000800FBF759FFDBF808000BA900F13C05CE
:105FC000204607F035F8002340F2DC52CDE90032DC
:105FD00021461A46284603F05DFE204606F0BCFF27
:105FE0004FF47A7001F00EFEDBF80800FBF73CFF7F
:105FF000DBF80800036818EE101A5B6A98470BA8D4
:1060000006F0AAFF0AA806F0A7FF69B0BDEC028B54
:10601000BDE8F04F02B0704774C30300DCC3030057
:10602000C83B0020BCC3030068C303000EC40300C8
:1060300029DF704728DF7047022802D1014B012277
:106040001A70704710450020704700BF70B50C46AD
:10605000F9F7BEFBA0B1164D00232B704FF0805610
:1060600001E003F0A9FB3069B4FBF0F0FFF7E2FFB9
:1060700003460A20002BF4D12B78002BFCD070BDF6
:106080000C4A0223C2F80435D2F80034002BFBD0AE
:106090000849C2F80845D1F80034002BFBD0002392
:1060A000044AC1F80435D2F80034002BFBD070BD8F
:1060B0001045002000E00140F8B50D4614461E468C
:1060C000F9F786FB90B11A4F00233B7001E003F013
:1060D00073FB324621462846FFF7AAFF03460A20F3
:1060E000002BF4D13B78002BFCD0F8BD114A0123E2
:1060F000C2F80435D2F80034002BFBD0002E0EDDA0
:10610000221F0C4C291F02EB860652F8043F41F86F
:10611000043FD4F800040028FBD0B242F5D1054A70
:106120000023C2F80435D2F80034002BFBD0F8BDB0
:106130001045002000E00140F0B50B4687B09A689A
:10614000496804461868DB6802AD0FC59DF8086011
:10615000032E3BD84FF08053BDF80A501A699DF8C2
:106160000930022B0F4602FB05F51ED006AB13E9E2
:106170000300EC468CE80300721ED3B203EB8303EA
:10618000BCE803009B0003F1100CD2B202EB8202C8
:1061900044F80C0004EB820264442F446160002048
:1061A00016719560D76007B0F0BD0498002102E039
:1061B0000131642902D0435C002BF9D100220BF09D
:1061C0006FFD002300900193EC46D5E76FF47A70E1
:1061D000E9E700BF2DE9F04F614A624C624B4FF096
:1061E000805122440C69D21A85B0B2FBF4F304FB4F
:1061F000132301928346002B00F0AE800C691444F7
:10620000E41A00234FF08051D1F81080D3F8F81F22
:1062100001310ABF4FF01023D3F8F87F5F694FF0C8
:1062200080531B69A7EB8307A74279D9DFF8489110
:10623000DFF848A108E054F8103C534573D028F02B
:1062400003031C44A7426BD9CDF80C90039B226832
:10625000DB439A42EFD16368444A9342EBD1A3688F
:10626000434A9342E7D102F14E42E368A2F5A512F8
:10627000A2F64F229342DED19BF8001003291CD0D6
:1062800001EB81004B1C0BEB8000DBB200274FF4CD
:10629000E036032B8760C6608BF8003007715DD055
:1062A00003EB83000BEB80000231019A8660C9B2D8
:1062B0000123C2608BF8001003714FF08053002659
:1062C00018691D69019BB3FBF5F305FB0300D6F8C4
:1062D000F83F01330ABF4FF01023D6F8F85F5D692D
:1062E0004FF0805303291B69A5EB83050AD001EB0E
:1062F00081030BEB8303013198600220DD608BF892
:106300000010187123696169CBF82810CBF824308C
:10631000A369E169CBF83C10CBF83830CBF83040BA
:1063200005B0BDE8F08F54F8043C124A934286D180
:1063300014F8083C002B82D0A4F12006009400251C
:106340001C46314601355846FFF7F6FEA542A6F138
:106350001006F6D1009C72E7019C52E71946ACE7A3
:106360007C210020E0D5030040200020C615A84174
:10637000C49866C99DD7B1C18F71C46DFE307F5975
:106380000346002210B503F8102B044600F14C011F
:1063900003F80C2C1A605A6043E9022214338B4232
:1063A000F6D12046FFF716FF204610BD10B5044A6F
:1063B000026000230446C38000F0B6FB204610BDF7
:1063C00044C4030010B5064A026000230446C3809B
:1063D00000F0AAFB204614F0A2FE204610BD00BF2C
:1063E00044C40300F8B545690446002D5ED04FF063
:1063F000804200210123C2F800111360D2F800315D
:10640000002BFBD0637A2E4A2E4DD35CC5F80C3599
:10641000217A2D4BC5F808150022C5F81025C5F8BE
:106420001C35A67AF9F7D4F910B9A672C5F8246517
:10643000244BDFF89CC06769244D00200121082609
:10644000C3F82C050222C3F830154FF6FF7EC3F8BF
:106450001465C3F818C5DFF87CC0C3F83425C3F849
:106460003CE5C3F838C54FF0180CC3F854C5C3F861
:106470000475C3F80463C5F880212A60D3F80022AC
:1064800042F01002C3F80022C3F800015960D3F8AB
:106490000021002AFBD0E288012142F48042002042
:1064A0000A43C3F80C019960E280F8BD2C2014F077
:1064B00038FE2C220646294613F070FC666196E7EA
:1064C00010C40300001000407469627500E100E030
:1064D0002000040221100100F0B51B4F85B00546D5
:1064E00000F118062C698CB1E278012A10D0022A3A
:1064F00005F1200024D001230A21684606F0A4FCFF
:106500002B69A3420AD01C46002CEDD105B0F0BD8A
:10651000304600F043F92B69A342F4D10222C7F8B8
:106520008020BFF34F8FBFF36F8F2B695B6A2B61A6
:10653000EB7A013BEB7220463A6014F0F0FDD1E7B4
:1065400000F054F9DCE700BF00E100E0104B70B54B
:1065500000250446C0E900350E4600F077FA2046D3
:106560000C4B40F8183B214600F014F9214604F189
:10657000200000F037F940F20762C4E90225064B1B
:10658000A680C4E90455E5801C60204670BD00BFAC
:1065900044C4030020C40300CC3B002038B5436949
:1065A00043B3C27A032A044621D8C288D2074CBF1B
:1065B000C268124A9A622C2014F0B3FD2C220021EA
:1065C000054613F0EBFB636900225A6223695BB155
:1065D0001A465B6A002BFBD163695362E37A6561FB
:1065E0000133E372002038BD63692361F6E76FF47D
:1065F0007B7038BD6FF47A7038BD00BF16FCFFFFAA
:106600001A4BD3F8002122B100210122C3F8001156
:106610009A60164BD3F80C2182B10022C3F80C21EA
:10662000D3F8001401290AD0114B1B68D988C90777
:1066300000D5DA600D4B01229A607047704710B5A3
:106640000B4CD3F848352068C288D207C3F1000349
:1066500000D5C360FFF7A2FF2268044B5269C3F85C
:106660000425024B01229A6010BD00BF00100040BB
:10667000CC3B002010B50446F9F7AAF8F0B9E3883E
:1066800013F0010301D1184610BD0D4B0222C3F8CF
:106690008020BFF34F8FBFF36F8F0A4A0123C2F8E8
:1066A00010011361D2F81031002BFBD0E38823F4E2
:1066B000804323F001030020E38010BD024810BD99
:1066C00000E100E00010004016FCFFFF70B5054639
:1066D0000E46F9F77DF800283CD13EB9EB8813F05F
:1066E000040420D19A072DD4002070BDEB88044605
:1066F00013F001000ED1184A11688C07F4D543F04D
:1067000002030221EB80C2F88010BFF34F8FBFF36A
:106710006F8F70BD2846FFF7ADFFEB8843F0040391
:106720002046EB8070BD23F00402D907EA80DBD459
:10673000F9F74EF804460028D6D12846FFF752FE56
:10674000204670BD044A23F002030221EB8020465C
:10675000116070BD014870BD00E100E016FCFFFF54
:1067600003699BB10A4910B40224C1F88040BFF309
:106770004F8FBFF36F8F0269526A0261C27A013A8A
:10678000C2720C6018465DF8044B7047184670479B
:1067900000E100E00022C0E90012704710B5044695
:1067A00084B00068FFF7DCFF00224262616889B1B3
:1067B0004B6A33B119465B6A0132002BFAD1032AC6
:1067C0000ADC486201231A460921684606F03CFBB0
:1067D00004B010BD6060F5E704B0BDE8104014F0EF
:1067E0009EBC00BF002241600270704738B504466D
:1067F0004068FFF7B5FF012323700546043006F01B
:106800007BFB0023237025B12846BDE8384014F0F7
:1068100086BC38BD10B50446006807F075F8204600
:1068200010BD00BFF8B522EAE275044605F10C0080
:106830001F460E4601F0A4F8206007F08DF823688B
:106840001D722068476036B12A4631460930BDE8DE
:10685000F84013F08DB9F8BD08B500231946054876
:106860000122FFF7DFFFBDE80840034A0349014862
:1068700014F050BCD03B00204020002015680200DE
:1068800010B50023044608F037F8024B2360204679
:1068900010BD00BFB8B2030070B5A9B380EAE074C0
:1068A0001B4E0D4601F1FF3CC4EBE074002186FB5A
:1068B0000423E217C2EBA30202EB8203A4EB43031F
:1068C000002BB8BF5B4230338E460CF8013F0131DC
:1068D0001446002AEBD1002803DA2D236B540EF165
:1068E000020100236B542846F5F78AFC013828443E
:1068F000854207D22B78027805F8012B00F8013980
:106900008542F7D3204670BD6FF47A74FAE700BF72
:1069100067666666014B186000207047D43B002014
:10692000022908B509D90339012904D80368094A9D
:10693000DB6893420BD1002008BD0029FBD003681F
:10694000044ADB689342F6D001219847F3E700211F
:106950009847F0E749EA010070B584B004AC04E957
:106960000F00BDF80230012B13D0022B0FD1144CB5
:10697000144E04F1F00554F8040F30B1C3885B04E1
:1069800003D503689B68B34217D1AC42F3D104B07E
:1069900070BD0B4C0C4E04F1F00501E0AC42F6D09A
:1069A00054F8040F0028F9D0C3889A04F6D5036878
:1069B0005B68B342F2D09847F0E79847E5E700BF3D
:1069C000D43B0020B1F1010045EA010010B4084CAD
:1069D0000023224602E001333C2B06D052F8041B70
:1069E0008842F8D1002244F823205DF8044B704718
:1069F000D83B002038B50A4D04462A46002302E061
:106A000001333C2B06D052F8041B8C42F8D10022F3
:106A100045F82320204614F082FB204638BD00BFF5
:106A2000D83B002010B5084C20884FF6E853984218
:106A300002D8431C238010BD1520F9F733F82088B5
:106A4000431C238010BD00BF342100202DE9F041FC
:106A5000304C82B02246002302E001333C2B05D0AB
:106A600052F8041B0029F8D144F823002A4C23785B
:106A700013F001030BD1294D2A6842B10093102273
:106A800001234FF47A60002102F0E2FD10B102B060
:106A9000BDE8F0812820D5F80080214F14F041FB9B
:106AA000C023009301221F4B1021064600F0E2FF95
:106AB000D8F800305B68BB4220D1304600F0F2FFCE
:106AC000304614F02CFB28202E6814F02AFBC0233B
:106AD00000930222134B0F21054600F0CBFF3368D1
:106AE0005B68BB4210D1284600F0DCFF284614F05A
:106AF00016FB237843F001032370C8E74046314674
:106B000098470028DFD0D8E7294630469847002824
:106B1000EFD0E8E7D83B002011450020083D0020D9
:106B2000BDD701005969020010B4084C0023224669
:106B300002E001333C2B06D052F8041B8142F8D10D
:106B4000002244F823205DF8044B7047D83B002016
:106B5000F8B505460E46062813D8DFE800F01313F3
:106B60001304041304000F4F07F1F00454F8043D1C
:106B700032462946184613B11B681B699847BC4228
:106B8000F4D1F8BD084C04F1F00754F8043F324644
:106B90002946184613B11B681B699847BC42F4D1BB
:106BA000F8BD00BFD83B0020D43B0020084600F0D1
:106BB0003FBC00BF2DE9F04385B004AC04E90F00F1
:106BC00023490D684FF47A72DDE90201002314F0C5
:106BD0000DF985B3DFF87C8006460F464FF00009BB
:106BE0002C46AD69E3689E4277F1000321D36369C7
:106BF0007BB10AF0E3F8E3692BB3A2699A61A36958
:106C00000BB1E269DA61C4E90699C4F814900AF09C
:106C1000C7F80AF0D3F8D8F80030C4F814806BB184
:106C20001A469B69002BFBD19461C4E906320AF035
:106C3000B7F8002DD4D105B0BDE8F083C4E9063320
:106C4000C8F80040F3E7D4E905321A60D7E700BF7F
:106C5000D03C0020D83C00202DE9F04FDFF8A49173
:106C600093B004AC84E80F00D9F800302BB3614B2B
:106C7000BDF81040D3F800A0BDF81280BAF1000FA3
:106C800017D000235C4D039340F2FE361F46D346D7
:106C9000B442DBF80C30DAF818A04FEA134099B28E
:106CA00003460DD0002944D08C4242D0BAF1000FE7
:106CB000EDD1A4F2FE33012B79D813B0BDE8F08FEB
:106CC00040F2FF3C6145EDD1002869D1039B002BC8
:106CD000ECD1DBF81430ABB10AF070F8DBF81C3003
:106CE000002B00F08280DBF818109961DBF8183077
:106CF00013B1DBF81C10D961CBE90677CBF814701F
:106D00000AF04EF80AF05AF82B68CBF81450002B12
:106D100062D019469B69002BFBD1C1F818B0CBE9B2
:106D200006310AF03DF801230393BAF1000FAED10A
:106D3000BFE708B14345B9D1DBF814309BB10AF085
:106D40003DF8DBF81C303BB3DBF818109961DBF839
:106D5000183013B1DBF81C10D961CBE90677CBF8FA
:106D600014700AF01DF80AF029F82B68CBF81450BB
:106D70006BB119469B69002BFBD1C1F818B0CBE968
:106D800006310AF00DF8BAF1000F80D191E7CBE996
:106D90000633C5F800B0F4E7DBE905311960D6E742
:106DA000404593D0BAF1000F7FF471AF81E7D9F875
:106DB0000050102300934246104B214608A800F0D3
:106DC00059FE2B680E4A9B6893420AD108A800F02E
:106DD00069FE13B0BDE8F08FCBE90633C5F800B00B
:106DE0009FE708A928469847F0E7DBE905311960D5
:106DF0007CE700BFE83C0020D83C0020596C020032
:106E0000C5D70100CC3C002038B509F0D7FF1F4B97
:106E10001C685CB363697BB109F0D0FFE3690BB315
:106E2000A2699A61A3690BB1E269DA610023C4E93E
:106E30000633636109F0B4FF09F0B2FF0023236158
:106E40006362256809F0F8FF014628460AF000F859
:106E500009F0B4FF0E4B1A6822621C6009F0A0FF13
:106E6000204638BDD4E905321A60DBE7282014F04B
:106E700058F928220021044612F090FF09F0E0FFA3
:106E80000023C4E90003A360D6E700BFE03C002074
:106E9000DC3C002038B50B4B1C682369DB0707D5A9
:106EA000094D286830B1626A426200236362044679
:106EB000204638BDFFF7A8FF28600028F3D1204600
:106EC00038BD00BFC83C0020D43C00202DE9F04173
:106ED00005460E4617469846FFF796FF044620B330
:106EE00032463B462946006809F0BCFF256809F098
:106EF000A3FF011F284609F0A9FF0F4B0F49206887
:106F0000B8F1000F18BF194609F09EFF09F056FFAF
:106F10000B4A626113685BB11A469B69002BFBD177
:106F20009461C4E9063209F03BFF2046BDE8F081D8
:106F3000C4E906331460F6E7F5750200C175020076
:106F4000D83C00202DE9F0414E4D2B78DB0782B074
:106F500002D502B0BDE8F0814B4E3060FFF754FF20
:106F60004A4B0446186009F029FF494A62611368D8
:106F7000002B70D01A469B69002BFBD19461C4E9A9
:106F8000063209F00DFFFFF73FFF424C0768206013
:106F900009F052FF011F384609F058FF23683E49A7
:106FA000186809F051FF3468002C4DD0282014F0E7
:106FB000B8F8C02300930022384BDFF8E88040F295
:106FC000FF31074600F056FD23685B68434552D108
:106FD000384600F067FD384614F0A1F828203768DD
:106FE00014F09FF8C023009300222C4B40F2FE3196
:106FF000044600F03FFD3B685B68434535D12046C1
:1070000000F050FD204614F08AF8002201230021F0
:1070100000924FF47A600F2202F01AFB28203668A3
:1070200014F07FF8C023009301221D4B0F2104466A
:1070300000F020FD33685B68434510D1204600F026
:1070400031FD204614F06BF82B7843F001032B70D0
:1070500002B0BDE8F081C4E90633146091E721462F
:10706000304698470028EFD0E8E738462146984751
:107070000028CAD0C3E72046394698470028ADD03B
:10708000A6E700BF12450020CC3C0020C83C0020F1
:10709000D83C0020E43C0020B5730200596C02008B
:1070A000B56B0200BDD70100024B187800F001005B
:1070B000704700BF12450020F0B5304F3B6883B0E9
:1070C000002B58D02E4B1B78DB0754D505460E46B7
:1070D000FFF7E0FE45EA0643C360436904467BB11F
:1070E00009F06CFED4E9062303B39A61A3690BB1DE
:1070F000E269DA610023C4E90633636109F050FEF6
:1071000009F05CFE1F4A6261136853B31A469B691B
:10711000002BFBD19461C4E9063209F041FEA5F2CF
:10712000FE33012B05D8002003B0F0BD63691A605F
:10713000DCE728203F6813F0F4FFC02332460093B9
:107140002946114B044600F095FC3B680F4A5B68EA
:1071500093420AD1204600F0A5FC204613F0DFFF41
:10716000E1E7C4E906331460D7E72146384698477B
:107170000028D8D0EEE70648D6E700BFCC3C002078
:1071800012450020E83C0020596C0200BDD70100E8
:1071900016FCFFFF064B93F800C01CF0010F05D052
:1071A00020B119B100231A46FFF790BE00207047A6
:1071B00012450020024B1868B0FA80F04009704771
:1071C000D83C002010B5104C23789A0784B004D521
:1071D0000E4B1B6873B104B010BD43F00200207069
:1071E000012302220F21684605F02EFE074B1B6883
:1071F000002BF0D1237823F00203237004B0BDE804
:107200001040F8F75DBC00BF12450020D83C0020BC
:107210002DE9F0415C4D2C682269D10727D45B4EE3
:107220003368002B57D06169B1426BD02B60584F47
:107230003968994252D09C4242D08C4242D0554B40
:1072400062699A423ED0206809F004FE064609F0C1
:1072500003FEA16863682F68361ACB1A9E4265D870
:10726000BB683A682068BDE8F04109F073BF4A4E38
:107270002068336842F0020222611A691C6842F0F9
:1072800004021A6109F0ECFD0146204609F0E0FD18
:107290003768386809F0DEFD044609F0DDFDD7E9FE
:1072A0000123241A9B1A9C4255D8336899681868A0
:1072B00009F091FF2B681A6900219207316045D4CB
:1072C000BDE8F0812A68002193681268BDE8F041AA
:1072D000084609F03FBF2E4F3B682B60130718D4B8
:1072E0002B689C42ECD039680E6809F0A5FD011F9F
:1072F000304609F0ABFD3B682849186809F0A4FD49
:1073000039689AE7A169002908BF194629600B4628
:107310008DE72C60FFF756FF3368002BFAD09C42B4
:107320002B60CDD039688B4287D1DDE72C6009F026
:1073300093FD6068203626F01F0610BB304600F033
:107340001FFB3118C4E901012F6089E7BDE8F04156
:10735000186809F07ABFD5F800802F6009F07CFD2D
:107360007868203424F01F0440B9204600F008FB60
:107370000444C7E90104C5F8008096E700F03EFB2D
:10738000F3E700F03BFBD9E7C83C0020D83C0020E5
:10739000E43C0020E03C0020D43C0020B573020017
:1073A000034B1B78DB0701D5FFF732BF704700BFE7
:1073B0001245002000B5114C114D85B005E02A683A
:1073C000A2B1DA0702D5FFF723FF23789907F6D495
:1073D00043F0020C022201230F21684684F800C00A
:1073E00005F032FD2A682378002AEAD123F002034F
:1073F0002370F8F765FB2378E3E700BF1245002010
:10740000D83C002000B583B0FFF756FE10B103B0A2
:107410005DF804FB054B1B78DB07F8D50190FFF7FF
:10742000F7FE019803B05DF804FB00BF1245002091
:1074300070B5204E3378DA072FD50546FFF72AFDC1
:10744000044602F0E5F863692844E0607BB109F086
:10745000B5FCE36953B3A2699A61A3690BB1E26910
:10746000DA610023C4E90633636109F099FC09F08D
:10747000A5FC114A62611368A3B11A469B69002BEF
:10748000FBD19461C4E9063209F08AFC3378DB074A
:1074900007D5BDE87040FFF7BBBEBDE8704000F007
:1074A000B1BB70BDC4E906331460EDE7D4E9053221
:1074B0001A60D2E712450020D03C002070B5374D4D
:1074C0002C6863698BB109F079FCE369002B59D012
:1074D000A2699A61A3690BB1E269DA610023C4E988
:1074E0000633636109F05CFC2C682D4E09F066FCE4
:1074F00033686661002B4DD01A469B69002BFBD187
:107500009461C4E9063209F04BFC34684CB1A369BC
:10751000002223B11C460132A369002BFAD1032AB1
:1075200021DC2B6800221A611C6809F085FC0146E9
:10753000204609F08DFC09F041FC1A4A29681368BD
:107540008B421CD02BB11A6A914220D01346002BDB
:10755000F9D109F025FC144B1B78DB0716D5BDE8E3
:107560007040FFF755BEE2692068936100F046FA6B
:10757000606800F043FA204600F040FAD1E71B6A49
:107580001360E6E7D4E905321A60A3E770BD0A6A22
:107590001A62DEE7C4E906333460B4E7C83C002071
:1075A000E03C0020DC3C002012450020034B1B780F
:1075B000DB0701D5FFF782BF704700BF12450020EF
:1075C00010B50C468047A047044B1B78DB0703D55A
:1075D000BDE81040FFF772BF10BD00BF124500208C
:1075E000034B1B78DB0700D47047FFF767BF00BF72
:1075F0001245002038B50346144610460D469847FC
:107600002046A847044B1B78DB0700D438BDBDE8F3
:107610003840FFF753BF00BF1245002000283DD07F
:107620002DE9F8431F4F3B78DC0735D51E4E3368F4
:107630001A6952078846044601D15D6A45B11B4963
:10764000012342462046FFF741FC0020BDE8F883B5
:10765000186809F0E2FD3268136913F0020916D1C7
:1076600043F0010313614046A04733681869C3F82B
:10767000249020F0010210F004001A61E6D038785E
:1076800010F00100E2D0FFF719FF4846DEE723F0D3
:10769000030313612846D9E70548D7E76FF47A70EA
:1076A000704700BF12450020C83C0020E175020071
:1076B00016FCFFFF024B1878C0F38000704700BF34
:1076C00012450020054A137818B143F004031370E3
:1076D000704703F0FB031370704700BF1245002092
:1076E00010B40024C460C0E900115DF8044B0272BC
:1076F000704700BFF8B53A4F3B78DA0700D4F8BDC1
:10770000044609F05BFB2568013D256009F048FB54
:10771000002DF4DAFFF7BEFB4369064683B109F09A
:107720004DFBD6E90623002B53D09A61B3690BB108
:10773000F269DA610023C6E90633736109F030FBB0
:1077400009F03CFB04F10C037361E368002B3CD0AF
:107750001A469B69002BFBD19661C6E9063209F0F7
:107760001FFB09F02BFB23689D4221DD736983B168
:1077700009F024FBF369002B2ED0B2699A61B3693A
:107780000BB1F269DA610023C6E90633736109F0CF
:1077900007FB09F013FB134A726113688BB11A4699
:1077A0009B69002BFBD19661C6E9063209F0F8FA15
:1077B00009F0F6FA3B78DB07A1D5BDE8F840FFF702
:1077C00027BDC6E906331660F0E7C6E90633E66072
:1077D000C5E773691A60A9E7D6E905321A60CEE7F2
:1077E00012450020D83C0020036810B5C46801335E
:1077F00003604CB363697BB109F0E0FAE36923B33A
:10780000A2699A61A3690BB1E269DA610023C4E954
:107810000633636109F0C4FA09F0D0FA0D4A6261D7
:10782000136853B11A469B69002BFBD19461C4E9DC
:107830000632BDE8104009F0B3BAC4E9063314605B
:10784000BDE8104009F0ACBA10BDD4E905321A60A9
:10785000D8E700BFD83C0020F8B5C468054634B36B
:10786000194E00272B68626901332B6072B109F051
:10787000A5FAE36923B3A2699A61A3690BB1E2692E
:10788000DA61C4E90677676109F08AFA09F096FAC5
:107890003368666183B11A469B69002BFBD1946102
:1078A000C4E9063209F07CFAEC68002CDAD12B7AB4
:1078B0000BB96B682B60F8BDC4E906333460F1E79F
:1078C000D4E905321A60D8E7D83C002000680028C7
:1078D000B4BF404200207047830770B50D4644D1C5
:1078E00000B970BD860809F069FAD5E90040751C39
:1078F000A04206D92168002907DB04EB8104A042DD
:10790000F8D809F04DFA002070BD21F000434FEA8D
:10791000810C54F82320002A04EB81010EDB0FE0D8
:1079200022F00042134443F00042226054F8232026
:10793000002A04EB83014FEA830C01DA8842EFD876
:107940009D4201D96444D3E7A042DAD902369E426F
:1079500003D204EB8606B0420AD8236823F0004322
:10796000236009F01DFA201D70BD8008461CBAE78F
:107970005B1B43F0004346F8043C2560F1E700BF81
:10798000F8B5074660B3184C23783BB11749384621
:10799000FFF7A2FF0446F0B12046F8BD144D154A8A
:1079A0002B70166809F00AFA104A134BC2E90063FB
:1079B0009B1B9B0843F0004333602B7801332B70F3
:1079C00009F0EEF90123094923703846FFF784FFD7
:1079D00004460028E0D11420F8F764F82046F8BDEA
:1079E00004462046F8BD00BF13450020EC3C0020B3
:1079F00014450020AC20002000F80120B0B10F4B4E
:107A00001A68824210B5044602D25B68834204D8E9
:107A1000BDE810401E20F8F745B850F8043C002B94
:107A200005DD43F0004344F8043C10BD70471E20C0
:107A3000F8F738F854F8043CF3E700BFEC3C0020BA
:107A400010B501FB00F282B010460192FFF798FFDB
:107A5000044628B10123019A0360002112F09EF927
:107A6000204602B010BD00BF08B50846FFF788FFEA
:107A700008BD00BF2DE9F041044610300F46BDF8A7
:107A8000188016461D4605F02DFA0021C4E9025162
:107A9000C4E9081127806680A4F804802046BDE868
:107AA000F08100BF83889B0710B5044603D580682A
:107AB00008B113F034FB204610BD00BF82B070B592
:107AC000046A86B00AA981E80C003CB3236963B15B
:107AD00001221C461B690132002BFAD1092A04DD60
:107AE00006B0BDE8704002B070470AAB0FCB02ADE4
:107AF00085E80F00182013F014FB06AB064613E9C7
:107B000003008DE80300304695E80C0005F010FAFC
:107B1000266106B0BDE8704002B0704705460FC947
:107B200002AC84E80F00182013F0FBFA06AB0646FF
:107B300013E903008DE80300304694E80C0005F0DB
:107B4000F7F92E6206B0BDE8704002B0704700BF82
:107B500030B4D0E9004303F10050013804EBC00019
:107B600084420AD8034603E09442184605D81346D7
:107B70001D68A942A3F10802F6D9406830BC7047DD
:107B800010B4D0E9004303F10053013B04EBC30CF4
:107B900064450FD8634603E094429C4607D81346D9
:107BA00018688142A3F10802F6D9DCF800005DF8FC
:107BB000044B704754F83300F9E700BF10B4D0E924
:107BC000004303F10053013B04EBC30C644513D89D
:107BD000634603E094429C4607D8134618688142E6
:107BE000A3F10802F6D9DCF800005DF8044B081A8E
:107BF000B0FA80F04009704754F83300F5E700BF51
:107C0000704700BF01F0D8BD01F0AABDFEF782BEEB
:107C100038B5084B04460025C0E90035FEF716FFCD
:107C2000E388054A226043F480532581E38020469F
:107C300038BD00BF44C4030068C4030010B5044A43
:107C4000026000230446C380FEF76EFF204610BD8D
:107C500044C4030000897047807A704738B50368D0
:107C600081720446DB6A98472368074A9B6A9342FD
:107C7000054603D1A07AA072284638BD2046984711
:107C8000C0B2A072284638BD597C020038B50368DE
:107C900001810446DB6A98472368074A1B6A9342BE
:107CA000054603D120892081284638BD20469847C3
:107CB00080B22081284638BD557C0200F8B50025E9
:107CC000144B03600446456016460F46FEF7BEFEA1
:107CD000114B236094F8363025631422228123F05F
:107CE0000E03022284F83630A2724FF00113C4E969
:107CF0000355C4E90555C4E90755C4E90E33676265
:107D0000A680E580A586A4F8425084F8405020461D
:107D1000F8BD00BF44C4030090C40300C26812F55C
:107D2000C87F30B580F2848090F8363013F00203BB
:107D300040F08680046914F5C87F66DA90F8361042
:107D400011F0040169D1456915F5C87F31DA90F861
:107D5000361011F0080134D0B1FA81F390F83610E2
:107D60005B0963F3C30180F8361090F84030032BB1
:107D700008D80133DBB2012B80F840307DD0042BD2
:107D800000F08280B0F8421090F836C0013189B21C
:107D90001CF0010EA0F8421061D01D2917D9002354
:107DA0006FF3000C80F836C0A0F8423080F8403005
:107DB0000DE0B5F5C87F04DD90F8361011F008012C
:107DC000CAD0002BD1D190F84030002BDAD104FB7F
:107DD00004F3334902FB023305FB05338B423CD9E4
:107DE00012F5487F45DBB2F5487F44DC14F5487F47
:107DF00048DBB4F5487F43DC15F5487F37DBB5F544
:107E0000487FD4BF0020062030BDB4F5C87F9ADD7E
:107E100090F8361011F0040195D190F83650B1FA6F
:107E200081F35B0963F3820580F8365001238AE70A
:107E3000B2F5C87F0FDD90F8363013F002030AD197
:107E400090F83610B3FA83F35B0963F3410180F8CD
:107E5000361001236EE700236CE7072030BD0929A7
:107E6000B5D9013BA0F842E080F84030AFE70520EB
:107E700030BD032030BD042030BDA0F84230A6E75D
:107E8000012030BD022030BD90F83630002243F092
:107E9000010380F83630A0F842200B2030BD00BF2F
:107EA000FF700200D0E9033230B502FB02F24569EF
:107EB00003FB032305FB0535B5F5800F85B00446AC
:107EC00025D9038F002B45D0B5F5100F02D9638F4C
:107ED000002B5ED0B5F1107F02D9A38F002B4FD0BD
:107EE000B5F1806F02D9E38F002B40D0012384F8D5
:107EF00031302046FFF712FF0B2814D0A38E8342A7
:107F00001AD00023A08684F8303005B030BD90F838
:107F10003130042B46D90023C0E90E332046FFF749
:107F2000FDFE0B28EAD16086024601230D2168463A
:107F300004F08AFF05B030BD94F83030042B12D81D
:107F4000628E0133DBB2824284F83030DDD0052B03
:107F5000E9D0DAE701230C220D21684604F074FF12
:107F600001232387B0E7638E8342DCD1CDE7012371
:107F70000A220D21684604F067FF0123E387B5E775
:107F8000012309220D21684604F05EFF0123A38727
:107F9000A6E7012308220D21684604F055FF0123BE
:107FA000638797E70133DBB2A1E700BF30B58BB041
:107FB000016A00F118030CCB02AD00910446416A3E
:107FC000284604F02BFF95E80700E38804F10C0530
:107FD00023F0020385E807002046E380FFF762FFF5
:107FE0000123A1881A4606A804F02EFF00200BB03A
:107FF00030BD00BF10B5036804461B6B9847E068AE
:1080000010BD00BF10B5036804461B6B984720697C
:1080100010BD00BF10B5036804461B6B984760692C
:1080200010BD00BF036810B504461B6B9847E3887A
:108030009B0701D5A06A10BD2046F5F72DF8A06A70
:1080400010BD00BF036810B504461B6B9847E3885A
:108050009B0701D5E06A10BD2046F5F71DF8E06AE0
:1080600010BD00BF10B5044A026000230446C3805F
:10807000FEF75AFD204610BD44C403000089704736
:10808000D0E90D1230B5C36B0446C068091A2069E7
:10809000121A60691B1AA06900FB01F18912616361
:1080A000E16901FB02F2216A8BB001FB03F39B1231
:1080B0009212A26302ADE36304F1340200930CCA8E
:1080C000216C284604F0AAFE95E80700012304F17C
:1080D000280585E80700A1881A4606A804F0B4FE22
:1080E00000200BB030BD00BF38B5036801810446E5
:1080F000DB6998472368074A5B6A9342054603D1C8
:1081000020892081284638BD2046984780B22081AA
:10811000284638BD7D800200F8B50025114B03606C
:108120000446456016460F46FEF790FC0E4B236052
:108130004FF48063C4E90553C4E9073314224FF4B4
:108140008053C4E90355C4E90955C4E90B55C4E992
:108150000D55C4E90F576564A6802281E38020464F
:10816000F8BD00BF44C40300D0C4030030B5C588C7
:1081700015F0040585B023D1036804469B6A98472F
:10818000E388A188656223F002034FF4806243F024
:108190000403C4E90552C4E90722E3800322012352
:1081A000C4E90355684604F04FFEE388054823F010
:1081B000040213F0020FE28018BF002005B030BDAA
:1081C0000148FBE714FCFFFF15FCFFFF84B030B54E
:1081D0000DF1100C8CE80E00C588044600F10C0E61
:1081E000BCE80F00AEE80F009CE8070045F0020570
:1081F0008EE80700E580BDE8304004B0704700BF5E
:10820000C08800F0020070474164704770B50B6889
:108210000C4682B005469B6A084616469847E26BB4
:10822000216CCDE9002604F1340328460CCB04F080
:10823000A3FD284602B070BD10B5036804469B6AD2
:108240009847A06A10BD00BF10B5036804469B6A3A
:108250009847E06A10BD00BF10B5036804469B6AEA
:108260009847206B10BD00BF70B52DED068B0446FE
:1082700086B0406CFFF7E6FE0646606CFFF7D2FE64
:10828000236805469B6A204698470223E26B0193C8
:10829000216C009204F134030CCB03A804F06CFDB4
:1082A000DDED047AF8EEE78ADDED057A3046B8EECA
:1082B000E7AA10F0E7F90346304609EE903A10F0CD
:1082C000ABF90346284609EE103A10F0DBF90346F5
:1082D00008EE103A284610F09FF968EE887A9DED76
:1082E000037A06EE900AB8EEC77A67EEA97A2AEE0C
:1082F000088AE7EE267A69EE688AE8EE097AEAEEFD
:10830000298A17EE900A18EE901A10F0F7F9DFEDAF
:108310000E6ADFED0E5A07EE900A27EEA67ADFED21
:108320000C7A87EE256A77EEC67AF5EEC07AF1EE22
:1083300010FA48BF77EEA67AFDEEE77A17EE900ABC
:1083400006B0BDEC068B70BD0000B443DB0FC94026
:108350000000B44230B50368044687B09B6A984772
:10836000E06B216C012504F134030CCBCDE9000551
:1083700003A804F001FDDDED047AF8EEE77A17EECC
:10838000901ADDED037AF8EEE77A17EE900A10F016
:10839000B5F9DFED0C7ADFED0C6A07EE100A67EE37
:1083A000277A87EEA67AB5EEC07AF1EE10FA44BFCE
:1083B000DFED067A37EE277AFDEEC77A17EE900AE0
:1083C00007B030BD00003443DB0F49400000B44328
:1083D000C3885A0714D49B0710B5044606D5636CAE
:1083E00020464BB1BDE81040FFF73EBFFFF7BEFE91
:1083F000636C2046002BF5D1BDE81040FFF7AABF03
:108400000048704715FCFFFF10B5044A02600023C6
:108410000446C380FEF788FB204610BD44C4030019
:108420000089704740897047FF299ABF0173002077
:108430006FF47A70704700BF007B7047704700BFD1
:1084400010B54A890B8982B0CDE9003200231A4663
:108450001031044605F006F8204602B010BD00BFFA
:1084600010B5074B044640F8103B04F075FD054A73
:10847000226000232046E380FEF756FB204610BD15
:1084800008C5030044C4030010B5094B044640F876
:10849000103B04F061FD074A22600023E380204680
:1084A000FEF742FB204612F03AFE204610BD00BF08
:1084B00008C5030044C40300F8B51F460B4B036016
:1084C0000023044643600E461546FEF7BFFA2046D9
:1084D000074B40F8103B2AB231B204F089FDFF236C
:1084E000237326816581A7802046F8BD44C403001C
:1084F00008C503006FF47D70704700BF6FF47D7096
:10850000704700BF6FF47D70704700BF6FF47D70DF
:10851000704700BF10B584B003688DF80F200024A9
:1085200000941C6A0DF10F020123A04704B010BD96
:1085300010B584B004688DF80C20002200928DF8EC
:108540000D30246A022303AAA04704B010BD00BF67
:1085500010B5012384B00468CDE900330DF10F0399
:10856000E46AA04708B99DF80F0004B010BD00BF31
:108570002DE9F84F9DF82870002A54D0002B1D4695
:1085800051DD93460268DFF8A480936843450646B0
:108590000C4636D11369DFF898A0534538D1B5F1B0
:1085A000010918D0023D5D440BF1FF3404E004F8EA
:1085B000013FA5420DD03268526952454FF00B037E
:1085C000F5D0002130469047C3B204F8013FA542E0
:1085D000F1D13268CB44536953450DD10B208BF850
:1085E000000037B93368DB68434518D13846BDE829
:1085F000F88F0020BDE8F88F012130469847C0B2BF
:10860000EDE798473268DFF828A013695345C6D0D4
:1086100044F00101C9B2304698473268BFE730469E
:1086200098473846E6E76FF47A70E3E7058502007D
:108630000D8502002DE9F0479DF82070002A37D003
:10864000002B994634DD14460268DFF87080956887
:10865000454506468A4624D11269174DAA4219D1CA
:10866000A14404E001344C4509D033681A69AA4298
:10867000F8D021783046013490474C45F5D137B9D0
:108680003368DB6843450FD13846BDE8F0870020EA
:10869000BDE8F0875FFA8AF13046904733681A697F
:1086A000DEE7A8473268D7E7304698473846EFE715
:1086B0006FF47A70ECE700BF0D85020005850200BB
:1086C0002DE9F04186B004469DF834508DF80F2016
:1086D0001E460F4695B1026801230093156A0DF1FD
:1086E0000F02A84738B9236800909D6A0C9B324658
:1086F00039462046A84706B0BDE8F0810368DFF898
:1087000024C0D3F81C809DF80F20E04508D10095C7
:108710001D6A8DF8172001230DF11702A847E1E724
:10872000C047DFE715850200024A02600021818010
:10873000704700BF48C503006FF47D70704700BFED
:10874000407970474171704711B370B506460868AB
:10875000904214460D4610D020B102680E49126EA8
:108760008A420CD134B123680C4ADB6D93420AD1A2
:10877000002333712C60002070BD002070BD904735
:10878000002CF0D1F6E70022314620469847F1E769
:108790006FF47A70704700BFB9280200B528020054
:1087A0000EB42DE9F04787B00FAB044653F8046BC5
:1087B0000093317839B92AE0236820469B69013655
:1087C0009847317819B32529F6D1009A737817683C
:1087D000101D252B009006F1020659D0583BDAB245
:1087E000202A19D8202B17D8DFE803F057161616C1
:1087F000161616161616164C3316161616161616C6
:108800001616161616161626161616168A0007B00F
:10881000BDE8F04703B0704723683F219B692046BD
:10882000984723683F219B692046984723683F214A
:108830009B6920469847C4E717F8011B0029C0D060
:10884000236820469B699847397801370029F7D17A
:10885000B7E7002301A93846CDE90133CDE9033359
:108860000593FEF719F89DF804100029A9D00DF121
:108870000505236820469B69984715F8011B0029C8
:10888000F7D19EE72368F9B29B692046984798E79D
:10889000236820469B69984793E74FF000094FF003
:1088A0001C0A08254FF0000812E0B9F1000F2AD089
:1088B00003F1570C236861469B6920464FF001087D
:1088C0009847013D15F0FF05AAF1040A3FF479AF7E
:1088D00027FA0AF303F00F0303F13002392A5FFA93
:1088E00082FCE2DC302A4FF030012046E2D1B8F1C0
:1088F000000F01D1012DE4D123689B699847E0E77F
:108900004FF00109CBE703F1370CD3E7C389DB064E
:1089100000D4704710B5044684B081890123042235
:10892000684604F091FAE38923F01003E38104B070
:1089300010BD00BFC388DB0600D4704710B50446E5
:1089400084B0818801230422684604F07DFAE3881C
:1089500023F01003E38004B010BD00BFC3895B07A0
:108960003FD52DE9F0418369B3F90270002F84B03F
:1089700005460E4615DD00F11808002401E0A74267
:108980000FD021B2404604F081FFB04204F101044F
:10899000F5D10123A9891A46684604F055FAA74281
:1089A000EFD1EB8C95F824209BB20133B3FBF2F1AD
:1089B00002FB11332A8D9BB29A421DD0EA8C296AA0
:1089C00092B28E54EB84EB69002B03DBEA8C92B2FB
:1089D000934207D0EB8943F01003EB8104B0BDE86C
:1089E000F08170474FF0FF33EB61A9890123022228
:1089F000684604F029FAEDE7A989012303226846B5
:108A000004F022FA04B0BDE8F08100BFC3891B075F
:108A100019D530B5838EC16A02689BB20446C95C21
:108A2000926985B09047A58E94F83030628EADB2D1
:108A30000135B5FBF3F103FB1155ADB2AA4203D0EA
:108A4000A58605B030BD7047022240F2FF310123F8
:108A5000684604F0F9F9236801219B68204698478D
:108A6000A58605B030BD00BF2DE9F843B2F100087E
:108A700004464BDD458E99464F1E002607E0E26A0C
:108A800017F8011FD1540136B04565861DD094F802
:108A90003030A08E691CB1FBF3F203FB121180B2DF
:108AA0002B468DB2A842EAD1236801215B6820469B
:108AB0009847B9F1020F10D0B9F1010F14D0B9F1F4
:108AC000000F01D0638EDAE7B046236801215B68AE
:108AD000204698474046BDE8F883494640F2FF30BB
:108AE000FEF790FC638ECAE7638E07E0A18E94F8D0
:108AF000302089B21A44521A002AC0DDA28E92B2E6
:108B00009A42F3D8A28E92B29A1AF5E74FF0000873
:108B1000DBE700BFC3895A0770B5044607D5036871
:108B200000219B689847206AFEF768FFE38994F864
:108B3000240023F004039DB2E581FEF721FF2062AB
:108B400060B12368002645F004055B68E68426854D
:108B5000E581314620469847304670BD6FF47B7002
:108B600070BD00BF2DE9F04F2DED028B85B088461A
:108B7000C98900AFCC0708EE100A7B6000F1DF80E6
:108B80004B07934640F1CB80B8F82650B8F82890B0
:108B9000ADB241F00101A945A8F80E1000F0128114
:108BA000DBF80030D8F82000B3F902104D46002958
:108BB000465D25DD00244FF0FF3A21B2584604F00F
:108BC00065FEDBF80010B1F902100134B04208BFB5
:108BD000AA46A142F1DC98F82440B8F826000135F5
:108BE00080B295FBF4F604FB1655A84200F0AA806B
:108BF000BAF1FF3F44D1D8F820000029465DD9DC06
:108C000098F82440B8F8263001359BB295FBF4F66D
:108C100004FB1655AB42CAD17B68012B00F09A8049
:108C20007B68022B40F08380594607F10C0008F165
:108C3000180404F0F3FD07F10C01204604F0FEFDDA
:108C40000121B8F80C00FEF7DDFB07F10C0004F081
:108C500047FDB8F8262092B202F1FF3A1AB998F807
:108C6000243003F1FF3A07F10C0004F0E1FD07F1B5
:108C70000C01204604F0E2FD07F10C0004F030FD89
:108C8000BAF1000F53DBCA45BDBF98F82450A5EBDD
:108C900009055544AAEB090505F1080222F007026F
:108CA0006C46ADEB020D00216A1C684611F076F8A7
:108CB0001FFA8AF39945D8F820E098F8240069460D
:108CC0000FD00DF1FF3609F10102B2FBF0FC00FB01
:108CD0001C221EF809C006F801CF1FFA82F94B4585
:108CE000F1D1B8F8283001332B442AB2B8F80E502D
:108CF00025F00105A8F80E5093FBF0F500FB1533A5
:108D0000A8F8283018EE100A04F062FDA54618EE07
:108D1000100A1437BD46BDEC028BBDE8F08F40460B
:108D2000FFF7F8FE00283FD1B8F80E102CE7B8F88E
:108D30000E1021F0010118EE100AA8F80E1004F030
:108D400077FDE4E77B68012B25D1BAF1FF3F97D18E
:108D5000D8F82000B8F826309BB2AB42FAD00029F0
:108D6000445D27DD00264FF0FF3A31B2584604F04B
:108D70008DFDDBF80010B1F902100136A04208BFEA
:108D8000AA46B142F1DC98F82400013595FBF0F4D5
:108D900000FB1455D9E77B68022B7FF471AFBAF161
:108DA000FF3F7FF46DAF3FE7014618EE100A04F075
:108DB0009FFCACE798F82430013595FBF3F403FBF6
:108DC0001455C7E77B68012B04D07B68022B3FF466
:108DD0002BAFAEE7DBF80030D8F82000B3F9021073
:108DE000B8E700BF38B5C3891A07044607D503683A
:108DF00001219B689847E06AFEF700FEE38994F83A
:108E0000300023F008039DB2E581FEF7B9FDE06272
:108E100030B1002045F008056086A086E58138BDA8
:108E20006FF47B7038BD00BF2DE9F0471E46224B22
:108E300003600025214B836004468580C5600830AF
:108E4000884617469DF82090BDF824A0FDF7FEFD4A
:108E50001B4B23603833A360C4E9048704F1180076
:108E600004F0E6FC01364FF0FF3309F10109E3613C
:108E7000E58404F110014246A4F80CA084F82460B3
:108E800084F830902562E56225856586A5862046B2
:108E9000FFF75AFC3A4604F114012046FFF754FC50
:108EA000084B1A6832B1E38943F480432046E381DA
:108EB000BDE8F0871C60F6E784C5030044C40300E6
:108EC00090C50300F43C0020F8B51546C28994070C
:108ED0001BD4002D16DD0E46A1B11F4642F0020341
:108EE000C3811307044602D4FFF77CFF48B93B4611
:108EF0002A4631462046FFF7B7FDE38923F00203F7
:108F0000E381F8BD6FF47A70F8BD0148F8BD00BF89
:108F10000DFCFFFF10B50446002937D001291BD0F6
:108F2000022917D1C3895B073AD5E28C238D92B20F
:108F3000934219D10221A089FEF7BEF8E38C94F880
:108F400024209BB20133B3FBF2F102FB1133E36146
:108F5000FEF726FA238D07E0E3895A070FD5E28C46
:108F6000238D92B29342F7D0216A94F82420C85CF2
:108F70000133B3FBF2F102FB1133238510BD204610
:108F8000FFF7C8FD0028EAD0238DEDE7C389590714
:108F90000BD5E28C238D92B29342E5D1054810BDEA
:108FA000FFF7B8FD0028C0D0D4E7FFF7B3FD0028D5
:108FB000EFD0CFE70CFCFFFF38B5C389DA0712D436
:108FC00043F001025B0704460D46C28102D4FFF75D
:108FD000A1FD38B929462046FFF79CFFE38923F01D
:108FE0000103E38138BD014838BD00BF0DFCFFFF20
:108FF00038B50C1E06DB0368DB680546984700B9E8
:10900000AC6338BD6FF47A7038BD00BFC389DA072E
:1090100012D4FF2918BF013110B543F001030446F3
:1090200018BFC9B2C38180F82410FFF773FDE3892C
:1090300023F00103E38110BD004870470DFCFFFFE2
:10904000C3899A0712D4FF2918BF013110B543F024
:109050000203044618BFC9B2C38180F83010FFF77D
:10906000C1FEE38923F00203E38110BD004870478D
:109070000DFCFFFFC38913F0010206D1C18C0185ED
:1090800023F00103C381104670470148704700BFB9
:109090000DFCFFFFC38913F0020206D1418E8186C9
:1090A00023F00203C381104670470148704700BF98
:1090B0000DFCFFFF828E438E92B29A4206D990F841
:1090C0003010828E0B4490B2181A7047808E80B296
:1090D000181A70470A4B10B503F1080240330446D2
:1090E00002608360183004F0FBFA064AA260002395
:1090F00004F10800E381FDF717FD204610BD00BF15
:1091000088C5030044C4030008B5C06803681B6B2E
:109110009847002008BD00BF08B5C06803689B6A77
:109120009847002008BD00BFF0B5054683B014463F
:109130001F4607F043FEEE68697C336801919A6C24
:10914000DD6B304690470A2C77F1000338BF0A24C4
:10915000021901993046A84703B0BDE8F04007F076
:109160001FBE00BF70B5044607F028FEE068036824
:109170009B6C9847D4E9083162686060821A9B183A
:109180002362A3681A4441F10001B2F57A7F61625B
:10919000A26012D3D4E90631013341F10001581C19
:1091A000A2F57A720D4641F10001B2F57A7F1E46B2
:1091B0000346F4D2C4E90665A260BDE8704007F03A
:1091C000EFBD00BF10B50446FFF7CCFFD4E90601A0
:1091D00010BD00BF2DE9F04F466B83B0002EBDF8E7
:1091E0003410BDF830B09DF838A001913DDDC46A5F
:1091F000074690469946002103E0B14204F1180465
:1092000033D0258A0131002DF7D13846FFF7AAFF68
:109210003B6A7A6A18EB030349EB0202BAF1000FCA
:1092200028D151465046C4E90232019B63820F9B0C
:109230006361C4E90010A4F810B007F0BFFD3B6BF8
:109240003BB1D3E90203A168E268814272EB0303F8
:1092500005D23C6342464B463846FFF765FF07F0B0
:109260009FFD002003B0BDE8F08F6FF47B7003B06A
:10927000BDE8F08F41464846D5E700BFF0B4456BE6
:10928000C36A00218D4201631DDD0A461C8A01323A
:1092900054B139B19E688F68CC68BE42DE6876EB07
:1092A000040401D203631946AA4203F11803EDD165
:1092B00049B1036A8A68D21A0A2AB8BF0A22F0BCE6
:1092C000D317FFF731BFF0BC704700BF2DE9F04F57
:1092D00006468BB069B1C468017C23680591DD6BDB
:1092E0009B6C20469847364A059903461A44204607
:1092F000A8473046FFF736FF726BF46A002A45DD57
:109300000025A946012718E0D4E900BA5BEA0A085B
:10931000628A41D1306B0023A042238243D0CDE941
:1093200000EC029706A803F0B5FD726B09F1010984
:109330000135AA4204F1180425DD218A0029F7D05D
:10934000D6F820E0A368D6F824C0E0689E457CEB00
:10935000000AD9D26369DB07EAD5FEF7ABF960B141
:10936000D6E90830174A13EB020ED4E9021240F195
:10937000000C714572EB0C0217D3726B0135AA42D7
:1093800004F11804D9DCB9F1000FB6D130460BB0A6
:10939000BDE8F04FFFF772BF13EB0B0340EB0A0081
:1093A000C4E90230BBE73363B9E7CDE90030029787
:1093B000052240F2FF3106A803F06CFDDDE700BF97
:1093C00080969800A0860100084B1B6801465BB19F
:1093D000187C014111F0010103D001211846FFF76B
:1093E00075BF1846FFF772BF704700BFFC3C0020F6
:1093F000416BC36A01EB410103EBC1018B424FF0AA
:10940000000024D21A8AF2B15A69D2071BD5C8B11A
:1094100030B49C688568C268AC42DC6874EB0202B8
:109420000AD3183399420BD91A8A002AF9D05A69FB
:10943000D407F6D50028ECD1184618339942F3D852
:1094400030BC7047184618339942DBD870477047D4
:10945000F8B505460C4607F0B1FCE86803689B6C5C
:1094600098476A682B6A6860821A9B182B62AB68FF
:109470001A446B6AAA6043F10003B2F57A7F06468C
:109480006B6212D3AB69E969013341F1000C591CDD
:10949000A2F57A7260464CF1000CB2F57A7F1F4655
:1094A0000B46F4D2C5E90670AA60E86803681B6B36
:1094B000984707F075FC0023C4E90063D5E908016B
:1094C000F8BD00BF2DE9F843DDE9086805461746F9
:1094D00007F074FC56EA080335D02B6A9B192B62FF
:1094E0006B6A48EB03036B624FF47A7200233046D9
:1094F000414611F07BFCAB690446E418EB69AC61B2
:109500000A46304643EB02064146EE614FF47A725A
:10951000002311F06BFCA8688318B3F57A7FAB6069
:1095200010D3601C46F10001421CA3F57A730C466F
:1095300041F10001B3F57A7F06461046F4D2C5E941
:109540000664AB606F602846FFF70CFE6B6BD5E9D5
:10955000080703EB430E00232B63EB6A0A3003EB8F
:10956000CE0E47F10007734515D333E0D3E902125D
:109570008142BA4101D2C3E902072A6B3AB1966827
:109580009968D268DC68B14274EB020200D22B63A6
:1095900018339E451ED91A8A002AF9D0D3E900460D
:1095A00054EA0602E2D09A68D968A21846EB010193
:1095B000824271EB070CE0D212EB040C904662463B
:1095C0008C4641EB0601824271EB0709F4D3C3E9F3
:1095D000028CD2E7E86803689B6C9847EB680A4AFC
:1095E00019680244CE6B297C04461846B0472B6BA1
:1095F00033B1E868697C036804F10A02DB6B9847C1
:10960000BDE8F84307F0CCBB80969800704700BFD8
:10961000064B10B51C682CB12046FFF7A3FDD4E91A
:10962000060110BD0020002110BD00BFFC3C002041
:10963000064B10B51C682CB12046FFF793FDD4E90A
:10964000080110BD0020002110BD00BFFC3C00201F
:1096500010B5094C246884B064B10193069B039350
:109660000B4601210092029102462046FFF7B2FD0F
:1096700004B010BD0148FBE7FC3C002016FCFFFFD6
:1096800070B50E4D2C68B4B12046FFF76BFD0C4B46
:10969000266A42F2107098472C682046FFF762FD58
:1096A000236A0849053B9B1B42F210720020B2FB63
:1096B000F3F30B6070BD044870BD00BFFC3C00209C
:1096C00055200020F83C002016FCFFFF70B5164620
:1096D0001E4A02601E4A43740A230446C160436363
:1096E00010600D4606740121F020FEF7A9F9002351
:1096F0000022C4E90B030023C4E90623C4E90823BC
:109700002B681449DA698A421AD1134AEA60314651
:10971000124ADB6B28469847E06803685B6A984703
:10972000E06803680022A2609B6C9847E368606071
:109730001A681846936A9847FFF7A2FF204670BD43
:10974000284605499047E5682B68E0E7ECC503002B
:10975000FC3C00202DFD0100C9930200809698007A
:10976000F8B5114E3468E4B1104B0546186890B94D
:109770002046FFF7F7FCD4E908072D1847F100074A
:1097800034682046FFF7EEFCD4E90823AA42BB4127
:10979000F6D30020F8BD05FB00F0054B98470020EC
:1097A000F8BD0448F8BD00BFFC3C0020F83C002098
:1097B0005520002016FCFFFF4FF47A7303FB00F0E6
:1097C000FFF7CEBF064B1B68014613B11846FFF7E3
:1097D0003FBE00220023C0E900231946104670470F
:1097E000FC3C002010B5084C246882B04CB1CDE997
:1097F000002302460B462046FFF764FE002002B01D
:1098000010BD0248FBE700BFFC3C002016FCFFFF38
:10981000084B1B685BB110B504461846FFF7E8FD1E
:1098200020B1D0E90223C4E90023012010BD18466D
:10983000704700BFFC3C0020C3880D4A23F400534E
:1098400010B504460260C3802C3003F085FB04F1A0
:10985000240003F045FF04F11C0003F041FF054A1A
:10986000226000232046E380FDF75EF9204610BD0C
:10987000FCC5030044C40300C3880F4A23F400530B
:1098800010B504460260C3802C3003F065FB04F180
:10989000240003F025FF04F11C0003F021FF074A18
:1098A00022600023E3802046FDF73EF9204611F0B8
:1098B00036FC204610BD00BFFCC5030044C40300B5
:1098C000F8B50025144B0360044645600F46164664
:1098D000FDF7BCF8114B2360A76004F10C0003F006
:1098E0001BFA04F11C0003F0A3FF04F1240003F0B1
:1098F0009FFF04F12C0003F075FB4FF4405384F8F4
:1099000022502563A680E3802575E5822583258482
:1099100025852046F8BD00BF44C40300FCC50300F4
:109920002DE9F0410446806884B00121103003F035
:1099300067FD94F92230042B06DCE269B4F92010AB
:10994000B2F902208A421CDC01335DB2A06884F8BF
:1099500022500368DB6998470130854202D004B089
:10996000BDE8F081E269B4F92030002184F82210CA
:10997000B2F902209A4232DD0133238404B0BDE8FB
:10998000F08104F11C0003F081FF04F10C05014695
:10999000284603F0D3F9064680B394F92230A06834
:1099A000C3F1040301279F400368DB69984701382E
:1099B000FFB2013E00255FFA80F816F8013F1F4212
:1099C00005D10135052DF8D194F92230BCE7A06806
:1099D0002AB2FF234146103003F01AFCF1E70123BD
:1099E0001A4621756846A18803F02EFA01231A460B
:1099F00040F2FE31684603F027FAB0E720212846FE
:109A000003F09CF90646C8E730B5436AB0F9281060
:109A1000B3F9023085688B4285B0044605F1100524
:109A200010DC202100231A46284603F0A3FC626ABA
:109A3000B4F92830B2F902209A4208DB01332385B9
:109A400005B030BD243003F021FF0146EAE70123D1
:109A50000020A18820751A46684603F0F5F9012315
:109A60001A4640F2FE31684603F0EEF905B030BD0B
:109A700010B50446806886B0103003F0BFFBA068C4
:109A8000B4F930200023009304F12C01103003F0CE
:109A9000DBFB10B994F8333053B994F932303BB151
:109AA000218E01220B44238684F8332006B010BD9A
:109AB000012300211A46217502A8A18803F0C4F9E8
:109AC00001231A4640F2FE3102A803F0BDF906B0A8
:109AD00010BD00BF30B504468068B4F9305003684B
:109AE00087B0DB699847E36A94F932105B88CB1A38
:109AF0001844854202DC94F833307BBBB4F9302043
:109B0000002A12DCA068002304F12C01009310301D
:109B100003F09AFB94F9321079B1228E012311449B
:109B200084F83330218607B030BDA0684942103038
:109B300003F066FCB4F93020E4E701231A462175EE
:109B400002A8A18803F080F9012340F2FE311A46F1
:109B500002A803F079F994F93210DEE7237D062B91
:109B600010D001230020A18820751A4602A803F016
:109B70006BF901231A4640F2FE3102A803F064F9A2
:109B800007B030BDA068103003F038FBE9E700BF34
:109B9000037DFBB110B5038BC28A04339BB29A429A
:109BA00084B00446038313D8037D0022022B028372
:109BB00027D0237D032B2BD0237D042B24D0237D82
:109BC000052B08D0237D062B05D0237D072B08D03D
:109BD00004B010BD70472046FFF77CFF237D072BA4
:109BE000F6D1012300211A4621756846A18803F0A9
:109BF0002BF901231A4640F2FE31684603F024F99E
:109C0000E6E7FFF78DFED4E72046FFF731FFD6E702
:109C10002046FFF7F9FECFE7FFF7BABF10B5037D87
:109C200084B0044633B9A068103004B0BDE81040D9
:109C300003F0E4BA012300211A46017581886846C1
:109C400003F002F901231A4640F2FF31684603F09F
:109C5000FBF8E8E738B5141E16DB037D054613B1A3
:109C6000037D012B0ED1A868002310301A4603F0A3
:109C700081FB2CB100200723EC8228832B7538BD93
:109C8000204638BD024838BD6FF47A7038BD00BF39
:109C900012FCFFFF70B582B0079D002D1BDB044650
:109CA000007D10B1207D012813D1069EA068F6B278
:109CB0001BB212B21030009603F0C6FA15B928464E
:109CC00002B070BD00200723E5822083237502B017
:109CD00070BD0248F4E76FF47A70F1E712FCFFFF01
:109CE0002DE9F04385B00D9E002E58DB9846037D8C
:109CF00004460F46914623B90AE0FDF783FB257D14
:109D000035B194F814C001218C4540F2FF30F4D1F4
:109D1000237D002B41D1394603A803F089F9237D27
:109D200013B1237D012B26D10C99A068C9B20091F3
:109D30000FFA88F30FFA89F2103003A903F084FABE
:109D400096B100220723E6822283237503A803F03D
:109D500003F901210720FDF755FB124B984210D063
:109D6000002005B0BDE8F08303A803F0F5F8304605
:109D700005B0BDE8F08303A803F0EEF8002EEFD0A5
:109D8000E7E7237D2BB9EBE707F020F8237D002BD5
:109D9000E6D0237D012BF7D1E2E70348E8E76FF433
:109DA0007A70E5E716FCFFFF11FCFFFF70B5161E89
:109DB00015DD037D044613B1037D012B0DD1002574
:109DC00084F82250258404F11C0003F037FD02239F
:109DD000E68225832375284670BD024870BD6FF466
:109DE0007A7070BD12FCFFFF2DE9F041171E069E30
:109DF00030DD027D0446884602BB16F1FF0FC3F139
:109E0000000520D036B284F832502686414604F14F
:109E10002C0003F0E3F9079B002D18BF3D46002BF3
:109E20004FF0000007F1FF3214BF0623052384F82A
:109E30003300E58222832375BDE8F081027D012A8B
:109E4000DBD00648F8E7A0680368DB699847461945
:109E500036B2D8E76FF47A70EEE700BF12FCFFFF6E
:109E6000F0B5151E85B03BDD1E46037D04460F464A
:109E700023B90AE0FDF7C6FA207D30B194F814C08A
:109E800001218C4540F2FF30F4D1237D33BB3946AC
:109E900003A803F0CDF80B9801900A980090334680
:109EA0002A4603A92046FFF79FFF03A803F054F8B2
:109EB00001210720FDF7A6FA0B4B984202D00020A3
:109EC00005B0F0BD237D2BB9F9E706F07FFF237DB8
:109ED000002BF4D0237D012BF7D1F0E70348EFE707
:109EE0006FF47A70ECE700BF16FCFFFF11FCFFFF78
:109EF00010B5054B03F10802383304460260C36015
:109F0000FDF79CFE204610BD18C6030010B5074B98
:109F100003F10802383304460260C360FDF78EFE89
:109F2000204611F0FCF8204610BD00BF18C6030003
:109F3000C388DB045ED530B5036889B05B6A04462C
:109F40009847237E20B30B2B28D80133DBB2082B94
:109F5000237623D8012B2AD9E28802F00305012DAC
:109F600023D1FFF755FB6369C01A40F2DC5361F15E
:109F70000001984271F1000317D3E388A18843F0F0
:109F80000203E38005222B4604A802F05DFF0CE0EB
:109F90006BB1013BDBB2082B2376DBD9E288D1071A
:109FA00029D502F00305012DDBD009B030BDE288D0
:109FB000D307F6D522F00302E280A1880123022212
:109FC000684602F041FF657E012DC5D1FFF720FBF9
:109FD0006369C01A61F10001B0F57A7F71F1000385
:109FE00028BF0422A1882B4638BF032204A802F010
:109FF0002BFFB1E77047012342EA0300A188E0800C
:10A000001A4604A802F020FF238901332381FFF7B9
:10A01000FFFA237E60619DE738B5C36900F10C0546
:10A020000446D868A8421CD020B1026819461368BB
:10A030009847E369A27E18680E49DD60012ADA8834
:10A04000456C16BF22F4807242F4807292B28D4247
:10A05000DA800AD1E08840F40050E08000F001008E
:10A0600038BDE08800F0010038BD94F82010184693
:10A07000A847EFE7C517020038B5044600F10C0504
:10A0800028460121FEF75EFBE0690A4A03685B6827
:10A0900093420CD16FF47D70A47E241AB4FA84F438
:10A0A000284600216409FEF74DFB204638BD98473D
:10A0B000F2E700BFF107020038B5C388027C23F441
:10A0C00000530025C380CD6072B10368094A9B69C3
:10A0D000934204460AD1084B03603033C360FDF756
:10A0E000ADFD204611F01BF8002038BD9847002038
:10A0F00038BD00BF0D9F020020C6030030F8063CAB
:10A10000027910B523F40053002420F8063CCC60FB
:10A1100092B150F80C3C0B4A9B699342A0F10C049D
:10A120000CD1094B40F80C3C303303602046FDF75E
:10A1300085FD204610F0F3FF002010BD2046984713
:10A14000002010BD0D9F020020C603002DE9F04144
:10A15000044684B051B1C388002223F00303C380B6
:10A1600002810276002004B0BDE8F081C369DB887B
:10A170009B05F7D503681C4A5B6A93422FD100F117
:10A180000C0630460D460121FEF7DCFAE069174A5D
:10A1900003685B68934207D130462946FEF7D2FA3E
:10A1A000002004B0BDE8F081984794F81A80074673
:10A1B00029463046FEF7C6FAB845D3D1E088A188D3
:10A1C0000123184303251A46E0802576684602F0ED
:10A1D0003BFE01232381FFF71BFA6061C2E798472A
:10A1E0000028BFD0EAE700BF79A00200F107020013
:10A1F0002DE9F84304460F4616461D469DF820807B
:10A200009DF82490FDF704FD0B4BE76103F1080274
:10A210003833E360002384F82090A680657684F8C4
:10A220001A8020462260238263612376FFF7F4FEC2
:10A230002046BDE8F88300BF18C60300417670478A
:10A24000F0B5044640682268036885B000256E4674
:10A250001F690095022301953146B847174B009AB4
:10A260009A4202D1019805B0F0BDA068CDE9003551
:10A27000E8B14FF4807200210FF090FD96E80300E2
:10A2800002AA82E80300134603CBA2681060516063
:10A29000D4E9001003689B699847D4E90102036878
:10A2A00021685C694023A047019805B0F0BD4FF4D8
:10A2B0008070FDF765FBA060DBE700BFA10D0C001F
:10A2C000F8B50023171E8360044641600B680D46F5
:10A2D00008460FDB1B6898472A68034692682846A1
:10A2E0001D46904700FB075020602046FFF7A8FF5F
:10A2F0002046F8BD5B6898472B6806469B68284651
:10A30000984700FB176020602046FFF799FF204622
:10A31000F8BD00BF2DE9F04780468946FFF790FF62
:10A32000074638B33020D8F8004010F0FAFE30224B
:10A33000002106460FF032FD002F04F1080416DD5F
:10A34000002502E00135AF4218D0D8F804000168BA
:10A350002246D1F810A00C233146D047314648465A
:10A36000F1F7C2FF30340028ECD1AF4206D03046BE
:10A37000BDE8F08706463046BDE8F087304610F06D
:10A38000CEFE0026F3E700BF2DE9F04F0446A7B04C
:10A3900008460D4692461E46F1F732FF00F10108CD
:10A3A000B8F1100F00F2FC80202E00F2F98029464F
:10A3B0002046FFF7AFFF074688B1324651461030BE
:10A3C0000FF0A4FB81463846B9F1000F05D110F01B
:10A3D000A6FE484627B0BDE8F08F10F0A0FE42462A
:10A3E000294602A80FF0C4FB3246514606A80FF0DA
:10A3F000BFFB20462668FFF723FF30220090002194
:10A400000EA80FF0CBFCA0680836002800F0BF8033
:10A410004FF4807200210FF0C1FC009B002B40F331
:10A42000BC80002701974FF002081AAD0DF1980982
:10A43000606802680EA9D2F810A00C233246D047FB
:10A4400002A90EA8F1F750FF002844D0A3680DF12F
:10A45000380E03EB880ABEE80F00AC46ACE80F00EC
:10A46000BEE80F00ACE80F009EE80F008CE80F007C
:10A47000AB46DC46BCE80F00CC450AF1100A0BF1F4
:10A48000100B4AF8100C4AF80C1C4AF8082C4AF831
:10A49000043CEED1009B0137BB4206F1300608F1C7
:10A4A0000C08C5D103EB4307019ABF000237002A0D
:10A4B00041D0D4E9001003689B699847D4E90102B0
:10A4C000036821685C694023A0474FF000094846B3
:10A4D00027B0BDE8F08F354B1A93009B1B932B469A
:10A4E00003CBA36818605960A3680DF1080A03EB59
:10A4F000880CBAE80F00AE46AEE80F00BAE80F00CD
:10A50000AEE80F009AE80F008EE80F00AB46DE467B
:10A51000BEE80F00CE450CF1100C0BF1100B4CF8FF
:10A52000100C4CF80C1C4CF8082C4CF8043CEED1E8
:10A5300001230193AEE7052B35D0BB0000981B4AE1
:10A540001A9201301B902A4603CAA76838607960C6
:10A55000A76802AE1F440FCEAC460FC50FCE0FC585
:10A5600096E80F0085E80F000DF1980E65460FCDB7
:10A57000754507F110070CF1100C47F8100C47F85F
:10A580000C1C47F8082C47F8043CEFD191E74FF436
:10A590008070FDF7F5F9A0603AE708231AADCDE722
:10A5A0006FF47A7915E76FF47B7912E7A10D0C004F
:10A5B0002DE9F04F9BB004468946FFF741FE002885
:10A5C00000F08E8007463022002102A825680FF097
:10A5D000E5FBA068083500286FD000214FF4807299
:10A5E0000FF0DCFB3F4BCDE90E370EAB03CBA3687E
:10A5F000002F1860596066DD002601964FF00208B2
:10A600006068026802A9D2F810A00C232A46D0473D
:10A61000494602A8F1F768FE002842D0A3680DF170
:10A62000080E03EB880ABEE80F000DF1380CE34674
:10A63000ACE80F00BEE80F00ACE80F009EE80F008A
:10A640008CE80F00DC46BCE80F00CAF80C301AABEF
:10A650009C450AF1100A0BF1100B4AF8100C4AF84D
:10A660000C1C4AF8082CEDD108F10C080136B74251
:10A6700005F13005C4D1019B2BB3D4E90010036868
:10A680009B69984760682168026807EB4707BB0031
:10A690005569A2680233A847002318461BB0BDE8DD
:10A6A000F08F104B0E937B1E0F930EAB03CBA36862
:10A6B0001860596001230193D8E74FF48070FDF7CB
:10A6C0005FF9A06089E7074BA268CDE90E370EABB2
:10A6D00003CB054B1060184651601BB0BDE8F08FEE
:10A6E000014BDAE7A10D0C000CFCFFFF03681B6BAC
:10A6F000184700BF01892DE9F0414FF47A760446EE
:10A7000006FB01F12148FDF73BFA214BA17AA3FB9F
:10A7100000239B0923811F48FDF732FA656CA07264
:10A720002B68B4F84C805F6AE38813F4807320D1FF
:10A73000414628462022B84728BB606C0168102398
:10A740004D6AB4F84C102222A847E0B9656CA17A92
:10A750002B6810485E6AB4F84C40FDF7F9F960F0D8
:10A760007F00C3B2232221462846B04758B9BDE82E
:10A77000F0812189054806FB01F1FDF7E9F940F078
:10A780000700C3B2D4E70448F1E700BF5CC603008A
:10A79000D34D621054C603000EFCFFFF10B5034BEF
:10A7A00003600446FDF75EFC204610BDD4C60300DE
:10A7B00010B5054B03600446FDF754FC204610F02D
:10A7C000AEFC204610BD00BFD4C6030008B5C28849
:10A7D000034659B1D10507D5016822F4824242F4FB
:10A7E0000072C96AC2808847002008BD9105FBD568
:10A7F00022F4007242F48042DA80002008BD00BFDB
:10A80000F0B5C388DA0585B005462ED4026843F456
:10A810008243D26AC38090470126314FA86C0268F8
:10A82000C488526884F48074BA424FF00003C4F3C1
:10A83000002415D19C424FF027020DD1686C95F889
:10A840004C1003681B6B984710F008040FD1002EC2
:10A85000E4D1204605B0F0BD002EDFD13446F8E744
:10A860009047B0FA80F35B09E4E70026D5E7686C0F
:10A87000012106220368CDE90021A822DC6AB5F88F
:10A880004C1002ABA047044640BBBDF90830BDF9EF
:10A890000A20A87A002BB8BF1F335911002ABDF92E
:10A8A0000C30ADF80810B8BF1F325211002BADF8B4
:10A8B0000A20B8BF1F3310FB02F25B115242ADF801
:10A8C0000C30AA6110FB03F32A6810FB01F15B4214
:10A8D000526B2846C5E907139047BAE7014CB8E721
:10A8E000F10702000EFCFFFFF8B504460E461546C0
:10A8F0001946BDF81C20BDF81870FDF7DFF9064BAE
:10A9000023600023C4E91165E380A4F84C7020465D
:10A91000FFF7F0FE2046F8BDD4C6030008B5036873
:10A920000F221B6BC9B29847A0F13300B0FA80F038
:10A93000400908BD03689B6A184700BF018938B504
:10A940004FF47A75044605FB01F11548FDF718F937
:10A95000144BA3FB00239B0999B205FB01F1238152
:10A960000F48FDF7F5F8C3B2A06CE2880168D20584
:10A970004D6AB4F8501058BF43F003036022A84753
:10A9800058B9A06CE3880268B4F85010546AC3F355
:10A9900000236222A04700B938BD034838BD00BF7C
:10A9A0000CC70300D34D62100EFCFFFF10B5034B24
:10A9B00003600446FDF728FD204610BD3CC7030098
:10A9C00010B5054B03600446FDF71EFD204610F050
:10A9D000A6FB204610BD00BF3CC7030008B5C288D7
:10A9E000034659B1D10507D5016822F4824242F4E9
:10A9F0000072C969C2808847002008BD9105FBD557
:10AA000022F4007242F48042DA80002008BD00BFC8
:10AA1000F0B5C388DA0585B005462ED4026843F444
:10AA20008243D269C38090470126294FE86C0268AF
:10AA3000C488526884F48074BA424FF00003C4F3AF
:10AA4000002415D19C424FF067020DD1A86C95F8F7
:10AA5000501003681B6B984710F008040FD1002EAC
:10AA6000E4D1204605B0F0BD002EDFD13446F8E732
:10AA70009047B0FA80F35B09E4E70026D5E7A86CBD
:10AA8000012106220368CDE90021E822DC6AB5F83D
:10AA9000501002ABA0470446C0B9BDF90830BDF85C
:10AAA0000A2003EB83034FF66A71C3EB031312FB17
:10AAB00001F25B00C5E90D23BDF80C302A6813FBD9
:10AAC00001F3D26AEB6328469047CAE7014CC8E716
:10AAD000F10702000EFCFFFFF8B504460E461546CE
:10AAE0001946BDF81C20BDF81870FDF715FB054B85
:10AAF0002360C4E91265A4F850702046FFF71EFFDA
:10AB00002046F8BD3CC7030082B08DE80C00014828
:10AB100002B0704716FCFFFF0020704700298069D3
:10AB200005DD08B904E010B10139406AFBD1704776
:10AB3000704700BF82B010B58C4684B04968864625
:10AB4000DCF800000DF1080CACE8030006A981E870
:10AB50000C00039BDA070EEB630C12D55A10029B14
:10AB60005EF80220D45808AB93E803008DE8030098
:10AB700006AB0CCB6046A04704B0BDE8104002B065
:10AB80007047029CEFE700BF002975D0F0B58469DB
:10AB900085B007460D464CB966E0A3889B0708D5EB
:10ABA0002A6823689A4217D0646A04B3AB889A076C
:10ABB000F3D422682B689A42F6D1A268AB689A4215
:10ABC000F2D1EA68E3689A42EED1B4F90420A3888E
:10ABD000002A4CDB2A4827E0A968A06802F0DCFEC6
:10ABE0000028E1D0EA68E3689A42DDD1EDE7D7F8C2
:10ABF00018C0BCF1000F37D02A886046634600E0D9
:10AC00000B461988914211D2596A18460029F7D18A
:10AC100063451CD0596A69625D62012340F2FD31CF
:10AC2000684602F011F9002005B0F0BD1C4603464D
:10AC300009E0608869888842EAD2666A2346002E65
:10AC4000E6D0318834468A42F3D06345E2D1198890
:10AC50008A4203D2C5F824C0BD61DEE7DAD1588844
:10AC600069888842D6D9F5E72A88BD61D5E7C3F35C
:10AC70000E030348A380D7E76FF47A70704700BFD4
:10AC800016FCFFFF00293FD0F0B5846985B0002C89
:10AC900037D01F4F0D46002605E0A268AB689A42E8
:10ACA0000DD0646A1CB3AA88A38853409907F8D4CE
:10ACB0009207F2D5A968A06802F06EFEE8B12B8871
:10ACC00013B122889A42ECD16B8813B162889A4200
:10ACD000E7D1A38822883B43A3804FF47F710123EF
:10ACE000684602F0B1F8646A0136002CDBD1002E10
:10ACF000C8BF204605DD05B0F0BDAB889B07D0D4AA
:10AD0000CBE76FF47A70F6E76FF47A70704700BFA4
:10AD10000080FFFF2DE9F04183885F0782B006467F
:10AD200003D59D062ED4DC0639D443F00403B3804A
:10AD300006F1100506F1180816E0F468B76895E802
:10AD40000F000094B847B388DA0618D5346AB4B156
:10AD500094E80F00276985E80F002046376210F05D
:10AD6000DEF9FCF71DFBB38898070ED4D907E4D4AD
:10AD700095E80F00B468A047B388DA06E6D423F05C
:10AD80000403B38002B0BDE8F08198E8030095E8C1
:10AD90000C008DE80300B06802F0E2FDD3E700F19B
:10ADA000180393E8030006F110030CCB8DE80300B1
:10ADB0003046FCF783FEE5E730B51C4B8DB003F160
:10ADC0000802283304460260C36006A802F08AF82D
:10ADD0000F231820029310F0A4F91549024600250C
:10ADE00042F80C4BCDE90015C56055606A46034634
:10ADF000CDE9040503CA0F4A5A615860996020469C
:10AE000002A91223ADF80C30CDE90A55FFF73AFF3D
:10AE100002A8FCF747FE084BE36004F10C006582D2
:10AE2000FBF782FE20460DB030BD00BF84C7030093
:10AE3000B1B0020035AB020044C40300A0F10C0025
:10AE4000FFF7BABF10B50446FFF7B6FF204610F073
:10AE500066F9204610BD00BF10B5A0F10C042046D5
:10AE6000FFF7AAFF204610F05AF9204610BD00BF98
:10AE700070B5254B254A0446002582B02260C4E9FE
:10AE800002530C302561FBF7E1FD214B2360203399
:10AE9000E360C4E906552562E584282010F041F9F5
:10AEA0000646103002F01EF81A4B3360182010F0DE
:10AEB00038F9194A00920246019542F80C4BC560D8
:10AEC00055606A460346C6E9020503CA99601349FC
:10AED0005860C222596120463146C6E90855B28001
:10AEE000FFF752FE48B90E4B1A6812B1204602B065
:10AEF00070BD20461C6002B070BD3046FCF7D2FD2C
:10AF0000304610F00CF9EEE744C4030074C70300A8
:10AF10008CC703000F000200B1B0020035AB020085
:10AF2000083D00202DE9F04184693CB30027064626
:10AF30003D46B4F90430A288002B06DB2546646A3E
:10AF4000002CF6D13846BDE8F0815307F6D4D4F88A
:10AF5000248085B1C5F82480B368204603B19847A2
:10AF60002046FCF79FFD2046444610F0D8F80137F4
:10AF7000002CDED1E6E7C6F81880EDE72746384614
:10AF8000BDE8F0812DE9F0418469002C46D0DFF85E
:10AF900094800D46164601270CE0A38803F0C003F9
:10AFA000A3F1C003B3FA83F35B09B34215D00027C2
:10AFB000646A3CB323882988994201D0002BF7D1D9
:10AFC00063886A889A4201D0002BF1D1FCF76CF8B3
:10AFD0000028E2D10123B342E9D1B4F90430B4F836
:10AFE00004E0002BE3DB95E80F0004F1100C1EF0E9
:10AFF000400F8CE80F0008D02046FFF78BFE646AF4
:10B00000002CD7D13846BDE8F081FCF74DF8002878
:10B01000F2D021464046FCF701FBC9E7012738463C
:10B02000BDE8F08115AD0200F0B5012287B0076AD6
:10B0300004460D46FFF7A6FF10B9E38C092B01D992
:10B0400007B0F0BD95E80F0002AE86E80F001820AB
:10B0500010F067F806AB054613E903008DE803001E
:10B06000284696E80C0001F063FF05F0A7FE67B1E3
:10B070003B692B613D612B695BB1E38C0133E38458
:10B0800007B0BDE8F04005F08BBEE3692B61E561D8
:10B09000F2E72562F1E700BF82B008B502A9C1E975
:10B0A0000023FFF7C1FFBDE80840002002B0704751
:10B0B00082B038B504A981E80C000446FFF732FFDE
:10B0C0000FE0E38C013BE38405F06AFE2946002291
:10B0D0002046FFF757FF284610F021F8FCF76AF8E2
:10B0E00070B105F06BFEE5692DB12B69E361002BB2
:10B0F000E7D12362E5E7BDE8384002B005F050BE75
:10B10000BDE8384002B07047024B1888421C1A80D4
:10B11000704700BF36210020C08800F00300A0F176
:10B120000300B0FA80F04009704700BF82B010B54C
:10B130008C4684B049688646DCF800000DF1080CA6
:10B14000ACE8030006A981E80C00039BDA070EEBCC
:10B15000630C12D55A10029B5EF80220D45808AB3B
:10B1600093E803008DE8030006AB0CCB6046A047D4
:10B1700004B0BDE8104002B07047029CEFE700BF8A
:10B1800010B5034B03600446FCF758FD204610BD84
:10B19000D0C7030010B5054B03600446FCF74EFD15
:10B1A00020460FF0BCFF204610BD00BFD0C70300F3
:10B1B0002DE9F04F83B0DDE90CABBDF83870002B02
:10B1C00041D080460E4691461D46BAF1000F3DD053
:10B1D0000F2E01D1C02F36D128200FF0A2FF044638
:10B1E000103001F07FFE18202680A4F802900FF0A6
:10B1F00098FFCDE900AB47F00207A7806B460746F2
:10B200000246A06003CB47F80C5B0023D8F800602F
:10B21000D360E3607B609160506075680D49516157
:10B22000C4E908330C4B9D4208D12046FCF73AFC98
:10B23000204603B0BDE8F04F0FF071BF21464046F5
:10B24000A8470028F1D103B0BDE8F08F1BF0010F33
:10B25000BED1F8E72DB10200BDD7010082B070B5B4
:10B2600088B00CA981E80C004289BDF83050BDF8C7
:10B270003230954204460AD0022B44D0052B2FD001
:10B28000012B20D008B0BDE8704002B07047022BFF
:10B2900086896CD0052B5ED0012BF3D1C388B542D3
:10B2A00043F00103C38018BF03F002030ED0002B4C
:10B2B000E8D001231A46A18804A801F0C5FD23891E
:10B2C00001332381DEE78689B54203D1E38843F069
:10B2D0000203E380E38803F00103002BD2D0E8E708
:10B2E0008689B54203D1E38843F00803E380E3880D
:10B2F00003F00403002BC5D0A1880123052204A874
:10B3000001F0A2FDBEE71646E388D90751D4954265
:10B3100032D0A1898D4208466CD0A37B012BB1D1DC
:10B3200001230322294604A801F08EFD6289A08929
:10B3300095422ED1E18821F001039BB28542E38042
:10B340002BD021F00501E18095429BD1E38823F0C9
:10B350001003E38096E7C388B54243F00403C3803B
:10B3600018BF03F00803BED0002B8BD0C4E7AE4259
:10B37000CAD0E3889B071CD4E188CB064DD4A37BBD
:10B38000012B4CD101F00403002BC9D0012304226E
:10B39000C8E785427FF476AFE38823F00201954247
:10B3A000E18031D023F00A039BB223F02003E38035
:10B3B00068E70123A1880222684601F045FD638900
:10B3C0009D422FD0A289AA4241D0A1880123032205
:10B3D00004A801F039FD6289B24203D1E38843F049
:10B3E0001003E380A089B042A2D1E38843F0200398
:10B3F000E3809DE79E06CFD4A07B012801D00846BC
:10B4000096E703F00803BFE723F006018542E180D9
:10B410009AD123F01E039BB2C7E7A0898BE7A189CD
:10B42000084685E7E28802F004010029CDD0B34246
:10B4300011D0A389B342C8D102F00802002AC4D0B7
:10B44000A1880123042204A801F0FEFCC3E7E288DE
:10B4500002F00801E9E702F00402EFE72DE9F0430A
:10B460000446DFF8749089B098460E461546FCF7FE
:10B47000CFFB184B2360D9F80030A4F804800027D4
:10B480006681A581A77303B3DFF850800597CDF8D7
:10B49000108004AA92E803008DE803003146C0261C
:10B4A00018463A4623460296FFF782FECDE9068704
:10B4B00008AB029613E903003A468DE803002346E1
:10B4C000D9F800002946FFF773FE204609B0BDE811
:10B4D000F08300BFD0C70300083D00205DB202002A
:10B4E00081737047C3889A0610B5044608D4406A31
:10B4F00003682146DB699847E38843F02003E38033
:10B50000DB0606D4D4E90A309842B4BF00200120FB
:10B5100010BD002010BD00BF10B50446406A074BA7
:10B52000026803F108013833126A2160E3602146A2
:10B5300090472046FEF7DCFC204610BDF0C7030014
:10B5400010B50446406A094B026803F1080138331C
:10B55000126AE3602160214690472046FEF7C8FC4E
:10B5600020460FF0DCFD204610BD00BFF0C70300F1
:10B57000F0B5002683B01D46174601230A89CDE9A0
:10B5800000660446FEF734FE0B4B23603033C4E9FB
:10B590000A566762E3602046FFF7A4FFB54207DA68
:10B5A000E3884FF4FA72C4E90A6243F01003E380BF
:10B5B000204603B0F0BD00BFF8C7030038B504460D
:10B5C00000F10C0528460121FDF7BCF8E0690A4AA4
:10B5D00003685B68934207D128466FF47D740021AD
:10B5E000FDF7B0F8204638BD9847002104462846AC
:10B5F000FDF7A8F8204638BDF107020070B50446F3
:10B6000000F10C0630460D460121FDF79BF8E0697C
:10B61000094A03681B68934205D130460021BDE802
:10B620007040FDF78FB82946984730460021BDE8A5
:10B630007040FDF787B800BFBD170200C288D3066F
:10B6400030B511D41E4A622301FB03F382FB03547D
:10B650004900DB17C3EB641382FB0142C917C1EB3E
:10B6600062111944C16230BD836A33B38B42B8BFE3
:10B670000B46134D622404FB03F385FB03EC4900E6
:10B68000DB17C46AC3EB6C1385FB01ECC917C1EB74
:10B690006C11013C1944C4628162002CE3D101EBBE
:10B6A000810385FB0345DB17C3EB651302311944A6
:10B6B00022F010028162C28030BD0B46D9E700BF84
:10B6C0001F85EB5110B50446FEF7F6FC606A03686F
:10B6D00021461B6A9847E38823F020030020E3807B
:10B6E00010BD00BF38B50446A0F10C052846FEF792
:10B6F000E3FCA069036829461B6A984734F8063CB6
:10B7000023F02003002024F8063C38BD30B4456BFC
:10B71000002D16DD8446021D002302E001339D4208
:10B720000FD052F8044F8C42F8D16A1C02335CF8F7
:10B730002220013DCCF83450002030BC4CF82320AE
:10B7400070476FF47A7030BC704700BF82B010B59C
:10B750008C4684B049688646DCF800000DF1080C80
:10B76000ACE8030006A981E80C00039BDA070EEBA6
:10B77000630C12D55A10029B5EF80220D45808AB15
:10B7800093E803008DE8030006AB0CCB6046A047AE
:10B7900004B0BDE8104002B07047029CEFE700BF64
:10B7A00038B5456B0A2D1CD0002D844608460EDDA9
:10B7B0000CF10402002301E09D4208D052F8044F2E
:10B7C000844203F10103F7D16FF47A7038BDAB1CEA
:10B7D00001354CF82300CCF83450FFF7EFFE002081
:10B7E00038BD6FF47B7038BD82B02DE9F04708A9F1
:10B7F00081E80C00426B002A804619DD314F051D9F
:10B800000024012603E0A24283F8306010DD55F8E1
:10B81000043FD8690168896CB94204F10104F2D08F
:10B820008847D8F834202B68A24283F83060EEDCD9
:10B830000120FCF7E7F9D8F83000DFF88CA00368A6
:10B840001B68534536D10027D8F83420B946002A62
:10B8500026DD002408F10405264602E00134A24258
:10B8600019DD55F8040F90F83030002BF6D0FFF7B3
:10B87000A5FE0128286802D0836ABB4204DC80F858
:10B8800030903946FFF7DAFED8F834200134A2426E
:10B8900006F10106E5DC174416B1B7F57A7FD6DD6F
:10B8A000D8F8300003681B68534506D1BDE8F0475F
:10B8B00002B0704701219847C5E7BDE8F047002175
:10B8C00002B0184795280200BD170200F0B5204BC2
:10B8D0001D68204B03608DB004465DB306A8A788A1
:10B8E000012601F0FFFA1820ADF80870ADF80A60E3
:10B8F0000FF017FC0146002241F80C4BCDE9040281
:10B90000C260CDE90A224A60242200920196EC46E8
:10B910000346BCE80300104A996058605A612B68DE
:10B920000E4A9B6812219342ADF80C100CD102A86C
:10B93000FCF7B8F80A4A226000232046E380FBF7B0
:10B94000F3F820460DB0F0BD614628469847EEE773
:10B95000083D002034C803004DB70200C5D70100E0
:10B9600044C4030010B50446FFF7B0FF20460FF0B3
:10B97000D6FB204610BD00BF70B5074B002504461E
:10B98000C0E900350E46FBF761F8044B23602563E0
:10B99000A6806563204670BD44C4030034C803001C
:10B9A00000207047704700BF704700BF00207047FD
:10B9B0000048704716FCFFFF002070474160704749
:10B9C000406870470048704716FCFFFF704700BF93
:10B9D000C1607047C068003818BF0120704700BFC1
:10B9E0000023C360704700BF006903681B691847E4
:10B9F000006903685B691847006903689B69184719
:10BA0000036941601A681846D3691847C06810B1C5
:10BA100003681B6818470148704700BF12FCFFFF0E
:10BA2000C06882B08DE80C0018B1036802B01B68D2
:10BA3000184702B0704700BFC160704710B5044698
:10BA400001F07AFD204610BD10B504460FF067FBEB
:10BA5000204610BD10B5064B03F1080240330446E2
:10BA600002608360183001F095FD204610BD00BFD4
:10BA700088C8030010B5074B03F1080240330446A1
:10BA800002608360183001F085FD20460FF047FB0F
:10BA9000204610BD88C8030082B010B58C4684B023
:10BAA00049688646DCF800000DF1080CACE803009C
:10BAB00006A981E80C00039BDA070EEB630C12D594
:10BAC0005A10029B5EF80220D45808AB93E803009A
:10BAD0008DE8030006AB0CCB6046A04704B0BDE880
:10BAE000104002B07047029CEFE700BF4B7F10B5DB
:10BAF00004462BB109690B681B689847204610BDA6
:10BB00000B77183101F03CFD204610BD30B5457F64
:10BB100085B004463DB1C068E8B103681B6805B054
:10BB2000BDE83040184701690B6868461B689847B4
:10BB3000694604F1180001F035FD684601F02AFD60
:10BB40000123A28A2377684640F2FF3101F07CF995
:10BB5000284605B030BD0148FBE700BF12FCFFFFDF
:10BB6000A0F10800FFF7D2BF406810B103681B685E
:10BB700018470148704700BF12FCFFFF38B50C4B57
:10BB80000A680446002503F108004033526820602B
:10BB9000A36021610846E56004F10801904720692F
:10BBA000656003682946DB699847204638BD00BFB9
:10BBB000CCC8030038B5134B0A680446002503F1CE
:10BBC0000800403352682060A36021610846E560A8
:10BBD00004F108019047206903682946DB69656024
:10BBE0009847094B03F108024033A36004F11800A1
:10BBF000226001F0A1FC4FF48073A582A38320464C
:10BC000038BD00BFCCC8030088C80300417741B9E4
:10BC10002DE9F041858A82B004461DB102B0BDE82D
:10BC2000F0817047FFF770FA204BA082D3F80080B4
:10BC30000746B8F1000FF1D028200FF072FA06463F
:10BC4000103001F04FF940F2FF3318203380778035
:10BC50000FF067FA164A00920246019542F80C4B23
:10BC6000C56055606A460346C6E9020503CA5860C6
:10BC70009960D8F800200F4952680F4858618A42ED
:10BC80004FF01203C6E90855B38008D13046FBF7E0
:10BC900009FF304602B0BDE8F0410FF040BA31462E
:10BCA000404690470028B9D0F0E700BF083D00208B
:10BCB00021BA0200BDD7010099BA020010B50549AA
:10BCC000054A8160002304460260C380FAF72CFF16
:10BCD000204610BD4CC9030044C4030010B50749F9
:10BCE000074A8160002304460260C380FAF71CFF04
:10BCF00020460FF014FA204610BD00BF4CC90300C7
:10BD000044C4030090F84430012B08D9C388DB06F3
:10BD100010B5044602D590F845300BB110BD704700
:10BD20004830FBF7D3FD0028F8D10F4B1868FDF71A
:10BD300049FAD4E91632C01A61EB0201322871F1D6
:10BD40000003EBD3E068E388026823F01003D269B4
:10BD5000E38001219047E388022223F0200384F846
:10BD60004420E38010BD00BFFC3C00202DE9F04FD3
:10BD7000C1682DED0A8B0B688FB081461B6805A842
:10BD80009847D9F80C00059A036804321B690092A1
:10BD9000984730F0040307460BD0082800F0E581EF
:10BDA0004FF48073C9F818300123DFEDCB8A1A46AF
:10BDB00006E08023C9F818300223F7EE008A1A46FD
:10BDC000059B5B88B3FBF2F30193002B00F0D58158
:10BDD0000023DFEDC29A9FEDC29A9FEDC2BADFED5C
:10BDE000C2AADFEDC2BA9FEDC2AA02931646D9F8E5
:10BDF0001850019B9D4200F3FF80009C25440023C6
:10BE0000A542CDE90A33CDE90C3340F2C281CDF829
:10BE10000C90DFF8E482DDF808B0B9469A461F4678
:10BE200001E09DF82C7058F82930204698470028EA
:10BE300018BF4FF0010B002F00F022815045C0F2D7
:10BE40001F819DF83430002B00F00D810C9B98422F
:10BE5000C0F209813444A542E3D8009CCDF808B073
:10BE60000023274647F6FE7B1C460DE00C9A9042C5
:10BE700000F0DB80A04200DD04B258453744B8BF73
:10BE80000FFA80FBBD4214D958F829203846904754
:10BE90005045EBD19DF82C20002AE7D000220EABB4
:10BEA00003EBC20237444FF00003BD4202F80C3CE2
:10BEB000EAD80BF12802A2424F462346DDF80C9047
:10BEC00000F3E680A3EB0B0404EBD47444F34F03BC
:10BED00008EE103A6FF02702A2EB0B034FF0000AB6
:10BEE000009CCDF80C90D346B9461F46204658F822
:10BEF000293098473444384420EAE070A5420BF1D9
:10BF0000010B00FB00AAF1D89AFBFBF107EE901A97
:10BF1000F8EEE77A4F46F5EE407AF1EE10FADDF8EA
:10BF20000C9000F12F81B1EEE7CAB8EEC88A99ED06
:10BF3000097A28EE288AC8EE297A67EE877AC7EE52
:10BF4000897A17EE900A0CF0DBFB07EE100AF3EE8D
:10BF5000047A67EE277A99ED0A7AF4EEC77AF1EE61
:10BF600010FA40F1AD8089ED077AB9F80630D9F8BA
:10BF7000182043F02001A9F806100199891A0191AF
:10BF8000009911440091990709D499ED077AD9EDE8
:10BF9000047AB4EEE77AF1EE10FA00F3AF805A07B4
:10BFA00009D499ED077AD9ED057AB4EEE77AF1EE86
:10BFB00010FA00F1B38099F83C30002B74D0D9ED21
:10BFC000107AF4EECC7AF1EE10FA01D589ED10CAB0
:10BFD000DFED487AB4EEE7CAF1EE10FA2CDDD9F8BD
:10BFE000383000210133C9E90D13012289F83C20C2
:10BFF000019B002B7FF4FBAE09F148042046FBF7C0
:10C0000065FC0028029B40F3A180002B40F0A28039
:10C01000B9F80630DB0600F1A18005A801F0BAFAF4
:10C020000FB0BDEC0A8BBDE8F08F9DF83420002ADC
:10C030003FF420AF012232E7D9F83830023B0B2B16
:10C0400006D8D9ED107AF4EEEB7AF1EE10FA75DA43
:10C05000D9F8343089ED10AA00220133C9E90D3234
:10C0600089F83C20C4E701230EAA02EBC3034FF07A
:10C07000010243F8100CDDF828A003F80C2CE9E6C7
:10C080004FF001038DF83430CDF830A00023EBE7FA
:10C090000BF1010212B2A2EB0B0202EBD27242F3DD
:10C0A0004F0308EE103A15E7B4EEEACAF1EE10FAC3
:10C0B000C2DDD9F83430132BBEDD89ED10CA8EE70E
:10C0C000F0EEE76AF4EE4B6AF1EE10FA88BFF0EE9C
:10C0D000477AC9ED077A48E70000804300FEFF4633
:10C0E000ACC5A737FFFF7F7F0000484300009643A1
:10C0F000000000000000C8425C2000200123B9F8C5
:10C100000410022206A800F09FFEB9F8063023F0C2
:10C11000040343F00203A9F806304CE701231A4652
:10C12000B9F8041006A800F08FFEB9F8063023F025
:10C13000020343F00403A9F806303CE7B9F8041001
:10C140000123082206A800F07FFE81E7002B7FF480
:10C1500064AF5DE72046FBF77FFB5EE70D4B186899
:10C16000FDF730F8C9E9160157E74023C9F8183040
:10C170000423DFED098A1A4622E609F14800FBF79D
:10C18000A5FB45E717EE900A0CF0F2FA0CEE100A48
:10C19000CBE6FFDEFC3C00200000000008B590F874
:10C1A0004430012B0CD9C388DB0603D5FFF7DEFD35
:10C1B000002008BD90F84530002BF7D1002008BDC5
:10C1C000013380F84430002008BD00BF08B590F866
:10C1D0003C30012B0ED930F8023CDB0604D5083880
:10C1E000FFF7C4FD002008BD90F83D30002BF6D1CC
:10C1F000002008BD013380F83C30002008BD00BF9E
:10C200002DE9F84300259846204B4560036004461D
:10C210000E461746BDF82890FAF718FC1C49E66050
:10C2200001F1080330312A462360A16004F148007F
:10C230002946FBF755FAE388DDED097AA4F8445066
:10C2400043F4005343F01103E3803368C4ED0A7AEA
:10C250005A68DDED087AA4F804900023E3612364B2
:10C260000123236384F82C3080233046C4F81480E3
:10C270002761C4ED097A6563A56384F83C5004F135
:10C280000801A36190472046BDE8F88344C4030039
:10C290001CC9030070B54F4E044630680D46FCF7CC
:10C2A00091FFE388C4E91601D80608D4E06843F09A
:10C2B0001003E38003680221DB699847E38899064D
:10C2C00021D594ED077ADFED447ADFED446A77EE0D
:10C2D000677A6A1C67EEA67A08BF236BF5EEC07A10
:10C2E00018BF2B46F1EE10FA4CD4DFED3D6AF4EEA8
:10C2F000E67AF1EE10FA51DD022B08D0B5EE407A65
:10C30000F1EE10FA03D104F14800FBF7F3F93068BD
:10C31000FCF758FF94ED077ADFED2F7ADFED2F6AF7
:10C3200077EE677A6B1C67EEA67A08BF256BF5EE91
:10C33000C07AF1EE10FAC4E9160126D4DFED286ABE
:10C34000F4EE667AF1EE10FAC8BFF0EE667A022DCE
:10C350001FD0F2EE026AF4EEE67AF1EE10FA0EDB8E
:10C36000B3EE056AF4EEC67AF1EE10FA07D877EE6E
:10C37000E67A9FED1C7AF7EE086AA7EEA67A17EE2A
:10C38000100A70BD022BB9D1BDE7022DDFED167A80
:10C39000DFD1B0EE677A17EE100A70BD022B16D00F
:10C3A000F2EE026AF4EEE67AF1EE10FAA6DBB3EEF4
:10C3B000056AF4EEC67AF1EE10FA9FD877EEE67AC7
:10C3C0009FED087AF7EE086AA7EEA67A96E7B0EE38
:10C3D000677A93E7FC3C0020000050420000AA402E
:10C3E00000007F43000018420000000090F8452044
:10C3F00001324FF0FF3180F84520FFF74BBF00BFFF
:10C4000090F84530013B80F84530704781627047B5
:10C41000806A003818BF0120704700BF80687047ED
:10C4200081600020704700BFF0B5CB680D6A9D4267
:10C43000A8BF1D4683B00C46012201F11007064635
:10C44000294601A801F07EF801A9384601F0AAF8B2
:10C4500001A801F09FF82069A1692A4604300DF077
:10C4600087FB236AA2695B1B2A44002B2362A2611B
:10C4700025D1636A002BC4BF03F1FF33636293B11C
:10C48000E36962692362002BA26104DDA06A03688C
:10C490001B689847236A33B13946304601F070F87B
:10C4A000304603B0F0BD636A002BF5D194F82C3010
:10C4B000002BF1D004F13000FBF796F9ECE7E5DC56
:10C4C000EAE700BF38B504460C4B40F8103B04F1D6
:10C4D000300501F031F8002201212846FBF700F970
:10C4E000002101224FF480732846C4E9022324640A
:10C4F000A162FBF7FFF8204638BD00BF58C9030012
:10C5000010B50446806A88B1002A0FDD73B1C4E912
:10C51000051101684FF0000C096884F82CC06362B3
:10C52000C4E90722884794F82C3003B910BD04F100
:10C530003000BDE81040FBF7DDB800BF0078704761
:10C5400090F90000704700BF00887047B0F9000004
:10C55000704700BF0068000A704700BF0068001203
:10C56000704700BF006870470068704701707047EF
:10C5700001807047018070470A120B1401704270ED
:10C580008370704701607047016070474069704771
:10C5900008299ABF416100206FF47A70704700BF8C
:10C5A0002DE9F04F2DED028BD1ED087A87B0894649
:10C5B000FDEEE77A0390CDED027A00F0BDFFD9F8E9
:10C5C0001000026812699047D9F81470824617B9B2
:10C5D000C9F814000746D9F8101001370A6807EBAC
:10C5E000D7777B101268009304A89047D9F81420DD
:10C5F00004990AF1010808EBD87801324FEA68087B
:10C6000002EBD272B8EB620F4B8893FBF8F700F0A5
:10C610008B80009B07FB03F31946012205A808EE57
:10C62000103A00F08FFF039805A900F0BBFF05A8A2
:10C6300000F0B0FF039B049C1D68002F04F104046C
:10C6400005F104057ADD4B460026DFF8FCB00196C3
:10C65000B9461F465BF82A202046904797F82820C5
:10C660000136444422B1019B03440193029BC01A4A
:10C6700007EE900A97ED077A7B6A7A69F8EEE77A17
:10C68000284667EE877AFDEEE77A17EE901A19438F
:10C69000009B1D442B4B53F822209047B145D9D124
:10C6A0003B464F46994699F82820FAB1DDED017ACC
:10C6B00099F82920B8EEE77A07EE907AF8EEE77A53
:10C6C000C7EE276A3AB1F6EE007A66EEA76A99EDF0
:10C6D000087AE7EE276AD9F818100122C9ED086A2E
:10C6E00089F8292089B9012289F82A20039C18EEAB
:10C6F000101A204600F0E8FF04A800F04BFF204687
:10C7000007B0BDEC028BBDE8F08FFDEEE67A029B30
:10C7100017EE902AD21A002AB8BF52429142E5DDA4
:10C72000012289F82A20E1E7039804A900F03AFFE2
:10C73000009B07FB03F308EE103A7BE7002301930D
:10C74000B1E700BF802000205C200020017070470E
:10C750002DE9F0410446DDE9068517461E46FFF740
:10C760000DFA144B23603833A360214604F12C00EA
:10C77000FFF720FA0023B8F1080F4FF0000298BF2E
:10C78000C4F814802262E76184F82860636284F848
:10C790002930A5613EB1B5FA85F35B0984F82A30EA
:10C7A0002046BDE8F081012384F82A302046BDE808
:10C7B000F08100BF84C903002C30FFF7A7B900BF88
:10C7C0002430FFF7A3B900BF10B5074B03F10802EF
:10C7D00040330446026083602C30FFF73BF920466B
:10C7E000FFF7F4F8204610BD7CC90300094B10B5D3
:10C7F00003F1080240330446026083602C30FFF7E7
:10C8000029F92046FFF7E2F820460EF088FC204682
:10C8100010BD00BF7CC903004369586903681B69E8
:10C82000184700BF4369586903685B69184700BF30
:10C8300003460022C3E9061208461A62704700BF89
:10C840002DE9F041074600F1140400F13C060025F3
:10C8500054F8043F18464BB11B681B6A9847A8421E
:10C8600004DD206803681B6A98470546B442EFD18F
:10C87000786903682946DB69BDE8F041184700BFC5
:10C8800000F1140300F13C0253F8040F78B110B426
:10C89000C4688C4208D093420DD053F8040F00288E
:10C8A000F9D0C4688C42F6D15DF8044B70479342CE
:10C8B000EAD10020704700205DF8044B704700BFAC
:10C8C000436910B50446586903689B699847D4EDDD
:10C8D000067A07EE100AF8EEE77AC7EE277A17EE27
:10C8E000900A10BD0164704770B50C460546FFF70D
:10C8F00067F8A04200D170BD21462846FFF75EF8D8
:10C90000686903682146DB68BDE87040184700BFCE
:10C9100010B5054B03F108024433044602608360FE
:10C92000FFF754F8204610BD10CA030010B5074B9E
:10C9300003F108024433044602608360FFF746F8BF
:10C9400020460EF0ECFB204610BD00BF10CA0300CD
:10C95000094B10B503F1080234330446C0E9002343
:10C960000C3000F017FE054A62600023201D638131
:10C97000FAF7DAF8204610BDC0C9030044C403002A
:10C98000F0B583B001F10C07044601A80D4600F094
:10C99000D3FD01A9384600F015FE064601A800F0B7
:10C9A000F9FD5EB169690B6801A81B68984701A988
:10C9B000384600F0F7FD01A800F0ECFD39462046AE
:10C9C00000F0DEFD204603B0F0BD00BF70B5036C83
:10C9D00082B004462BB11B7803F0FF000BB902B004
:10C9E00070BD04F1140504F13C0655F8043F1846E7
:10C9F00013B11B68DB6A9847AE42F6D101A800F07C
:10CA00009BFD01A904F10C0000F0CCFD01A800F091
:10CA1000C1FD0148E3E700BF12FCFFFF0B4B10B55F
:10CA200003F1080234330446C0E900230C3000F05F
:10CA3000B1FD074A626000236381201DFAF774F894
:10CA400020460EF06CFB204610BD00BFC0C903009D
:10CA500044C4030038B50C4B03F1080234330446D8
:10CA600040F8042C40F8083B00F094FD074A22608F
:10CA70000023251FE3802046FAF756F828460EF0DB
:10CA80004EFB284638BD00BFC0C9030044C40300A4
:10CA900038B500F114020D46002352F8044FAC42A1
:10CAA00004D001330A2BF8D1002038BD02690633C7
:10CAB0000024013A40F82340026185B12B680B4AFB
:10CAC0009B6A93420DD10A4B2B603C33AB602846E6
:10CAD000FEF77CFF28460EF022FB012038BD012026
:10CAE00038BD28469847012038BD00BF2DC9020037
:10CAF00018CA030038B50B4B054603F1080234335E
:10CB0000044640F8042C45F80439083000F042FD92
:10CB1000054A226000232046E380FAF705F82846FC
:10CB200038BD00BFC0C9030044C40300F8B50746C0
:10CB300000F11403002453F8045F2DB101340A2CD2
:10CB4000F9D100263046F8BD24200EF0EAFA064658
:10CB500008200EF0E6FA0C4B4560014603603046B3
:10CB6000FFF70CF8094B3A6933603C330634B36085
:10CB700001231A4447F82460C6E906353562776117
:10CB8000F5603A613046F8BD64C8030018CA030076
:10CB90002DE9F04F8B692DED028B012B08EE100A69
:10CBA00083B0914659D04B69586903681B690C469C
:10CBB000984700F10108D9F80030A1695E8808EBB8
:10CBC000D8784FEA6808074696FBF8F6012296FBEC
:10CBD000F1F101A801FB088100F0B4FC06FB08F6A6
:10CBE000019D002E05F1040541DDDFF88CA004361F
:10CBF0004FF0040BD9F800005AF8273058449847F2
:10CC0000D4E907310844A16901338B42C4E90730F4
:10CC10000BF1010B0ADB90FBF1F1164B284653F8A0
:10CC2000273098470023C4E9073345445E45E1D1E6
:10CC300001990431691A01A800F046FD01A918EE16
:10CC4000100A00F09DFC01A800F0A4FC18EE100AE8
:10CC500003B0BDEC028BBDE8F08F114600F090FCF4
:10CC600018EE100A03B0BDEC028BBDE8F08F002176
:10CC7000E1E700BF802000205C20002030B50D4699
:10CC800049690B6885B004461B6902A8984702A948
:10CC900003A800F075FC4FF0FF33294603AA009368
:10CCA00020460023FFF774FF03A800F073FC02A8DE
:10CCB00000F070FC204605B030BD00BFF8B504465A
:10CCC000124B03600026124B43600430A6600D46F1
:10CCD0001746F9F7BBFE0F4B03F1080234336360CC
:10CCE000226004F10C0000F027FC28223146656127
:10CCF00027812661266404F118000DF04FF82B6897
:10CD000028465B68214698472046F8BD18C90300AD
:10CD100044C40300C0C90300024A11687E22C0E96E
:10CD200000127047A4200020034A034692E8030043
:10CD300083E8030018467047003D0020A1F120035E
:10CD40005E2B07D8006805236FF09F0213FB0121BB
:10CD50000844704700207047034A044B11687E2244
:10CD6000C3E90012704700BFA4200020003D00204E
:10CD7000017042704360704782B010B401AC84E827
:10CD80000C0001AA03468C4607CA9DF8104083E8B0
:10CD90000700A4B19CF80100B0B9DCF80420022A15
:10CDA0001AD0032A34D0012A2CD0012C1ED0022CF8
:10CDB00005D1D3E9011249425242C3E901125DF89B
:10CDC000044B184602B0704752424942C3E901126F
:10CDD000DCF80420022AE4D1D3E90012012CC1F1CD
:10CDE0000001C2F10002C3E90012E0D1D3E9001052
:10CDF0009A685DF8044B5242C3E900019A601846F4
:10CE000002B07047D3E900215242C3E90012CCE7D7
:10CE1000D3E900125242C3E90021C6E782B010B53F
:10CE200082B004AC84E80C00069B0A78CDE900329D
:10CE300004AB0CCB0446FFF79FFF204602B0BDE8D1
:10CE4000104002B0704700BF70B5018082B04280D0
:10CE500004461D46FCF7ECFBC4E9020115B9204667
:10CE600002B070BD094B1D68002DF8D02A68084B30
:10CE700016689E42F3D004F1080393E803008DE89E
:10CE80000300284694E80C00B047E8E7083D00207E
:10CE900009AB020070B582B09DED067B9DF8203095
:10CEA000018080ED027B0446428013B9204602B027
:10CEB00070BD0A4B1D68002DF8D02A68084B166813
:10CEC0009E42F3D000F1080393E803008DE80300CD
:10CED000284694E80C00B047E8E700BF083D002072
:10CEE00009AB020010B5002303600446FCF7A0FB69
:10CEF000C4E90201204610BD30B50B4B1C6883B05D
:10CF000024B12168094A0D68954201D103B030BDB2
:10CF100000F10802034692E803008DE80300204672
:10CF20000CCBA84703B030BD083D002009AB020080
:10CF300082B038B5002504A90560044681E80C00DC
:10CF4000FCF776FB04AB0FCB256184E80F0020468D
:10CF5000BDE8384002B0704710B50446006800F0E4
:10CF6000D3FC204610BD00BF2DE9F047164606222F
:10CF7000804601FB06200F461D46FAF701FDC8F862
:10CF8000000000F0E9FCD8F800401FFA87FA1FFA09
:10CF900086F9A4F802A0A4F80490DDB1002F17DDF3
:10CFA000B145A8BFB146BA45A8BFBA460634B9F1E3
:10CFB000000F0DD000262946204652460CF0D8FD21
:10CFC000D8F8003001365B88B1453D441C44F2D1AD
:10CFD000BDE8F08709FB0AF22946A01DBDE8F0472D
:10CFE0000CF0DCBE014B0360704700BF34CC030083
:10CFF00070B50D1E044615DB002A164612DB06200E
:10D0000005FB0200FAF7BCFC206000F0A5FC2068DC
:10D0100005FB06F245808680002106300CF0BEFE3E
:10D02000204670BD014B2360204670BD34CC030008
:10D0300010B50B6804461846236000F049FC2046F2
:10D0400010BD00BF2DE9F041064684B000296BD029
:10D050000A780D46002A6DD04FF0000C0B4667464B
:10D060006446604607E00A2A52D008B10134002025
:10D0700013F8012F42B1A2F130010929F3D813F8B6
:10D08000012F0120002AF6D10FFA8CF3002B48DB88
:10D0900038B2002845DB062203FB00201FFA8CF47F
:10D0A000BAB2904602FB04F41FFA8CF7FAF768FC58
:10D0B000306000F051FC306822464780A0F80480C0
:10D0C000002106300CF06AFE37682B780637DBB19A
:10D0D00001AC22464FF0000804E002F8013B15F8CD
:10D0E000013F8BB1A3F130010929F6D9A24282F8A0
:10D0F0000080F4D920460CF09FFC07F8010B15F8CE
:10D10000013F2246002BEDD1304604B0BDE8F0814E
:10D1100000B10134A445B8BFA4460024013720461D
:10D12000A6E7074F3760D0E7054B0360304604B0F1
:10D13000BDE8F0811446904617460620B6E700BFCA
:10D1400034CC030010B5044629B10846216000F034
:10D15000BFFB204610BD024B0360204610BD00BF40
:10D1600034CC03002DE9F0410D1E064627DB002AD2
:10D17000174624DB062005FB02001C4605FB02F8CF
:10D18000FAF7FEFB306000F0E7FB33685D809F80BC
:10D19000D4B1B5B10633A7B14FF000082146184607
:10D1A0002A460CF0E5FC326808F101085288034673
:10D1B00047452C441344F1D13046BDE8F081064B7D
:10D1C00033603046BDE8F08142462146981D0CF0A0
:10D1D000E5FD3046BDE8F08134CC030038B50B687E
:10D1E00004460068984206D00D4600F08DFB286882
:10D1F000206000F06DFB204638BD00BF006843880A
:10D2000082880021063003FB02F20CF0C7BD00BF8C
:10D210000068B0F802C0614512DA00B5B0F804E069
:10D2200072450ADA002908DB002A06DB08440CFBF9
:10D230000202002093715DF804FB6FF47A70FAE744
:10D240006FF47A70704700BF2DE9F04707468846B3
:10D250003C689DF8200061888A424EDAA588AB427E
:10D260004BDAD8F800C0BCF8026002EB060ABAF14B
:10D27000000F42DDBCF8049003EB090EBEF1000F75
:10D280003BDD002A3CDBA1EB020AB245A8BFB24657
:10D29000002B59DBED1AA945A8BFA9460CF10605DC
:10D2A00022EAE272A61D0BB101FB03221644A0B3D1
:10D2B000B9F1000F21DD002108460AF1FF3EBAF165
:10D2C000000F10DD6B1EB44605EB0E0213F8014F84
:10D2D00014B18CF80040013093420CF1010CF5D1EF
:10D2E0003C68D8F800C0BCF8023001311D446388A6
:10D2F00089451E44E3D1BDE8F0870020BDE8F087F2
:10D300008A45A8BF8A46002B2CDBED1AA945A8BF89
:10D31000A9460CF10605AD1AC2E7B9F1000FEDDD23
:10D3200004462946304652460CF022FCD8F800301C
:10D330005B881D443B6801345B88A1451E44F0D1E5
:10D340000AFB09F0BDE8F087AE45A8BFAE46F1463E
:10D350000CF10605002106FB13131D4422EAE272BC
:10D36000A61DA3E7AE45A8BFAE46F1460CF10605E3
:10D370005142F0E72DE9F043054683B06846164672
:10D380001C460F46FFF7D0FC2B685A88964234DAC9
:10D390009B889C4231DA1F2F2FD9019B9F422CDCA6
:10D3A00039466846FFF7CAFC102700F10508B44665
:10D3B00000212B68B3F802E0F44510DA9A88944211
:10D3C000634447FA01F20ADA90F800900EFB043346
:10D3D00019EA020F14BF4FF0FF3200229A71013197
:10D3E00005290CF1010CE4D10130404504F10104A0
:10D3F000DDD1002003B0BDE8F0836FF47A70F9E767
:10D4000003682DE9F0410E1E5F8827DDBE4203F15F
:10D41000060419DA9B88A3B18046BF1B0025A11919
:10D4200020463A460CF0A4FB3246E01900210CF0ED
:10D43000B5FCD8F800305A889B8801359D421444C9
:10D44000EDDB0020BDE8F0819A88002107FB02F2A5
:10D4500020460CF0A3FC0020BDE8F0816FF47A7048
:10D46000F0E700BF2DE9F84F00AFD1F80080FE6A69
:10D47000B8F802501C46BB6A02EB030BAB45814671
:10D4800004EB06033EDABBF1000FD8BFAB46B8F899
:10D490000460B34202DA002BC8BF1E460BFB06F342
:10D4A000073323F0070305FB0422ADEB030D08F15E
:10D4B0000605A6421544EA46C8BF6B460CDD294660
:10D4C00018465A460CF054FB0134B8F802200346C3
:10D4D000A64215443344F2D10FFA8BF100290ADB3E
:10D4E00032B2002A07DB48465346FFF73DFD484667
:10D4F000BD46BDE8F88F044BC9F800304846BD462C
:10D50000BDE8F88FAB46C2E734CC030010B5064C3B
:10D510000648206000F0DCF92046054A0549BDE8D0
:10D5200010400DF0F7BD00BF0C3D002034CC0300CF
:10D530004020002059CF0200014B0360704700BF1C
:10D540003CCC030070B50D1E04460CDD281D1646AC
:10D55000FAF716FA206000F0FFF92068012E4580E6
:10D5600005D0204670BD054B0360204670BD2A469D
:10D57000002104300CF012FC204670BD3CCC0300AE
:10D5800010B50B6804461846236000F0A1F9204648
:10D5900010BD00BF10B50446006800F0B5F9204684
:10D5A00010BD00BF38B50B6804460068984206D02D
:10D5B0000D4600F0A9F92868206000F089F920469E
:10D5C00038BD00BF0068096888420ED008B54A8897
:10D5D00043889A4201D0002008BD043104300CF089
:10D5E00095FAB0FA80F0400908BD0120704700BFED
:10D5F000B2F1000C19DB0068428808B51FFA8CFEF6
:10D6000096450FD833EA230328BF1346A2EB0C023A
:10D610009A4200F10400A8BF1A4660440CF0BEFB19
:10D62000002008BD6FF47A7008BD6FF47A707047FF
:10D63000002B70B50E46154602DA03685B889B1A0C
:10D64000002D21DB00684288591991421CDCA94257
:10D650001ADBCBB136F0004116D05942B14214DA90
:10D66000B34212DD00F1040C002E65441FDB9C1B4D
:10D67000A919224628460CF015FB3246281900212C
:10D68000BDE870400CF08ABB70BDA9B28A42FBD3E2
:10D6900033EA230328BF1346521B04309A4228441E
:10D6A000A8BF1A46BDE8704000210CF077BB2946A0
:10D6B0009A197442A81B0CF0F5FA2246284600215C
:10D6C000BDE870400CF06ABB002906DB03685A888D
:10D6D0008A4202DB5980002070476FF47A707047ED
:10D6E00010B50446006800F00FF9204610BD00BFD9
:10D6F00030B50B4685B0044601A91846F9F7CCF8B9
:10D7000001A8EEF77DFD05460530FAF739F92060EE
:10D7100000F022F920682A46458001A904300CF067
:10D7200027FA20680544002320462B7105B030BD40
:10D7300070B5044611B10B780D461BB90D4B236033
:10D74000204670BD0846EEF75BFD06460530FAF749
:10D7500017F9206000F000F920683246468029461B
:10D7600004300CF005FA2068304400230371204691
:10D7700070BD00BF40CC0300F8B517460A683B688F
:10D78000B2F90250B3F902301D440446681D0E463A
:10D79000FAF7F6F8206000F0DFF82068316845807D
:10D7A000B1F90220043004310CF0E2F93268236848
:10D7B0003968B2F90200B1F9022004331844043187
:10D7C0000CF0D6F923682B4400221A712046F8BDCC
:10D7D000F8B5054649B10B780C4633B108461646F4
:10D7E000EEF70EFDB7B2874203D90B4B2B602846EC
:10D7F000F8BD701DFAF7C4F8286000F0ADF828688D
:10D8000032464780214604300CF0B2F92A6832448F
:10D81000002313712846F8BD40CC030010B50B68F7
:10D8200004461846236000F053F8204610BD00BFA0
:10D83000014B0360704700BF40CC030038B50B6854
:10D8400004460068984206D00D4600F05DF828684E
:10D85000206000F03DF8204638BD00BF70B5156867
:10D860006E88044666B10B685B881BB1FFF784FFC6
:10D87000204670BD0560284600F02AF8204670BD9D
:10D880000868206000F024F8204670BD002907DBFE
:10D890000368B3F902208A4202DD1944087970470F
:10D8A0000020704710B5064C0648206000F010F8C4
:10D8B0002046054A0549BDE810400DF02BBC00BFCD
:10D8C000103D002040CC030040200020E1D60200A3
:10D8D00003884FF6FF729BB2934214D0012B10B510
:10D8E000044601D0DB0702D41E20F2F7DBF8BFF3B9
:10D8F0005B8FD4E85F3F0233C4E8523F002AF8D17F
:10D90000BFF35B8F10BD704703884FF6FF729BB269
:10D91000934218D0012B10B5044610D0DB070ED56A
:10D92000BFF35B8FD4E85F3F9A1EC4E8512F0029F4
:10D93000F8D1BFF35B8F9BB2032B05D010BD1E2027
:10D94000F2F7B0F8ECE770472046BDE8104000F071
:10D9500001B800BFFAF752B803230380704700BF35
:10D9600082B030B583B006A981E80C0008AB8646CA
:10D97000844693E803005EF8045B8DE8030006AB81
:10D980000CCBDCF8144071462846A04703B0BDE834
:10D99000304002B0704700BF08B502680B689A4279
:10D9A00001D0002008BD1022043104300CF0AEF884
:10D9B000B0FA80F0400908BD0420704704290248ED
:10D9C00008BF0020704700BF16FCFFFF8268054BB0
:10D9D000106993FBF0F007EE900AF8EEE77A17EE85
:10D9E000900A704740420F00837D43F02003837507
:10D9F000704700BF807DC0F34010704710B50C31F8
:10DA00000446FFF7BDFD204610BD00BF807D00F03D
:10DA10001000704730B5837D13F0100483B002D13D
:10DA2000204603B030BD8468054601A8FFF784FD99
:10DA300003F0C4F9E37D7F3304EB830101A8FFF712
:10DA4000B1FD03F0ADF90023EC7D1D481A4602F14B
:10DA500051010901415801B10133944202F101021F
:10DA60002AD0082AF3D1174B019A101D48F68804D2
:10DA7000C15AA142034414D052881044AA68927D2E
:10DA8000984298BFA3EB420C08D9520001E098429B
:10DA900004D9995AA1429C461344F8D1BCF90030EC
:10DAA0002B822C8A01A824B2FFF774FD24EAE474C7
:10DAB000A4B2204603B030BD013B5B00D4E700BFF9
:10DAC000007000402EF8FFFF072914D8032A12D84F
:10DAD00010B4C37D01761B0103F1804342EA0124A7
:10DAE00003F5E043427644F480540020C3F818451F
:10DAF0005DF8044B70476FF47A7070478176704719
:10DB000010B504468069036800219B6B9847A069A3
:10DB100003684FF47A51DB6C9847A07D2169012896
:10DB20000346B8BF012303EB8303B1FBF3F3B3F563
:10DB3000807FA8BF4FF480735B104BD000225B1036
:10DB400002F10102FBD107EE901AF8EE677AB3EE0C
:10DB5000007A012867EE877A2DD9082A4FF0010351
:10DB6000A8BF082203FA02F207EE102AF8EEC76AED
:10DB7000194B87EEA67A0021C3F8F415C4F80422E5
:10DB8000A06903680021DB6BFDEEC77A17EE902ACF
:10DB90009847A369114A5B69114801210224C3F81F
:10DBA0000012C2F8084503F5A074C2F81845C2F87F
:10DBB0001C05D96010BD012303FA02F106EE901A8C
:10DBC0000549F8EEE66AC1F8F42587EEA67AC4F8AE
:10DBD0000432D5E71A46B6E70070004000F0014075
:10DBE000047000402DE9F04F87B000250193D64B1B
:10DBF00045600360044603920E46F8F727FFD34BB7
:10DC0000DFF86083A66103F10801303304F13806C0
:10DC1000A360C4F81C802160A58104F11C0164622A
:10DC200004F128000291FFF787FC029984F8325032
:10DC30003046FDF7BFFFA36A84F8335002275B88A4
:10DC4000E38530464FF400762686A7862946A585CB
:10DC500084F83650FDF7DAFF04F1740904F1580135
:10DC6000C4F85880246604F164000291FFF764FC54
:10DC7000029984F86E504846FDF79CFF636E484653
:10DC80004FF0010984F86F905B88A4F86A30A4F81B
:10DC90006C60A4F870702946A4F8685084F872503B
:10DCA000FDF7B4FF04F1B00B04F19401C4F89480C3
:10DCB000C4F89C4004F1A0000291FFF73DFC0299DA
:10DCC00084F8AA505846FDF775FFD4F8A03084F8C0
:10DCD000AB705B88A4F8A6305846A4F8A860A4F8F6
:10DCE000AC702946A4F8A45084F8AE50FDF78EFF1E
:10DCF00004F1EC0B04F1D001C4F8D080C4F8D84092
:10DD000004F1DC000291FFF717FC029984F8E65059
:10DD10005846FDF74FFFD4F8DC3058464FF0030B60
:10DD200084F8E7B05B88A4F8E230A4F8E460A4F8D3
:10DD3000E8702946A4F8E05084F8EA50FDF766FF41
:10DD400004F5947A04F58671C4F80C81C4F8144182
:10DD500004F58C700291FFF7EFFB029984F82251D1
:10DD60005046FDF727FFD4F81831042184F8231119
:10DD70005B88A4F81E315046A4F82061A4F82471F1
:10DD80002946A4F81C5184F82651FDF73FFF04F5FD
:10DD9000B27A04F5A471C4F84881C4F8504104F57E
:10DDA000AA700291FFF7C8FB029984F85E515046B1
:10DDB000FDF700FFD4F85431052184F85F115B882A
:10DDC000A4F85A315046A4F85C61A4F86071294661
:10DDD000A4F8585184F86251FDF718FF04F5D07A81
:10DDE00004F5C271C4F88481C4F88C4104F5C8708C
:10DDF0000291FFF7A1FB029984F89A515046FDF772
:10DE0000D9FED4F89031062184F89B115B88A4F8E0
:10DE100096315046A4F89861A4F89C712946A4F85C
:10DE2000945184F89E51FDF7F1FE04F5E071C4F8B9
:10DE3000C081C4F8C84104F5EE7804F5E67002919B
:10DE4000FFF77AFB029984F8D6514046FDF7B2FEFF
:10DE5000D4F8CC31072184F8D7115B88A4F8D231EB
:10DE600029464046A4F8D871A4F8D46104F5FE7898
:10DE7000A4F8D05184F8DA51FDF7C8FEA71940463E
:10DE8000FFF75AFB3846FFF757FB019B039AA38025
:10DE90002261A68231462A46C4F80492A57584F808
:10DEA000085205A8FFF74EFB4FF0FF332A4605A89E
:10DEB0008821FFF79DFB05A94046FFF773FB05A8E6
:10DEC000FFF768FBA18A224E2A4605A8FFF73AFB16
:10DED0004FF0FF332A4605A88821FFF789FB05A9E3
:10DEE0003846FFF75FFB05A8FFF754FB194BE575B4
:10DEF00080271C60C6F88070BFF34F8FBFF36F8F11
:10DF0000154A164B1649C3F800552320C3F8F0B53F
:10DF1000C3F80403C2F808952046C2F81015C2F8E9
:10DF20001435FFF7EDFD86F80753A069C6F8807138
:10DF3000036837605B6A9847A06903681B6B984762
:10DF4000204607B0BDE8F08F44C40300BCCC0300FA
:10DF500000E100E0143D002000F0014000700040AE
:10DF60000471004094CC0300F0B5584D85B0D5F84D
:10DF700040260092D5F844260192D5F84826029210
:10DF80000023C5F8FC3F0122D5F8FC1FC5F8FC2F83
:10DF90000099C5F840160199C5F844160299C5F8CC
:10DFA00048160321C5F80035C5F8F01523210446AD
:10DFB000C5F80413844683751E46184617E05FFAB9
:10DFC0008EF0A075BCF834109CF8337049BA41F457
:10DFD000805105EB071789B2C7F81815C3F800255B
:10DFE0000132092AC3F804650CF13C0C1ED0531E03
:10DFF000C3EB031304EB8301130191F8327003F1B7
:10E000008043110117F0100700F1010E03F5E04302
:10E0100001F18041D3D101F5E0410132092AC1F873
:10E0200000750CF13C0CC1F80475E0D108B905B0DD
:10E03000F0BD264E01252046C6F80055FFF760FDCD
:10E04000E77DA18A00227F3703A8FFF77BFA04EB64
:10E0500087074FF0FF330022882103A8FFF7C8FA93
:10E0600003A93846FFF79EFA03A8FFF793FAE27D6B
:10E07000A37DD4F8041204EB820203FB01F1D2F871
:10E08000FC2103F100430432013BC6F82C2602EBCD
:10E090004302A38AA94093FBF1F001FB10315B1A04
:10E0A00003EBD3732B41C6F83036094B356003219F
:10E0B000C3F8041548F6880184F8085213889BB207
:10E0C0008B42FBD0012005B0F0BD00BF00700040C6
:10E0D00000F0014010B5F1B190F8083203F0FF01F3
:10E0E00073B11D4B1D4A0324C3F80845D2F8003410
:10E0F000DB07FBD40123936090F80832002BFBD19F
:10E10000174B184A197013681749C3F3C0130B70E3
:10E1100083B9002010BD144B1B78A3B9104B1B789A
:10E12000002BF6D090F80832002BF2D1FFF71CFF3D
:10E13000002010BD8023C2F88030BFF34F8FBFF3A3
:10E140006F8F002010BD074B80221A60044B1B7894
:10E15000002BDED0E6E700BF00F001400070004079
:10E160001645002000E100E01545002007EE901A5A
:10E17000B7EE007AF4EEC77AF1EE10FA10B5044665
:10E1800006D49FED1F7AF4EEC77AF1EE10FA10DD97
:10E1900023681C4A9B6993422BD1A3681A481B69C8
:10E1A00090FBF3F007EE900AF8EEE77A17EE900A8C
:10E1B00010BDC7EE276A806890F80832FDEEE66A67
:10E1C000DBB1124B0322C3F80825114AD2F8003400
:10E1D000DB07FBD40123936090F80832002BFBD1BE
:10E1E00090F80832C0ED046A002BD1D1FFF7BCFED5
:10E1F000CEE72046BDE810401847C0ED046AC7E7E7
:10E2000000247449CDD9020040420F0000F00140C3
:10E210000070004031B38B7DDA0601D500207047D5
:10E2200090F8083210B573B1104B114A0324C3F8AB
:10E230000845D2F80034DB07FBD40123936090F843
:10E240000832002BFBD18B7D43F010038B7590F8C7
:10E25000083203F0FF041BB9FFF786FE204610BD0D
:10E26000002010BD6FF47A70704700BF00F00140CD
:10E2700000700040F8B50D460446097D1448174665
:10E28000F9F79CFC50B1297D1148F9F761FC461E55
:10E290002FB93701B81B04EB80001C30F8BDC6EB6A
:10E2A000061104EB81011C312046FFF7B3FF2B68F8
:10E2B000084ADB6D93424FEA061702D1002323730D
:10E2C000E8E72846002204F108019847E2E700BF8A
:10E2D00044CC0300B528020071B38B7DDA0621D54A
:10E2E00090F8082202F0FF0302B3154B154A10B54F
:10E2F0000324C3F80845D2F80034DB07FBD401231C
:10E30000936090F80832002BFBD18B7D03F0EF0374
:10E310008B7590F8083203F0FF042BB9FFF724FE49
:10E32000204610BD00207047002010BD8A7D184691
:10E3300002F0EF038B7570476FF47A70704700BF7F
:10E3400000F001400070004010B5837D02290446B2
:10E3500003F010030DD0012900D910BD002BFCD013
:10E3600080682146FFF7B8FFA37D03F0EF03A37594
:10E3700010BD002BF1D180682146FFF74BFFA37D34
:10E3800043F01003A37510BD38B50C460546097D52
:10E390000F48F9F713FC90B1217D0D48F9F7D8FB30
:10E3A000431EC3EB03139C0004F11C0129442846BF
:10E3B000FFF792FF2B1993F83220D206FBD42B7B68
:10E3C0001BB12B6828469B699847002038BD00BFC9
:10E3D00044CC0300A0F10800FFF7D6BF2DE9F04FB1
:10E3E0009946837D85B013F0100F0E9F837E0546FE
:10E3F00056D0002B55D10E687388B2EB530F4FEAFD
:10E40000630450DA043606EB440406EB4206A046E9
:10E41000023CA21B521092FBF9F309FB1322002AC3
:10E42000F5D1B4F900302B82AB7D9B063BD5B9F119
:10E43000010F4ED0B5F91200EB68011DB04519442B
:10E440005B8830D914464FEA4909924605F10C0B16
:10E4500007E0B5F912209A4219D0B04523D9B5F991
:10E460001200984204F1010420D0B6F90020BC4209
:10E4700092444E44EDD19AFBF4F221F8022B6A8AC1
:10E48000023212B200249A426A82A246E5D105F114
:10E490001C00CDE90013FDF739FBDDE90013DCE7D3
:10E4A0000BB1013BAB7605B0BDE8F08F0122B5F9A9
:10E4B000141003A8FFF746F803A95846FFF772F8AF
:10E4C00003A8FFF767F8E96800236B824B880431E3
:10E4D000CBE705F10C00FFF765F8EB685B886B8212
:10E4E00005F11C0005B0BDE8F04FFDF70FBB00BF04
:10E4F0002DE9F043434BD3F8042185B006461AB901
:10E50000D3F81431002B44D096F81790DFF8F4803C
:10E5100009F1010303F00103F375D8F8341609F18A
:10E520007F0906EB8909490048460024FFF7CCF82B
:10E5300006F11C05274603E0082C05F13C051DD01B
:10E5400004F151031B01013458F80330002BF3D0C0
:10E55000494603A8FFF714F8D6F80412B37D0091DA
:10E560003A46284603A9FFF739FF03A8FFF712F838
:10E57000082C07F1010705F13C05E1D1214BD3F847
:10E58000042112B10022C3F804211E4BD3F8142138
:10E5900032B91C4CD4F8003163B905B0BDE8F08342
:10E5A0000022184CC3F8142186F80822D4F8003150
:10E5B000002BF2D0F57DB18A013505F0010500226E
:10E5C00005F17F0703A8FEF7BDFF06EB87074FF0B5
:10E5D000FF330022882103A8FFF70AF806EB85061F
:10E5E00003A93846FEF7DEFF03A8FEF7D3FFD6F8EF
:10E5F000FC3100220433C4F82C36C4F8002105B0E5
:10E60000BDE8F08300700040024B186808B1FFF7C6
:10E610006FBF7047143D0020F8B5134B036003F142
:10E6200028020546826000F50070FEF7B3FF05F58D
:10E63000FE70FEF7AFFF0D4F05F5EE742E1F44F888
:10E640001C7C2046FDF706FAA4F110003C3CFEF7C6
:10E65000A1FFB442F3D1064A2A6000232846EB808A
:10E66000F8F762FA2846F8BDC4CC030094CC030046
:10E6700044C40300F8B5154B036003F128020546B6
:10E68000826000F50070FEF785FF05F5FE70FEF76D
:10E6900081FF0F4F05F5EE742E1F44F81C7C2046B9
:10E6A000FDF7D8F9A4F110003C3CFEF773FFB4422B
:10E6B000F3D1084A2A600023EB802846F8F734FAA1
:10E6C00028460CF02CFD2846F8BD00BFC4CC030042
:10E6D00094CC030044C40300174B99421ED9174B36
:10E6E000994298BF4FF080621AD9154A4369914206
:10E6F00010B44FF0C8604FF0000408BF4FF0C46280
:10E70000C3F80045C3F8240508BFC3F82425062232
:10E7100000205DF8044BC3F8002570474FF0CC7221
:10E7200043690021C3F80015C3F824250622C3F865
:10E7300000250020704700BF8FD003007F1A06001D
:10E74000801A0600704700BF10B504460CF0E7FCC5
:10E75000204610BDF0B585B01E468DF80F209DF8FF
:10E760002C3002680093176A01230DF10F02044652
:10E770000D46B84738B9236800909F6A0A9B324615
:10E7800029462046B84705B0F0BD00BFC3688B429C
:10E7900010B504460ED003698B420BD023793BB1F0
:10E7A0002368094A9B6B934220460AD10CF0B7FCC0
:10E7B000002010BD23680022DB6B114620469847DD
:10E7C000ECE79847002010BD49E70200C368002B22
:10E7D0003CD070B504460069002836D0036801219A
:10E7E0001B689847E068036801211B68984704206C
:10E7F000F9F70AFA0025E068036802219B68984748
:10E80000014600BB206903681B6898470420F9F79C
:10E81000FBF92069036801211B6898470135042032
:10E82000F9F7F2F9092DE6D1E068036800211B68C9
:10E8300098470420F9F7E8F9E0680368BDE87040FC
:10E840001B6801211847002DEED170BD704700BF35
:10E8500038B50B460446154600F10C011A46F9F787
:10E8600073FF2A4604F110012046F9F76DFF626933
:10E87000E3680025C2F80055F3B12369E3B1012133
:10E880002046F9F75FFF0621E06801F04BFA062108
:10E89000206901F047FA2046FFF798FFE068036817
:10E8A00002219B6898472069036802219B6898476A
:10E8B00029462046F9F746FF0A20F9F7A5F9D4E9D9
:10E8C0000423B2B1157DE26882B1107DC3F808550A
:10E8D0004FF0CC710622C3F80C05C3F824150A20AA
:10E8E000C3F80025F9F790F9002038BD4FF0FF304C
:10E8F000ECE74FF0FF35E6E7F8B504461D460E4657
:10E900001746F9F711FF114B23600023C4E90233C6
:10E9100023615DB1284602F005FB606160B13A46B3
:10E9200031462046FFF794FF2046F8BD012002F053
:10E9300017FB60610028F2D15A20F1F7B3F83A468C
:10E9400031462046FFF784FF2046F8BDF8CC03008F
:10E950002DE9F04143698EB282B09C590546002CE6
:10E960005AD1364F4FF001080BE0D3F8482592B941
:10E97000632C51DC0A20F9F747F96B699A59002A90
:10E980004AD1D3F8242132BBBC4224DCD3F8502135
:10E990000134002AE9D1632CECDDD3F8602152B1B7
:10E9A000D3F80022D10506D5D3F848211AB9C3F807
:10E9B0001C801446DEE7D3F86021002ADAD0D3F8B1
:10E9C00000229205D6D5D3F80421002AD2D1C3F86B
:10E9D00014801446CEE7D3F8C414C3F8C41400223C
:10E9E000C3F82421D3F82421019201220199144C67
:10E9F0001A625A6101E0013C18D00A20F9F704F9C3
:10EA00006B69D3F80431002BF5D00E4CA86838B9E7
:10EA1000204602B0BDE8F081A86800240028F7D0A5
:10EA2000F9F7F2F8204602B0BDE8F0812B682A69B8
:10EA3000DB6BE968034C28469847E7E740420F0044
:10EA4000A08601000EFCFFFF70B44469C1F34701CA
:10EA5000C4F888150021C4F8041189B0D4F8045111
:10EA60000695069DC4F82411D4F824510595059DFA
:10EA7000C4F86011D4F860510495049DC4F85C1189
:10EA8000D4F85C510395039DC4F85011D4F850514B
:10EA90000295029DC4F84C11D4F84C519DF8306099
:10EAA0000195019DC4F84425C4F8483576B14FF46A
:10EAB00080720123C4F80022A360D4F848210ABB65
:10EAC0004FF4A47109B070BCFFF742BF4FF400725D
:10EAD0000123C4F80022A360D4F8482162B1236264
:10EAE000C4F84861D4F848310793079B4FF482710A
:10EAF00009B070BCFFF72CBF4FF4827109B070BC35
:10EB0000FFF726BF2362C4F84811D4F848310793B1
:10EB1000079BD5E770B54469C1F34701C4F8881570
:10EB20000021C4F8041188B00546D4F80401069009
:10EB30000698C4F82411D4F8240105900598C4F867
:10EB40006011D4F8600104900498C4F85C11D4F802
:10EB50005C0103900398C4F85011D4F8500102905E
:10EB60000298C4F84C11D4F84C019DF83060019023
:10EB70000198C4F83425C4F8383586B94FF480526A
:10EB80000123C4F800222360D4F84821DAB94FF4F5
:10EB90008271284608B0BDE87040FFF7D9BE012356
:10EBA0002360D4F8482132B12362C4F84811D4F864
:10EBB00048310793079B4FF4AE712846FFF7C8FE14
:10EBC00048B108B070BD2362C4F84861D4F8483138
:10EBD0000793079BDBE76B6901224FF4A47128467A
:10EBE000DA6108B0BDE87040FFF7B2BE0D4B10B55A
:10EBF00003F1080103F1340240330446C0E9022363
:10EC000001603030FEF7C6FC04F12C00FEF7C2FCB8
:10EC1000054A226000232046E380F7F785FF20465F
:10EC200010BD00BF38CD030044C4030038B54469AB
:10EC300091F814C000234FF0FF3504EB8302013339
:10EC4000D2F86015614508BFC2F86055042BF4D1B5
:10EC5000037C13B103689B699847002038BD00BF4F
:10EC6000A0F10C00FFF7E2BF0E4B03F1080103F126
:10EC70003402403310B504460160C0E9022330304D
:10EC8000FEF788FC04F12C00FEF784FC064A2260A3
:10EC90000023E3802046F7F747FF20460CF03FFAB9
:10ECA000204610BD38CD030044C403002DE9F041D7
:10ECB0002DED028B002408EE103A5B4B036044609C
:10ECC00005460F461646BDF82080F7F7BFFE574BA6
:10ECD0002B6003F12C023833AA60EB606F612C8249
:10ECE00005F12C00FEF728FC05F13000FEF724FCAE
:10ECF0009FED4F7A4F4B68696E63C7EE087A4FF00D
:10ED00008022C3E90022C3E902224B4BAB61A5F884
:10ED100004802C85EC612346C0F80045B0EE677A8C
:10ED2000BEEECE7A17EE101AB1F5004F78DB013344
:10ED300041FA03F4B4F5004FF9DA072B15DC04FAB5
:10ED400003F10029B8BF0F31091107EE901ADFED6A
:10ED5000386AC0F80C35F8EEE77AC0F8084586EE58
:10ED6000A77AC5ED097A85ED087A00230222C0F85A
:10ED700004353249C0F81025C0F84835C0F82835A8
:10ED8000C0F84C35C0F82C3540F201136B830123D9
:10ED9000C0F81435302404238842C0F80032C0F88B
:10EDA000044321D0264988422DD0264A90420ED0D5
:10EDB0003268012352682B7605F10801C0F800354E
:10EDC00030469047BDEC028B2846BDE8F0811E4AD4
:10EDD0001E4C95601E4A9168A2F54062C1F8C84079
:10EDE000C2F884315360E3E7194B174A99681560FC
:10EDF000A3F540634FF08052164CC1F8B040C3F801
:10EE000080211A60D4E7104B134C5D60104B996859
:10EE1000A3F54063C1F8C440C3F884215A60C7E732
:10EE200017EE104A8DE700BF44C4030040CD030035
:10EE300000247449183D00200000010100C0014079
:10EE40000010024000200240283D0020CDF00200CA
:10EE500000ED00E021F1020075F102004369D3F8F2
:10EE6000080570479FED1C7A07EE901AC7EE277AC7
:10EE70008446B0EE677ABEEECE7A17EE102AB2F56F
:10EE8000004F22DB0023013342FA03F1B1F5004FBA
:10EE9000F9DA072B1DDC01FA03F2002AB8BF0F32A2
:10EEA000121107EE902ADFED0C6ADCF81400F8EE80
:10EEB000E77AC0F80C3586EEA77AC0F8081500206E
:10EEC000CCED097A8CED087A704717EE101A002302
:10EED000E3E70248704700BF0024744900407AC449
:10EEE00007EE901AFEEECE7A844617EE901AB1F530
:10EEF000004F22DB0023013341FA03F2B2F5004F49
:10EF0000F9DA072B1DDC02FA03F10029B8BF0F3133
:10EF1000091107EE901ADFED0C6ADCF81400F8EE28
:10EF2000E77AC0F80C3586EEA77AC0F808250020ED
:10EF3000CCED097A8CED087A704717EE902A002301
:10EF4000E3E76FF47A70704700247449406A7047B1
:10EF500043690020C3F81015704700BF43698176EC
:10EF6000C27649B1012004213022C3F81405C3F848
:10EF70000012C3F8042370473022C3F81415C3F8F5
:10EF80000012C3F80823704770B590F9293082B099
:10EF90000446002B3BD1C0690D46A8B9A37E002BC7
:10EFA00041D0637E002B3ED0E37E002B3BD16169D4
:10EFB000234A01EB45110823C1F82025C1F8243567
:10EFC000012384F8293020E0616B0B6805F10B0602
:10EFD0001B6801A804EB8606984701A93046FEF796
:10EFE000E1FA01A8FEF7D6FA04EB85036169DB6A52
:10EFF000E269588801EB451140100433013AC1F829
:10F000002035C1F824050120E26102B070BD4269DB
:10F0100001235360D2F80431002BFBD0E3690025B3
:10F020006576258513B9002002B070BD2268013BCA
:10F03000D269E36120469047284602B070BD00BF08
:10F04000183D002038B5C369817E01330446C36191
:10F0500019B1637E63B1002038BDFFF795FFC8B1D9
:10F06000636901229A60A37E002BF2D1002038BD93
:10F07000012594F8281065762046FFF785FF94F85F
:10F0800028302B442B4084F828303BB96369012297
:10F090009A60E0E7E37E002BE5D0E1E7E36913B98E
:10F0A00000236376D7E729462046FFF76DFF94F8E3
:10F0B0002830013303F0010384F82830002BEFD10E
:10F0C000E4E700BFA0F10800FFF7BCBF38B5134B61
:10F0D0009C6834B16369D3F8102172B9D3F8143144
:10F0E00003B938BD002584F8285001212046FFF7D8
:10F0F0004BFF6369C3F8145138BD012384F82830ED
:10F1000000212046FFF740FF63690022C3F8102169
:10F11000D3F81431002BE4D0E4E700BF283D0020F1
:10F1200038B5134B1C6834B16369D3F8102172B938
:10F13000D3F8143103B938BD002584F828500121D3
:10F140002046FFF721FF6369C3F8145138BD01233E
:10F1500084F8283000212046FFF716FF636900225B
:10F16000C3F81021D3F81431002BE4D0E4E700BF3A
:10F17000283D002038B5134B5C6834B16369D3F87F
:10F18000102172B9D3F8143103B938BD002584F8C1
:10F19000285001212046FFF7F7FE6369C3F8145198
:10F1A00038BD012384F8283000212046FFF7ECFE0B
:10F1B00063690022C3F81021D3F81431002BE4D086
:10F1C000E4E700BF283D0020426900230376C2F82F
:10F1D00000357047032A37DC70B50C4602F5AC7574
:10F1E0004169237D51F825209A42064618D02368AC
:10F1F00017491A6E8A421BD11A6816498A421ED1D3
:10F20000DB6D154A7169207D41F82500934209D1D3
:10F2100000233374E38843F008030020E38070BDCB
:10F22000002070BD002206F10C0120469847F1E74E
:10F2300020469047236807491A688A42E0D0002197
:10F24000204690472368DBE76FF47A70704700BF71
:10F25000B9280200BD170200B528020070B5056884
:10F260000F4C2A6AA24218D144698446087D0023C3
:10F270004FF0FF3604EB83020133D2F86015814270
:10F2800008BFC2F86065042BF4D19CF8103013B1AC
:10F29000AB6960469847002070BDBDE870401047DC
:10F2A0002DEC0200C3688B420AD070B505460C46AF
:10F2B000164613B103681B6E98472671EC6070BD4B
:10F2C000704700BF90F804C01CF0020F29D000293D
:10F2D00024DB002A22DD002B20DDB4294FF47A7CC8
:10F2E000A8BFB42130B50CFB01F10F4D046802EB4F
:10F2F000D27E8908A5FB0151A3EB6E030CFB03F33F
:10F30000890802FB0131094A246BCB1782FB0121DA
:10F31000C3EBA1112346BDE8304018476FF47A7063
:10F3200070470348704700BF176CC116D34D621079
:10F3300016FCFFFFC08800F00500003818BF012050
:10F34000704700BF037D0B49202B38BF4FF0A04111
:10F350000122D1F8141503F01F0302FA03F30B4244
:10F3600006D1C08800F00A00003818BF012070479D
:10F370001046704700030050C08810F0030018BF0B
:10F3800001207047C08800F00C00003818BF012031
:10F39000704700BF03684FF47A729B6B02FB01F168
:10F3A000184700BF027D0F4B202A38BF4FF0A04303
:10F3B00002F01F0203EB82030129D3F800274171F9
:10F3C00022F00C0207D0022908BF42F00C02C3F859
:10F3D00000270020704742F00402C3F800270020F5
:10F3E000704700BF00030050D0F8103521EA030138
:10F3F000C0F81815704700BFD0F810351940C0F894
:10F400001815704738B5037D202B0446184838BFBF
:10F410004FF0A04003F01F0301229A40D0F81435AA
:10F4200013421BD10D46D9B9C0F80C251146FFF780
:10F43000E3FF217D0E4B202938BF4FF0A043D3F8C6
:10F440001435134212D0236820461B6E9847236858
:10F4500029461B6820469847002038BD002038BD4B
:10F46000C0F808251146FFF7BFFFE2E7014838BDA5
:10F470000003005012FCFFFF38B5C3889B07044609
:10F480000D4604D5C068A8B3F9F75AF990BB2368B4
:10F4900020461B6E9847FDB9227D274B1F2A02F09C
:10F4A0001F014FF0010098BF4FF0A0438840C3F800
:10F4B0000C051F2A204BE28898BF4FF0A04303EBB6
:10F4C000810342F00202D3F8001741F00101C3F8B2
:10F4D00000170020E28038BD227D174B1F2A02F062
:10F4E0001F014FF0010098BF4FF0A0438840C3F8C0
:10F4F0000805DEE77DB1237D0F4A202B4FF0010187
:10F5000038BF4FF0A04203F01F0301FA03F3C2F823
:10F510000835002038BD237D074A202B4FF001011C
:10F5200038BF4FF0A04203F01F0301FA03F3C2F803
:10F530000C35002038BD00BF0003005038B50379FA
:10F540009A071FD5C3885B07044617D50E4B18686A
:10F55000C0B101222146FEF78DFE054690B1E0685C
:10F5600010B1F9F7EDF818B9E38843F00403E3802C
:10F570002846FEF74FFAC0F30F1038BD03681B6E24
:10F580009847E3E7014838BDF83D002016FCFFFF2F
:10F59000C3881B0739D570B51D4D1E4C28682DED4D
:10F5A000028B08EE101AFFF759FCF8EE487A08EEC5
:10F5B000900A17EE901A2868FFF792FCF8EEE88A96
:10F5C00004F108062388286807EE903AB8EE678AA7
:10F5D000FFF744FC07EE900AF8EEE77A67EE887AC8
:10F5E00087EEA87ABCEEC77A17EE103A24F8023BF1
:10F5F000B442E7D1084B0749186808220123FCF7F9
:10F600007FFFBDEC028B002070BD0448704700BF37
:10F61000FC3D0020003E0020083E002016FCFFFFBD
:10F6200008B5C3881B0701D4064808BD064B1868F7
:10F63000FFF78CFC07EE900AFCEEE77A17EE900AD3
:10F6400008BD00BF16FCFFFFFC3D00200368244AF4
:10F650009B6A934210B5044630D1C3885B052CD415
:10F66000E068B0B1F9F76CF898B9E068E38802682F
:10F6700043F480631268E38021469047194BE268A7
:10F680001B6803B10C339A421CD0227D0023E36037
:10F6900000E0227D144B202A38BF4FF0A04302F037
:10F6A0001F0203EB8203E288D3F8001702F43062F2
:10F6B00021F44031C3F80017E28010BD98470028BC
:10F6C000CED010BD094B227D181D4FF0FF0C13F951
:10F6D000011B914208BF03F801CC9842F7D1D5E74E
:10F6E00045280200FC3D002000030050A820002017
:10F6F00002680F49D26B8A4208B513D1C3881B0731
:10F7000001D40C4808BD0C4B1868FFF71FFC07EE2E
:10F71000900AFCEEE77A094B17EE900AA3FB003043
:10F72000800908BD9047054BA3FB0030800908BD48
:10F7300021F6020036894100FC3D0020D34D6210C5
:10F7400070B50568154E6B6CB34204461FD10A466E
:10F75000017D134B4271202938BF4FF0A04301F0C7
:10F760001F0103EB8103012AD3F8001721F00C01DC
:10F770000AD0022A08BF41F00C01C3F80017204646
:10F780006B68BDE87040184741F00401F5E7984701
:10F79000256820466B68BDE870401847A5F3020055
:10F7A0000003005038B5C388DB07044606D5C0689F
:10F7B00000283FD0F8F7C4FF00283BD1236820463B
:10F7C0001B6E9847227D294B2068202A38BF4FF0B6
:10F7D000A04302F01F0103EB8103456CD3F800172F
:10F7E000234821F00301C3F80017E188854241F066
:10F7F0000101E18002F01F0C617930D1D3F80007DC
:10F80000012920F00C0027D0022908BF40F00C008D
:10F81000C3F8000715491F2A8CBF0A464FF0A042C3
:10F820000123D2F8102503FA0CF3134214BF012070
:10F83000002038BD237D0D4A202B38BF4FF0A04259
:10F8400003F01F03D2F81015012202FA03F30B4252
:10F8500014BF1046002038BD40F00400D8E7204611
:10F86000A847227D02F01F0CD4E700BF0003005020
:10F87000A5F3020038B515464FF48072C2800181AD
:10F8800000220E4903712F2D4FF00103C0E903221E
:10F8900004460575016043710CD80949094B41F8CC
:10F8A00025404FF00042C3F80423074B4022204676
:10F8B0001A6038BD3220F0F7F5F8EEE784CD03008A
:10F8C000343D00200060004000E100E00379DB07E8
:10F8D0004FD52DE9F041C388DA0682B004460D46C3
:10F8E0003CD4236820461B6E9847012D236842D0E4
:10F8F0005B682046984723682420D3F85C800BF08F
:10F9000010FC0023CDE9003321460123228907465C
:10F91000FAF76EFC2F4B984507F10C064CD1E368C3
:10F920009E4207D01BB1236820461B6E98470123D7
:10F930003B74E660E38823F400639BB243F0110359
:10F94000012DE38011D0002E42D056F80C3CDB692B
:10F95000A6F10C0002B0BDE8F0411847C3F3C02384
:10F960008B42BED1012DC668EDD1002EEDD133689A
:10F97000FFDE194870473420D3F85C800BF0D1FBD0
:10F98000164B21461A6840F6AC530746FBF7F0FDCC
:10F99000104B984507F10C0614D1E3689E4207D03E
:10F9A0001BB1236820461B6E984701233B74E66019
:10F9B000E38843F40063C1E7314601222046C04793
:10F9C000E668B7E731462A462046C047E668EFE7D3
:10F9D0003368FFDEA5F2020016FCFFFFF43D0020B5
:10F9E000C188C1F3C021FFF771BF00BF10B5C38844
:10F9F000590684B0044614D49A060AD41B0606D5C8
:10FA0000236923B1012004B0BDE81040184704B0B9
:10FA100010BD0123218902226846FDF715FAE3880B
:10FA2000ECE70189002305226846FDF70DFAE3683B
:10FA30004BB1D96A029ADA626846521A0023CDE9BC
:10FA40000223FDF759FAE388D6E700BF10B5C38853
:10FA5000590684B0044614D49A060AD41B0606D567
:10FA6000236923B1002004B0BDE81040184704B05A
:10FA700010BD0123218903226846FDF7E5F9E388DB
:10FA8000ECE70189002304226846FDF7DDF9E3680D
:10FA90004BB1D96A029ADA626846521A0023CDE95C
:10FAA0000223FDF729FAE388D6E700BF2DE9F04BE2
:10FAB000D0F8204584B006466CB3DFF890800D4640
:10FAC00001274FF01F0BB4FA84FCABEB0C03591960
:10FAD00007FA03F258F8219024EA0204B9F1000F62
:10FAE00017D0B9F8062012F0E00F06EB83030ED012
:10FAF000D3F8002782F48032C3F80027D3F8003708
:10FB0000DA0348461CD5FFF771FFB9F806209305C4
:10FB100008D4002CD5D14FF0FF33C6F8203504B0FF
:10FB2000BDE8F08BF7F7C6FD0028F2D001230522CF
:10FB300040F2FF316846FDF787F9002CC1D1EAE7B2
:10FB4000FFF784FFB9F80620E1E700BF343D00204D
:10FB500008B5094BD3F87C2102B908BD0021C3F8D0
:10FB60007C114FF0A040FFF7A1FFBDE8084003481B
:10FB70002021FFF79BBF00BF006000400003005042
:10FB8000C38813F0E00F70B504460D4621D1036819
:10FB90005B689847227D3A49202A02F01F0338BF4C
:10FBA0004FF0A04101EB830302F01F02D3F800677E
:10FBB00026F44036C3F8006788BBD3F8000740F44A
:10FBC0000030C3F80007012303FA02F2E388C1F80A
:10FBD00020255A060ED423F0E0039BB2022DE380C9
:10FBE00018D0032D22D0012D17D143F08003E380DC
:10FBF000002070BD032D37D0E068036821461B68E4
:10FC00009847E38823F0E00300229BB2022DE260D4
:10FC1000E380E8D143F02003E380002070BDD3F8F7
:10FC2000000740F44030C3F80007CCE743F040033E
:10FC3000E38030200BF075FA2146054608F048FCB9
:10FC4000F9F7F6FC23680F4ADE6DE862964212D19E
:10FC5000E2689542E1D012B11B6E2046984701231D
:10FC60002B71E560002070BD23F0E00343F04003FA
:10FC7000E380002070BD012229462046B047CCE732
:10FC800000030050A5F20200032910B50C460BDC5E
:10FC900000291ADC16D1C28812F0F00219D00368CC
:10FCA0001B6E9847204610BD04290BD102680B49F2
:10FCB000D26A8A420FD1C188C1F3C021FFF706FE84
:10FCC000002010BD6FF47A7010BDFFF759FF0020BF
:10FCD00010BD104610BD9047002010BDE1F9020094
:10FCE00038B5036804465B680D469847E3885B06B1
:10FCF00009D423680A4A5B6D93424FF00301204602
:10FD000007D1FFF73DFFE0682946BDE8384008F01D
:10FD1000F9BB9847E0682946BDE8384008F0F2BBD7
:10FD200089FC0200072913D8027D0B4B202A38BF1B
:10FD30004FF0A04302F01F0203EB82030020D3F830
:10FD4000002722F4E06242EA0121C3F8001770475D
:10FD50006FF47A70704700BF00030050007D0B4BBA
:10FD6000002914BF4FF440710021202838BF4FF004
:10FD7000A04300F01F0003EB80030020D3F800270E
:10FD800022F4E0620A43C3F80027704700030050E2
:10FD9000027D0B4B202A38BF4FF0A04302F01F0218
:10FDA00003EB8203D3F8000720F44030C3F80007C8
:10FDB000D3F8002742EA0141C3F80017704700BF9B
:10FDC00000030050F0B5164C236883B02BB1154DDD
:10FDD0002E688EB1002003B0F0BD44200BF0A1F9D5
:10FDE0000546FCF76FFB284625600E4D0321FCF706
:10FDF00017FB2E68002EEDD138200BF092F913235B
:10FE00000746226800930849084BFEF74FFF384623
:10FE1000012231462F60FFF7A1F8002003B0F0BDAA
:10FE2000083E0020FC3D002000C001400000484288
:10FE300003799B0763D5B1F5806F2DE9F0410E463C
:10FE40005FD2C3881A07054641D52F4F297D3A4610
:10FE50004FF0FF34002312F9010B884208BF1C4603
:10FE60000133042BF7D1631C35D0DFF8B480E86888
:10FE700040B3F8F765FC28B3D8F80000FEF7EEFFB2
:10FE800007EE906A9FED216A2149224BB8EEE77A8E
:10FE9000F7EE007AE7EE467AF0EE676A07EE900A30
:10FEA000F8EEE77A186867EEA67A0123FDEEE77AA6
:10FEB00017EE902A21F814200822FCF721FB0020DD
:10FEC000BDE8F081EB8843F00803EB80D4E70368DA
:10FED0001B6E9847B9E72846FFF774FF0E4BDFF813
:10FEE00040801C78D8F80000013404F003041C7032
:10FEF00022462B7D3B552946FFF76CF9B7E70748AB
:10FF000070476FF47A70DBE7A82000200000803A89
:10FF1000003E0020083E00203921002016FCFFFF93
:10FF2000FC3D002070B5184D2DED028B044608EE07
:10FF3000101AFFF747FF2868FFF708F8DFED137A7C
:10FF400007EE100AB4EE677AF1EE10FA15D1DFED84
:10FF5000107A9FED0E7A2368B8EE488A204628EE84
:10FF6000278ADB68C8EE077ABDEC028BBDE87040DB
:10FF7000FDEEE77A17EE901A184717EE901A2868E8
:10FF8000FEF7AEFFE3E700BFFC3D002000409C46CB
:10FF90000000804421B9436E4FF40472C3F8082373
:10FFA00000207047B1F5614F34D00DD847F61223C9
:10FFB000994229D0B1F5164F13D14FF41D03426E6B
:10FFC0000020C2F824357047B1F5612F1FD0134BC4
:10FFD000994211D1426E4FF080530020C2F824356F
:10FFE0007047426E0E4BB1F5165F18BF4FF0EB73C2
:10FFF0000020C2F824357047B1F5613F14BF4FF0BF
:020000023000CC
:10000000EB734FF06C73DAE74FF40003D7E74FF070
:100010007063D4E74FF46B03D1E700BF40420F0099
:100020000050270070B504460E4615462046F9F7E5
:1000300041F80028FADC94F83C3003F0FF00002B74
:10004000F4D1636E317D2A7DC3F80C15C3F81425F5
:1000500070BD00BF10B584B004468DF8071002E0F3
:1000600094F83C301BB100F095FE0028F8D000F069
:1000700091FE636E60B10022C3F82021D3F82011F5
:1000800003910399C3F85821D3F858210292029A98
:1000900001220DF1070184F83C20C3F84415C3F890
:1000A00048259A6000F076FE98B1636E00E091B941
:1000B000D3F82021D3F85811002AF8D059B90122D9
:1000C000DA60D3F85821002AFBD00020002384F8FE
:1000D0003C3004B010BD0148F8E700BF09FCFFFF49
:1000E0000021F8F717BF00BF90F83C3003B170470C
:1000F00010B584B00446F8F7DDFFB8B1A28EA38E28
:1001000094F830109BB20133B3FBF1F001FB1033D4
:1001100092B22068E16A9BB2A386895C836920461B
:100120009847A38E628E9BB29A4201D004B010BD54
:100130000123022240F2FF316846FCF785FEF5E715
:1001400010B5A9B9C3895A07044617D5636E04F1DF
:1001500044012022C3F834150020C3F838254FF499
:10016000047101222064C3F804131A60002010BD3A
:100170000129FBD1FFF7B8FF002010BDF8F7CAFC3A
:10018000E3895B07E2D4002010BD00BF10B5224B0D
:10019000224A0446406E236003F13C01A16082B014
:1001A000C0F8082300F02EFF00280DDB43091C498E
:1001B0000122203300F01F0002FA00F041F8230072
:1001C000BFF34F8FBFF36F8F636ED3F8002201210F
:1001D00022F020020020C3F800225960C3F8580121
:1001E000D3F858210192019AD960D3F85821002AF6
:1001F000FBD04FF0FF320021C3F800151846C3F8BA
:100200000C25C3F8142500F0CFFE2046F8F762FF56
:10021000204602B010BD00BFF8CD03001403420019
:1002200000E100E0A0F10800FFF7B0BF10B5044600
:10023000FFF7ACFF20460AF072FF204610BD00BF5A
:1002400010B5A0F108042046FFF7A0FF20460AF0F1
:1002500066FF204610BD00BF70B50446406E0E46D6
:1002600000F0D0FE054646B3E18911F0200124D10B
:100270002368384A9B68934268D1636E4FF40472D6
:10028000C3F808232046F8F715FF0028FADC94F895
:100290003C30002BF6D1002D47DB6B092E490122A3
:1002A000203305F01F0502FA05F541F82350BFF38E
:1002B0004F8FBFF36F8F002070BD002D0DDB6B09DA
:1002C0009B0003F1604303F5614305F01F05012224
:1002D00002FA05F5C3F880511D6023681F4D5B6865
:1002E000AB422BD1E3895A0721D5636E04F1440256
:1002F0002021C3F83425C3F838154FF404720021C7
:100300002164C3F8042301221A602046F8F7D2FEC4
:10031000002806DD23685B68AB4213D12046FFF757
:10032000E3FEA16B2046F8F763FE002070BD204677
:10033000F8F7F0FBE3895B07E7D5D6E70021204615
:100340009847E2E7012120469847EAE72046984788
:1003500098E700BF95FF020000E100E041010300C3
:10036000A0F10800FFF778BFF0B50C268DB01D4650
:100370001423CDE90036044616460F46F8F754FD1F
:100380004A4A226000233C3284F83C30A260636613
:100390002364002D7ED0284600F0C4FD03906066E3
:1003A00000287DD04FF0EB73C0F824350023C0F84F
:1003B0006C352046F8F77EFE0028FADC94F83C30D5
:1003C00003F0FF05002BF4D1606E3A7D337DC0F859
:1003D0000C25C0F81435C0F80851D0F808310B933B
:1003E0000B9BC0F81051D0F810310A930A9BC0F84B
:1003F0002051D0F820310993099BC0F82451D0F83E
:1004000024310893089BC0F84451D0F84431079335
:10041000079BC0F85851D0F858310693069BC0F896
:100420004C51D0F84C310593059BD0F80032204D4B
:10043000204943F02003C0F800322246C0F804539C
:1004400000F014FE606E00F0DDFD00281BDB4309A8
:1004500000F1604202F561429B0003F160432021FC
:1004600082F8001303F5614300F01F00012202FA35
:1004700000F0C3F880011860636E08222046C3F8BC
:1004800000250DB0F0BD0C4B00F00F0003442022FE
:100490001A76F1E7102000F063FD6066002881D134
:1004A0005A20EFF7FFFA606E7CE700BFF8CD03003B
:1004B00014034A0005050300FCEC00E030B5436E70
:1004C000D3F83C55026CAA4283B0044606DA0022F7
:1004D000C3F80821D3F808310193019B236C9D4296
:1004E0000BDD236C5A1C2344226493F844102046ED
:1004F000F8F734FA236CAB42F3DB0023236403B038
:1005000030BD00BF70B5456ED5F8083188B00446DF
:10051000B3B1002610E0C5F80861D5F808310193A1
:10052000019B236C5A1C2344226493F84410F8F76F
:1005300015FAD5F808311BB1236C1F2B2046EADDD4
:10054000D5F81031002B3AD1D5F84C3173B10023D6
:10055000C5F84C31D5F84C31626E0393202104F17B
:1005600044030398C2F83435C2F83815D5F824315D
:1005700053B10023C5F82431D5F824310493049BEA
:10058000D5F88034C5F88034D5F8443133B1002330
:10059000C5F84431D5F844310593059BD5F8203191
:1005A000C3B9D5F8583143B10023C5F85831D5F84F
:1005B00058210792079A84F83C3008B070BD002398
:1005C000C5F81031D5F8103102932046029BFFF791
:1005D00075FFB9E70023C5F82031D5F82021069230
:1005E000069A84F83C302046F8F764FD002802DCC7
:1005F0000123EB60D5E72046F8F708FAD1E700BF02
:1006000010B5034B03600446FBF760F9204610BDAC
:1006100058CE030010B5054B03600446FBF756F9AE
:1006200020460AF07CFD204610BD00BF58CE0300D6
:1006300010B50446D4E90E2352694FF47A50002BCA
:10064000D2F84415C2F8440522DA1A4A0021C2F849
:100650001015626B013393FBF2F102FB1133E3637C
:1006600000F0ACFBD4E90E2352690121002BD160CC
:100670000ADB02330F4A54F82330DB691B7D1B026F
:1006800043F00113C2F81035BDE8104000F088BBFC
:10069000023354F82300FAF7D1FFE36B054A002137
:1006A000C2F81015002BD4D1626B012AD2D14FF0C1
:1006B000FF33D4E70060004082B08DE80C00436B4C
:1006C00013B102B0FFF7B4BF02B0704770B5104C61
:1006D000236886B073B102AD2846FCF703FC24689A
:1006E0000C4B2268566A9E4206D1636B13B12046BA
:1006F000FFF79EFF06B070BD06AB13E903008DE85F
:100700000300204695E80C00B04706B070BD00BF5E
:100710000C3E0020B906030070B50D461146044694
:10072000FBF72AF91C4A2B681C499B6B14600026B6
:10073000C4E90E562160284631469847A06B184DF3
:1007400003684FF47A51DB6C9847A06B03684FF451
:100750007A52DB6B31469847A06B124B42690168B5
:10076000C3F820554432C3F824250422C3F80425D5
:10077000CB690D4A934209D10C4BC3604B6A984731
:10078000A06B03689B6A9847204670BD074998474D
:10079000A06B0168F2E700BF0C3E002058CE0300BA
:1007A0000061004000F001402DFD0100CD06030076
:1007B00038B50D460446FAF7F3FF00212846FAF74C
:1007C0001DFF636B012B03D1A06B03685B6B984724
:1007D000002038BD38B50D460446FAF797FF0021D2
:1007E0002846FAF70BFF636B13B9024AC2F81035BB
:1007F000002038BD00600040007A704790F910304A
:10080000002B11DB5A0910B460320A4C03F01F03AD
:10081000012101FA03F344F8223043695DF8044BE7
:10082000012200201A607047436901221A600020EB
:10083000704700BF00E100E090F91030002B08DBAA
:100840005809054903F01F03012202FA03F341F896
:1008500020300020704700BF00E100E090F9103028
:10086000002B0DDB5A0907480121203203F01F033A
:1008700001FA03F340F82230BFF34F8FBFF36F8FBD
:100880000020704700E100E0012904D0022902D0D5
:1008900009B10020704743690020C3F80415704770
:1008A000437A013B99420FDC10B44FF48033446922
:1008B00001F5A87003FA01F144F820200020C4F8E3
:1008C00004135DF8044B70476FF47A70704700BFF3
:1008D000437A013B994212DC10B4446904EB810075
:1008E000D0F840351A444FF4803303FA01F1C0F8D0
:1008F00040250020C4F804135DF8044B70476FF4E2
:100900007A707047437A013B994208DC42694FF4A0
:10091000803303FA01F1C2F80813002070476FF426
:100920007A707047032907D8DFE801F01710090231
:1009300043690322C3F80825017200207047436908
:100940000222C3F808250172002070474369002283
:10095000C3F8082501720020704743690122C3F8DB
:10096000082501720020704710B5044A0260002378
:100970000446C380F6F7D8F8204610BD44C40300EF
:1009800010B5064A026000230446C380F6F7CCF88F
:1009900020460AF0C4FB204610BD00BF44C403003B
:1009A00090F91030002B09DB03F1604303F561433C
:1009B0004901C9B283F8001300207047044A03F0CC
:1009C0000F031A444901C9B211760020704700BFD5
:1009D000FCEC00E0B1F57A5F13D800234FF47A5CA9
:1009E0002CFA03F2914204D342690020C2F8103578
:1009F00070470133092BF3D142690020C2F810354A
:100A000070476FF47A7070470368104A1B6B93420B
:100A100010B5044617D190F91030002B0DDB5A09A0
:100A20000B480121203203F01F0301FA03F340F8C1
:100A30002230BFF34F8FBFF36F8F636901225A607B
:100A400000201A6110BD9847F7E700BF5D0803005A
:100A500000E100E090F91020002A70B5044636DB72
:100A600053099B0003F1604301682148096B03F5BA
:100A7000614302F01F021D68814225FA02F505F06C
:100A8000010521D1012101FA02F2C3F88020BFF350
:100A90004F8FBFF36F8F63690122DA64D3F84C651F
:100AA0007DB1236813499B6A8B421CD194F91030A5
:100AB000002B06DB590903F01F039A400E4B43F845
:100AC0002120304670BD002520468847E3E70268B4
:100AD000074B116B9942F6D143690122DA64D3F8CE
:100AE0004C65304670BD20469847304670BD00BF0B
:100AF0005D0803003908030000E100E090F91020D0
:100B0000002A38B5044635DB53099B0003F16043E6
:100B100001681F48096B03F5614302F01F021D685D
:100B2000814225FA02F505F001052AD1012101FAD9
:100B300002F2C3F88020BFF34F8FBFF36F8F62695B
:100B40000123D360D368002BFCD18DB12368114AF7
:100B50009B6A934218D194F91030002B08DB580996
:100B60000D4903F01F03012202FA03F341F820307C
:100B7000002038BD0268064B116B99424FF000050A
:100B8000DDD020468847DAE720469847002038BD68
:100B90005D0803003908030000E100E010B50346DA
:100BA00029B390F9101000291FDB4A09920002F1C5
:100BB000604202F5614201F01F01146824FA01FC51
:100BC0001CF0010F11D0C488036844F001041B6BB2
:100BD000C480164CA34226D1012303FA01F1C2F8C6
:100BE0008010BFF34F8FBFF36F8F002010BDC288FE
:100BF000D107FAD519680E4C896A22F00102A14288
:100C0000DA800ED193F91030002BEEDB5809094938
:100C1000012203F01F0302FA03F341F82030002001
:100C200010BD8847E1E79847DFE700BF5D08030094
:100C30003908030000E100E00F4B70B553F8205075
:100C4000CDB100236C6918464FF0010E1E4604EB2F
:100C500083020EFA03FCD2F84011013321B14CEAB1
:100C60000000C2F84061C0B2042BF0D1EB6813B1B0
:100C7000BDE87040184770BD103E00200020FFF70F
:100C8000DBBF00BF0120FFF7D7BF00BF0220FFF787
:100C9000D3BF00BF0320FFF7CFBF00BF0420FFF783
:100CA000CBBF00BFF8B5344B036000274760044654
:100CB0000E461546F5F7CAFE304A3149E760032370
:100CC0009642637266612574216049D002F58052B4
:100CD000964235D002F58032964243D1294A002D02
:100CE00042F8234032DB6809274B0121203005F010
:100CF0001F0501FA05F543F82050BFF34F8FBFF3EE
:100D00006F8F94F910506669002D7160316120DB9E
:100D10002B44402283F8002301234FF47A52092BFD
:100D200022FA03F103F1010002D0B1F57A7F20D855
:100D30000322C6F810352046C6F808252272F8BDF1
:100D4000104A0223002D42F82340CCDA01237360BD
:100D500033610E4B05F00F052B4440221A76DBE77A
:100D60000123BBE70A4B9E4218BF3B46B6D1042382
:100D7000B4E70346D3E700BF44C40300009000403B
:100D800088CE0300103E002000E100E0FCEC00E013
:100D900000B00140014B93F9000070471745002057
:100DA000054A1378013B5BB2002B01DD13707047DD
:100DB0000023137062B670471745002072B6024ACE
:100DC00013780133137070471745002020BF704718
:100DD0004FF08053596E186E704700BFBFF34F8FAE
:100DE0000549064BCA6802F4E0621343CB60BFF3C7
:100DF0004F8F00BFFDE700BF00ED00E00400FA05E3
:100E0000704700BF08B50B4B0122C3F840250221F3
:100E10000022930003F1A0430132202AC3F80017F7
:100E2000C3F8001AF5D1FFF7EBFFBDE80840ECF777
:100E300091BC00BF00E00140004870470000022064
:100E40004020F6F79DBD00BF816370474163704746
:100E5000C1637047C06B7047EFF30880704700BFF5
:100E6000406B7047C0E900128360704710B5054BB6
:100E7000054C4FF48072A168184608F079FEA06016
:100E800010BD00BF0022002000ED00E02DE9F0477A
:100E9000DFF88C90D9F8008082B007460C461546E2
:100EA000B8F1000F0DD01B4E394640460022FEF728
:100EB00091F930682A46214602B0BDE8F04700F0BB
:100EC0007FBA30200AF02DF9124E824600F060FA07
:100ED0003820C6F800A00AF024F9132382463268AD
:100EE0000D4900930D4BFDF7E1FE424650460121AE
:100EF000C9F800A0FEF732F84146D9F80000FEF725
:100F000027F80649D9F80000FDF7ACFFD9F80080B2
:100F1000CAE700BF283E002000200240005043499D
:100F20002C3E002030B50C4D0C4A2C68864605231B
:100F30004FF0010C0CFA03F1214203F1FF3302D10F
:100F4000D06B704505D0591CA2F10C02F2D10020E3
:100F500030BD2143296030BD303E0020E0CE03008B
:100F6000F0B40F4D0F4E2C68324605234FF0010CA4
:100F70000CFA03F1214202D1576C384207D1013BF0
:100F8000591CA2F10C02F3D10020F0BC704703EB16
:100F90004303214356F823002960F0BC704700BF8B
:100FA000303E0020E0CE0300144B984215D003F5EC
:100FB000E04398421AD0A3F53433984218D003F591
:100FC0000433984216D0B0F1402F15D0A3F500336A
:100FD000984208BF002001D070470520084901222F
:100FE0000B68824023EA02030B6070470420F5E798
:100FF0000320F3E70220F1E70120EFE70080024041
:10100000303E002008B5174B984218D0B0F1402F61
:101010001ED003F5003398421CD0A3F50433984248
:101020001AD003F53433984218D0A3F5E043984220
:1010300016D05A20EEF736FD4FF0FF3008BD0023E2
:10104000094A03EB430302EB830393F9040008BD51
:101050000123F5E70223F3E70323F1E70423EFE796
:101060000523EDE700300040E0CE030038B5184B13
:1010700098420D46144620D0B0F1402F1FD003F502
:10108000003398421DD0A3F5043398421BD003F5DA
:101090003433984219D0A3F5E043984208BF0523A2
:1010A00004D05A20EEF7FEFC4FF0FF3309490A4AFC
:1010B00041F8235042F8234038BD0023F6E70123CE
:1010C000F4E70223F2E70323F0E70423EEE700BF8F
:1010D00000300040343E00204C3E0020024A034BCA
:1010E00010681B68184700BF4C3E0020343E0020AB
:1010F000024A034B50685B68184700BF4C3E002013
:10110000343E0020024A034B90689B68184700BF9A
:101110004C3E0020343E0020024A034BD068DB687E
:10112000184700BF4C3E0020343E0020024A034BCB
:1011300010691B69184700BF4C3E0020343E002058
:10114000024A034B50695B69184700BF4C3E0020C0
:10115000343E0020002815D0006041608260C360EA
:10116000046145618661C761444604624C4644623D
:10117000544684625C46C462644604636E464663B9
:1011800074468463002906D0C46B043C0439256886
:101190000D60B442F9D1946BA646566BB546002B50
:1011A00006D0D46B043C043B1D682560B442F9D1E1
:1011B000146BA446D46AA346946AA246546AA14614
:1011C000146AA046D769966955691469D36851684D
:1011D000106892687047006041608260C36004617B
:1011E00045618661C761444604624C464462544688
:1011F00084625C46C462644604636E464663744619
:101200008463C46B043C043925680D60B442F9D191
:10121000C7698669456904697047006041608260FA
:10122000C360046145618661C761444604624C46FF
:101230004462544684625C46C462644604636C46FD
:1012400044637446846304697047846BA646446BA8
:10125000A546046BA446C46AA346846AA246446AAF
:10126000A146046AA046C769866945690469C368DE
:1012700082680068416870470649074A074B9B1A15
:1012800003DD043BC858D050FBDC00F0E1F8FFF769
:10129000B9FD0000E0D5030040200020002200201E
:1012A000FEE7FEE7FEE7FEE7FEE7FEE7FEE7FEE716
:1012B000FEE7FEE781617047012070472DE9F84F96
:1012C0000C4689682369074603F1640B8B454FF090
:1012D0000102B8BF8B46FCF735F93E68B6F802E06C
:1012E0000EF1040E321DB64496454FD9D4F8148041
:1012F0004FF40040434648F20C0A48F205091AE050
:1013000021693231A3F13205C3F1310C99424FEA20
:10131000E5050CF0070C10DBE168495D41FA0CFCB7
:101320001CF0010F14BF51464946118002320133AF
:101330009645636107D9312BE2DC1080023201331C
:1013400096456361F7D8AEEB0603053B5B080536AF
:1013500008F10108764588BF002343449B4504DC1F
:10136000237F63B93846BDE8F88FA06903681B681E
:10137000984763695B45F3DA3846BDE8F88F04F1B6
:101380002000F6F731FA3846BDE8F88F6369E5E7E3
:1013900038B50546094B45F8203B0446012100229B
:1013A0002846F6F79DF900224FF480732846A26183
:1013B000A360F6F79FF9204638BD00BF30CF030089
:1013C00038B50446806968B1002A0BDD0368D20095
:1013D0001B680025C4E90312012265612277984742
:1013E000237F03B938BD04F12000BDE83840F6F78B
:1013F00081B900BFBFF34F8F0549064BCA6802F49D
:10140000E0621343CB60BFF34F8F00BFFDE700BF27
:1014100000ED00E00400FA054FF08052D2F83031C0
:10142000591C05D00D2BD2F834010BD00020704789
:101430004FF07043D3F8E80F93F8E03F0D2BC0F363
:101440000310F3D101288CBF00200120704700BF9A
:1014500008B5FFF7E1FF40B14FF080430022C3F829
:101460000C21C3F81021C3F83825FFF7D5FF002859
:1014700046D04FF08052594BD2F80414C3F82015CF
:10148000D2F80814C3F82415D2F80C14C3F82815A0
:10149000D2F81014C3F82C15D2F81414C3F8301570
:1014A000D2F81814C3F83415D2F81C14C3F8401538
:1014B000D2F82014C3F84415D2F82414C3F8481500
:1014C000D2F82814C3F84C15D2F82C14C3F85015D0
:1014D000D2F83014C3F85415D2F83414C3F8601598
:1014E000D2F83814C3F86415D2F83C14C3F8681560
:1014F000D2F84014C3F86C15D2F84424C3F8702510
:10150000FFF78AFF48B14FF08043D3F80024D1079A
:1015100044BF6FF00102C3F80024314AD2F888308A
:1015200043F47003C2F88830BFF34F8FBFF36F8F5F
:101530004FF01023D3F80C22D20731D4D3F8002275
:10154000002A07DBD3F80432002B03DB254B264AA5
:101550001A6008BD254A0123C2F80435D2F80034C8
:10156000002BFBD04FF010231221204AC3F80012A9
:10157000D2F80034002BFBD04FF0102312211B4A6D
:10158000C3F80412D2F80034002BFBD00023174913
:10159000C2F80435D1F80034002BFBD0FFF72AFF46
:1015A000124A0123C2F80435D2F80034002BFBD0D4
:1015B0004FF010210D4AD1F80C3223F00103C1F88D
:1015C0000C32D2F80034002BFBD000230749C2F8BC
:1015D0000435D1F80034002BFBD0DFE700C0004019
:1015E00000ED00E0B02000200090D00300E00140BA
:1015F00030B484688D68C368CA68A54272EB03037F
:101600002CBF0120002030BC704700BF38B5224BF2
:101610001B782BB1044618B1037F03F0FF0513B903
:101620000025284638BD1D4800F01AFB1C4B1A68DF
:101630005B6880181B4AD2E9001243F1000388421C
:1016400073EB020203D210F1807043F10003D4E97E
:1016500002128842934119D3236903B92377D4E94D
:10166000053098472369002BDAD0227F02F0FF056E
:10167000002AD5D0D4E90221D31841F10001C4E9F0
:1016800002310948214600F075FCCAE706482146A8
:1016900000F070FCC5E700BF18450020B420002012
:1016A000483700205037002058CF03002DE9F04F75
:1016B00083B0814600F0AAFA40B1734AD2E9003102
:1016C00013F1807341F10001C2E900310021484665
:1016D00000F0B6FA6D4D002840F0CC80012148465C
:1016E00000F0AEFA002840F0AE80694801A900F091
:1016F00077FB002834D0674C674F654E09E02BB369
:1017000001A9304600F09EFB01A9304600F068FBBD
:1017100030B30378012B11D0022BF0D120464FF0CB
:10172000000800F03BFC30B180F81C80204600F03F
:1017300035FC0028F8D101233B70E1E72B684168B4
:10174000994275D0204600F033FCD9E741680B7F01
:10175000002BD5D101230B77204600F00BFCCFE7FF
:101760004C4E4E4FDFF8208131E0304600F016FC41
:1017700004463846D4E902AB00F072FA484BD8F878
:101780000420D3E900E1D8F80030C31842F1000288
:10179000734572EB010103D213F1807342F1000231
:1017A000BAEB03036BEB0202012B72F100022DDB9B
:1017B000B3F5350F32D2A2684FF4960300213846B4
:1017C00000F09EF9E0B10D2824D000232B603046B4
:1017D00000F0EAFB2B6870B3002BC6D02B6884683E
:1017E0009968C268DB688C4272EB03030BD22B68EA
:1017F0001B7F002BB9D02968304600F0BBFBB4E753
:101800002B688BB12C6003B0BDE8F08F0021384607
:1018100000F00CFA2046FFF7F9FED6E7384600F054
:101820001FFA204A0244C7E7484600F03BF9E9E7BF
:1018300000232B6064E7002BE5D1484603B0BDE8E8
:10184000F04F00F033B9154800F00AFA0E4B1A6851
:101850005B688018124AD2E9004143F10003A042BC
:1018600073EB010103D210F1807043F10003C2E970
:1018700000033AE72B68002B3FF430AF2868FFF7EE
:10188000C5FE00232B6029E748370020D03E00200A
:10189000C03E002058CF030018450020B42000208F
:1018A00050370020FFFFB40010B5134B13491C68DC
:1018B000134882B008235822019400F015FA044618
:1018C00010B1204602B010BD0E4A0F4801A900F029
:1018D000A3F804460028F4D10B48012100F08EF94A
:1018E00001231946094A084800F0E4F8084B012290
:1018F00020461A7002B010BD54CF0300683E00208D
:10190000C03E0020AD160300B4200020FFFF7F0082
:10191000184500204AB1A1F101010368B1FA81F133
:101920004909C3E90412002070470720704700BF2F
:10193000037F0BB10020704730B5044683B0A2612D
:101940001A480D4600F08CF9194B1A685B6880182C
:10195000184AD2E9001243F10003884273EB0202F5
:1019600003D210F1807043F100032818226943F17B
:101970000003C4E9020302B125610F4801A900F088
:10198000EDF9034648B100250B481D705C6001A9C4
:1019900000F016FA20B903B030BD042003B030BD0A
:1019A000024800F061F9284603B030BDB4200020A1
:1019B0004837002050370020C03E002030B5044694
:1019C00083B000250C48257701A900F0C7F980B144
:1019D00003460122027001A907485C6000F0F0F99B
:1019E00008B903B030BD054800F03EF9284603B001
:1019F00030BD042003B030BDC03E0020B420002024
:101A0000014800F053B800BFB4200020014800F0A6
:101A100049B800BFB420002030B51F4C437944F8CA
:101A200023201E4C04EBC302127992BB02680D887E
:101A3000C2F8085590F904208978002A4FEAC30EAD
:101A400020DB4FEA521C02F1604549014FEA8C0C41
:101A500005F56145C9B20CF1604C85F800130CF531
:101A6000614C02F01F02012101FA02F2CCF8802140
:101A7000CCF80020A64401228EF8042044F833005C
:101A8000002030BD064D02F00F024901C9B2A95431
:101A9000F0E7082030BD00BFDC3E0020D43E00202F
:101AA00014ED00E0036801221A6070470368012208
:101AB0005A60704730B401F1500C4FEA8C0C00684A
:101AC0001FFA8CFC4FF480348C400025C0F808438A
:101AD000C0F8484340F80C5082B050F80C500195C3
:101AE00001F5A87122F07F42019D40F82120C0F845
:101AF00044430BB1C0F8044302B030BC704700BF90
:101B00002DE9F04F04684FF4803801F1500508FAD0
:101B100001F80746AD0004EB8100C4F84883ADB27C
:101B2000C4F8088322F07F494FF0000AD4F8042556
:101B3000D0F84065C0F8402544F805A0A6EB020C9B
:101B400085B0625902922CF07F4CBCF1010F029AD1
:101B50009B464FEA810640D0D4F80455C4F844832C
:101B6000A9EB050222F07F42012A24D0264409F184
:101B7000FF33C6F84095D4F80415CBF1FF125B1A79
:101B800002F57F4223F07F439A4210D33BB10020FD
:101B9000C4F84483C4F8048305B0BDE8F08F09F1AC
:101BA0000102C6F84025D4F804359942EFD00D2043
:101BB00005B0BDE8F08F01F5A8710F4B09F10102E6
:101BC00044F8212043F001034FF4806098473C68BB
:101BD000D4F804359D42DAD0E9E7074A019142F092
:101BE00001024FF4806090473C68019944F805A0D9
:101BF00062590392039AAFE780B10300036802229F
:101C0000C3F8442309B1C3F8042370470368D3F829
:101C1000040100B97047002282B0C3F80421D3F850
:101C200004310193019B012002B0704702684FF418
:101C3000803303FA01F1C2F84813C2F80813704761
:101C400050318900036889B2585800B970470022A2
:101C50005A5082B05B580193019B012002B070473B
:101C60000368D3F80405704790F90430002B09DBB2
:101C70005A09054803F01F030121403201FA03F31A
:101C800040F82230704700BF00E100E0024A034BF9
:101C900010681B68184700BFD43E0020DC3E0020BF
:101CA000D2B11368DB43D9B1014410B40D4C0138F3
:101CB00001F1FF3C10F8011F08224B405908DB07D7
:101CC0004CBF81EA04030B46013AF7D16045F1D1DC
:101CD000D8435DF8044B70474FF0FF330029E3D140
:101CE000D84370472083B8ED99B110B4B2FBF3F438
:101CF00003FB1424A4B244B9C0E9001484608281B7
:101D0000C38120465DF8044B704709205DF8044B01
:101D100070470E20704700BF82B050E8022FC18884
:101D2000B2EB324F4FF0000317BF92B241EA0141CC
:101D300042EA014104E04268B2EB324F08BF01239E
:101D400040E80212002AE8D18DF807309DF80730EC
:101D5000002B0CBF1120002002B0704710B483B0DC
:101D600050E8013F1FFA83FCC489A4448489A44538
:101D700028BFACEB040C0489A44502BFBFF32F8F2E
:101D8000002207E0CCEA030C40E801C4002CE7D1B4
:101D90004FF001028DF803200193019C9DF8032070
:101DA0000C6032B1006810FA84F003B05DF8044BA7
:101DB000704702F0FF03184603B05DF8044B70470C
:101DC0000A884B889A4201D00020704750E8012FC2
:101DD000C2EA024240E80123002BF7D101207047FC
:101DE00010B483B050E8023F1FFAA3FCC488A44596
:101DF00002BFBFF32F8F00220EE0C489A444848960
:101E0000A44528BFACEB040CC3EA0C4C40E802C468
:101E1000002CE7D14FF001028DF803200193019CC3
:101E20009DF803200C6032B1006800EB144003B051
:101E30005DF8044B704702F0FF03184603B05DF8ED
:101E4000044B70470A884B889A4201D000207047A3
:101E500050E8022FC2EA224240E80223002BF7D1C9
:101E60000120704733DF7047064A074B10B5002446
:101E700014701C60BFF35F8F0449054800F064F8DC
:101E8000204610BD1A450020E83E002064CF030024
:101E9000E03E0020F8B5264E04460121304604F00D
:101EA000F9FFBFF35F8FD8B9042C3AD0214B1A78D1
:101EB00032BB214F01223C701A70204D6B682BB948
:101EC0000FE000F04BF86B683C7853B11B6820467C
:101ED000984703462846002BF3D1BFF35F8F33604A
:101EE000F8BD023C012C0FD903F024FAE0B94FF001
:101EF00080430122C3F80025BFF34F8F20BFFDE7C9
:101F0000BFF35F8F3060F8BDBFF34F8F0C490D4BAF
:101F1000CA6802F4E0621343CB60BFF34F8F00BF87
:101F2000FDE7054F3C78C8E7FFF79CFFDFE700BF00
:101F3000E83E00201A45002019450020E03E002020
:101F400000ED00E00400FA05D1E900329342C0E957
:101F5000001304BF00234360704700BF436843B1D0
:101F60000268D2E901210B449342436004BF00237D
:101F70004360704770B54468064620680D4618B93E
:101F800008E02468206828B1B368294698470028EB
:101F9000F7D120682860256070BD00BF43681868CD
:101FA00008B102681A60704743681868704700BF3C
:101FB0004368186818B908E00346006828B18142F0
:101FC000FAD10A681A600120704770476DDF7047C8
:101FD00079DF70477DDF704764DF70472DE9F04F90
:101FE00085B099460E9E0388BDF83CA00091174627
:101FF00032880192002B53D04FF00008C34645466B
:10200000804605E0B8F800200BF1010B5A4529DDA8
:10201000D8F8041051F82B00039000220DF10B01A9
:1020200003A8FFF7D9FF044630BB9DF80B20BA4246
:10203000E8D12DB33288D119514536DC4A440DF12F
:102040000B0103A80125FFF7C7FF002832D1318813
:102050009DF80B200A443280B8F800200BF1010BE8
:102060005A45D5DCE5B13388019A013B9B1A9BB2F6
:10207000FF2B1AD809F80230204605B0BDE8F08FD2
:102080003288511C3A440232524589B20DDC009B21
:10209000318009F801303288013292B23280CDE7C6
:1020A0000024204605B0BDE8F08F0C24204605B082
:1020B000BDE8F08F0446204605B0BDE8F08F00BFB4
:1020C0002DE9F04790F82D30144600222788228011
:1020D00086B006460D46002B40F0F080B378002B0A
:1020E00040F0E480F178002940F012817368B3B1C8
:1020F0002288D11CB94200F2DD8093F9001002233E
:10210000AB54238801339BB20A222380EA542388EC
:1021100001339BB22380E954238801332380338920
:10212000002B40F00A81338A002B40F03D81338B35
:10213000002B40F05581336A002B45D0B4F800E005
:102140000EF10602BA4200F2B5801A88052A40F262
:10215000A2816FF4486802EB080189B24FF27D302A
:10216000814240F298815988052940F294816FF4A8
:10217000486C8C441FFA8CFC844540F28C814FF6ED
:10218000FF70824202D08A4200F28581052205F862
:102190000E202288013292B212212280A954228874
:1021A000013292B222801988A9542A44090A517036
:1021B0002288023292B222805B88AB542A441B0AE6
:1021C0005370238802332380736A002B2FD09988A1
:1021D000B4F800C0881C0CF102020244BA4269D86B
:1021E000FE2867D8033105F80C102288013292B21C
:1021F000FF212280A9542288013292B222801988BC
:10220000A9542A44090A51702088023080B22080E3
:102210009A8862B199680393002900F03C812844B0
:1022200007F0A6FC039B9A8823881344238096F822
:102230002C30002B40F0ED80307800283BD03388E4
:10224000012B00F0288123889A1CBA4232D8012839
:1022500004D17178023119448F422BD3023FFF1A07
:10226000BFB2A81804A9ADF81070FFF7B3FE10BBF9
:102270003378022B00F017817178BDF8102091425D
:10228000C0F00D819742C0F00A8117460922FE2F47
:1022900010D82388791CE954238801339BB223800A
:1022A000EA54238801331F44278004E02388043341
:1022B000BB425DD90C2006B0BDE8F087082FF9D9E4
:1022C00004A8FFF783FE0028F5D123880822EA54EA
:1022D000238801339BB21B222380EA542388DDF834
:1022E000112001339BB22380EA502B44BDF8152006
:1022F0009A8023889DF8102006339BB212F0FE02CC
:1023000018BF01222380EA54238801332380E5E6A5
:102310002388DA1CBA42CDD80222EA54238801224B
:1023200013449BB22380EA54238813449BB2238036
:10233000E954238813442380D8E606F108080222D2
:10234000CDE900472B4611464046FFF747FE0028DF
:10235000B1D1CDE9004740462B4610220621FFF7B8
:102360003DFE0028A7D1338A002B3FF4E0AE1BE0EE
:1023700004A8FFF72DFE00289DD123880322EA54EC
:10238000238801339BB219222380EA542388BDF8A5
:10239000102001339BB22380EA542B44120A5A7056
:1023A0002388023323809DE606F11008CDE900471B
:1023B0002B46022203214046FFF710FE00287FF43F
:1023C0007AAFCDE9004740462B4610220721FFF7A0
:1023D00005FE00287FF46FAF338B002B3FF4ABAECC
:1023E00006F11808CDE900472B4602221421404689
:1023F000FFF7F4FD00287FF45EAFCDE900474046CB
:102400002B4610221521FFF7E9FD00283FF493AE7B
:1024100051E7B16A00293ED04FF000094B464FF01A
:10242000160A2BE02388E854238801339BB22380CB
:1024300005F803A0238801339BB2238031F82220C2
:10244000EA542B44120A5A702088023080B220804D
:10245000B8F8042028444AB1D8F80810D9B107F0D8
:1024600087FBB8F8042023881344238096F82C2097
:102470005FFA89F39A427FF6DFAEB16A03EB43025B
:1024800001EB820809F10109B8F80430D81C0233C5
:10249000FE2BC7D90EE7072006B0BDE8F087012B59
:1024A00008D00822F3E6BDF810309F42F9D31F464A
:1024B0000922ECE68F42F4D30F460822E7E600BF7C
:1024C00075DF704776DF70477ADF70477BDF7047D4
:1024D00070B51D4D2B8884B2A34282B011D11B4E22
:1024E000297A327B91420ED3337C00222A72F3B9CF
:1024F000736933B100228DF80420ADF8064001A8BD
:10250000984702B070BD05F10A011846FFF7D8FFE1
:1025100040B11128F5D0B369002BF2D002B0BDE86C
:10252000704018472B7A01332B7202B070BD3B21EB
:102530002046FFF7C7FF30F00803D9D0B369002B5E
:10254000D6D09847D4E700BF083F0020EC3E0020DB
:1025500010B4019C6388834212D38B4210D840F29E
:10256000F3118A42A08894BF931A531A834207D862
:102570000A44824234BF002001205DF8044B7047BA
:1025800000205DF8044B704710B50B46497A82B0C5
:10259000024691B9104C93F808C0D4E90110BCF17F
:1025A000000F18BF01465868FFF7C2F988B1A36948
:1025B0007BB102B0BDE810401847074949690020C7
:1025C000187231B101238DF80430ADF8062001A84E
:1025D000884702B010BD00BFEC3E002070B50388F4
:1025E000122B82B050D015D8102B2AD0112B0FD11E
:1025F000394C828823889A420AD16068FFF7DEF955
:1026000018B1364B9B6903B198474FF6FF7323808F
:1026100002B070BD502BFBD1304CC288E3899A4286
:10262000F6D1038A022BF3D12B4D83882E889E424C
:10263000EED1123000F098FA002844D029463046F6
:1026400033E0C37B012BE3D1234C22884FF6FF7389
:102650009A422FD18588224B1030009003CB002264
:10266000C4F80E10C4F80A00238A2272A189E289F4
:1026700060892580FFF76CFF184B6072DB89002BA7
:10268000C6D12146284610E0134C838825889D42F8
:10269000BED10830A189238A0090E2896089FFF7C2
:1026A00057FF034621462846637202B0BDE87040DA
:1026B000FFF76ABF094B9B69002BA9D0042002B029
:1026C000BDE8704018476868FFF778F900289FD088
:1026D000A369002BF3D19BE7083F0020EC3E0020CC
:1026E0001C3F002070B3F8B586460768164E174D9C
:1026F0000446BEE80F00B446ACE80F009EE80700B1
:1027000035608CE80700BFB13846FFF7DDFE90B9B1
:1027100023681868596803C50D4B0E490E4A1846C0
:102720004FF6FF7440F8041F1C800021FFF7F2F8F9
:10273000002818BF0320F8BD2846FFF7C7FE002871
:10274000EAD0F8BD0E207047EC3E00201C3F002070
:10275000083F002058370020D124030070B582B014
:1027600006460191019D6DB100242546214601A830
:1027700004F03CFB18B106EB450301359C800134A5
:10278000142CF3D13046356002B070BD2DE9F04F06
:102790000388B0F80480103B8DB007460A2B31D86F
:1027A000DFE803F00647303030303030304E330051
:1027B000364EB368DB4300937168684604F08CFBC7
:1027C000009901A8FFF7CAFFDDF804A0BAF1000FD5
:1027D00012D00DF106097C364FF0000B39F8025F7C
:1027E0002B4C20462946043404F0F4FAA642F8D1D2
:1027F0000BF1010BD345F1D1B8F1130F29D9042006
:1028000003F0DEF90DB0BDE8F08F037A21483F2BCD
:102810004FEA131441462CD904F0C2FA1E4841462F
:1028200004F0BEFA1D4841460DB0BDE8F04F04F07B
:10283000B7BA1B4841460DB0BDE8F04F04F0CABA24
:10284000037A002BDED1437A12481B074146F2D5AA
:10285000EAE71348414604F0A3FA0D48414604F064
:102860009FFAFB7B012BCDD00E48414604F098FA2D
:10287000C8E704F0AFFA032CD0D00748414604F073
:10288000A9FA022CCED005484146D4E7243F0020C7
:10289000283F00203C3F0020383F0020343F0020EC
:1028A0002C3F0020303F00201328014601D9002092
:1028B0007047014804F09ABA283F002013280146C7
:1028C00001D900207047014804F090BA283F002049
:1028D000132801D90020704710B504462146074847
:1028E00004F084FA08B9002010BD2146044804F021
:1028F0007DFA002814BF0220012010BD283F0020CF
:102900002C3F0020132801D90020704710B5044641
:102910002146064804F06AFA08B9002010BD214695
:102920000348BDE8104004F061BA00BF283F002012
:10293000343F0020132801D90020704710B5044609
:102940002146064804F052FA08B9002010BD21467D
:102950000348BDE8104004F049BA00BF283F0020FA
:10296000383F0020132801D90020704710B50446D5
:102970002146064804F03AFA08B9002010BD214665
:102980000348BDE8104004F031BA00BF283F0020E2
:102990003C3F002030B5094B83B09B680193002574
:1029A0002C46214601A8013404F020FA00B101357B
:1029B000142CF6D1284603B030BD00BF243F0020C0
:1029C00030B50C4AD36883B0DB4300939168684606
:1029D00004F082FA0025009B01932C46214601A8B1
:1029E000013404F003FA00B10135142CF6D1284665
:1029F00003B030BD243F002010B5034B0446596896
:102A0000FFF7ACFE204610BD243F002010B5084A59
:102A1000D36882B0DB4301939168044601A804F0B7
:102A20005BFA20460199FFF799FE204602B010BDDF
:102A3000243F002008B51821024804F0E1F9C0B293
:102A400008BD00BF243F002070B50C4E0446304640
:102A50000D4604F0CBF908B1132C01D9002070BD4C
:102A60002146301D04F0C2F90028F7D0E81D2146A8
:102A700006EB8000BDE8704004F0B8B9243F0020A8
:102A8000F8B50F4F044638460D46164604F0AEF929
:102A900008B1132C00D9F8BD2146381D04F0A6F961
:102AA0000028F8D0E91D07EB810021461EB1BDE8E2
:102AB000F84004F075B9BDE8F84004F08BB900BFE8
:102AC000243F0020F0B50F4B83B09B68019307466D
:102AD000A0B1019D7DB100250E462C46214601A8DE
:102AE00004F084F903463146A0B201340BB1B84773
:102AF0000135142CF2D1284603B0F0BD0546284616
:102B000003B0F0BD243F0020F0B5154E83B004465D
:102B10000F4601463046154604F068F918B90026FC
:102B2000304603B0F0BD063406EB840463680193BD
:102B3000002FF4D0019B002BF1D000263446214613
:102B400001A804F053F903462946A0B201340BB1A1
:102B5000B8470136142CF2D1304603B0F0BD00BFA7
:102B6000243F0020AADF7047008800F00100704772
:102B70000088C0F34000704730B591B013460A8812
:102B80008C78ADF80C200022ADF800208DF80220E2
:102B90004A7C012C38BF0124013A8DF80E40042AEA
:102BA00009D8DFE812F0C800CC00D000D40005003E
:102BB00022228DF800208A7C013A042A09D8DFE815
:102BC00012F0CA00CE00D200D600050022228DF8F5
:102BD0000120CA7B91F80CC04CEAC20C0A7C4CEA7A
:102BE000021C9DF802200CF0190C22F019024CEA8C
:102BF000020C0A7D002A14BF0222012262F3420C59
:102C00004A7B8DF802C0002412F0300FCDE9094450
:102C1000CDE90B44CDE90D440F946FD10022CDE9ED
:102C2000072206924A7B8DF824208C688A7BB1F8B3
:102C300004C08DF8252003AACDF814D0ADF81CC02F
:102C400004921CB1CA880894ADF818208C69002C35
:102C500036D04FF0000C8DF806C0ADF804C0B4F8C3
:102C600000C06568ADF82CC001AAB4F802C00D928E
:102C7000227BADF82EC0013A0A95042A2CD8DFE851
:102C800002F08E929682280022228DF80520A27AE8
:102C900094F808C04CEAC20CE27A4CEA021CA27B0F
:102CA000002A9DF806200CF0190422F0190244EACB
:102CB000020414BF0222012262F342048DF806408E
:102CC000CA6902B10C9204AA09A9FFF74BFF11B01F
:102CD00030BD22228DF80420627B013A042AD6D826
:102CE00001A555F822F000BF8F2D0300972D03009A
:102CF000772D03007F2D0300892C0300CA7CADF8DB
:102D00000840013A8DF80A4002AC042A07D8DFE8EF
:102D100002F0525E5A56030022228DF809209DF8D7
:102D20000A200E94012464F342028DF80A20112235
:102D30008DF8082072E711228DF800203BE7212250
:102D40008DF8002037E731228DF8002033E712227A
:102D50008DF800202FE711228DF8012039E721227C
:102D60008DF8012035E731228DF8012031E712225C
:102D70008DF801202DE731228DF8052087E71222FA
:102D80008DF8052083E712228DF80420A4E7112294
:102D90008DF805207BE721228DF8052077E71122A9
:102DA0008DF8042098E721228DF8042094E7312241
:102DB0008DF8042090E711228DF80920AFE7122248
:102DC0008DF80920ABE731228DF80920A7E72122F1
:102DD0008DF80920A3E700BF90DF7047A5DF70479B
:102DE000B5DF704708B90E2070474FF01712172350
:102DF00002604FF01B0C41F61B32016180F804C0E9
:102E0000C380836082810020704700BF8288002ACF
:102E10003CD130B50388242B85B00C4611D80F2B3C
:102E200030D9103B142B2DD8DFE803F073942C2CF1
:102E30002C2C2C2C2C2C2C2C2C2C2C2C2C2C2C9B63
:102E40005F003A2B36D0552B1CD1C388C988A2729B
:102E5000172B38BF17238B4228BF0B462381104600
:102E6000FFF7BEFFE37A6BB922695AB12189ADF849
:102E70000C1040F67720ADF80800ADF80A3002A932
:102E800020469047A37A53B905B030BD704711284A
:102E9000237B4AD1627B01219A42A17248D3E18807
:102EA0000020FFF79BFF0028EED14FF48073638171
:102EB00005B030BD4389C98825698B4228BF0B46C0
:102EC000172B38BF1723238165B1E17A51B140F642
:102ED0007721ADF80810ADF80A20ADF80C3002A942
:102EE0002046A84700236381CEE70B69027A4A7324
:102EF000002BC7D000214DF67A208DF80D10ADF8CB
:102F00000800ADF80A108DF80C2002A92046984759
:102F1000B8E7C27B0B790B73012A0CBF2188C988E3
:102F2000228908BFE1808A4232D3627B9A42A9D2C9
:102F300000209BB26A4602A9ADF80830ADF80A300D
:102F4000ADF80C00ADF80E000090ADF80400FFF7EE
:102F500043FF97E7172341F61B32CB808B608A81B2
:102F600092E7037A0A7B93424FF0000028BF134692
:102F700002A96A46ADF80830ADF80A30ADF80C0089
:102F8000ADF80E000090ADF80400FFF725FF79E7DB
:102F90000020FFF723FF00287FF479AF0122237B75
:102FA000E272C2E72DE9F041DFF89C8000238AB08D
:102FB0004FF6FF70CDE9003388F8003000F01EFDB9
:102FC0004FF6FF76B04220D0044648F2096707E08A
:102FD00000F0C0FC204600F011FDB042044614D0C1
:102FE000A4F58045ADB26A4602A9284603F034FE36
:102FF0000346BB422046EBD0284603F079FD48F259
:1030000007629042034618D013B90AB0BDE8F081B8
:103010000022CDE90522CDE9082207214FF6FF72F3
:1030200005A88DF81410ADF818400793ADF81620D8
:1030300000F058FA0AB0BDE8F081012388F80030AA
:103040000AB0BDE8F08100BF1B45002010B58389A0
:10305000017886B003F5804300229BB20429CDE9B4
:103060000122CDE903220592ADF8083043D02CD8D7
:103070004A1E022A39D843F6FE729342C38957D8B2
:10308000D0E90120A1F10301B1FA81F149098DF8DC
:103090000C308DF80D100490002A4FD19DF814309B
:1030A000082243F001038DF804208DF81430294CD8
:1030B0004FF6FF7301A8ADF8063000F013FA23783D
:1030C000BBB1FFF76FFF06B010BD05290DD14368F6
:1030D0004BBB13238DF804304FF6FF7301A8ADF8F6
:1030E0000830ADF8063000F0FDF91A4C2378002BBB
:1030F000E7D106B010BD43F6FE729342F5D8C289FF
:10310000002AF2D14268F2B10B238DF80430039209
:10311000104C01224FF6FF7301A82270ADF8063063
:1031200000F0E0F9E2E714228DF804200393D3E7DE
:1031300003F58044A4B29442A2D9D6E709238DF8BE
:1031400004300592B3E70A2218468DF8042000F0F7
:1031500001FCDDE71B45002030B5184889B003F0BD
:1031600003FB38BB03F018FB0546F8B900F0B6FBCB
:10317000CDE903550CE003F057FC019B9C8804F556
:10318000804405A8A4B203F07DFC204600F0AEFB0D
:1031900005A903AA4CF2070003F03EFD034601A96E
:1031A00005A8002BE7D0284609B030BD8625284663
:1031B00009B030BD0325284609B030BD4D300300AD
:1031C000F0B5FF2887B007D801290C4617461E46E0
:1031D00006D00B1F052B03D90725284607B0F0BDE5
:1031E0000023A0F58040A4F58041CDE9013380B2F1
:1031F00089B201AB03AA03F0F3FCF8B901A903A853
:1032000003F012FC0546C8B9019BBC705B883B808B
:103210008EB13668786802999C00A64228BF26467F
:10322000324606F0A5FCB4420CD803A803F02AFCF1
:10323000284607B0F0BD029B7B60F6E705252846CF
:1032400007B0F0BD0C25C8E7024B0022C3E90022FD
:10325000704700BFA03F002070B5012886B004462B
:103260000E46154602D0031F052B1CD8A4F580403E
:103270000E4A80B203A903F0CFFC20B901A903A82C
:1032800003F0D2FB10B1002006B070BD019AAC7003
:10329000938852882A8003F58043029A6A6003A8C3
:1032A000338003F0EFFB012006B070BDA03F00208B
:1032B00030B5FF2889B006D88B78012B154606D08B
:1032C0001A1F052A03D90724204609B030BDA3F5EB
:1032D00080430A884C689BB2A0F58040ADF80A3064
:1032E00019460023CDE90342CDE9003380B26B4695
:1032F00005AAADF8080003F073FCF0B902A905A80F
:1033000003F0EEFB48F2066304469C421ED007D849
:1033100004BB002DD8D0294605A803F0BDFCD3E797
:1033200048F207639C4219D048F20D639C4214BFD7
:1033300003241124204609B030BD02A905A803F0DA
:10334000CBFB48F2066304469C42E0D1862420462B
:1033500009B030BD0324204609B030BD11242046F9
:1033600009B030BD4FF6FF7000F0C0BAFF2806D894
:1033700008B500F0DBFAFFF715FE002008BD0720B6
:10338000704700BF00F0FABA00F002BB00F036BB95
:1033900000F054BB10B41D4C00232246B2F800C00C
:1033A000844502F10C0208D00133042BF6D14FF012
:1033B000000C60465DF8044B704703EB430C04EBD4
:1033C0008C0C9CF802208A4213D00133032B03D9C2
:1033D000EDE70133042BEAD003EB43024FEA820C02
:1033E00034F822208242F4D1A4449CF802208A427C
:1033F000EBD19CF80A209207E7D1DCF80420002AE0
:10340000E3D160465DF8044B704700BFF8400020F0
:1034100010B582B08278417A044600232F48CDE966
:1034200000338DF8022000F0A9FF88B3237AA27838
:103430008DF8022003EB83039B00013A0190ADF865
:103440000030072A08D8DFE802F00407070707045E
:103450002C430123ADF800302246694632F8040BB4
:10346000FFF726FF112827D005D8A0B1072818BFDD
:10347000032002B010BD86280AD1A37A184A23F08F
:10348000030343F001030121A372117002B010BDC8
:10349000032002B010BDA37A23F00303A37202B08D
:1034A00010BD2246142332F8040BADF800306946F3
:1034B000FFF7FEFE1128D7D1A37A094A23F00303B0
:1034C00043F0020301210020A372117002B010BD6D
:1034D000838809339B08ADF80030BDE7E840002041
:1034E0001C4500202DE9F047564F0646C06886B0BF
:1034F0003D463A4600235168884202F10C0200F032
:1035000096800133042BF6D100243378092B00F088
:103510008180132B57D0082B58D04FF0000830462D
:1035200000F038FB304601F05BFD304604F05EFBF6
:103530003046454E04F00EF93378BBB100243470A8
:103540004FF0010904EB440305EB83034FEA440AFF
:103550009B7A9A070DD5384686F80090FFF758FFFA
:1035600098B90134042C07F10C07EBD106B0BDE883
:10357000F087DB07F5D586F80090B8F1000FF0D0A2
:103580003846FFF745FF0028EBD054444FF6FF7252
:1035900035F82430ADF806208628ADF808304BD039
:1035A00007238DF80430039001A800F0F3FA01A876
:1035B00001F016FD01A804F019FB01A804F0CAF8F7
:1035C00006B0BDE8F0874FF00108A8E7737A002B3A
:1035D000A3D1002C34D0227A6AB1DFF870909846DB
:1035E000617A4144C9B2484600F0E0FE237A08F10E
:1035F00001089845F4D34FF6FF732380A37000238E
:1036000063609846A37A23F00303A3724FF47F43C9
:10361000238184E7737A002B7FF47FAF84B1A27A91
:10362000094E636042F00202A272984686E703EBFD
:10363000430305EB830468E706238DF80430B3E702
:10364000A0466CE7F84000201C450020E840002020
:1036500030B5174D002283B02B464FF6FF7C4FF05C
:10366000FF0E144602EB420105EB8101A3F800C0F6
:1036700083F802C083F809E0887A0C33013220F025
:103680000300042A887203F8044C43F8084CE9D17B
:103690005024CDE90024074B074908484FF4A07295
:1036A00000F002FE002818BF032003B030BD00BFA9
:1036B000F840002028410020A83F0020E8400020DA
:1036C0002DE9F84FDFF8B8800546434600241A88F4
:1036D000AA4203F10C030BD00134042CF7D1284685
:1036E000FFF744FE10B1072818BF0320BDE8F88F8C
:1036F00004EB4403214E08EB83034FF6FF774FF0B2
:10370000000999782846FFF745FE834600B3037AFF
:1037100073B14FF0000A9BF8091051443046C9B20A
:1037200000F044FE9BF808300AF1010A9A45F2D3F2
:103730009BF80A30ABF800704FF47F4223F003038C
:103740008BF80270CBF80490ABF808208BF80A30A5
:10375000621C032AC3D804EB440408EB840302E090
:103760000132042ABBD09989A94203F10C03F7D195
:1037700002EB420308EB83031446C2E7E840002053
:10378000F84000200023FFF71BBD00BF002B41D0F5
:103790002DE9F0411E46CB1F012B0F4629D8531EA1
:1037A000032B144625D88046FFF7F4FD054698B351
:1037B000037AA3422BD1697AFF291DD04FF000086C
:1037C00024482C7200F0DAFD88B304EB8402120165
:1037D0000332C2F38D02B77070603280B8F1000F0F
:1037E00004D0082F02D19200063A82800020BDE862
:1037F000F0810720BDE8F0812146164800F06AFDFF
:10380000FF280146687216D04FF00108D8E70F2054
:10381000BDE8F0810E207047FF214FF6FF70FFF7E3
:10382000B9FD054628B1A0F800808770C3E70320E2
:10383000E0E71120DEE7AB7AA9704FF6FF720020B7
:1038400023F003032A804FF47F4268602A81AB7221
:103850001120CFE7E840002070B5FFF79BFDE0B1F5
:10386000037A05465BB10E4E0024697A2144304646
:10387000C9B200F09BFD2B7A01349C42F5D3AB7AA0
:103880004FF6FF724FF47F41002023F00303AA702C
:1038900029812A806860AB7270BD052070BD00BFB1
:1038A000E8400020CB1F012B14D870B50646104607
:1038B0000C461546FFF766FD50B121463046FFF72E
:1038C00069FD48B184700580BDE87040FFF7A0BD78
:1038D000072070BD07207047052070BD02484022B8
:1038E000002106F05BBA00BF2C4100204FF6FF73A9
:1038F000984210B50DD0FF28044602D94FF6FF704C
:1039000010BD0948214603F057FA0028F6D1204699
:1039100010BD05484FF4807103F072FA80B2B0F523
:10392000807FEBD010BD00BF2C41002008B54FF6C2
:10393000FF73984202D0FF28014601D9002008BD3C
:10394000034803F039FA0028F8D1012008BD00BF70
:103950004C410020FF2800D9704710B5044621468D
:10396000044803F037FA21460348BDE8104003F04D
:1039700031BA00BF2C4100204C410020FF280146F5
:1039800001D900207047014803F030BA2C410020D3
:10399000F8B54FF6FF7398422AD0013084B2FF2C5D
:1039A00022D8144D03E09CB2B4F5807F1CD0214690
:1039B000284603F01BFA631C0028F4D00E4FA7F131
:1039C00020062146384603F011FA78B10134A5B239
:1039D00007E02946304603F009FAACB20135002869
:1039E000EFD1B5F5807FF4D14FF6FF742046F8BDD6
:1039F0000024D6E72C4100204C41002038B54FF67A
:103A0000FF73984216D0013084B2FF2C0ED80A4DB5
:103A100003E09CB2B4F5807F08D02146284603F02D
:103A2000E5F9631C0028F4D0204638BD4FF6FF743A
:103A3000204638BD0024EAE74C41002070B5002440
:103A4000064E25462146304603F0D0F90134B4F540
:103A5000807F0544F6D1284670BD00BF2C41002070
:103A6000074B1B7803B9704710B5044604F026FBDA
:103A7000204601F00DFB2046BDE8104003F056BF84
:103A80001E4500202DE9F04F87B083464FF6FF70AA
:103A90008A4691460193FFF777FC0423039302AB18
:103AA0000025059304AA03AB06210446029504955C
:103AB000FFF786FB072844D04FF6FF770346B8464A
:103AC0004FF0FF360AE0052B15D1FFF75DFC03AB85
:103AD00004AA06210446FFF773FB03462046002B89
:103AE000F1D1029BAB4224BFA0461D46B3423CBF6E
:103AF00027461E46E9E74FF6FF739C4203D003209A
:103B000007B0BDE8F08FA04519D0A7420CBF052033
:103B10000020BBF1000F01D0ABF80080BAF1000F1C
:103B200001D0CAF80050B9F1000F01D0A9F8007017
:103B3000019B002BE4D01E6007B0BDE8F08F05208C
:103B4000E7E7052007B0BDE8F08F00BF0D4B70B56B
:103B50001C7864B10C4D0D4E00231A4629463046A0
:103B6000FFF790FF052805D0B0FA80F46409084BF0
:103B70001C7070BD00232B60054B4FF6FF72328026
:103B80001C7070BD1E4500206C41002002450020C5
:103B9000204500202DE9F043044687B0808804F0DA
:103BA00005FA23786080083B032B08D8DFE803F090
:103BB00038271702634B1A78002A40F08D80624F35
:103BC0003B784BB1614E002556F8043B20469847A0
:103BD0003B7801359D42F7DB07B0BDE8F083594DD6
:103BE0002B78002B35D15A4B1B78002BE7D0594A44
:103BF000A38812889A42E2D1FFF7A8FFDFE7637A31
:103C0000002BDCD154490A68002AD8D0E0688242EF
:103C1000D5D152480B600268E360013A0260CEE7FA
:103C2000637A9BB94C490A681AB1E068824200F095
:103C30008380474B1B78002BC1D0464BA2881B8842
:103C40009A42BCD1237A062BB9D1D5E7012BB6D144
:103C5000EFE74FF6FF70FFF797FB4FF6FF739842C1
:103C60000646C0D1FFF792FBB042BCD1364F0023CD
:103C70000DF104080C220193C8E90133C8E90333AC
:103C80008DF804203A782B70ADF80800ADF80600E6
:103C9000A2B12E4E1D46B14659F8043B2046984726
:103CA0003B7801359D42F7DB43B1002556F8043BD4
:103CB000404698473B7801359D42F7DB244B1B7803
:103CC000002B89D0234AA38812889A4284D107B056
:103CD000BDE8F043FFF73ABF00250DF104081A4F85
:103CE0001D70A3680195C8E90355C8F804500393F3
:103CF0003B784FF6FF720D218DF80410ADF80820C7
:103D0000ADF80620002B3FF467AF104EB14659F8CE
:103D1000043B204698473B7801359D42F7DB002B5A
:103D20003FF45AAF002456F8043B404698473B788E
:103D300001349C42F7DB4FE7064AA0880B601080F5
:103D4000E3603CE71D4500201F4500207041002036
:103D500020450020024500207C4100206C410020CD
:103D600078B1F8B5074F3B7853B1074E05460024AC
:103D700056F8043B284698473B7801349C42F7DBD1
:103D8000F8BD70471F45002070410020F8B5074F6F
:103D90003B7853B1064D0646002455F8043B3046A7
:103DA00098473B7801349C42F7DBF8BD1F45002063
:103DB00070410020F8B5074F3B7853B1064D0646D9
:103DC000002455F8043B304698473B7801349C4228
:103DD000F7DBF8BD1F45002070410020F8B5074F04
:103DE0003B7853B1064D0646002455F8043B304657
:103DF00098473B7801349C42F7DBF8BD1F45002013
:103E00007041002010B5FFF7A7F9D8B9FFF720FCE3
:103E1000C0B901F005F9A8B900F080FB90B903F032
:103E20000FFD78B903F0EEFE60B9074A074C084968
:103E3000084B20604FF6FF7CA2F800C001220870FA
:103E40001A7010BD032010BD024500207C410020E7
:103E5000204500201E4500200A4B1B786BB10A4A02
:103E60001378022B0BD810B4591C084C117044F86D
:103E7000230000205DF8044B7047082070470420A1
:103E8000704700BF1E4500201F45002070410020E4
:103E9000034B1B780BB101F015B90820704700BF28
:103EA0001E45002008B5054B1B782BB101F02CF9FD
:103EB000082808BF112008BD082008BD1E450020A5
:103EC00009B101F01FB97047024B1B7803B9704765
:103ED00003F00CBE1E450020034B1B780BB100F015
:103EE000E3BF0820704700BF1E450020024B187832
:103EF00000B97047FFF74CBA1E450020034B1B78F2
:103F00000BB104F083B80820704700BF1E450020A5
:103F100010B4054C24781CB15DF8044BFFF7B2BD1A
:103F200008205DF8044B70471E4500202DE9F04144
:103F3000394B1B7888B0002B39D0384B384C0546AC
:103F400093E80300237801AE86E803002BB3354FD6
:103F50003C683CBB344BDFF8DC801B88AB42D8F8B4
:103F600000302ED05A1C27D001332E4AC8F800301A
:103F700031462846FFF79CF90446A0B1D8F8003036
:103F80000022013B11283A60C8F800300AD0862888
:103F900009D0072818BF032405E0FFF7D7FD2378D1
:103FA000002BD4D11124204608B0BDE8F0810824AC
:103FB000204608B0BDE8F0811324204608B0BDE8D3
:103FC000F081002BD0D008232846CDE90344CDE969
:103FD00005448DF80C30079403F0E8FF9DF81C3081
:103FE000124FADF80E0064F300038DF81C303B78DF
:103FF000ADF810500622ADF814200694002BD2D054
:104000000B4E254656F8043B03A898473B780135EC
:104010009D42F7DBC7E700BF1E45002070CF0300BD
:10402000204500207C410020024500201F45002043
:10403000704100206C41002076DF704710B50446C7
:1040400082B059B901A9FFF747FF43F2020290423B
:1040500000D0C8B99DF804309B0713D40021204636
:10406000FFF720FF70B111280CD00D2813D00B28BA
:1040700008D043F20202904204D002B0BDE81040E2
:1040800001F09EBD02B010BD01F09AFD9DF8043014
:104090009B07F7D4E2E71321204602B0BDE81040A9
:1040A000FFF7CABF017839B1072900D0704780688F
:1040B0000028FBD001F084BD4088FFF7BFBF00BFE0
:1040C0002DE9F041037886B00446142B0FD8DFE8C1
:1040D00003F0630E750E0E0E110E0B0E0B0E0E0E70
:1040E0000E0E0E0E0E224B006A4B01221A7006B005
:1040F000BDE8F081684C2378002BF8D1654D2B7812
:10410000002B00F0878002F031FD002840F09F80F6
:1041100001232370EBE761495F4A5E4B0C68604FF7
:10412000002515701D7004F108084FF6FF766242F5
:1041300002F0070204F0070358BF5342013437F876
:104140001320B2420BD001A80295CDE9035527F800
:104150001360ADF8082001950595FFF7B1FF4445C0
:10416000E5D106B0BDE8F08183684B4948F20D62A5
:1041700000209342087002D0B3F5064FB7D1002358
:10418000062201A8CDE90133CDE9033305938DF86B
:104190000420FFF795FFAAE78088FFF7C7FE86286F
:1041A0001CD011281AD0132803D83E4BC340DB077C
:1041B0009DD406B0BDE8F04101F002BD037A012BA9
:1041C00095D800238288059301A8CDE90133CDE974
:1041D0000333ADF80820FFF773FF88E72F48304915
:1041E0000268A48821F81240531C594201F00701CB
:1041F00003F0070358BF4B4200220360062301A8C7
:104200000192CDE90222CDE904228DF80430FFF7B6
:1042100057FF6CE701A802F049FD38BBBDF80A3032
:10422000002B14BF012300232B707FF46CAF0023FD
:1042300001AA19461846FFF76BFE064668B1431FF0
:10424000012B7FF654AF304601F0BAFC4FE748F23D
:10425000076290423FF44BAFABE7BDF80400FFF7B5
:104260004DFE064670B901232B704CE701F0A8FC07
:10427000BDF80A30002B14BF012300232B707FF4FC
:1042800036AFD4E701F09CFC0122731F93422A70E1
:10429000D9D82CE73A210020214500208041002078
:1042A000BC200020C100080030B4DDE9024570B137
:1042B00069B163B105FB04FC944508D83CB135B144
:1042C000C0E90245C0E9001330BC00207047072058
:1042D00030BC70472DE9F04100284AD003680646FB
:1042E000002B46D04068002843D0B368002B40D054
:1042F00000250F46FF2429460DE0FF2C08BF2C4661
:104300002B1B0133BB4235D0B3680135EDB29D4262
:1043100029462ED2706802F04FFDBFF35F8F002850
:10432000EBD0FF2C01D1FF24EEE7AC42FBD20134ED
:104330003268E4B204E0A542F5D932680134E4B24F
:10434000631E5FFA83F8002AF5D070680028F2D067
:10435000B8F1FF0FF2D0BFF35F8F414602F046FD88
:104360000028E8D07068BFF35F8F414602F032FD4D
:10437000E1E7FF242046BDE8F08100BFA0B138B5D9
:104380000368044673B1406860B1FF290D4609D047
:10439000BFF35F8F02F02AFD20B1E168206801FBC6
:1043A000050038BD002038BD0020704748B138B541
:1043B0000368044623B1406810B1FF290D4601D1BE
:1043C00038BD7047BFF35F8F02F010FD0028F7D0B3
:1043D0006068BFF35F8F2946BDE8384002F0FABC41
:1043E0007EDF70477FDF704786DF704710B58C46F1
:1043F00086B010490024097803940494ADF80E2087
:104400008DF810302246032301948DF80CC08DF8EE
:104410000430ADF8060002940594FEF731FBBDF8B8
:10442000060003F04FFDADF8080001A800F090FD74
:1044300006B010BD3C21002030B5164B0C46221EA4
:1044400087B018BF012219780546FEF719FB124BF9
:10445000A4F10102B2FA82F2197828465209FEF755
:104460000FFB0023012228460193CDE90233CDE959
:1044700004338DF80420ADF806508DF80C4003F09D
:1044800021FD034601A8ADF8083000F061FD07B03A
:1044900030BD00BF3E2100203D21002070B51A4BE9
:1044A00088B00D46197801920446FEF7CDFA04F55E
:1044B000807200284FF0070190B214BF0126022637
:1044C000FFF7CAF9019B08B1052807D12A463146F2
:1044D000204608B0BDE87040FFF788BF0022CDE954
:1044E0000322CDE906220590072220468DF80C20F4
:1044F000ADF80E4003F0E6FCADF8100003A800F0A4
:1045000027FD019BE2E700BF3D210020024B0A7816
:104510001978FEF7B5BA00BF3B210020F8B5184C5A
:104520002378182B28D0174D2B78182B20D0164E17
:104530003378182B18D0154F3B78182B10D02378D0
:10454000182B0BD02B78182B08D03378182B05D0CC
:104550003B78182B0CBF03200020F8BD0320F8BDCA
:10456000FEF768FA3870EAE7FEF764FA3070E2E7BF
:10457000FEF760FA2870DAE7FEF75CFA2070D2E7FF
:104580003C2100203E2100203D2100203B21002035
:104590002DE9F04190B00E4617460546FEF78EF91C
:1045A0002022044600210DEB020005F0F7FB012C50
:1045B00034D0ECB19EB1284603F084FC3378DB079D
:1045C0001ED503AB05F5807080B201220721FFF7ED
:1045D000DDF8112809D000285BD0032005E08521F3
:1045E00008AB00222846FFF7FDFE10B0BDE8F081C1
:1045F00043F2020010B0BDE8F0813278D207E1D476
:104600000021314B0B970F93012CE9D108AB3246B7
:104610002846FFF7E7FE10B0BDE8F081DFF8AC8078
:10462000002298F800102846FEF72AFA7EB32846A2
:1046300003F048FC4FF6FF739842BFD098F8001083
:104640002846FEF701FA0028B8D1CDE9030004227C
:1046500003ABCDE90500079028468DF80C200193A7
:10466000ADF80E5003F02EFC019BADF8100018467B
:1046700000F06EFC98F800102846FEF7E5F9019B63
:104680000028BAD13378D90701D48521B9E785212B
:10469000BCE701465022049805F080FB04990A4AC1
:1046A0000B46284603F8344B089301F118030C938A
:1046B0004B1C11310B970F920D9303F019FC08B9A5
:1046C0000146A1E7082090E7844100203B2100201B
:1046D00038B505460C46FEF7F1F8012802D043F242
:1046E000020038BD3CB121462846FFF779FE042878
:1046F00008BF112038BD204638BD00BF2DE9F04F5E
:104700000388113B8BB00446092B23D8DFE803F064
:10471000392205592222222296258088FEF7CEF8DA
:104720000128024600F07A8134F8040F0023CDE915
:10473000083304340522CDE9053307948DF814209D
:10474000ADF8160003F0BEFB034605A8ADF818301F
:1047500000F0FEFB0BB0BDE8F08FBD4B80881978F0
:10476000FEF772F905460028F4D1A088FEF7CAF8D2
:104770000146002840F00981A088012341F2060289
:10478000FEE0027A8588B34B3D2A197841F23D025A
:1047900028460CBF14464FF48854FEF755F90028FC
:1047A000D8D0AB4B28461978FEF74EF9002800F018
:1047B000E3800022214628460BB0BDE8F04FFFF70A
:1047C0006DBE00F11006304603F0CAFB4FF6FF73D2
:1047D00005469D420746A08800F09980294603F0CF
:1047E0000BFC9C4BA088197801900122FEF748F938
:1047F00001980021FFF720FE03AA07212846FEF7B3
:10480000C1FF002800F0AC80002500231A46A088D4
:104810002946FFF7E9FD082803469BD0002840F011
:10482000F080A37EDA0795D5002D93D1A0882B4682
:1048300041F206022946FFF7D9FD8BE7057A868803
:10484000002D76D1834B2A4619783046FEF718F9A9
:10485000637A5B0740F1F38006F580791FFA89F9E6
:1048600003AB012207214846FEF790FF804600284F
:1048700040F09A80304603F025FB4FF6FF739842D4
:104880000546074600F01381C24605AF48462A4652
:104890000721FFF707F8002800F0F280862800F0D3
:1048A000DB804FF00008CDF814800723C7E90188AA
:1048B000C7E90388079030468DF81430ADF81660CC
:1048C00003F000FBADF81800384600F041FB637AB6
:1048D000A0888DF81D8013F0040F14BF012302235C
:1048E0008DF81C3002238DF81430ADF8160003F05B
:1048F000E9FA03463846ADF8183000F029FBBAF162
:10490000000F3FF427AF284603F080FB22E703F0B7
:10491000D9FA504B05461978A08801900122FEF77C
:10492000AFF801980021FFF787FDBD423FF46CAF5F
:1049300062E7484A437A1178304603F00304FEF7F1
:1049400083F800283FF406AF414B30461978FEF754
:104950007BF8A9B2002800F0A580224630462BE75C
:10496000A37ED8077FF550AF049D95F84430D90752
:1049700040F1E680343548E70346014622462846A2
:104980000BB0BDE8F04FFFF731BD324BA08819786E
:104990002A46FEF775F8A088ADF8160002238DF8B8
:1049A0001430ADF81C50CDE6072307903046CDE912
:1049B0000555CDE908558DF81430ADF8166003F0B3
:1049C00081FA05AF03463846ADF8183000F0C0FA5A
:1049D000637AA088ADF8160013F0040F14BF01230A
:1049E000022302228DF814208DF81C308DF81D5002
:1049F00003F068FA03463846ADF8183000F0A8FA1C
:104A0000A8E60022A08807930721CDE90522CDE979
:104A100008228DF81410ADF8160093E6257A0D4B98
:104A2000A0881978019005F00105C5F10205EDB2E5
:104A3000FEF726F801982946FFF7FEFC74E60223EC
:104A4000A0888DF81430ADF81600ADF81C3079E66A
:104A50003E2100203C210020002305930622C7E9C7
:104A60000133C7E9033330468DF81420ADF81660E2
:104A700003F028FA03463846ADF8183000F068FA1B
:104A8000637AA08813F0040F14BF012202220221CE
:104A900001238DF81410ADF816008DF81C208DF848
:104AA0001D30A5E70A4623460146304668E7014621
:104AB000049803F0E7F9B8420546824633D0DFF8A0
:104AC000E0B00146304603F097FA9BF800103046FC
:104AD000FDF7BAFF824600287FF4D6AE0423CDE965
:104AE0000500CDE90700099030468DF81430ADF887
:104AF000166003F0E7F905AFADF81800384600F08E
:104B000027FA9BF800103046FDF79EFF0346002869
:104B10007FF4BCAE627AA08812F0040F14BF0122A9
:104B200002220221B5E7FEF71DFC5045054610D0D4
:104B30002946304603F060FA4FF0010A05AFA5E6BA
:104B4000314605F1460003F0F1F900287FF412AF79
:104B50005AE60723CDE9058830468DF81430042342
:104B60000793CDE90888ADF8166003F0ABF905AFFF
:104B700003463846ADF8183000F0EAF9637AA088A9
:104B8000ADF8160013F0040F14BF01230223022214
:104B90008DF814208DF81C308DF81D8028E700BF9B
:104BA0003B21002038B3037803F08202802A21D011
:104BB000C3F30212042A1DD803F0F202322A19D0DC
:104BC000427881788A4215D8062A13D9102911D83B
:104BD000C27812F0040C0DD1017911F0040F09D143
:104BE0000A43110706D4DB0706D512F0030018BFED
:104BF000012070470020704712F0030F0CBF012006
:104C00000020704731F0080322D070B511298AB016
:104C10000C461BD00D2905461BD00023CDE90533DA
:104C2000CDE90733099303F04DF907238DF81430CC
:104C3000ADF81650ADF8180005AD0FCD6E460FC695
:104C40002B68336068460294FFF78AF80AB070BD9B
:104C500070470023CDE90533CDE9073316460993A4
:104C600003F030F903238DF81430ADF81650ADF889
:104C7000180005AC0FCC6D460FC523682B607EB1C4
:104C8000337803F00103C3F10203DBB241F20112F6
:104C900068468DF80830ADF80A20FFF761F8D5E7CF
:104CA0000223F3E72DE9F041244B8EB00026CDE935
:104CB0000A661B68099309AC0546884694E8070014
:104CC00001AF87E80700CDE90C6609962846A66083
:104CD00003F0F8F805238DF82430ADF82800ADF87E
:104CE00026500FCC0DF1100CACE80F002368CCF867
:104CF000003004A8CDF818800797FFF731F8104B63
:104D000001991A682846FFF743FC0E4BA0F11102E7
:104D1000B2FA82F21978044652092846FDF7B0FE2D
:104D2000094B324619782846FDF7AAFE019A21461A
:104D30002846FFF767FF0EB0BDE8F081D0410020A4
:104D4000C441002042210020412100200021FFF722
:104D5000A9BF00BF2DE9F04706468EB090461F461A
:104D60000C46002950D13D4B0A911B68099309ADAF
:104D70000B91CDE90C1195E807000DF1040989E8C4
:104D800007003046099403F09DF84FF0050A8DF8AE
:104D900024A0ADF82800ADF82660AC46BCE80F00B2
:104DA00004AD0FC5DCF80030CDF81C9004A82B60D2
:104DB000FEF7D6FF2A4BDDF804901B789BB34946DB
:104DC00042463046FFF784FC264B112819780546E9
:104DD00031D000223046FDF753FE112D0AD80D2D9B
:104DE00015D8DFE805F0261414141414141426142E
:104DF0001426142643F20204A54218BF03244FB917
:104E000020460EB0BDE8F0874FF00009D7E7032435
:104E1000002FF5D030464A462946FFF7F3FE2046DC
:104E20000EB0BDE8F0879DF80D30002BC7D1544679
:104E3000E6E72C46E3E701223046FDF721FE0A4B68
:104E4000224619783046FDF71BFE084B424619787A
:104E50003046FDF715FE0024D1E700BFD041002009
:104E60002245002041210020402100203F21002038
:104E700010B50B4B82B019780446FDF7E5FD094BE0
:104E80000246197801922046FDF7DEFD019A01469F
:104E90000123204602B0BDE81040FFF75BBF00BF12
:104EA0003F2100204021002000294FD0F0B583B0E1
:104EB00006460C46FDF70CFD054670B3304603F080
:104EC00001F8A5F1020507464FF6FF70381A23785E
:104ED000B5FA85F518BF01206D0923F0090345EAED
:104EE000C0051D4325703046FDF70CFD237860F3A7
:104EF000410323703046FDF71DFD237860F38203E4
:104F000023703046FDF72EFD054650B12378002072
:104F100065F30413237003B0F0BD43F2020003B045
:104F2000F0BD3046FDF7EEFC06460028EED06A469E
:104F300038460721FEF726FC0028E7D1019B93F8AD
:104F4000443013F0010F18BF3546DFE70E207047DD
:104F500070B50378052B82B0044615D0122B0DD105
:104F60001E4B1A68BAB14088FDF7CCFC0546A0B9C3
:104F70000246608801232946FFF7ECFE204602B076
:104F8000BDE87040FEF7ECBE8168408802B0BDE825
:104F90007040FFF787BE0125EBE7237A6088C3F3F3
:104FA0004006C3F30002B60046EAC206C3F380031C
:104FB00046EA031601A9E0238DF80430FFF774FFD9
:104FC00006F01C069DF80430F6B220B936EA030359
:104FD00014BF012500252A460025CAE7D04100203C
:104FE00008B503780B2B02D8072B02D808BD132B6A
:104FF000FCD1074B074918780022FDF785FD064BC9
:10500000064918780022BDE80840FDF77DBD00BFC5
:10501000422100204D4D030041210020714E03002C
:1050200010B5174C2378182B0DD0164C2378182B5D
:1050300010D0154C2378182B13D0144C2378182B30
:1050400016D0002010BDFDF7F5FC20700D4C237824
:10505000182BEED1FDF7EEFC20700B4C2378182BAB
:10506000EBD1FDF7E7FC2070084C2378182BE8D132
:10507000FDF7E0FC18282070E3D1032010BD00BF2D
:10508000412100203F21002040210020422100201A
:1050900008B5FFF733FB074B074918780022FDF7E7
:1050A00033FD064B064918780022BDE80840FDF79D
:1050B0002BBD00BF422100204D4D030041210020A7
:1050C000714E030038B5044680B1FFF76BFD58B14F
:1050D000094B206818602179084D094A197101218E
:1050E0002B601170002038BD072038BD0349044BE8
:1050F000086001221A7038BDC8410020D04100204C
:1051000022450020FFF702BA00230A461946FFF79E
:1051100021BE00BF10DF704711DF704710B582B0AD
:105120000C4904466846FCF70FFF019B23B90EE0CB
:10513000FCF714FF019B53B1D3E900312046984797
:1051400003466846002BF3D1112002B010BD0020A9
:1051500002B010BD7CCF03000B4991F81623EC235D
:1051600052091341DB0707D5084B9A6842B11A6808
:1051700042F480021A60704742F2020000F020BD43
:105180004FF480030B60704700E100E064420020B0
:1051900070B5284D2C7884B0002C46D1264E0123C2
:1051A00020463370FFF7BAFF11283BD0234902A8ED
:1051B000FCF7CAFE039B4BB1D3E9003100209847AE
:1051C00002A8FCF7CBFE039B002BF5D11C4B002261
:1051D0001B68019302A88DF8082000F001FD194911
:1051E00001A8FFF797FFB0FA80F304465B099DF82A
:1051F00008002B7000F01AFDA4B9134B34701C701A
:10520000FFF7AAFF0D4902A8FCF79EFE039B4BB1D6
:10521000D3E900310120984702A8FCF79FFE039BC9
:10522000002BF5D1204604B070BD0824204604B000
:1052300070BD00BF244500202345002094CF03000B
:1052400078CF0300193D020025450020F0B52C4D14
:105250002B7883B0002B44D02A4E01203070FFF70A
:105260005DFF112839D028496846FCF76DFE019B87
:105270004BB1D3E90031022098476846FCF76EFE37
:10528000019B002BF5D1002768468DF8007000F0D7
:10529000A7FCFFF741FF04469DF800002F7000F0C7
:1052A000C5FCDCB9194B34709A68F2B11A6822F463
:1052B00080021A6014496846FCF746FE019B6BB1F8
:1052C000D3E90031032098476846FCF747FE019B6D
:1052D000002BF5D1204603B0F0BD0024204603B0DA
:1052E000F0BD0824204603B0F0BD094B4FF4800206
:1052F000C3F88020BFF34F8FBFF36F8FDAE700BF93
:10530000244500202345002094CF03006442002060
:1053100000E100E0054B1B7833B1054B1B780BB166
:10532000FFF794BFFFF734BF0820704723450020E4
:1053300024450020014B1878704700BF2445002009
:105340000C4B1B7803B970470B4B9A683AB11A683B
:1053500022F480021A60094B01221A707047084B30
:105360004FF48002C3F88020BFF34F8FBFF36F8FDD
:10537000F1E700BF244500206442002025450020BD
:1053800000E100E010B5084C237813B1074B1B78FF
:1053900003B910BD064B4FF48002C3F80021FFF79C
:1053A000DBFE0023237010BD25450020244500208E
:1053B00000E100E0034B1B7813B1034B18787047F2
:1053C00001207047244500202545002000B583B00A
:1053D00008496846FCF7B8FD019B43B1D3E90020BA
:1053E00090476846FCF7BAFD019B002BF6D103B04D
:1053F0005DF804FB88CF030060DF704769DF70470A
:1054000061DF7047154B1B7833B330B5144D91B045
:1054100034240DF1020103A8ADF80240FFF7F0FFBC
:1054200088B9294601A8FCF78FFD029B002BF0D01C
:10543000D3E9003103A8984701A8FCF78FFD029B30
:10544000002BF5D1E5E7052801D111B030BD11B031
:10545000BDE8304000F0B4BB704700BF26450020D7
:10546000A0CF0300002941D070B584B000240D46C0
:105470001F4A0A60CDE90144012606238DF8040085
:1054800001A92020ADF8083003948DF80660FFF7DD
:10549000B5FF2A68039401A94020CDE901448DF8A5
:1054A0000560FFF7ABFF04230DEB03012A680394AB
:1054B0003046CDE901448DF80430FFF79FFF4FF4EB
:1054C000E4632A68039401A9A120CDE90134FFF720
:1054D00095FF2A68039401A9A020CDE901448DF825
:1054E0000460FFF78BFF204604B070BD0E207047AC
:1054F0004020002008B5FFF77FFF10B9014B0122C3
:105500001A7008BD264500204BDF704710B5124CBD
:1055100084B001A8FFF7F8FFA8B9214602A8FCF75C
:1055200013FD039B002BF4D0D3E900310198984779
:1055300002A8FCF713FD039B002BF5D101A8FFF790
:10554000E3FF0028E9D0052801D104B010BD04B064
:10555000BDE8104000F034BBACCF03000020704722
:10556000A8DF7047ADDF7047AEDF7047B0DF704730
:1055700062DF70473CDF70473DDF7047704700BF18
:1055800000282ED0F0B50388512B89B0044629D0CD
:105590000AD8102B1CD0112B04D1334B81889A8848
:1055A00091421AD009B0F0BD532BFBD12E4DC288C9
:1055B000EB889A42F6D12B7E002BF3D000F0B2F9A3
:1055C0000028EFD06B69022009B0BDE8F040184711
:1055D000254B82889A8009B0F0BD4FF6FF729A8001
:1055E000E0E77047204D8088AB889842DAD1A379F4
:1055F000022BD7D12189EA889142D3D1A27B043AE8
:10560000022ACFD900220492CDE9052207926989A6
:10561000029301AF02AA8DF810300397FFF7A2FFA3
:10562000064690B140F2FD13ADF81430A88804A9E5
:10563000FFF79CFF1128F9D0BDF81430002BB1D131
:1056400004F1080000F00EF9ACE73846FDF790FAD7
:105650000028E7D09DF81630ADF8146043F0010340
:105660008DF81630E2E700BFD441002000B5154B9D
:1056700087B000228646CDF80B2098888DF80F2041
:10568000DA888DF8061003234FF0020CADF80230D3
:1056900020238DF80430ADF8082001AB0DEB0C028F
:1056A00002A9CDE904238DF805E08DF80AC0FFF7C3
:1056B0005BFF20B9BDF80230032B18BF0C2007B0E8
:1056C0005DF804FBD441002010B54FF0FF310020FD
:1056D000FFF752FF044608B1204610BDB121FFF785
:1056E00049FF04460028F7D1044B01205B69984725
:1056F0000220FCF7CFFB204610BD00BFD4410020A4
:1057000010B51B4B84460FCB86B002AC84E80F006B
:10571000604650B3174BDCF800205A614FF6FF701B
:10572000002198801976EAB1124800F05FF808B1BC
:1057300006B010BD01204FF659630F4A8DF80600E0
:1057400001A9ADF80430FFF70BFF0028F0D109499B
:105750002046FFF70DFF0028EAD1064800F060F868
:1057600006B010BD054A5A61DEE70E2006B010BD36
:10577000B8CF0300D4410020D64100207D5503005E
:105780004FF0030C00DF704716490B68BBB14B6844
:10579000ABB110B508319847082803460ED0124C1B
:1057A00070B92268012102205376FFF75FFF28B10C
:1057B00023680320BDE810405B69184710BD70479F
:1057C0002368002206215A760220FFF74FFF18B106
:1057D000236803205B69984723680220BDE81040D6
:1057E0005B691847104200200C420020034618B1A4
:1057F000024A0020136070470E2070470C420020C0
:1058000008B501F0BBFD00B108BD0448FFF7B8FFC3
:105810000028F9D1BDE8084001F0BEBD10420020CB
:1058200010B588B0044620220021684604F0B6FA7C
:1058300022464FF0030C12F8063B8DF80230172376
:10584000ADF804306088ADF800C04FF00133694610
:1058500042F60104ADF80C400493FDF78DF908B051
:1058600010BD00BF70B50446007B01281FD0022880
:1058700012D1627B531E132B29D90521264DFFF728
:10588000F5FE18B12B6803205B6998472B6802204E
:10589000BDE870405B6918471F4D0221FFF7E6FE27
:1058A0000028F3D02B6803205B699847EEE71A4D78
:1058B0002B685E7E1EBB18760146FFF7D7FED8B177
:1058C0002B6811281E76207B24D00421E6E7134E96
:1058D000114D04F10E01301D04F04AF92B68627B72
:1058E0005B7EB2614BB90E49304651F8083B984790
:1058F00018B92B6801225A7670BD207BE5E7062196
:10590000FFF7B4FE0028F7D02B680320BDE87040F5
:105910005B6918470621C1E70C420020F0410020D6
:105920001042002008B5044B1B6800205B699847B3
:10593000BDE80840FFF7C8BE0C420020A8DF704752
:10594000F0B5074689B014461E460D46E9B1C4B10C
:1059500020220021684604F021FA0E4BADF80070B9
:1059600002228DF80D2018880E9AADF80440694681
:10597000ADF8064002958DF81160FDF7FDF809B00D
:10598000F0BD204600F01CF9E2E7084600F018F9E7
:10599000DDE700BF0445002070B501238EB041F65D
:1059A0000A057D4AADF80C5003A9044618468DF847
:1059B0000E30FFF7C3FF0546002840F09280228892
:1059C000002A40F091802289002A40F09D80228A9E
:1059D000002A40F0A880228B002A40F0B380228C5D
:1059E000002A40F0BE80228D002A40F0C780236B41
:1059F000002B35D01A688DF810201A6894F83C6096
:105A0000120A8DF811205A888DF81220DA788DF854
:105A100013205A688DF814209B688DF815301A0AE7
:105A20008DF816201B0C2022002106A88DF81730B7
:105A300004F0B4F942F62323ADF818304FF0081300
:105A4000079304AB089302238DF82530524B534A39
:105A500018888DF8296006A9FDF78EF800284FD127
:105A6000636B5BB11A7919684D4B009394F83C3025
:105A700042F62A20FFF764FF002841D1A36B83B3CD
:105A80001A788DF810205A888DF81120120A8DF896
:105A900012209A888DF81320120A8DF81420DB88C2
:105AA00094F83C408DF81530190A20228DF8161014
:105AB00006A8002104F072F9374B3A4A18888DF88D
:105AC000294042F65023ADF818304FF007130793E2
:105AD00004AB089306A902238DF82530FDF74CF896
:105AE000054628460EB070BD2F4994F83C30009111
:105AF000616842F62920FFF723FF00283FF463AFD7
:105B0000054628460EB070BD284994F83C300091F7
:105B1000E16842F62420FFF713FF0028F0D1228A23
:105B2000002A3FF458AF224994F83C300091616953
:105B300042F62520FFF704FF0028E1D1228B002A3E
:105B40003FF44DAF1B4994F83C300091E16942F6B7
:105B50002720FFF7F5FE0028D2D1228C002A3FF43F
:105B600042AF154994F83C300091616A42F6262014
:105B7000FFF7E6FE00283FF436AFC1E70F4994F87F
:105B80003C300091E16A42F62820FFF7D9FE002858
:105B90003FF42DAF0546B4E7044500205C420020E9
:105BA000444200203C4200202C420020344200208D
:105BB0004C420020244200201C420020544200207D
:105BC00000B585B00346002101AA44F20100CDE9E9
:105BD00001110393EEF7A0F805B05DF804FB00BFD8
:105BE00070B4EFF3108472B60D4B9A68AAB9012114
:105BF00099600C490C4ED1F8805035401D60C1F8B9
:105C00008060D1F884505D604FF0FF33C1F884307C
:105C1000027004B962B670BC704701230370F8E7E4
:105C20006442002000E100E0FC06FFBD094B9A68D9
:105C30007AB170B910B4EFF3108172B6064A1C68DD
:105C400014605C685460986001B962B65DF8044BFA
:105C5000704770476442002000E100E0194B00EB00
:105C6000800003EB80000B68426802F580502BB384
:105C70005A88033203EB8203834217D210B54FF6E2
:105C8000FF7E1A68013213D05A88033203EB820276
:105C900090420DD3B3F804C0F4450BD01C884CB12E
:105CA0009C68013406D00B60012010BD00207047B5
:105CB000002010BD9042FBD91346E2E702F1080331
:105CC000DAE700BFAC42002070B5426882B00646F9
:105CD0000C461AB11E4BD9688A421DD20025258078
:105CE0000195002005E0019B3268996891420DD032
:105CF000208801A9FFF7B2FF0028F4D123880133DF
:105D00009BB22380002BEBD002B070BD114A7360B0
:105D10001389338102B070BD1B699A42DED812F03C
:105D20000303DBD10B49008909898842D6D1306849
:105D300091688842D2D1084949688A4203D901F55D
:105D400080518A4201D31846DEE723800120DBE739
:105D50006821002094420020AC42002010B4104C76
:105D6000104A638803EB830302EB8302D36853B9C1
:105D70004FF0040C516884F800C00B485DF8044BE8
:105D8000012201F025B9094A0520022120709180E5
:105D9000054811685DF8044B0023012201F018B991
:105DA00094420020AC420020682100206043002083
:105DB0002DE9F0411C469B883BB9174F80460D46A4
:105DC0001646387828B10123A38048F2096019E00B
:105DD000A0882146FFF742FFB0B12368B8F1000F59
:105DE00004D09988B8F800209142F1D11DB11988EA
:105DF0002A889142ECD19968084A12893281C6E911
:105E000000130020BDE8F081A388206001339BB21D
:105E1000A380002BD5D0D8E7AC42002094420020CC
:105E2000F0B502231A4D0B8000F5805E4FF6FF742B
:105E300008300126036801331ED0478807F1030CA0
:105E400000EB8C0CE6451CD38388A34215D0038855
:105E50009BB18368B3F1FF3F0FD0D5F800C09C45DC
:105E600000D22B600B8803333B440B804388033301
:105E700000EB83008645DDD8F0BD002AF2D0167015
:105E8000F0E70AB1012313704FF480630B80F0BD7B
:105E9000A442002030B5104C83B06088211DFFF76C
:105EA000DDFE20B903B0BDE83040FFF757BF0B4B14
:105EB000626899881B680A4803EB810153880333A1
:105EC00000259BB24FF0030C9B00009584F800C0A6
:105ED00001F04AF803B030BD944200206043002036
:105EE000682100202DE9F04FA64FDFF8BCA2DFF8B3
:105EF000BC92DFF8BC828BB006463C68002C00F0F8
:105F0000B98023785A1E052A00F26883DFE802F080
:105F100041242403034E002E40F0D88094F804B0AE
:105F2000BBF1010F00F04F82BBF1020F00F0458280
:105F3000BBF1000F00F02882CDE9076605960996AF
:105F400005AD48F20E66023B0696042B4CD8DFE8FE
:105F500003F085716545A100B4F814B0002E40F03F
:105F60009D80894DA17D0BEB8B0205EB82024FEAF0
:105F70008B061089526802EB8002062900F2298301
:105F8000DFE811F0680191017E01A20156013D0197
:105F90001801002E40F0E3812279032A00F2AD803F
:105FA000DFE812F0E4002E029D00C500002E40F054
:105FB000E28198F80B30002B00F0AA8098F80030AE
:105FC00088F80B60013B062B5BD8DFE813F03B023F
:105FD000C501A601A3015A0028028E0104238DF8F1
:105FE0001430E388ADF82030684C04F1100654F802
:105FF000043B284603B19847A642F8D151460026F3
:1060000048463E60FBF71EFF6148012100F088FF13
:1060100000287FF472AF0BB0BDE8F08F03238DF83A
:106020001430E1882289E3680793ADF82010ADF8B9
:106030002220D9E702238DF81430A37D2289A1887C
:10604000ADF82020A3F10603B3FA83F3E2680792C8
:106050005B09ADF822108DF82430C5E701238DF8D7
:1060600014302189A288E3680793ADF82010ADF8B9
:106070002220B9E751464846FBF7B2FE0446386095
:106080003FE7002305AD0593C5E902332B6148F2D4
:106090000E66069605238DF81430A5E7A17DE288EB
:1060A000394D022907D90BEB8B0005EB8000D11C81
:1060B0000689314401814FEA8B065E4405EB860573
:1060C000C2F57F426989FD320A446A8105AD00222A
:1060D00005924FF40646C5E902222A6133E72D4AAC
:1060E0002D4811680023237102249480012200F0BE
:1060F0006FFF00288FD03C682378284905AD002227
:1061000005924A60C5E902222A6148F20D661AE743
:1061100098F80030072B00F2DB81DFE813F0EF0185
:10612000D901D9011201AC01E600E600BF01194E08
:106130001B4A19484FF0000B84F804B0CDF800B0AA
:106140000823316800F010FFB8F8025005EB850312
:106150000D4D05F823B005EB830533686A686B6065
:10616000B3882B8102233260B380C2E7094B0D4A0A
:10617000196809480123237100230093082300F0C4
:10618000F3FEB6E7A8420020AC4200207C4200208B
:106190005C43002060430020682100208C420020E6
:1061A000CCCF0300D4CF0300A04200204C430020FA
:1061B00094420020E288214641F61D5006EB0B0C6C
:1061C00005EB8C0CD41CBCF808E07444ACF8084017
:1061D0005E4405EB8605C2F57F420C466989FD32B7
:1061E0000A446A8105AD41F61D5200269042C5E978
:1061F0000066C5E902662E613FF4A5AED8E1AA4B60
:10620000AA4A5968AA4BAB481B8803930623A37577
:1062100000230093042300F0A7FE40BB039B03EB85
:10622000830305EB830501232B740BB0BDE8F08FCE
:106230009D48A36903609E49039200234360FFF7D2
:1062400043FD039A0023002800F0B9811146022281
:10625000A27503E00223A3751146002300930423D3
:106260009448E21800F080FE00283FF4D4AEA07DF0
:106270003968E2880B78022848F20D60A8D99DE7BA
:1062800023698C48002B14BF03230123A37500232B
:1062900002F10801009304F10C02042300F064FEF3
:1062A0000028E4D1B7E6032B0CBF05230623A37512
:1062B0000023111D00937F48042304F1080200F01D
:1062C00053FE0028D3D1A6E6E3880120A075002064
:1062D00002F10C019B0022690090764800F044FE18
:1062E0000028C4D10BB0BDE8F08F072388F8003038
:1062F00000230093C8F804306F4B704A19686D484A
:10630000082300F031FE00283FF485AE3C6805AD5F
:10631000237868E7FFF722FDF5E7D8F80420664800
:10632000538884880168033300209BB201EB840109
:10633000009003249B005F4888F8004000F014FEA2
:10634000E1E75D4AD8F804305988938803330B4459
:106350009380022388F80030FFF79CFDD3E70023E9
:1063600005AD0593564A2B61C5E9023353604FF4DE
:106370000646069638E605AD002305934FF406461B
:10638000C5E902332B6184E6022305AD23710DF1CB
:106390001201E36805932846CDE90666FFF794FCF1
:1063A000002840F0C08048F209660023C5E90033A8
:1063B000C5E902332B612378C5E5CDE9076605966B
:1063C000099605ADBFE53E4B1B78A01D002B00F0E4
:1063D000E48005AD3B4B2A463146FFF7E9FC394BDB
:1063E000002800F0C980C3E9006648F209639842BA
:1063F0008ED1C5E90066C5E902662E612378A2E563
:10640000314D2B78022B40F0AC800023009369685B
:106410002B702E4A2748082300F0A6FD69E6B8F83D
:106420000220294D9300134405EB8305002369687E
:106430000093062388F80030244A1E48082300F001
:1064400093FD60E798F80A3043B11F4DEB680022D6
:1064500088F80A2013B92A7C002A7DD105AD0023D3
:10646000059388F80030C5E90233A8F80230C8F86F
:1064700004302B610DE6B8F80220134D0E4902EBF3
:10648000820305EB830308685C685860888818817C
:1064900002238B800C6002FA03F3C4E7012388F81F
:1064A000003098F80A30CFE770420020C8CF0300D0
:1064B000064500206821002060430020D4CF03005F
:1064C0008C4200206C430020AC420020CCCF030063
:1064D000013B062B3FF6D5AD01A252F823F000BFD9
:1064E00045640300596303001B6303001563030045
:1064F000836003001F640300EB6203003C4DB8F8A7
:1065000008202B780132B3FA83F3A8F80820002280
:106510005B09A8F8022088F80B20012288F80A30CD
:1065200088F8002090E70699324A8B88E3800B8830
:106530002381314800960423BDF8124000F014FD79
:10654000002838D12A4B04EB840403EB8404012394
:1065500023740BB0BDE8F08FA8F80230FFF79AFC67
:10656000D1E6264A05AD0023012105931170C5E946
:1065700002332B615360FCE600969C881D4A069905
:106580001D48042300F0F0FCA8B9194B04EB840467
:1065900003EB840484F810B03DE5194B0996CDE96E
:1065A0000566CDE90766C3E9006605AD48F20160FE
:1065B00023780646C7E43C6848F20D66F5E6CDE967
:1065C0000500CDE907000990237805AD48F209667A
:1065D000B9E4E288214648F20E60EFE505AD0023FC
:1065E0000593C5E902332B6148F20E630693FBE481
:1065F000AC420020C8CF0300682100208C4200205C
:106600006C4300204068FFF76DBC00BF2DE9F04FE0
:106610004F4C257883B0002D5ED00C46002972D0F7
:10662000098898464FF6FF7399424FD06388002B34
:106630004CD0666816F003065FD10746002A65D085
:10664000B2F800B0B2F80290424801A9FBF786FB0D
:106650004FF0000AC0F800A0C0F810A0C0F814A0C5
:10666000C0F804A0C0F808A0C0F80CA0C0F818A09A
:1066700080F80080636803610546A0F814B001212A
:10668000354800F041FC23882B81B8F1030F638863
:10669000E860AB80A5F8069024D02E48A5F80AA0A3
:1066A00001A9FBF78DFB3FB1E9682C4A0023128951
:1066B000BB72C7E900133A812948012100F018FC98
:1066C000044628B9FFF70EFC264601E048F20366AF
:1066D000304603B0BDE8F08F48F20166304603B0A3
:1066E000BDE8F08F3B68AB61042301A9A5F80AA0BF
:1066F000AB751848FBF764FBD6E748F202663046F4
:1067000003B0BDE8F08F48F20466E1E7B4F8089002
:1067100009F1030040F2FE3380B2984214D8114AC6
:1067200013783BB9518913890B4403449BB2B3F5E9
:10673000806F05D948F20666304603B0BDE8F08F99
:1067400001445181B3467FE748F20866C0E700BFC5
:106750008C4200204C430020A442002094420020A0
:106760005C430020AC420020094A116804290BD088
:1067700038B51568074C03460121104644F825300A
:1067800000F0C2FB002038BD48F20B60704700BF2C
:10679000684300207C4200202DE9F04F954D89B0E0
:1067A0002A780023CDE90333CDE905330793002A86
:1067B0004ED1281D02F0FF0800F0BEFB20B10024DE
:1067C000204609B0BDE8F08FD8F8F83F5C1C4AD0ED
:1067D0004FF0805211695269874F88493B6100220E
:1067E000A3F500533846FB6000F0B2FB04460028D6
:1067F000E6D11C2382498348DFF824A2DFF824B2C3
:106800008C22FBF771FA022326460093A146FB680F
:10681000F018F35800F0E1805B4530D143687A4AC4
:1068200093424BD0013293422BD1B8F1000F40F08C
:106830009480764B7649186000220193FFF7F0FAB6
:10684000019B9B88022B0CBF042308231C434CE0B4
:10685000704C04F1100554F8043B03A803B19847A9
:10686000A542F8D1ABE74FF010234FF080525B699F
:1068700011695269581C08BF02FB01F3ACE70133F0
:106880000BD1031D00F5805102E0994200F08F808A
:106890001A68013203F10403F7D0009B013B9BB25D
:1068A000009309EB89030AEB830209F101095060A7
:1068B00003220AF823201FFA89F916E009EB89035D
:1068C0000AEB83029900506001F1100208314FF089
:1068D000000C524451440AF823C0FFF7A1FA09F111
:1068E000010944F002041FFA89F906F58056B6F54D
:1068F000005F8CD1009B012B2CD9E4B2062C0ED169
:10690000444C012200232A706B6004F1100554F8F6
:10691000043B03A803B19847AC42F8D14FE702D833
:1069200014F0FD0F16D0374802A9FBF717FA053C03
:1069300000230122036043608360C36003614361FD
:1069400083610270062C1DD8DFE804F02B1C2B1C81
:106950001A2E1A0048F20A6432E709EB890C0AEB96
:106960008C020221294B0AF82C1011812A49A1F826
:1069700002901968516009F101091FFA89F959E774
:106980000323037102A91F48FBF71AFA23480121C8
:1069900000F0AEFA044600287FF411AFFFF7A2FA28
:1069A0000EE701230371EDE702230371EAE7174BBA
:1069B0001A68CAB1184A09EB89010AEB8103A2F8E7
:1069C0000290022209F101090AF8212058601FFAF9
:1069D00089F91A8144F0010487E75A1C3FF451AF4A
:1069E0005B453FF44EAF58E7022218609A804FF0A3
:1069F0000108EFE78C42002068210020E8CF030067
:106A0000C04200204C430020FE011EF160430020E4
:106A1000644300207C420020944200205C4300201C
:106A2000AC420020DEC0ADDE30B370B50D4682B0A2
:106A3000F1B10DF106010446FFF746F918B948F225
:106A4000096002B070BDBDF806000D4B666800EB32
:106A5000800003EB800001210C3000F055FA6368E0
:106A600001220C330020C5E90063A27202B070BDA0
:106A700048F2046002B070BD48F20460704700BF85
:106A8000AC42002010B310B582B00DF106010446EF
:106A9000FFF71AF9B0B1BDF806300E4A03EB8303D5
:106AA00002EB8303DA684AB1A27A3AB1DA680021CC
:106AB000013A0846DA60A17202B010BD48F20560E2
:106AC00002B010BD48F2096002B010BD48F2046087
:106AD000704700BFAC42002002230022FFF796BDA2
:106AE00018B103230022FFF791BD48F204607047FC
:106AF00070B51B4B1B7882B01BB34FF6FF739842E7
:106B0000054628D001A91748FBF728F900240522DB
:106B1000012644600460C58002708460C460046122
:106B200044618461067101A90E48FBF749F90E48DA
:106B3000314600F0DDF9054640B12546284602B051
:106B400070BD48F20165284602B070BDFFF7CAF972
:106B5000284602B070BD48F20365284602B070BDF9
:106B60008C4200204C4300205C43002010B5184BA1
:106B70001B7882B00BB301A91648FBF7EFF8034668
:106B80000022062102605A609A60DA601A615A6136
:106B90009A6119700F4801A9FBF712F90E4B1A7888
:106BA0000AB10122DA720D48012100F0A1F9044670
:106BB00040B10024204602B010BD48F201642046D6
:106BC00002B010BDFFF78EF9204602B010BD00BF25
:106BD0008C4200204C430020944200205C43002063
:106BE00010B582B0ADF806000A48ADF8041004787C
:106BF00044B15AB153B101A90DF10600FFF7D8F81D
:106C000002B010BD48F2016002B010BD48F204604D
:106C100002B010BD8C42002000B50E4B83B01B7833
:106C2000ADF806005BB179B172B1134600200A4697
:106C30000DF10601FFF7BCF803B05DF804FB48F264
:106C4000016003B05DF804FB48F2046003B05DF836
:106C500004FB00BF8C42002000B50E4B83B01B78B4
:106C6000ADF806005BB179B172B113460DF10600C3
:106C70000A460021FFF79CF803B05DF804FB48F2D8
:106C8000016003B05DF804FB48F2046003B05DF8F6
:106C900004FB00BF8C42002020B119B103680B60D7
:106CA0000020704748F20460704700BF384B1B78E3
:106CB000002B67D0002868D030B50022354C026028
:106CC00042608260B4F80AC02389C2600221018058
:106CD0006168028263449BB2002934D02E4A0D6859
:106CE000954230D12D4A4D682A44012A2BD8E268BA
:106CF0004280C3F5806292B2A0F808C0438102B11D
:106D0000828101F108034FF6FF7E01F580511A6878
:106D1000013216D05A88033203EB8202914225D306
:106D20009A88724512D01A8882B19A6801320DD0C1
:106D30008288013282805A88033203EB82039942AF
:106D4000E5D8002030BD01220280D0E7B0F806C0AF
:106D5000C2890CF1010CA0F806C05C880332224401
:106D6000C2815A88033203EB8203E8E7C289C488F0
:106D7000CB1A02EBA30301340122C480C381027445
:106D8000002030BD48F20160704748F2046070474F
:106D90008C420020AC420020DEC0ADDE02FEE10EDF
:106DA0004B0901F01F024FF0010C0CFA02F100EB4D
:106DB000830000F085B800BF4B0910B501F01F0437
:106DC0000121A14000EB830000F06EF8E04000F0EC
:106DD000010010BD01F01F02012303FA02F24B096A
:106DE00000EB8300D14300F077B800BF4B0901F0FE
:106DF0001F0150F82300C84000F00100704700BF99
:106E00002DE9F04F01F1FF3A83B04FEA5A130D46D6
:106E1000044601934FF000094FF0010854F829305F
:106E200004EB89066FEA030B9BFAABFBBBFA8BFB07
:106E3000BBF1200F25D00BEB491B5D454FEA4917ED
:106E40000CD81EE03368DB4393FAA3F3B3FA83F361
:106E5000202B07EB030B14D05D4512D90BF01F0359
:106E60004FEA5B1008FA03F104EB80009A4600F049
:106E70001BF820FA0AF0C307E4D4584603B0BDE873
:106E8000F08F019A4A4509F1010301D09946C5E7FF
:106E9000AB46F2E7034653E8000F0A4643E8002CEE
:106EA0009CF0000FF7D17047034653E8000F40EA0B
:106EB000010243E8002C9CF0000FF6D1704700BFA0
:106EC000034653E8002F42EA010043E8000C9CF01F
:106ED000000FF6D1704700BF034653E8002F02EAC7
:106EE000010043E8000C9CF0000FF6D1704700BF92
:106EF000034653E8000F00EB010243E8002C9CF02E
:106F0000000FF6D1704700BF034653E8002F02EB95
:106F1000010043E8000C9CF0000FF6D1704700BF61
:106F2000034653E8002FA2EB010043E8000C9CF05D
:106F3000000FF6D1704700BF0346012253E8000F4F
:106F400040EA020143E8001C9CF0000FF6D17047B4
:106F500040B139B110B40C680160234611465DF8A8
:106F6000044B18470E2070472DE9F047DDF820A0AC
:106F700048B342B306684EB31D460BB34768D7F813
:106F80000490B3FBF9F809FB1838B8F1000F17D1DA
:106F900042EA0104A4078E460FD1C468A1420CD373
:106FA000046901F1FF3E7544A54206D8CDF820A042
:106FB000F468A446BDE8F04760471020BDE8F087BC
:106FC0000920BDE8F0870E20BDE8F0870820F5E72E
:106FD000D8B1F0B50668D6B1AAB1446827687C1E5E
:106FE0000C428E460DD1C468A1420AD34C1E07FB49
:106FF000024E0469A64504D83469A446BDE8F040B1
:1070000060471020F0BD0920F0BD0E207047082019
:10701000F0BD00BF29DF704728DF704703689A681A
:1070200052B310B586B00023CDE902330093049328
:1070300003798468059401918BB1012B03D06846D4
:10704000904706B010BDC368416904911B0302203C
:107050008DF8000002936846904706B010BDD0E955
:1070600003144369049301208DF80000CDE9024127
:107070006846904706B010BD704700BF084670478D
:1070800000207047024B187A003818BF0120704763
:1070900010440020034B187A0122B0FA80F05A7491
:1070A000400970471044002008B510461A4602F007
:1070B0005FFD002008BD00BF10B5064B0648002448
:1070C000C3E90044C3E902441C61FAF725FE2046E7
:1070D00010BD00BF104400200044002010B50A4C31
:1070E0000A4B43602046FFF727FF08B1002010BD80
:1070F000FEF720F902462274054906481C238C221B
:10710000FAF7F2FD002010BD10440020DCCF030090
:10711000744300200044002038B5254D2B7AFBB184
:10712000244B1C6802232B72237923B3012B0CD030
:1071300020460321FFF772FF00232B726B601E496C
:107140001E48BDE83840FAF77DBED4E90303184471
:10715000FFF762FF18B31128EAD101232B7238BD63
:1071600015491648FAF73CFE124B044618600028F1
:10717000D8D1686038BDD4E90523D21AB2F5805F52
:1071800028BF4FF480529208E1682069012A38BF75
:10719000012219441844FFF73DFF0028DBD12B7C66
:1071A000002BDCD1BDE83840022000F009B800BF58
:1071B00010440020284400202444002000440020E3
:1071C00010B5254C237A93B1022B06D103280FD199
:1071D000E3680133082B2AD8E360637C1BB9BDE860
:1071E0001040FFF799BFBDE81040FEF793B810BDFF
:1071F0001A4B00221B68E2601A79FAB1012AECD11D
:10720000D3E9042101328A421A61E6D10022022820
:1072100022720CBF11460D211846FFF7FFFE1049E0
:107220001048FAF70FFE637C002BDCD1D7E70B4B3D
:1072300000221B68E26022720D21EDE7D3E90512FE
:10724000A1EB020CBCF5805F94BF624402F5805252
:1072500091429A61C1D1D9E710440020284400200E
:107260002444002000440020831E012B01D8FFF796
:10727000A7BF704700F0FD03012B00D07047A0F1BD
:107280000100044BB0FA80F0002240095A741874CF
:10729000FFF742BF10440020F0B585B007460C460A
:1072A000184803A915461E46FAF758FD30B3844620
:1072B000240B866007600123CCF80C40124E114865
:1072C000CCF814500024CCF8044003A9CCF81040AA
:1072D000CCF818408CF80430FAF772FD301DFFF737
:1072E0002BFE10B1204605B0F0BD737C002BFAD107
:1072F0000190FFF711FF019805B0F0BD042005B023
:10730000F0BD00BF0044002010440020F0B585B05F
:1073100006460F46164803A915461C46FAF71EFDF9
:1073200010B384460A9B066083600761114ECCF857
:10733000144000240E48CCF80C5003A9CCF80440AB
:10734000CCF81840FAF73CFD301DFFF7F5FD10B101
:10735000204605B0F0BD737C002BFAD10190FFF7F9
:10736000DBFE019805B0F0BD042005B0F0BD00BF04
:10737000004400201044002013DF70470023D3F89E
:10738000F80F421C01D0FFF7F7BF4FF010235869E8
:10739000431CF8D1042070470148FFF7EDBF00BF40
:1073A00000C00100A0DF7047A1DF7047ADDF70476C
:1073B000B3DF7047B4DF704730B50D4B83B01A6848
:1073C000019242F6A623012501AA69460446ADF8BA
:1073D0000030ADF80250FFF7E5FF08B103B030BD53
:1073E000044B2A4619782046FBF74AFB03B030BD10
:1073F00008D003002745002070B54FF6FF738AB010
:1074000000249842CDE90044CDE902440494ADF84B
:1074100002001CD0054600F049FC1128064643D066
:1074200017D8E0B10B2829D10F23BDF802008DF841
:10743000003000F047FD03466846ADF80430FCF725
:10744000A5FC2246194B28461978FBF719FB0AB010
:1074500070BD43F20203984210D12246F2E70E2398
:10746000BDF802008DF8003000F02CFD03466846A0
:10747000ADF80430FCF78AFC3246E3E7002407232A
:107480002846CDE90544CDE908448DF81430ADF81F
:107490001650079600F016FD034605A8ADF8183003
:1074A000FCF774FC2246CDE70122CBE72A450020F9
:1074B000FFF7A2BF2DE9F047DFF8548188B098F8B4
:1074C00000100746FBF7C0FA10B108B0BDE8F0871E
:1074D0000446384600F050FC11280CD8112825D855
:1074E000DFE800F07D242424242448244F2424248D
:1074F00024242424243A43F2020290422CD043F262
:107500000142904212D13846FFF776FF01263F4BE9
:10751000324619783846FBF7B3FA98F8001022463D
:10752000384608B0BDE8F047FBF7AABA0023CDE91A
:107530000333CDE906330590072338468DF80C3028
:10754000ADF80E7000F0BEFC034603A8ADF8103095
:107550000126FCF71BFCDAE70126D8E701AB294638
:1075600003AA38460493FFF721FF18B9BDF8043089
:10757000002BCCD1384600F0A5FC00F019FC002609
:10758000C5E70DF10600FFF713FFBDF80630012B2C
:10759000F0D90026012502A94FF0020942F6021A8D
:1075A00009E0BDF808305345D8D0BDF806300135A4
:1075B000ADB2AB42DED928460022CDE90391FFF7F8
:1075C000F9FE42F605230028D4D102A9002EE8D105
:1075D000BDF80860F61AB6FA86F67609E5E70023E4
:1075E00010223846CDE90333CDE9053307938DF8F2
:1075F0000C20ADF80E7000F065FC0124034603A8D2
:10760000ADF810302646FCF7C1FB80E72C45002082
:107610002D45002030B5012187B005462948FFF7E8
:1076200039FCBFF35F8F08B107B030BD0446284670
:1076300000F0F0FA8628024623D00FD8C8B11128EE
:1076400033D1214B012219782846FBF719FABFF3F1
:107650005F8F1C4B00221A6007B030BD43F202035B
:10766000984222D1184B224619782846FBF708FA8F
:10767000EDE7154B1978284607B0BDE83040FBF719
:10768000FFB9CDE903440623CDE9014428468DF82E
:107690000430ADF80650059400F014FC034601A830
:1076A000ADF80830FCF772FBDCE700240723CDE9D6
:1076B0000144CDE904448DF804302846ADF8065065
:1076C0000392E9E72C4400202B450020037803B106
:1076D000704730B5044683B04088FFF78DFE65885B
:1076E000284600F033FBA0B96488204600F0EAFB8E
:1076F00000236A460921FBF763FD052818D0104BCB
:10770000104918780022FBF7FFF9024640B103B098
:1077100030BD0D4B012219782846FBF7B1F9E3E79C
:107720000A4B0B49187803B0BDE83040FBF7ECB9C1
:10773000064B012219782046FBF7A2F9DFE700BFCC
:107740002B450020157603002C45002028450020FD
:10775000B973030070B50378082B82B009D0314C9F
:10776000314920780022FBF7CFF9024650B302B02E
:1077700070BD467A0446002EF1D1057A072D29D036
:10778000082D45D0012DEAD180886A462946FBF7AD
:10779000F9FF06460028E2D1019B1B78002BDED0C2
:1077A000A08800F003FC4FF6FF739842D7D01F4C1F
:1077B0002A462178FBF764F91D4920783246FBF709
:1077C000A3F9CCE71B4B1C49187802B0BDE8704008
:1077D000FBF79AB98088134C00F0E8FB4FF6FF7373
:1077E00098420546BCD021780122FBF749F928468A
:1077F00000F068FB33466A460921FBF7E1FC0528E7
:10780000AED10C4B012219782846FBF739F9A7E7CE
:107810000A4B1A68012AA2D1BFF35F8F014C1E6088
:107820009EE700BF2B450020157603002C45002065
:10783000B574030028450020B97303002C440020D0
:107840002DE9F843FBF7F6F81E4C1F4D2070FBF7AF
:10785000F1F82870FBF7EEF81C4E1D4F3070FBF767
:10786000E9F83870FBF7E6F8DFF87080DFF8709021
:1078700088F80000FBF7DEF889F80000FBF7DAF87B
:107880002378144A182B107019D02B78182B16D087
:107890003378182B13D03B78182B10D098F8003081
:1078A000182B0CD099F80030182B08D0182806D0C7
:1078B000094B00201860BFF35F8FBDE8F8830320F9
:1078C000BDE8F8832B4500202A4500202C450020E8
:1078D0002D450020294500202C440020284500206B
:1078E0002745002030B50D4B83B000220C46197897
:1078F0000B4B019205460093FBF7C2F809490A4B6E
:107900002846002C08BF0B46019300F0DBFA00224A
:107910006946FBF7CDFC03B030BD00BF2845002011
:10792000010009000CD0030010D0030070B50388DB
:107930008588353B86B004461F2B2AD8DFE803F044
:107940006110292929292929292929292929292988
:1079500029292929292929292929298429A32938B3
:10796000554E28463178FBF76FF890B131780022F8
:107970002846FBF785F8E188002940F08980E389F3
:10798000012B03D1217C003918BF01212846FFF7C4
:10799000A9FF4A4C4A4B4B4918780022FBF7B4F830
:1079A00049492078002206B0BDE87040FBF7ACB82A
:1079B000002611232846CDE90166CDE903668DF83E
:1079C00004300596ADF8065000F07CFAADF80800DA
:1079D00000F0EEF93D4B394C197832462846FBF75A
:1079E0004FF8217832462846FBF74AF8BDF80600E2
:1079F00000F068FA034601A8ADF80830FCF7C6F9B4
:107A0000C8E7334E28463178FBF71EF80028C0D06F
:107A1000002231782846FBF733F8E288002A39D073
:107A20002C4B264C19782C4B00222846CDE90132EC
:107A3000FBF726F8294B0293284600F043FA002270
:107A400001A9FBF735FCA5E7037B012BA1D1827AC5
:107A5000012A9ED1018942F60213994299D1204C04
:107A600028462178FBF70CF800221E492078FBF706
:107A70004BF8024600288CD1164B1B4918780F4C46
:107A8000FBF742F886E72846FFF7B6FC0B4C81E788
:107A900000217BE7A689012EC2D1E1892846FFF7A4
:107AA00083FC0028BCD1044B044C1978324628468C
:107AB000FAF7E6FF6EE700BF294500202C450020BD
:107AC0002A450020B1740300B57403002D45002041
:107AD0002745002028450020010009000CD00300A4
:107AE0002B45002015760300B97303002DE9F04102
:107AF0008CB000F01DF901A8FAF77EFF019EDFF8B7
:107B00005480DEB100244FF6FF7703E00134A4B2C5
:107B1000B44213D20CAB03EB440333F8285C284681
:107B200000F0D0F9B842F1D1013498F800100122E8
:107B30002846A4B2FAF7A4FFB442EBD3044998F85C
:107B4000000000220CB0BDE8F041FAF7DDBF00BF35
:107B5000B57403002C450020AFDF7047B1DF7047DC
:107B6000B2DF7047B3DF704770B51E4B1E4C93E811
:107B70000300238888B04FF6FF7601ADB34285E855
:107B8000030007D127E02088FBF7FEFBB042034645
:107B9000208020D0184600222946FBF789FB0346A7
:107BA0000028F0D0002220880792112BCDE9032273
:107BB000CDE90522ADF810000DD0862B0DD007229F
:107BC0008DF80C20059300F0F1F9034603A8ADF8F9
:107BD0000E30FCF7EFF808B070BD06238DF80C30BE
:107BE000F1E700BF14D0030008450020044A1288C2
:107BF0004FF6FF739A4200D17047FFF7B5BF00BF41
:107C000008450020024B4FF6FF721A800020704793
:107C1000084500202DE9F04182B0074600F052F9F6
:107C20004FF6FF7398423AD0064601224FF0030800
:107C30006B4608213046551CFBF7A8FD0446ADB243
:107C400003233846E4B9019A911D42F8048BFFF7EB
:107C500087FF034608213046CBB10C2B03D1FBF73D
:107C6000FBFD2A46E4E70821052B18BF1C46FBF75D
:107C7000F3FD002818BF0324204602B0BDE8F081C0
:107C8000072C08BF0C24204602B0BDE8F081324624
:107C9000FBF708FE0446204602B0BDE8F08143F23F
:107CA0000204204602B0BDE8F08100BF2DE9F0419A
:107CB00082B0064600F006F94FF6FF7398422CD1C9
:107CC000002703243D464FF0010823463A46294643
:107CD0003046FFF743FF04280AD008280AD00B28B3
:107CE0000AD0B8F1000F08BF0B2002B0BDE8F08148
:107CF0001120F6E70020F4E714F0020404D13DB1AE
:107D000027463D46032400E001244FF00008DCE74D
:107D1000002FEAD003242F46F7E76A460821FBF735
:107D200031FD0028CCD1019DAF882C680635CAE70B
:107D300008B54FF6FF70FBF727FB034B1880BDE833
:107D40000840FFF711BF00BF0845002000B585B00F
:107D50000DF10703039300F0B5F802AA0121FBF728
:107D600011FD20B9039B187805B05DF804FB0020D5
:107D700005B05DF804FB00BF70B50C4E04463046FC
:107D8000FFF7F0FE78B9318843F203054FF6FF7232
:107D90002046FFF7E1FEA84200D070BD31880131D6
:107DA00089B23180F2E7032070BD00BF0A45002090
:107DB00000B5084B844693E8030083B06B4683E824
:107DC0000300002219466046FBF772FA03B05DF823
:107DD00004FB00BF1CD0030046DF70472DE9F041D3
:107DE000102205460E460130013101F08FFE78BBAE
:107DF00004462B4605F1100113F8012F52BB99429E
:107E0000FAD16F7C96F8118087EA080313F0FE0F11
:107E100016D106F1120105F11200062207F0FE0745
:107E200001F074FE042F0FD0062F0DD008F0FC08CF
:107E3000B8F1040F08D0B0FA80F04009BDE8F08135
:107E400007F0FE07042F13D104F00100BDE8F08114
:107E50000024D6E7334606F1100113F8012F2AB9A2
:107E60008B42CED013F8012F002AF9D00124C8E7A5
:107E7000062FE9D008F0FC08B8F1040FE4D0002088
:107E8000E4E700BF70B584B005460E46FBF7DCF9A9
:107E900002AA0DF106010720FBF7DEF9034628468A
:107EA0005BB1BDF80640B442F2D00399FFF796FFEC
:107EB0000028EDD0204604B070BD4FF6FF74204678
:107EC00004B070BD13280DD810B50446FAF7ECFCC9
:107ED00028B1064B04EB840433F8140010BD4FF6B0
:107EE000FF7010BD4FF6FF70704700BF3044002098
:107EF000132816D838B504460D46FAF7D5FC68B1F4
:107F0000094804EB840400EB44040020E388D4F81F
:107F10000220AB80237A2A60AB7138BD43F20200A5
:107F200038BD43F2020070473044002010B5048889
:107F30004CB9821C00F10A0C12F8013B1BB99445A4
:107F4000FAD1002010BD0B88A342FAD108220231D9
:107F5000023001F0DBFDB0FA80F0400910BD00BF37
:107F600030B585B00546FBF76FF90CE0039C04F1D2
:107F70004601FFF7DBFF034604F12A01284683B9D7
:107F8000FFF7D4FF68B902AA0DF106010720FBF73D
:107F900063F903462846002BE8D14FF6FF7005B081
:107FA00030BDBDF8060005B030BD00BF4FF6FF7311
:107FB00098422DE9F04118D00024DFF838800746B8
:107FC000254601E0642C10D038F81430BB42AEB224
:107FD00004F1050405F10105F4D13046FAF764FC1B
:107FE0000028EFD03046BDE8F0814FF6FF763046EE
:107FF000BDE8F08130440020132804D8024B00EB88
:10800000800023F81010704730440020F8B54FF678
:10801000FF7398421FD00024114F0646254603E007
:10802000642C05F1010515D037F81430B34204F182
:108030000504A8B2F4D1FAF737FC0028F0D0304696
:10804000FBF73EFB28B905EB85054FF6FF7327F8D4
:108050001530F8BD3046BDE8F840FBF731BB00BF36
:108060003044002010B58CB0144610306B460DF132
:10807000100E10F801CD03F801CB9E45F9D1002375
:10808000049391F800C08EF80C30CEE901334A78A1
:108090008B788DF81E2068468DF81D308DF81FC036
:1080A000FFF79AFE9DF82F109DF82E209DF82D3099
:1080B00021706270A3700CB010BD00BF0388102B3C
:1080C0002CD1F0B500F1040CBCE80F0095B00DF117
:1080D000280EAEE80F00BCE80F00AEE80F009DF8D8
:1080E0002C609CE8030006F0FE07062F8EE80300D4
:1080F00015D1BDF828304E49BDF830400B9803EB40
:1081000083035B00CA18D4804FF6FF74CC529DF8ED
:1081100032301372C2F8020015B0F0BD7047FBF7A1
:1081200093F89DF82C30032B4FEA530253D9022ABF
:10813000DFD105AC0DF10605224629460720FBF7E5
:108140008BF8002860D0042FF6D10C9B0698ADF870
:1081500010301B0C8DF81230BDF82D30ADF8083002
:1081600003AA9DF82F308DF80A30013004A9FFF7DB
:1081700079FFBDF80820BDF80C309A42DCD19DF89B
:108180000E309DF80A209A42D6D1BDF82810284B0F
:10819000BDF806500B9801EB810252009D5213442A
:1081A000BDF83020DA804FF6FF72C3F80200954226
:1081B0009DF832001872AFD000232046ADF816109B
:1081C0008DF81430ADF81850FBF708FE2046FFF785
:1081D0007DFA15B0F0BD05AC0DF106052246294625
:1081E0000720FBF739F8062270B106994B7C7340E3
:1081F00013F0FE0F01F11201F0D10DF12D0001F08D
:1082000085FC0028EAD1C0E7BDF8283008490B9862
:1082100003EB83035B00CA184FF6FF74CC52BDF822
:1082200030109DF83230C2F80200D180137273E72B
:108230003044002082B010B58C4684B04968864630
:10824000DCF800000DF1080CACE8030006A981E899
:108250000C00039BDA070EEB630C12D55A10029B3D
:108260005EF80220D45808AB93E803008DE80300C1
:1082700006AB0CCB6046A04704B0BDE8104002B08E
:108280007047029CEFE700BF2DE9F04F83B0DDE9B6
:108290000CABBDF83870002B41D080460E4691469D
:1082A0001D46BAF1000F3DD00F2E01D1C02F36D19F
:1082B000282002F036FF04461030F4F713FE182091
:1082C0002680A4F8029002F02CFFCDE900AB47F025
:1082D0000207A7806B4607460246A06003CB47F81B
:1082E0000C5B0023D8F80060D360E3607B60916092
:1082F000506075680D495161C4E908330C4B9D42CB
:1083000008D12046EFF7CEFB204603B0BDE8F04F82
:1083100002F005BF21464046A8470028F1D103B02E
:10832000BDE8F08F1BF0010FBED1F8E735820300E6
:10833000BDD701002DE9F0438DB00446149FDDF850
:108340005490884616461D465FB306A8F4F7CAFD4A
:108350001820ADF80880ADF80A6002F0E2FE014690
:10836000CDE9007941F80C5B0023EC460246C3607E
:108370004B60BCE8030050602068916005930D4994
:108380008568049251610C4A0A9312219542ADF816
:108390000C100B9309D102A8EFF784FB0DB0BDE8D8
:1083A000F08319F0010FD0D1F8E761462046A847C5
:1083B000F1E700BF35820300C5D7010070B58368BF
:1083C0001A49DA88B3F808C0194E86B0002504911E
:1083D000059506A9044680F82850034611E90300D4
:1083E000C2F30022C2F105028DE8030092B2614699
:1083F0003068FFF79FFF0F4BCDE9023502AB93E8E2
:10840000030042F210728DE80300234630682321F6
:10841000FFF790FF0022002304F11000C4E90823B5
:10842000E56006B0BDE87040EFF716BA91D10100E3
:10843000083D0020C9D1010090F82830054A10B548
:10844000044602600BB9204610BDFFF7B7FF204677
:1084500010BD00BF34D0030090F82830084A10B592
:108460000446026023B9204602F059FE204610BDA2
:10847000FFF7A4FF204602F052FE204610BD00BFC9
:1084800034D0030090F8283010B5044683B923791E
:1084900063B123680C4A9B6893420CD194F828304E
:1084A0000A4A22605BB9204602F039FE002010BD66
:1084B000FFF784FFEBE720469847002010BD2046D9
:1084C000FFF77CFFEFE700BF5984030034D00300BF
:1084D00070B50B4B03600446002500F11006858043
:1084E0002A46816001213046EFF7FAF83046E56010
:1084F000E56284F82850EFF7FDF8204670BD00BF14
:1085000034D003002DE9F04190F8283088B00446BB
:108510000D46002B36D18068314A03685B6D93426B
:108520005AD1304B04934FF00008CDF8148004ABBF
:108530000789C2882C4E93E803008DE80300C2F33C
:1085400000223946C0270297C2F10502306892B274
:108550002346FFF799FE254B02970693CDF81C8022
:1085600008AB13E903008DE803003068204E234672
:1085700042F210722321FFF787FE3378EBB101231B
:1085800084F828308DB900220023C4E90823002391
:1085900004F11000E360EFF7ADF8E068154B002838
:1085A00008BF184608B0BDE8F081F1F741F8281877
:1085B00041EBE571C4E90801E9E70093232242F2A7
:1085C000107342F210700021F1F742F8012333706A
:1085D000012384F82830D5E703219847A068A0E755
:1085E000AD28020091D10100083D0020C9D1010051
:1085F0002E45002011FCFFFF024B1868BFF35B8F74
:10860000704700BFCC200020024B1868BFF35B8F7F
:10861000704700BFF8440020194A20F000439342FD
:108620001DDDB3F1FF4F06DB07EE900A77EEE77A28
:1086300017EE900A704700B583B0694600F0D8F98C
:1086400000F00302012A019900980BD0022A11D0F0
:108650006AB1012200F0E0FE03B05DF804FB0021E6
:1086600000F002BB00F0D8FE80F00040F4E700F01C
:10867000FBFAF1E700F0F8FA80F00040ECE700BF09
:10868000D80F493F1B4A20F0004393421EDDB3F14F
:10869000FF4F06DB07EE900A77EEE77A17EE900AB7
:1086A000704700B583B0694600F0A2F900F00300FE
:1086B000012801990ED0022815D078B1009800F059
:1086C000D3FA80F0004003B05DF804FB00210022E3
:1086D00000F0A2BE009800F0C7FAF4E7009801226B
:1086E00000F09AFEEFE70098012200F095FE80F07E
:1086F0000040E8E7D80F493FE4F796BD00F064B8C2
:1087000008B52DED028B08EE100A00F009F9154AA4
:1087100092F900200132034613D0B4EE488AF1EEFC
:1087200010FA0ED6B5EEC08AF1EE10FA09D8B5EE01
:10873000408AF1EE10FA08D101F094F922220A4B96
:108740000260BDEC028B184608BD01F08BF9BDEC50
:10875000028B034621221A600448BDE8084000F05D
:10876000D5BF00BF43210020000080FF74C003007C
:1087700008B52DED028B08EE100A00F06DFA104BD3
:1087800093F9003001330BD0B4EE488AF1EE10FAC1
:1087900006D6DFED0C8AB4EEE88AF1EE10FA02D4C8
:1087A000BDEC028B08BD01F05DF9C8EEA87ABDEC06
:1087B000028B034621221A6017EE900A08BD00BF03
:1087C000432100200000000010B582B007EE900A9F
:1087D0000191019B23F00042B2F1FF4F32DC20F007
:1087E0000041B1F1FF4F84462CDCB3F17E5F4BD0EA
:1087F0009C1704F0020444EAD07459B3B2B3B2F146
:10880000FF4F48D0B1F1FF4F30D08A1AB2F1F45F78
:108810004FEAE2513DDA002B49DA3C3147DA0020D9
:10882000012C5CD0022C4DD094B106EE900ADFED05
:10883000337A9FED337A76EEA77A77EEC77A17EE22
:10884000900A05E09DED017A77EE277A17EE900AFF
:1088500002B010BD022C15D09FED2A7A032C0CBF5C
:1088600017EE100A17EE900A02B010BDDFED267A5F
:108870009FED267ABCF1000FB4BF17EE100A17EE79
:10888000900AE5E72248E3E702B0BDE8104000F0B7
:1088900015BE2048C4E7B1F1FF4F04F1FF3421D0E9
:1088A000022C26D81C4B03EB8404E068D0E79DED36
:1088B000017AC7EE877A17EE900A00F0DBFE00F02F
:1088C000FDFDADE706EE900ADFED0C7A9FED0C7A28
:1088D00076EEA77A77EE677A17EE900AB8E700F19E
:1088E0000040B5E7022C06D80B4B03EB840420684C
:1088F000AEE70020ACE70948AAE700BF2EBDBB33B6
:10890000DB0F4940DB0F49C0DB0FC93FDB0FC9BF9D
:10891000DB0F4940DB0FC93F40D00300DB0F493F6D
:1089200008B530F000432DED028B07EE100A2DD074
:10893000002836DBB0F1FF4F47DAB0F5000F3BDB24
:108940000022C3157F3B1344DA0F03EBD37307EE0A
:10895000903AC2F17F02C0F3160040EAC250B8EE6E
:10896000E78A00F04FFF9FED1C7ADFED1C6A07EEEF
:10897000900A27EE877ADFED1A7AA8EE267AA8EE1B
:10898000277ABDEC028B17EE100A08BD9FED157A11
:10899000DFED157AC7EE277ABDEC028B17EE900A51
:1089A00008BD77EE477A9FED107AC7EE877ABDEC67
:1089B000028B17EE900A08BDDFED0C7A67EE277A7E
:1089C0006FF0180217EE900ABBE7BDEC028B77EE52
:1089D000077A17EE900A08BDD95BDE3EDB275435D7
:1089E00080209A3E000000CC000000000000004CF7
:1089F00070B58B4A20F00044944286B00D466FDD7E
:108A0000884A9442064622DC0028DFED877A874AAE
:108A100007EE100A24F00F0440F3E980944277EE49
:108A2000677A09BFDFED826A9FED827A9FED827AD5
:108A300077EEE67A012077EEC76A77EEE67AC1ED47
:108A4000006A77EEC77AC1ED017A06B070BD7B4A45
:108A5000944255DDB4F1FF4F48DAE215863AA4EBB3
:108A6000C25307EE903ABDEEE77ADFED756AB8EED5
:108A7000C77A77EEC77A8DED037A67EEA67ABDEEF8
:108A8000E77AB8EEC77A77EEC77A8DED047A67EEAB
:108A9000A67AF5EE407AF1EE10FACDED057A40F0C7
:108AA0009580B5EE407AF1EE10FA14BF022301234F
:108AB000644901910221009103A8294600F05CF964
:108AC000002EC2DA95ED007AD5ED017AB1EE477A43
:108AD000F1EE677A85ED007AC5ED017A4042B4E7A0
:108AE0002860002200204A6006B070BD07EE900AA0
:108AF00077EEE77A0020C1ED017AC1ED007AA4E7B4
:108B000000F0B8FDDFED506ADFED475A07EE100ABE
:108B1000F6EE007AE7EE267ADFED466AFDEEE77ABA
:108B200017EE900AB8EEE76A1F28F0EE477AE6EEF5
:108B3000657A26EE267AF1EE465A1EDC434A411E3D
:108B400024F0FF0352F82120934216D077EEC76A33
:108B5000C5ED006A77EEE67A002E77EEC77AC5EDAE
:108B6000017ABFF672AFF1EE666AF1EE677AC5ED93
:108B7000006AC5ED017A404267E777EEC76AE21501
:108B800016EE903AC3F3C753C3EBD454082CDFDD81
:108B90009FED277ADFED286AB0EE675AA5EE875A77
:108BA00077EEC57AE5EE877AD6EE267A75EE676AB5
:108BB000B0EE677A16EE903AC3F3C753D21A192A69
:108BC00006DCF0EE457AC5ED006AC3E703236FE7E4
:108BD000DFED1F6ADFED1F4AF0EE457AE5EEA67A7B
:108BE00035EE677AA5EEA67A96EE247AAEE7944241
:108BF00077EE277A09BFDFED0E6A9FED0E7A9FEDC3
:108C00000E7A77EEA67A4FF0FF3077EE876A77EE2E
:108C1000E67AC1ED006A77EE877AC1ED017A14E752
:108C2000D80F493FE3CB1640800FC93FD00FC93F53
:108C3000004435374344353708A3852E800F494318
:108C400000008043D8D0030084F9223F58D00300AD
:108C500000A3852E32318D2407EE900AF1EEE77ADB
:108C600017EE900A704700BF20F00043B3F1485F51
:108C700006EE100A07EE901A2EDABDEEC67A17EE4F
:108C8000103A002B64D066EE066A9FED337A9FEDB2
:108C9000334ADFED334A9FED335ADFED335AA6EE08
:108CA000874A9FED327AE6EE844AA6EEA45AA6EEF3
:108CB000857AE6EE875A66EEA55A67EEC67AB6EE74
:108CC000006AE6EEA57AB7EE007AD6EE867A77EEFF
:108CD000677A17EE900A704766EE066A9FED1E7A75
:108CE0009FED1E4ADFED1E4A9FED1E5ADFED1E5A14
:108CF0001F4AA6EE874A93429FED1C7AE4EE264A6D
:108D0000A4EEA65AA5EE267AE7EE265A65EEA65AF6
:108D1000D3DD184A934216DC03F17F4307EE103A85
:108D2000B7EE005A35EE475A67EEC67AB6EE006ADD
:108D300096EE867AE6EEA57A77EE677A75EE677A32
:108D400017EE900A7047B6EE075AB5EE027AEBE7D7
:108D50004FF07E50704700BF4ED747ADF6740F31CD
:108D60007CF293B4010DD037ABAA2A3D610BB6BAA1
:108D70009999993E0000483F2DE9F04F2DED048B65
:108D8000DBB01C4603930691A74B6899089253F8F1
:108D90002150111D824604F1FF38C0F2B882D31E63
:108DA00048BF131DDB1002930133DB000793DDE99D
:108DB00007239B1A0593029B15EB0801A3EB0802FE
:108DC00016D401319FED997A699811441EAB002A9F
:108DD000A4BF50F8224007EE904A02F10102ACBF56
:108DE000F8EEE77AF0EE477A8A42E3EC017AEED1C8
:108DF000002DC0F2FC82039B1EAA02EB830446AE48
:108E00004FEA830C4046EF180AEB8301B8F1000FDC
:108E1000DFED867A09DB22465346F3EC016A32ED38
:108E2000017A8B42E6EE877AF7D10130B842E6EC60
:108E3000017A04F10404E9D109AB0AAF03EB850917
:108E400007EB8503083B9FED7B9ADFED798ADDF820
:108E500014B004930AEB0C042B4646AE00955AAAB4
:108E600002EB8302002B52ED146A4FEA830516DDF4
:108E700006EB8302394666EE897AB0EE667AFDEE3D
:108E8000E77A32ED016AF8EEE77AB242A7EEE87AC5
:108E900077EE866ABDEEC77AA1EC017AEBD116EEC9
:108EA000900A5946019300F035FC08EE100AF4EEE2
:108EB000007A68EE277A17EE900A00F0DFFB06EEE4
:108EC000900AF0EE487AB2EE007AE6EEC77ABBF18D
:108ED000000F019BFDEEE79AB8EEE98A37EEC88AEB
:108EE00075DD03F1FF3ECBF1080057F82E1041FA73
:108EF00000FC0CFA00F0081ACBF1070219EE901AE8
:108F000040FA02F26144002A47F82E0009EE901A56
:108F100065DCB5EE408AF1EE10FA40F0C5800099AC
:108F200003F1FF3C61450EDC03F18041013907EBA1
:108F30008101002051F80459494540EA0500F9D162
:108F4000002840F0FC80009A013A57F82220002ABD
:108F500040F0F080049A012552F8041901350029E7
:108F6000FAD003F1010E1D447146039A1344029A8C
:108F700002EB0E0C0CF1804C699A0CF1FF3C02EBF9
:108F80008C0C1EAA06EB8E0E02EB8300DCED017A40
:108F90009FED267AF8EEE77AB8F1000F0CF1040C99
:108FA000C0ED007A024600F1040009DB534601E0FF
:108FB00072ED017AF3EC016AA342A6EEA77AF7D12B
:108FC0000131A942AEEC017AE0DD2B4647E740F0E3
:108FD000A7805A1E57F822201212002A99DD19EE96
:108FE000901A002B01F1010109EE901A40F3A581BE
:108FF0003868002840F08A80012B27D039464FF08E
:10900000010C51F8040F002800F084800CF10101DC
:10901000C0F580708B4247F82C0016DD57F8210010
:109020003D4407EB81010AE0F0D30300000000009B
:10903000000080430000803B0000C93F0868C0F189
:10904000FF0041F8040BA942F8D10120BBF1000F49
:109050000DDDBBF1010F00F05281BBF1020F06D113
:109060005D1E57F8251001F03F0147F82510022A30
:109070007FF44FAFF7EE007A37EEC88A00283FF44E
:1090800048AF17EE900A59460992019300F042FB4F
:1090900007EE900A38EE678A099A019BB5EE408A7E
:1090A000F1EE10FA3FF43BAFCDE90132DDE90732D2
:1090B00018EE100A991A009D00F02CFB5FED246A4F
:1090C00007EE900AF4EEE67AF1EE10FADDE90132ED
:1090D000C0F25B811FED297A059927EE877A083166
:1090E000BDEEC77A0591B8EEC77A03F1010BE7EE42
:1090F000667ABDEEC77AFDEEE77A17EE901A47F86A
:10910000231017EE103A47F82B302FE001214FF0D3
:10911000000C7DE70CF1010C9C457FF472AF95E7E4
:10912000F6EE007AB4EEE78AF1EE10FA80F2F480FF
:109130000022EEE603F1010E7146754615E705992A
:10914000009DA1F1080057F82C100590E34669B97D
:1091500003F18043023B07EB8303014653F8040904
:109160000BF1FF3B08390028F8D0059105990092D2
:109170004FF07E5000F0CEFABBF1000F07EE100A60
:10918000009AC0F227814FEA8B0E46AB03EB0E0626
:109190000EF1040C5FED596A07EB0C03311D73ED02
:1091A000017AF8EEE77ABB4267EE877A27EE267AF5
:1091B00061ED017AF3D1002D1FED616A4FF00004DB
:1091C00020DB9348DFED937AB0EE467A31460023F8
:1091D00003E09C4208DBB0EC017AF1EC016A013358
:1091E0009D42E6EE877AF4DA5AAB03EB8403A3459B
:1091F00043ED287AA6F1040604F1010305D0002D01
:109200001C46DEDADFED837AEEE7689902291CDC82
:10921000002900F394800FD132ABDFED7E7A9C44BD
:109220003CED017A634577EE877AF9D10AB1F1EE28
:10923000677A069BC3ED007A19EE903A03F00700B7
:109240005BB0BDEC048BBDE8F08F689B032BF3D1C2
:10925000BBF1000F00F0D3800EF5B4736B4432A95C
:1092600013ED287A01EB8B0373ED017AF0EE476A78
:1092700037EE277A994277EEC77A83ED007A77EE58
:10928000A67AC3ED017AEFD1BBF1010F40F3B780AD
:109290000BF1804B0EF5B4730BF1FF3B0DEB030E9E
:1092A0004FEA8B0B0BF104031EED287A0B4433A815
:1092B00073ED017AF0EE476A37EE277A984277EE3F
:1092C000C77A83ED007A77EEA67AC3ED017AEFD103
:1092D0000BF1080BDFED4F7A01EB0B03083133ED97
:1092E000017A994277EE877AF9D1002A55D1069909
:1092F000329A339B0A604B60C1ED027A9CE75D1E97
:1093000057F8251001F07F0147F82510AFE6082334
:109310000793002302934AE519EE902A002B02F1ED
:10932000010209EE902AC8BF02223FF761AEF7EEB4
:10933000007A37EEC88A0222EBE5002086E632A9E1
:10934000DFED347A01EB830333ED017A994277EE56
:10935000877AF9D19DED327A8ABB069BBBF1000F6B
:10936000C3ED007A77EE677A0BDD33A90123B1EC08
:10937000017A01339B4577EE877AF8DA0AB1F1EE8C
:10938000677A069BC3ED017A56E7FDEEE77A9B46C6
:1093900017EE901A47F82310E8E6DDED326A9DEDEE
:1093A000337A069BF1EE666AB1EE477AF1EE677AA0
:1093B000C3ED006A83ED017AC3ED027A3CE7069BB8
:1093C000F1EE676ABBF1000F77EE677AC3ED006AD2
:1093D000CBDCD4E7689B022B0DDC002B14DC7FF484
:1093E0002BAFDFED0C7A002A3FF423AF1FE7039B7E
:1093F0004FEA830C20E5689B032B7FF41DAFDFED64
:10940000057A002AC9D172E7DFED027AA2E700BF30
:1094100000D403000000000020F00043B3F1485FD7
:1094200007EE900A06EE901A04DABDEEE77A17EE20
:10943000103A83B327EEA77A9FED176ADFED174A3C
:109440009FED175ADFED175AE7EE064A9FED166AB1
:10945000A4EE875A27EE874AE5EE075AA5EE876AFB
:1094600042B9DFED126AE7EE066AE6EE847A17EE9D
:10947000900A704726EE446AF6EE005AA6EEA56AF8
:10948000DFED0B5AD6EE076AE4EE256A77EEE67A50
:1094900017EE900A70477047D3C92E2F342FD7B2DA
:1094A0001BEF3836010D50B98988083CABAA2ABE9B
:1094B000ABAA2A3E21F00041704700BF38B520F02A
:1094C0000044B4F1A14F07EE900A05460DDBB4F15C
:1094D000FF4F5CDCDFED557A9FED557A0028D4BF55
:1094E00017EE100A17EE900A38BD524B9C425FDC13
:1094F000B4F1445F50DB4FF0FF3267EEA76ADFED57
:109500004E4ADFED4E5A9FED4E5A9FED4E4A26EEE3
:10951000A67AB0EE666AE7EE245A531CDFED4A4A9B
:10952000DFED4A6AA5EE875AE7EE246ADFED485A76
:10953000DFED484AE6EE875AA5EE074A9FED465A08
:10954000DFED466AA5EE875AE4EE074ADFED445A9E
:10955000E4EE876AE5EE075A66EE866A25EE877ABC
:109560003DD0404B03EB820376EE876A93ED007AA1
:1095700093ED046A96EEA77A002D77EE677A76EE81
:10958000677A17EE900AAFDA80F0004038BD77EEC8
:10959000A77A17EE900A38BD9FED337A37EE877AB7
:1095A000F7EE006AB4EEE67AF1EE10FAA3DD38BD0C
:1095B00000F060F82D4B9C4207EE100A16DCA3F574
:1095C000D0039C4227DCF0EE007AFFEE006AE7EE63
:1095D000276A002237EE277AC6EE877A8DE776EE85
:1095E000876AE6EEE77A17EE900A38BD204B9C4278
:1095F0000BDCF7EE087AF7EE006AE7EE276A022244
:1096000037EE677AC7EE267A77E7FFEE006AC6EE96
:10961000877A032271E7F7EE007A77EE676A37EE12
:10962000277A0122C6EE877A67E700BFDB0FC93FC2
:10963000DB0FC9BFFFFFDF3ED769853C59DA4B3DE1
:10964000356B883D6E2EBA3D21A215BD6BF16EBD06
:1096500095879DBD2549123E388EE3BDABAAAA3E33
:10966000CDCC4CBE28D40300CAF24971FFFF973F0E
:10967000FFFF1B4020F00040704700BFC0F3C753FE
:109680007F3B162B07EE900A20F0004228DC002BCF
:1096900016DB1C4A1A4110421FD09FED1B7A37EE91
:1096A000877AB5EEC07AF1EE10FA16DD002804DAFA
:1096B0004FF4000141FA03F3184420EA0200704716
:1096C0009FED117A37EE877AB5EEC07AF1EE10FA97
:1096D00003DD00280CDB0020704717EE900A70476E
:1096E000B2F1FF4FF9D377EEA77A17EE900A7047E1
:1096F000BFEE007A002A14BF17EE100A17EE900A88
:10970000704700BFFFFF7F00CAF2497100487047F1
:109710000000C07F82B00190019830F0004330D04B
:10972000B3F1FF4F25D210F0FF4F2DD19DED017AFF
:10973000DFED2D7A2D4B67EE277A9942CDED017A38
:109740003ADB0198C0F3C753193B0B44FE2B1FDDD6
:10975000DFED277ADFED276A019B002BB0EE677AF9
:10976000B8BFF0EE667A67EE877A17EE900A02B01D
:109770007047DDED017A77EEA77A17EE900A02B016
:109780007047019802B07047DB0D0B44FE2BDFDC05
:10979000002B0BDC13F1160F17DA4CF25033994201
:1097A000D6DCDFED157ADFED156AD5E720F0FF4056
:1097B00040EAC35002B07047DFED0F7A9DED017AA9
:1097C00067EE277A17EE900AD9E7193320F0FF40A9
:1097D00040EAC35007EE100ADFED097A67EE277AF8
:1097E00017EE900ACBE700BF0000004CB03CFFFF33
:1097F000CAF24971CAF249F16042A20D6042A28DDB
:109800000000003330F0004207EE100A03462DD06E
:10981000002834DBB0F1FF4F43DAB0F5000F37DB3F
:109820004FF0000C7048C3F31601084400F4000226
:1098300082F07E520A43DB1507EE102A7F3B6B4A0B
:10984000634401F10F0CF7EE007A0CEA020237EEE6
:10985000677A03EBD0534ABBB5EE407AF1EE10FACB
:1098600067D1002B40F09F80002070479FED607A09
:10987000DFED607AC7EE277A17EE900A704777EE31
:10988000477A9FED5C7AC7EE877A17EE900A7047A9
:10989000DFED597A67EE277A6FF0180C17EE903AE1
:1098A000C0E777EE077A17EE900A7047F0EE007A7D
:1098B00077EE277A06EE903AC7EE273A4F48C1F581
:1098C0005712084402F522720243002ADFED4C2AA7
:1098D0009FED4C4A9FED4C5A9FED4C3ADFED4C4AC0
:1098E000DFED4C7A9FED4C6A63EEA35AB8EEE62AA0
:1098F00065EEA56AA6EEA24AE6EE834AA4EE265AD3
:10990000A4EEA66AE5EE267A67EEA57AE6EE267A5A
:109910002EDDF6EE006A67EE266A66EE876A7BBB8E
:1099200077EEA67AE7EEE36A77EE667A17EE900AAC
:109930007047F6EE006A9FED396AF0EE667AE7EE60
:10994000467A67EE076A66EEA76A002BECD007EE50
:10995000903ADFED335A9FED336AF8EEE77AE7EE9F
:10996000E56A36EEC77A97EE867A17EE100A7047E8
:1099700043BB77EE677AA7EEE37A17EE100A7047DB
:109980009FED276ADFED275A77EEA67A22EE066A68
:10999000A7EEA36A76EEC66A36EEC77A92EE257A0D
:1099A00017EE100A704707EE903A9FED1D7ADFED33
:1099B0001D6AF8EEE77A27EE877AA7EEA67A17EE09
:1099C000100A7047DFED166A9FED166A77EE677A28
:1099D00066EEC26AE7EEA36A36EEC77A92EE067AC0
:1099E00017EE100A704700BF20FB4A00F0FF7F000F
:1099F000000000CC000000000000004C305CCFFFF5
:109A00009788173E25333A3E2549923E4FD01C3E5B
:109A1000298E633EABAA2A3FCDCCCC3EABAAAA3E50
:109A2000D1F717378071313F08B5062000F09CFA56
:109A3000012001F06DFB00BF0A22002100F03CBCB8
:109A40000A23002200F018BC10B5054C34B11346AF
:109A50000A4601460220AFF3008010BD204610BD2B
:109A600000000000014B1868704700BFD0200020A4
:109A700008B5074B044613B10021AFF30080054B36
:109A80001868836A03B19847204601F041FB00BF84
:109A90000000000048D4030038B5084B084D5B1B9C
:109AA0009C1007D0043B1D44013C55F804399847ED
:109AB000002CF9D1BDE8384001F056BB68210020E8
:109AC0006421002070B50D4E0D4D761BB61006D0EA
:109AD000002455F8043B01349847A642F9D1094EB9
:109AE000094D761B01F03AFBB61006D0002455F85C
:109AF000043B01349847A642F9D170BD44210020AF
:109B0000442100206421002044210020032A70B554
:109B100015D940EA010C1CF0030F04460B4621D175
:109B2000194620460E680568B54204F1040403F1A5
:109B3000040317D1043A032A20461946F0D8541ECC
:109B4000A2B100F1FF3C013901E0C3180CD01CF8B0
:109B500001EF11F8012F9645A4EB0C03F5D0AEEB05
:109B6000020070BD541EECE7184670BD104670BD73
:109B7000844641EA000313F003036DD1403A41D318
:109B800051F8043B40F8043B51F8043B40F8043BD7
:109B900051F8043B40F8043B51F8043B40F8043BC7
:109BA00051F8043B40F8043B51F8043B40F8043BB7
:109BB00051F8043B40F8043B51F8043B40F8043BA7
:109BC00051F8043B40F8043B51F8043B40F8043B97
:109BD00051F8043B40F8043B51F8043B40F8043B87
:109BE00051F8043B40F8043B51F8043B40F8043B77
:109BF00051F8043B40F8043B51F8043B40F8043B67
:109C0000403ABDD2303211D351F8043B40F8043B06
:109C100051F8043B40F8043B51F8043B40F8043B46
:109C200051F8043B40F8043B103AEDD20C3205D316
:109C300051F8043B40F8043B043AF9D2043208D00E
:109C4000D2071CBF11F8013B00F8013B01D30B8880
:109C500003806046704700BF082A13D38B078DD05E
:109C600010F003038AD0C3F10403D21ADB071CBF30
:109C700011F8013B00F8013B80D331F8023B20F89A
:109C8000023B7BE7043AD9D3013A11F8013B00F8D3
:109C9000013BF9D20B7803704B7843708B7883705B
:109CA0006046704788420DD98B1883420AD900EB71
:109CB000020CBAB1624613F801CD02F801CD994207
:109CC000F9D170470F2A0ED8034602F1FF3C4AB182
:109CD0000CF1010C013B8C4411F8012B03F8012F0E
:109CE0006145F9D1704740EA01039B0750D1A2F1C9
:109CF000100370B501F1200C23F00F0501F1100ED7
:109D000000F11004AC441B095EF8105C44F8105CD0
:109D10005EF80C5C44F80C5C5EF8085C44F8085C87
:109D20005EF8045C44F8045C0EF1100EE64504F1A4
:109D30001004E9D1013312F00C0F01EB031102F012
:109D40000F0400EB031327D0043C24F003064FEA72
:109D5000940C1E441C1F8E465EF8045B44F8045F9E
:109D6000B442F9D10CF1010402F0030203EB8403C5
:109D700001EB840102F1FF3C4AB10CF1010C013B03
:109D80008C4411F8012B03F8012F6145F9D170BD06
:109D900002F1FF3C03469BE72246EBE7830730B521
:109DA00048D0541E002A3FD0CAB2034601E0013C0D
:109DB0003AD303F8012B9D07F9D1032C2DD9CDB24D
:109DC00045EA05250F2C45EA054536D9A4F11002D0
:109DD00022F00F0C03F1200EE6444FEA121C03F1AF
:109DE000100242E9045542E9025510327245F8D199
:109DF0000CF1010214F00C0F03EB021204F00F0C33
:109E000013D0ACF1040323F003030433134442F8EA
:109E1000045B9342FBD10CF003042CB1CAB21C4486
:109E200003F8012B9C42FBD130BD64461346002C45
:109E3000F4D1F9E703461446BFE71A46A446E0E723
:109E400038B5446C0CB1002038BD80210546EDF7D3
:109E50000BFE0246686430B1031F7C3243F8044FA6
:109E60009342FBD1EFE74FF0FF3038BD1F29F8B523
:109E7000054608D8466C0C4617464EB156F82400E5
:109E800046F82470F8BD162303604FF0FF30F8BD8C
:109E90008021EDF7E9FD0646686440B1031F00F13B
:109EA0007C05002143F8041F9D42FBD1E6E74FF0FB
:109EB000FF30F8BD1F2938B5054620D8426C0C4646
:109EC0006AB152F8213053B1012B16D0591C10D071
:109ED0000025204642F824509847284638BD284699
:109EE00000F0F8F8224601462846BDE8384000F068
:109EF000DBB816230360012038BD002038BD1623CF
:109F000003604FF0FF3038BD1F292AD8426C38B5A6
:109F10000C46054682B152F8243002EB84024BB164
:109F2000591C19D0012B15D00025204615609847E3
:109F3000284638BD012038BD8021EDF795FD024649
:109F4000686458B1031F00217C3043F8041F984215
:109F5000FBD1E0E7032038BD022038BD4FF0FF30D1
:109F600038BD4FF0FF30704738B5144B1F281D68BF
:109F70001FD86A6C044662B152F820304BB1012BF5
:109F800015D0591C0FD0002542F82050984728467C
:109F900038BD284600F09EF8224601462846BDE816
:109FA000384000F081B816232B60012038BD002016
:109FB00038BD16232B604FF0FF3038BDD020002075
:109FC000124B1F2870B51E6808D80D46716C0446E8
:109FD00049B151F8240041F8245070BD1623336074
:109FE0004FF0FF3070BD80213046EDF73DFD01465A
:109FF000706440B1031F00F17C0C002243F8042F71
:10A000006345FBD1E5E74FF0FF3070BDD020002065
:10A0100038B50B4B1D686C6C0CB1002038BD80212D
:10A020002846EDF721FD686438B1031F00F17C027A
:10A0300043F8044F9342FBD1EFE74FF0FF3038BDB8
:10A04000D020002038B5174B1F281D6826D86A6C11
:10A05000044682B152F8243002EB84024BB1591C01
:10A060001AD0012B16D000252046156098472846A7
:10A0700038BD012038BD80212846EDF7F5FC0246A9
:10A08000686458B1031F00217C3043F8041F8342E9
:10A09000FBD1DFE7032038BD022038BD4FF0FF3091
:10A0A00038BD00BFD020002070B50C46084D0346D7
:10A0B0000026204611461C462E6001F021F8431C64
:10A0C00000D070BD2B68002BFBD0236070BD00BF9B
:10A0D000FC44002001F00CB8A2B330B540EA010402
:10A0E000A40784460B462AD09CF800000C788442D2
:10A0F0002FD1012A0DD0E64660B11EF8010F11F8EC
:10A10000014F6FEA0E03A042134422D11CEB03035C
:10A11000F2D1002030BD0468194653F8045BA4F165
:10A12000013EAC4284462EEA040E00F104000BD13D
:10A13000043A84461946ECD01EF0803FE9D1032A48
:10A14000E9D8D1E7104670479CF800000C78A0428F
:10A15000D1D0001B30BD00BF2DE9F04F81464548EE
:10A160008E4675461EF801CB10F80C4014F008041A
:10A17000F7D1BCF12D0FE34654D0BCF12B0F08BF33
:10A180009EF800B06FF0004808BF05F1020E1BB149
:10A19000102B4FD01F4604E0BBF1300F55D00A23DF
:10A1A0001F460025B8FBF7F6284607FB168A07E08E
:10A1B000864215D329D007FB00C001251EF801BB3C
:10A1C000ABF1300CBCF1090F06D9ABF1410CBCF17D
:10A1D000190F08D8ABF1370C63450DDD002DE7DA18
:10A1E0004FF0FF35EAE7ABF1610CBCF1190F03D872
:10A1F000ABF1570C6345F1DC002D0BDB04B14042A1
:10A200000AB195BB1160BDE8F08FE245D3DA4FF09B
:10A21000FF35D3E72223C9F800301AB30EF1FF311E
:10A220004046EFE79EF800B04FF0004805F1020EFF
:10A230000124ACE7BBF1300FACD19EF8000000F078
:10A24000DF00582807D01F46ABE79EF8003003F028
:10A25000DF03582B0BD110279EF801B03B460EF1BF
:10A26000020E9EE74046BDE8F08F8046D6E7082301
:10A270001F4696E74DD40300012B02D0242B00D8B3
:10A280006AE710B5FFF7EEFB16230360002010BD50
:10A29000012A08D0242A06D88446064813460068B6
:10A2A0000A46614658E710B5FFF7DCFB162303604A
:10A2B000002010BDD0200020012A08D0242A06D872
:10A2C00084460648134600680A46614644E710B5CE
:10A2D000FFF7C8FB16230360002010BDD02000202C
:10A2E0002DE9F04707464B480E46354616F801CB98
:10A2F00010F80C4014F00804F7D1BCF12D0FE6461D
:10A3000058D0BCF12B0F04BF96F800E0AE1C5BB137
:10A31000102B54D04FF0FF38B8FBF3F803FB08FACA
:10A320006FEA0A0A994608E0BEF1300F5AD00A23B4
:10A33000DFF8E4804FF0050A99460025284607E03B
:10A34000404515D829D009FB00C0012516F801EBBE
:10A35000AEF1300CBCF1090F06D9AEF1410CBCF1E5
:10A36000190F08D8AEF1370C63450DDD002DE7DA83
:10A370004FF0FF35EAE7AEF1610CBCF1190F03D8DD
:10A38000AEF1570C6345F1DC002D0BDB04B140420C
:10A390000AB16DB91160BDE8F087D445D3DD4FF047
:10A3A000FF35D3E722233B604FF0FF30002AF2D085
:10A3B000711EEFE796F800E00124AE1CA7E7BEF19E
:10A3C000300F21D1307800F0DF00582816D14FF03F
:10A3D000100996F801E04FF00F0A02366FF070484E
:10A3E0004B46AAE7337803F0DF03582BEFD008235E
:10A3F0004FF0070A6FF0604899469EE799466FF064
:10A4000070484FF00F0A98E74FF00F0A6FF070484E
:10A41000994692E74DD403009999991960E700BFD6
:10A4200010B4044C8446134620685DF8044B0A4679
:10A43000614655E7D020002010B4044C84461346F2
:10A4400020685DF8044B0A46614649E7D0200020A9
:10A4500081F0004102E000BF83F0004330B54FEAD5
:10A4600041044FEA430594EA050F08BF90EA020F42
:10A470001FBF54EA000C55EA020C7FEA645C7FEAD5
:10A48000655C00F0E2804FEA5454D4EB5555B8BFF8
:10A490006D420CDD2C4480EA020281EA030382EA69
:10A4A000000083EA010180EA020281EA0303362DFB
:10A4B00088BF30BD11F0004F4FEA01314FF4801CCE
:10A4C0004CEA113102D0404261EB410113F0004FE0
:10A4D0004FEA03334CEA133302D0524263EB430397
:10A4E00094EA050F00F0A780A4F10104D5F1200E35
:10A4F0000DDB02FA0EFC22FA05F2801841F1000190
:10A5000003FA0EF2801843FA05F359410EE0A5F163
:10A5100020050EF1200E012A03FA0EFC28BF4CF094
:10A52000020C43FA05F3C01851EBE37101F000454A
:10A5300007D54FF0000EDCF1000C7EEB00006EEB57
:10A540000101B1F5801F1BD3B1F5001F0CD34908E1
:10A550005FEA30004FEA3C0C04F101044FEA445238
:10A5600012F5800F80F09A80BCF1004F08BF5FEABF
:10A57000500C50F1000041EB045141EA050130BD9F
:10A580005FEA4C0C404141EB0101013C28BFB1F5B1
:10A59000801FE9D291F0000F04BF01460020B1FAFC
:10A5A00081F308BF2033A3F10B03B3F120020CDACF
:10A5B0000C3208DD02F1140CC2F10C0201FA0CF0AD
:10A5C00021FA02F10CE002F11402D8BFC2F1200C12
:10A5D00001FA02F120FA0CFCDCBF41EA0C019040C8
:10A5E000E41AA2BF01EB0451294330BD6FEA040411
:10A5F0001F3C1CDA0C340EDC04F11404C4F12002FC
:10A6000020FA04F001FA02F340EA030021FA04F30D
:10A6100045EA030130BDC4F10C04C4F1200220FA64
:10A6200002F001FA04F340EA0300294630BD21FAA2
:10A6300004F0294630BD94F0000F83F4801306BF68
:10A6400081F480110134013D4EE77FEA645C18BF5C
:10A650007FEA655C29D094EA050F08BF90EA020FF3
:10A6600005D054EA000C04BF1946104630BD91EAEB
:10A67000030F1EBF0021002030BD5FEA545C05D1EE
:10A680004000494128BF41F0004130BD14F580042D
:10A690003CBF01F5801130BD01F0004545F0FE41A1
:10A6A00041F470014FF0000030BD7FEA645C1ABFD6
:10A6B000194610467FEA655C1CBF0B46024650EA0D
:10A6C000013406BF52EA033591EA030F41F4002139
:10A6D00030BD00BF90F0000F04BF0021704730B5BF
:10A6E0004FF4806404F132044FF000054FF0000194
:10A6F00050E700BF90F0000F04BF0021704730B555
:10A700004FF4806404F1320410F0004548BF404229
:10A710004FF000013EE700BF42004FEAE2014FEA7E
:10A7200031014FEA02701FBF12F07F4393F07F4F59
:10A7300081F06051704732F07F4208BF704793F05C
:10A740007F4F04BF41F40021704730B54FF460746F
:10A7500001F0004521F000411CE700BF50EA010272
:10A7600008BF704730B54FF000050AE050EA01021B
:10A7700008BF704730B511F0004502D5404261EB8B
:10A7800041014FF4806404F132045FEA915C3FF4CC
:10A79000D8AE4FF003025FEADC0C18BF03325FEA69
:10A7A000DC0C18BF033202EBDC02C2F1200300FA1A
:10A7B00003FC20FA02F001FA03FE40EA0E0021FA3F
:10A7C00002F11444BDE600BF70B54FF0FF0C4CF42D
:10A7D000E06C1CEA11541DBF1CEA135594EA0C0FDF
:10A7E00095EA0C0F00F0DEF82C4481EA030621EA1A
:10A7F0004C5123EA4C5350EA013518BF52EA033555
:10A8000041F4801143F4801338D0A0FB02CE4FF006
:10A810000005E1FB02E506F00042E0FB03E54FF036
:10A820000006E1FB03569CF0000F18BF4EF0010E2E
:10A83000A4F1FF04B6F5007F64F5407404D25FEA2A
:10A840004E0E6D4146EB060642EAC62141EA5551DD
:10A850004FEAC52040EA5E504FEACE2EB4F1FD0C1F
:10A8600088BFBCF5E06F1ED8BEF1004F08BF5FEA9D
:10A87000500E50F1000041EB045170BD06F000464F
:10A8800046EA010140EA020081EA0301B4EB5C04FC
:10A89000C2BFD4EB0C0541EA045170BD41F48011F4
:10A8A0004FF0000E013C00F3AB8014F1360FDEBF19
:10A8B000002001F0004170BDC4F10004203C35DAF5
:10A8C0000C341BDC04F11404C4F1200500FA05F378
:10A8D00020FA04F001FA05F240EA020001F0004219
:10A8E00021F0004110EBD37021FA04F642EB06018F
:10A8F0005EEA430E08BF20EAD37070BDC4F10C04B9
:10A90000C4F1200500FA04F320FA05F001FA04F27C
:10A9100040EA020001F0004110EBD37041F1000168
:10A920005EEA430E08BF20EAD37070BDC4F1200573
:10A9300000FA05F24EEA020E20FA04F301FA05F2DB
:10A9400043EA020321FA04F001F0004121FA04F283
:10A9500020EA020000EBD3705EEA430E08BF20EA53
:10A96000D37070BD94F0000F0FD101F0004640008D
:10A9700041EB010111F4801F08BF013CF7D041EA0F
:10A98000060195F0000F18BF704703F00046520013
:10A9900043EB030313F4801F08BF013DF7D043EAE4
:10A9A0000603704794EA0C0F0CEA135518BF95EA9A
:10A9B0000C0F0CD050EA410618BF52EA4306D1D121
:10A9C00081EA030101F000414FF0000070BD50EA40
:10A9D000410606BF1046194652EA430619D094EACA
:10A9E0000C0F02D150EA013613D195EA0C0F05D1B4
:10A9F00052EA03361CBF104619460AD181EA030108
:10AA000001F0004141F0FE4141F470014FF00000BF
:10AA100070BD41F0FE4141F4780170BD70B54FF05A
:10AA2000FF0C4CF4E06C1CEA11541DBF1CEA1355DA
:10AA300094EA0C0F95EA0C0F00F0A7F8A4EB0504BC
:10AA400081EA030E52EA03354FEA013100F08880B3
:10AA50004FEA03334FF0805545EA131343EA12637C
:10AA60004FEA022245EA111545EA10654FEA002631
:10AA70000EF000419D4208BF964244F1FD0404F5EA
:10AA8000407402D25B084FEA3202B61A65EB030546
:10AA90005B084FEA32024FF480104FF4002CB6EB03
:10AAA000020E75EB030E22BFB61A754640EA0C0083
:10AAB0005B084FEA3202B6EB020E75EB030E22BFC3
:10AAC000B61A754640EA5C005B084FEA3202B6EB04
:10AAD000020E75EB030E22BFB61A754640EA9C00C3
:10AAE0005B084FEA3202B6EB020E75EB030E22BF93
:10AAF000B61A754640EADC0055EA060E18D04FEA51
:10AB0000051545EA16754FEA06164FEAC30343EAF0
:10AB100052734FEAC2025FEA1C1CC0D111F4801FBD
:10AB20000BD141EA00014FF000004FF0004CB6E7B6
:10AB300011F4801F04BF01430020B4F1FD0C88BF55
:10AB4000BCF5E06F3FF6AFAEB5EB030C04BFB6EB60
:10AB5000020C5FEA500C50F1000041EB045170BD53
:10AB60000EF0004E4EEA113114EB5C04C2BFD4EB80
:10AB70000C0541EA045170BD41F480114FF0000E04
:10AB8000013C90E645EA060E8DE60CEA135594EA80
:10AB90000C0F08BF95EA0C0F3FF43BAF94EA0C0F83
:10ABA0000AD150EA01347FF434AF95EA0C0F7FF4F8
:10ABB00025AF104619462CE795EA0C0F06D152EA4C
:10ABC00003353FF4FDAE1046194622E750EA410630
:10ABD00018BF52EA43067FF4C5AE50EA41047FF441
:10ABE0000DAF52EA43057FF4EBAE12E74FF0FF3CA6
:10ABF00006E000BF4FF0010C02E000BF4FF0010C77
:10AC00004DF804CD4FEA410C7FEA6C5C4FEA430CEF
:10AC100018BF7FEA6C5C1BD001B050EA410C0CBF3E
:10AC200052EA430C91EA030F02BF90EA020F0020A0
:10AC3000704710F1000F91EA030F58BF994208BF07
:10AC400090422CBFD8176FEAE37040F001007047C4
:10AC50004FEA410C7FEA6C5C02D150EA013C07D11B
:10AC60004FEA430C7FEA6C5CD6D152EA033CD3D066
:10AC70005DF8040B704700BF8446104662468C4660
:10AC80001946634600E000BF01B5FFF7B7FF002893
:10AC900048BF10F1000F01BD4DF808EDFFF7F4FFBC
:10ACA0000CBF012000205DF808FB00BF4DF808ED47
:10ACB000FFF7EAFF34BF012000205DF808FB00BF6A
:10ACC0004DF808EDFFF7E0FF94BF012000205DF88C
:10ACD00008FB00BF4DF808EDFFF7CEFF94BF012041
:10ACE00000205DF808FB00BF4DF808EDFFF7C4FF3A
:10ACF00034BF012000205DF808FB00BF4FEA41028D
:10AD000012F5001215D211D56FF47873B3EB6252BD
:10AD100012D94FEAC12343F0004343EA505311F0E4
:10AD2000004F23FA02F018BF404270474FF0000076
:10AD3000704750EA013005D111F0004008BF6FF0B4
:10AD4000004070474FF00000704700BF4FEA4102DB
:10AD5000B2F1E04324BFB3F5001CDCF1FE5C0DD979
:10AD600001F0004C4FEAC0024CEA5070B2F1004FC3
:10AD700040EB830008BF20F00100704711F0804FC6
:10AD800021D113F13872BCBF01F00040704741F48B
:10AD900080114FEA5252C2F11802C2F1200C10FA8F
:10ADA0000CF320FA02F018BF40F001004FEAC12373
:10ADB0004FEAD32303FA0CFC40EA0C0023FA02F317
:10ADC0004FEA4303CCE77FEA625307D150EA0133ED
:10ADD0001EBF4FF0FE4040F44000704701F00040BD
:10ADE00040F0FE4040F40000704700BF53B94AB93C
:10ADF000002908BF00281CBF4FF0FF314FF0FF3083
:10AE000000F074B9ADF1080C6DE904CE00F006F85D
:10AE1000DDF804E0DDE9022304B070472DE9F047D6
:10AE2000089D04468E46002B4DD18A42944669D92E
:10AE3000B2FA82F252B101FA02F3C2F1200120FA11
:10AE400001F10CFA02FC41EA030E94404FEA1C485F
:10AE5000210CBEFBF8F61FFA8CF708FB16E341EA5B
:10AE6000034306FB07F199420AD91CEB030306F1E1
:10AE7000FF3080F01F81994240F21C81023E634402
:10AE80005B1AA4B2B3FBF8F008FB103344EA0344A6
:10AE900000FB07F7A7420AD91CEB040400F1FF33BB
:10AEA00080F00A81A74240F207816444023840EAF8
:10AEB0000640E41B00261DB1D4400023C5E9004331
:10AEC0003146BDE8F0878B4209D9002D00F0EF80B4
:10AED0000026C5E9000130463146BDE8F087B3FAE7
:10AEE00083F6002E4AD18B4202D3824200F2F980CF
:10AEF000841A61EB030301209E46002DE0D0C5E9D2
:10AF0000004EDDE702B9FFDEB2FA82F2002A40F01D
:10AF10009280A1EB0C014FEA1C471FFA8CFE012620
:10AF2000200CB1FBF7F307FB131140EA01410EFBC4
:10AF300003F0884208D91CEB010103F1FF3802D26B
:10AF4000884200F2CB804346091AA4B2B1FBF7F065
:10AF500007FB101144EA01440EFB00FEA64508D988
:10AF60001CEB040400F1FF3102D2A64500F2BB80C5
:10AF70000846A4EB0E0440EA03409CE7C6F1200714
:10AF8000B34022FA07FC4CEA030C20FA07F401FA5A
:10AF900006F31C43F9404FEA1C4900FA06F3B1FBE3
:10AFA000F9F8200C1FFA8CFE09FB181140EA014148
:10AFB00008FB0EF0884202FA06F20BD91CEB0101E5
:10AFC00008F1FF3A80F08880884240F28580A8F13D
:10AFD00002086144091AA4B2B1FBF9F009FB10118F
:10AFE00044EA014100FB0EFE8E4508D91CEB01012D
:10AFF00000F1FF346CD28E456AD90238614440EAD0
:10B000000840A0FB0294A1EB0E01A142C846A6464F
:10B0100056D353D05DB1B3EB080261EB0E0101FAD8
:10B0200007F722FA06F3F1401F43C5E90071002635
:10B030003146BDE8F087C2F12003D8400CFA02FC8B
:10B0400021FA03F3914001434FEA1C471FFA8CFE9B
:10B05000B3FBF7F007FB10360B0C43EA064300FB8B
:10B060000EF69E4204FA02F408D91CEB030300F129
:10B07000FF382FD29E422DD9023863449B1B89B2E0
:10B08000B3FBF7F607FB163341EA034106FB0EF369
:10B090008B4208D91CEB010106F1FF3816D28B4216
:10B0A00014D9023E6144C91A46EA004638E72E46E2
:10B0B000284605E70646E3E61846F8E64B45A9D2DA
:10B0C000B9EB020864EB0C0E0138A3E74646EAE749
:10B0D000204694E74046D1E7D0467BE7023B6144F7
:10B0E00032E7304609E76444023842E7704700BF60
:10B0F000024B58221A604FF0FF307047FC4400208A
:10B10000024B58221A604FF0FF307047FC44002079
:10B11000FEE700BF0B4601461846FEF795BCECF76C
:10B120006DBC012838BF012010B504462046ECF75D
:10B1300027FC30B9FDF768FA08B9FEF775FC8047BF
:10B14000F4E710BD08B500F004F808B58047FEF735
:10B150006BFC08B5FDF750FAFFF7F7FFF8B500BF35
:10B16000F8BC08BC9E467047F8B500BFF8BC08BCE8
:10B170009E46704700000000000000000000000034
:10B180000338FDD870470000182D4454FB21E9BF57
:10B19000D221337F7CD90240D221337F7CD902C0B7
:10B1A0000000000000000080182D4454FB210940DD
:10B1B000182D4454FB2109C04FBB610567ACDD3F2E
:10B1C000182D4454FB21E93F9BF681D20B73EF3FCE
:10B1D000182D4454FB21F93FE2652F227F2B7A3C46
:10B1E000075C143326A6813CBDCBF07A8807703CFF
:10B1F000075C143326A6913C00000000010000000B
:10B200000200000003000000080000000C00000025
:10B210000D0000000E0000000F00000010000000F4
:10B22000110000000000000001000000020000000A
:10B23000030000000B50F3E4607F415190917D00CA
:10B240008D6FFC5C0000000000000000C5EA0100FA
:10B2500001EB01005D3D020051EA010055EA0100E9
:10B26000753D020069EA010061EA010049400200FF
:10B27000754102009940020061410200613D0200F7
:10B2800065EA010071EA0100BDEB0100F8FFFFFF74
:10B29000000000003DEA010045EA0100B9EB0100B1
:10B2A00049EA01002169020099EA0100EDEB010081
:10B2B00000000000000000008DE70200D9E6020057
:10B2C00005850200058502000D8502000D8502003E
:10B2D000F58402001585020049EA0200318502006A
:10B2E00015EB020055E7020051850200B5EE0100A2
:10B2F000C9EE010051E80200000100010001010156
:10B300000101010101010100010101000000010032
:10B310000000000000000000000000003DEA010005
:10B32000A9F20100B1F10100F9F201002169020066
:10B33000E5F301006DF40100756E6B6E6F776E00C2
:10B340007A76677074756F6965617A7667707475FF
:10B350006F6965617A766770740000001B1B000ED0
:10B360001100000015160F18130000001C0B1F25FC
:10B370001E0000000000000000000000C9F60100EF
:10B38000AD6B0200C1F6010081F60100BDF60100BF
:10B39000ADFA0100B5F60100B1F6010000000000B1
:10B3A000000000003DEA010045EA0100B1F10100A2
:10B3B000691B020021690200E1FA010005FB01009E
:10B3C0002184020025840200B51E02003984020097
:10B3D000ED1A0200E918020041840200C4FFFFFFD9
:10B3E000000000003DEA0100199C0200B1F10100DB
:10B3F00049EA0100216902005DFB010031FB010007
:10B40000554249545F4C4F475F46535F565F30305B
:10B41000320A0000000000000000000000000000F0
:10B4200028B4030008000000010000000200000032
:10B430000200000002000000030000000200000003
:10B4400004000000010000000500000008000000EA
:10B4500006000000010000000700000001000000DD
:10B4600008000000010000000000000000000000D3
:10B470003DEA010045EA0100AD02020049EA01008F
:10B480002169020041FD010059FD0100000000009A
:10B49000000000003DEA010045EA010061070200EA
:10B4A00049EA010021690200C9060200E106020022
:10B4B000B8B4030008000000010000000C00000008
:10B4C0000200000005000000030000000200000070
:10B4D0000400000001000000050000000100000061
:10B4E000060000000200000007000000030000004A
:10B4F0000800000001000000000000000000000043
:10B500003DEA010045EA0100B1F1010049EA01000C
:10B5100021690200FD07020031080200450B02000C
:10B52000850B0200AD0F0200F9070200CD0F0200EB
:10B53000E50F020009100200F8FFFFFF0000000005
:10B540002D08020031100200F50F02006D100200FC
:10B550007D0B02005D0C020049100200000000009B
:10B5600000000000A1100200F11002000911020009
:10B570000000000000000000E1110200AD10020018
:10B58000B9100200A9B90200C5100200CD100200D6
:10B59000E9100200BDB90200C1B9020000000000BC
:10B5A00000000000351602008D1702003916020057
:10B5B0003D1602004916020061160200091702003A
:10B5C00000000000000000003DEA010045EA010023
:10B5D000B1F10100691B020021690200CD170200D0
:10B5E000E91702002184020025840200B51E020032
:10B5F00039840200ED1A0200E918020041840200B9
:10B60000000000000000000029C402000DC4020078
:10B6100011C40200A9B902001DC4020021C4020025
:10B62000B9B90200BDB90200C1B9020000000000B2
:10B63000000000001D250200211F0200251F02003E
:10B64000A9B90200311F0200B1B90200351F020082
:10B65000BDB90200C1B90200451F0200911F0200DE
:10B66000F8FFFFFF000000003DEA010045EA01008D
:10B67000B1F1010049EA0100216902003520020010
:10B68000E11F0200676967676C6500003031303286
:10B690003330393838303139303038343430303470
:10B6A0003430303838383130323330303136303170
:10B6B000303033333030323430303030303030307E
:10B6C000303030303030303030303030303030307A
:10B6D000303030302C313130323332353730303851
:10B6E0003734313134343030343430303838383025
:10B6F000333532303035393031303033333030302B
:10B700003130303030303030303030303030303038
:10B71000303031303030303030303030302C333128
:10B7200030323332373239303231313035343430EF
:10B7300032383839303838383030393130303633C3
:10B7400030303030303030303234303730303032EA
:10B7500030303030303030303030303033303030E6
:10B760003030303030302C333130323332373239C0
:10B77000303130323035343430323838393038388E
:10B78000383030393130303633303030303030309E
:10B79000303234303730303032303030303030309A
:10B7A0003030303030333030303030303030302C9A
:10B7B000333130323332373239303131343035345D
:10B7C0003430323838393038383830303931303038
:10B7D0003633303030303030303032343037303053
:10B7E0003032303030303030303030303030333054
:10B7F0003030303030303030000000006861707020
:10B800007900000030313032333139393230363658
:10B8100039313134343030343430303838383032F3
:10B8200036323030323830303030313830303032FB
:10B830003035303030303030303030303030303003
:10B840003031303030303030303030302C303032F9
:10B8500033323231323930323935303834343032B3
:10B8600034303430383838303030303030303430B4
:10B8700030303232343030313130303030303030BE
:10B8800030303030303030303030303735303030AC
:10B8900030303030302C303030303032313239309E
:10B8A0003239353039343430323430343038383855
:10B8B0003031343530303034303030323234303072
:10B8C0003131303030303030303030303030303076
:10B8D00030303030373530303030303030300000BC
:10B8E00068656C6C6F0000003331303233303637AE
:10B8F0003330313937303234343031313837303811
:10B900003838313032333031323830303030303016
:10B910003030323430303030303030303030303021
:10B920003030303030303030303030303030303017
:10B930002C333030303031303634303031363032F4
:10B9400034343030393831303838383030303030C5
:10B9500031323830303030303130303034303030D7
:10B9600030303030303030303030303030303030D7
:10B970003030303030303030302C333130323331C1
:10B980003036343032393330323434303039383183
:10B99000303838383130323330313238303030307E
:10B9A0003031303030343030303030303030303092
:10B9B0003030303030303030303030303030303087
:10B9C000303000006D7973746572696F75730000B3
:10B9D000343030303032333930303333313030344A
:10B9E000343032343034303838383034373730301F
:10B9F0003034303030323234303031313034303035
:10BA0000303030303030303030303030303038302E
:10BA100030303030303030302C3430353531323811
:10BA200034353338353030303434303034343030ED
:10BA300038383830303030303132383033303130DF
:10BA400035303031363030303030303030303030EA
:10BA500030303030303038353030303530303031D3
:10BA600035000000736164003331303233323232DA
:10BA70003630373038303134343031363234303893
:10BA80003838313032333031323830303030303194
:10BA900030303234303030303030303030303030A0
:10BAA0003030303030303030303030303030303096
:10BAB0002C33313032333136323330393336303261
:10BAC0003434303039333930383838303030303041
:10BAD0003132383030303030313030323430303054
:10BAE0003030303030303030303030303030303056
:10BAF000303030303030303030000000736C6964EA
:10BB00006500000031303532303233323530323278
:10BB100033303234343032343034303838383130F5
:10BB20003233303132383031303230303030313100
:10BB30003034303030303030303030303030303001
:10BB40003031303030303030303030302C303130F7
:10BB500032333235323030393130303234343030C3
:10BB600034343030383838313032333031323830A4
:10BB700031303232343030313130343030303030B6
:10BB800030303030303030303030313030303030B4
:10BB90003030303030000000736F6172696E6700C2
:10BBA0003231303233343030393533303930353466
:10BBB0003430353939393038383831303233303043
:10BBC0003232303230303034303030323032353062
:10BBD0003030303030303030303030303032303063
:10BBE00030303030303030302C3430323233333744
:10BBF000323732373330313434343030343430301B
:10BC00003838383030303030303331303130323411
:10BC1000343030303330303030303030303030301D
:10BC20003030303030303030303030303030303014
:10BC300030000000737072696E6700003330363573
:10BC400039303033373131363331323434303035C6
:10BC500038373038383830383037303033343030A7
:10BC600030303030303032343030303030303030CE
:10BC700030303030303030303035303030303030BF
:10BC8000303030302C3031303233303033373131A6
:10BC90003633313334343030353837303838383162
:10BCA0003032333030333130303030303030303289
:10BCB0003430303030303030303030303030303080
:10BCC00030303530303030303030303030000000FF
:10BCD0007477696E6B6C65003031303138303030DC
:10BCE0003736373232303934343030373536303811
:10BCF0003838303835353031323830303030303017
:10BD0000303032343030303030303030303030302D
:10BD10003030303030303030303030303030303023
:10BD2000000000007961776E000000003230303092
:10BD300030323238313133333230323434303135DD
:10BD400030303038383831303233303132383031C9
:10BD500030323431303032343034303030333030CF
:10BD600030303030303030303031303030303030D2
:10BD7000303030302C3030353331323532303039AC
:10BD80003130303234343030343430303838383088
:10BD9000363336303132383031303232343030317F
:10BDA000313033303030303030303030303030308F
:10BDB000303031303030303030303030302C303086
:10BDC000383232303738343031393030383434303A
:10BDD000303434303038383830363831303031362D
:10BDE0003030303035353030323430303030303043
:10BDF000303030303030303030303030353030303E
:10BE00003030303030302C3030343739303738340F
:10BE100030313930303834343030343430303838F0
:10BE200038303239383030313630303030303030F0
:10BE300030323430303030303030303030303030FC
:10BE40003030303030353030303030303030302CF1
:10BE500030303332313037383430313930303834B3
:10BE600034303034343030383838303130383030A5
:10BE700031363030303033333030303830303030AD
:10BE800030303030303030303030303030303530AD
:10BE90003030303030303030000000000000000022
:10BEA00000000000BD170200F10702000D1802009B
:10BEB000F1270200F92702000128020009280200E8
:10BEC000192802002928020035280200452802000E
:10BED0004D280200552802005D2802006D2802004E
:10BEE000752802007D280200C5170200952802006F
:10BEF0009D280200A5280200AD2802009D2902000D
:10BF0000B5280200B9280200BD280200D928020085
:10BF10000000000000000000BD170200F107020051
:10BF20000D180200952C0200F9270200C12802001A
:10BF300009280200192802002928020035280200D9
:10BF4000452802004D28020055280200112D02004C
:10BF5000BD2C0200C5280200012A0200C5170200FC
:10BF6000952802009D280200A5280200AD280200A5
:10BF70009D290200B5280200B928020029290200E3
:10BF80003D2A0200E5280200852D0200C928020092
:10BF9000CD280200E8FFFFFF000000003DEA01009D
:10BFA00045EA0100C12A020049EA010021690200B4
:10BFB000612902007D2A0200E0FFFFFF000000006F
:10BFC000E52D0200A5B90200312A0200A9B902003C
:10BFD0002D2A0200B1B90200B9B90200BDB90200B0
:10BFE000C1B90200205B00005D0000002056320055
:10BFF000302C302C3235352C302C300A302C323568
:10C00000352C302C302C300A3235352C3235352C4D
:10C010003235352C3235352C3235350A302C323527
:10C02000352C302C302C300A302C302C3235352C3D
:10C03000302C300A00000000302C302C302C302CFA
:10C04000300A302C302C302C302C3235350A302C44
:10C05000302C302C3235352C300A3235352C302C02
:10C060003235352C302C300A302C3235352C302CF2
:10C07000302C300A000000003235352C302C302CAA
:10C08000302C3235350A302C3235352C302C3235C7
:10C09000352C300A302C302C3235352C302C300AEF
:10C0A000302C3235352C302C3235352C300A3235A7
:10C0B000352C302C302C302C3235350A0000000065
:10C0C0005265626F6F744D6F6465000043616C6C04
:10C0D000696F7065206D696E69000000FFFF1400D4
:10C0E0000500FFFFFFFFFFFFFFFFFFFFFFFF00FF58
:10C0F000FFFF000000FFFFFFFFFFFFFFFF00FFFF4C
:10C10000FF000000FF0000000000FFFF00FFFFFF36
:10C11000000000FF00000000000000000000FFFF22
:10C12000FFFFFFFFFF00FFFFFF000000FF00000018
:10C130000000FFFFFFFFFFFFFFFFFFFFFFFF00FF0C
:10C14000FFFF000000FF00000000FFFF00FF00FFF6
:10C1500000FF00FFFFFF00FF00FF00FF0000FFFFE8
:10C1600000000000D8ECF0F4F8FC0004000000002F
:10C17000000000003DEA010045EA0100F52E020042
:10C180003930020021690200C52E0200E1310200AF
:10C1900000000000000000005D3D02005D3D020067
:10C1A0005D3D020045B1030045B10300753D02004D
:10C1B0005D3D02005D3D0200494002007541020004
:10C1C0009940020061410200613D0200666C6173AA
:10C1D00068496E636F6D706C65746500E97D000081
:10C1E000251D470AA062FA1922DFA9A80000000055
:10C1F00000000000914402005D3D02005D3D020030
:10C200006D42020071420200753D02005D3D020078
:10C210005D3D020049400200754102009940020064
:10C2200061410200613D02000000000000000000CA
:10C2300000000000FFFFFFFF0000000100020003FC
:10C2400000040100010101020103010402000201D6
:10C2500002020203020403000301030203030304B6
:10C2600004000401040204030404000000000000B0
:10C2700000000000C9F601006D480200C1F601008F
:10C2800081F60100BDF60100ADFA0100B5F601002E
:10C29000B1490200F1CB010069480200F5490200F2
:10C2A000C9EF010089F10100FCFFFFFF0000000061
:10C2B000754E02001D4A0200194A020049EA0100B7
:10C2C0002169020081F101009DF1010000000000E0
:10C2D000000000003DEA010045EA0100B1F1010063
:10C2E00049EA0100C95302007D4E0200954E02004A
:10C2F00000000000000000003DEA010045EA0100E6
:10C30000B1F1010049EA010021690200C9540200AB
:10C31000DD5402008D7C0200557C02005D7C020031
:10C32000597C020021550200F9540200AD7F020041
:10C3300000000000000000003DEA010045EA0100A5
:10C34000B1F1010049EA01002169020089560200A9
:10C350009D560200E1560200E98002007D80020045
:10C36000B956020081800200636F6D706173734380
:10C37000616C0000302C3235352C302C3235352CA8
:10C38000300A302C3235352C302C3235352C300AF1
:10C39000302C302C302C302C300A3235352C302CCF
:10C3A000302C302C3235350A302C3235352C3235A4
:10C3B000352C3235352C300A000000000000010019
:10C3C0000200030004000401040204030404030443
:10C3D0000204010400040003000200010000010047
:10C3E0000200030004000001010102010301040135
:10C3F000000201020202030204020003010302031D
:10C400000303040300040104020403040404000001
:10C41000D8ECF0F4F8FC000400000000000000007C
:10C420003DEA010045EA0100D9640200CD66020040
:10C4300021690200AD630200C56302000000000034
:10C44000000000003DEA010045EA0100B1F10100F1
:10C4500049EA010021690200CD690200F569020084
:10C4600000000000000000003DEA010045EA010074
:10C47000B1F1010049EA0100216902000000000059
:10C480000000000045B103000000000000000000B3
:10C490003DEA010045EA0100B1F1010049EA01006D
:10C4A0002169020000000000000000008D7C0200F5
:10C4B000557C02005D7C0200597C020045B10300FE
:10C4C00045B10300AD7F0200000000000000000045
:10C4D0003DEA010045EA0100B1F1010049EA01002D
:10C4E00021690200000000000000000045B10300C7
:10C4F000E98002007D80020045B1030081800200D6
:10C5000000000000000000003DEA010045EA0100D3
:10C51000B1F1010049EA01002169020061840200D1
:10C5200089840200218402002584020029840200FB
:10C53000398402003D8402003D84020041840200EF
:10C54000000000000000000039870200FD840200A6
:10C5500005850200058502000D8502000D8502009B
:10C56000F58402001585020035860200318502003F
:10C5700071850200C18602005185020000000000A2
:10C5800000000000398702000000000000000000E9
:10C590003987020045B1030045B1030045B10300EE
:10C5A00045B103000D89020045B1030045B1030008
:10C5B000A1870200658B020000000000000000005F
:10C5C000F8FFFFFF000000003DEA010045EA01001E
:10C5D0003589020049EA01002169020000000000DB
:10C5E000000000000000000000000000199102009F
:10C5F0000991020000000000000000003DEA010077
:10C60000199C0200B1F1010049EA01002169020010
:10C610003998020079980200000000000000000034
:10C620003DEA0100319F0200B1F101004DA102007D
:10C6300021690200F19E02000D9F020019A0020074
:10C64000B9A0020079A00200F4FFFFFF0000000083
:10C65000FDA0020064C603000400000084C60300BD
:10C6600009000000020000000000000004000000BB
:10C670001000000008000000200000001000000072
:10C68000300000006902000080000000E8020000A5
:10C6900090000000C4090000700000008813000032
:10C6A000600000001027000050000000204E000035
:10C6B00040000000409C000030000000A086010007
:10C6C0002000000040420F001000000000000000A9
:10C6D000000000003DEA010045EA0100EDA602006D
:10C6E000CDA70200216902009DA70200B1A70200A8
:10C6F0008D7C0200557C02005D7C0200597C0200AA
:10C70000F5A6020001A80200AD7F020014C70300D5
:10C7100004000000102700000C000000204E000064
:10C720000800000050C3000004000000A0860100C3
:10C730000000000000000000000000003DEA0100D1
:10C7400045EA010035A90200DDA9020021690200C5
:10C75000ADA90200C1A902003DA90200E9800200C2
:10C760007D80020011AA020081800200000000000A
:10C770000000000009AB0200BDD70100C5D70100D1
:10C7800019AB0200000000000000000099B0020098
:10C7900089AB020085AC02001DAB0200B9AD0200FE
:10C7A00045AE0200F4FFFFFF000000003DEA01007B
:10C7B00045EA0100B1F1010049EA010021690200E6
:10C7C0003DAE020059AE0200000000000000000073
:10C7D0003DEA010045EA0100B1F1010049EA01002A
:10C7E0002169020081B1020095B1020019B1020075
:10C7F00000000000000000003DEA0100319F02003F
:10C80000B1F101004DA102002169020019B5020039
:10C8100041B5020019A00200C5B60200E5B402004D
:10C82000F4FFFFFF00000000E5B60200000000007A
:10C83000000000003DEA010045EA0100B1F10100FD
:10C8400049EA010021690200CDB8020065B9020081
:10C85000A1B702000DB70200E9B702000000000016
:10C86000000000003DBA0200A5B90200A1B9020013
:10C87000A9B90200ADB90200B1B90200B9B902000C
:10C88000BDB90200C1B902000000000000000000B4
:10C89000EDBA020039BA0200D5B90200E1B90200CE
:10C8A000E9B90200F1B90200F9B9020001BA0200C7
:10C8B000C1B9020055BA020075BA02000DBB0200F0
:10C8C000F8FFFFFF0000000061BB02000000000055
:10C8D000000000003DBA0200D1B90200D5B9020043
:10C8E000E1B90200E9B90200F1B90200F9B90200A8
:10C8F00001BA0200C1B90200CDB9020049BA020072
:10C900000DBA0200F8FFFFFF0000000069BB020043
:10C910000000000000000000C5B902000000000097
:10C92000000000003DEA010005BD0200B1F1010078
:10C9300049EA010021690200BDBC0200DDBC020021
:10C940009DC10200F8FFFFFF00000000CDC1020002
:10C95000000000000000000029C402000DC4020015
:10C9600011C40200A9B902001DC4020021C40200C2
:10C97000B9B90200BDB90200C1B90200000000004F
:10C9800000000000A1C50200D1B90200D5B9020023
:10C99000E1B902008DC5020091C50200F9B902009B
:10C9A00001BA0200C1B90200C9C70200EDC7020006
:10C9B000B9C70200F8FFFFFF00000000C1C7020076
:10C9C0000000000000000000CDC9020051C90200B3
:10C9D0001DCA020041C8020081C902002DCB02001D
:10C9E00091CA020081C80200E5C80200FCFFFFFFF7
:10C9F000000000003DEA010045EA0100B1F101003C
:10CA000049EA010021690200F5CA020055CA020084
:10CA100000000000000000007DCC0200D1B902003F
:10CA2000D5B90200E1B9020019C8020025C8020008
:10CA3000C1C80200E9C80200C1B9020011C9020060
:10CA40002DC902000DBA020031C80200F8FFFFFF35
:10CA50000000000069BB0200000000000008080898
:10CA600000080A4A4000000A5FEA5FEA0ED92ED3A6
:10CA70006E19324489330C924C924D080800000024
:10CA800004880808040804848488000A448A400052
:10CA9000048EC480000000048800000EC000000066
:10CAA00000080001224488100C9252524C048C84DD
:10CAB000848E1C824C901E1EC244924C06CA525F49
:10CAC000E21FF01EC13E02448ED12E1FE2448810A8
:10CAD0000ED12ED12E0ED12EC488000800080000E1
:10CAE000048004880244880482000EC00EC008043A
:10CAF0008244880ED126C0040ED135B36C0C925EF0
:10CB0000D2521C925C925C0ED010100E1C925252AB
:10CB10005C1ED01C901E1ED01C90100ED013712EC7
:10CB200012525ED2521C8808081C1FE242524C125C
:10CB300054981492101010101E113B75B131113918
:10CB400035B3710C9252524C1C925C90100C925264
:10CB50004C861C925C92510ED00C825C1FE4848443
:10CB600084125252524C1131312A44113135BB7169
:10CB700012524C9252112A4484841EC488101E0EF4
:10CB8000C808080E10080482410EC242424E048AB0
:10CB9000400000000000001F0804800000000ED2CA
:10CBA000524F10101C925C000ED0100E02424ED25A
:10CBB0004E0C925C900E06C81C88080ED24EC24CD9
:10CBC00010101C92520800080808024002424C1043
:10CBD000149814920808080806001B75B131001C4F
:10CBE000925252000C92524C001C925C90000ED259
:10CBF0004EC2000ED010100006C8049808080EC8D7
:10CC000007001252524F0011312A4400113135BB36
:10CC100000124C8C9200112A4498001EC4881E06F3
:10CC2000C48C8486080808080818080C88180000B6
:10CC30000C836000FFFF010000000000FFFF000008
:10CC4000FFFF00004CCC03000800000002000000C1
:10CC500001000000030000000200000004000000CA
:10CC60000300000005000000040000001C0000009C
:10CC7000050000001D000000060000001E0000006E
:10CC8000070000001F000000080000000000000076
:10CC900000000000FDD90200E9D90200F5D9020028
:10CCA000A9B90200B9D90200BDD90200CDD902004C
:10CCB00049E30200C1B902006DE10200000000007A
:10CCC000000000003DEA010045EA0100B1F1010069
:10CCD000D5E002002169020019E6020075E60200B3
:10CCE00089E30200F8FFFFFF00000000D5E3020027
:10CCF00000000000000000008DE70200D9E60200FD
:10CD000005850200058502000D8502000D850200E3
:10CD1000F58402001585020049EA0200318502000F
:10CD200015EB020055E702005185020045E70200BD
:10CD300049E7020051E80200000000000000000086
:10CD40003DEA010045EA0100B1F1010049EA0100B4
:10CD500021690200EDEB020069EC020045F00200DF
:10CD60002DEC0200F8FFFFFF00000000C5F00200FC
:10CD7000F4FFFFFF0000000061EC02000000000073
:10CD80000000000079F40200A5F7020041F702005C
:10CD900031FE0200C5F202003DF5020035F302004B
:10CDA00045F3020079F3020085F3020045280200F2
:10CDB000E1F9020025FF020095F3020091F502005F
:10CDC00021F60200F1F60200A5F302009528020008
:10CDD0009D280200E1FC020089FC020005F402002B
:10CDE000A5F202004DF60200C55402007D56020075
:10CDF000000000000000000039870200410103002C
:10CE000095FF0200A5FF0200250003000D89020026
:10CE100055000300E1000300A1870200658B0200BA
:10CE20008D0103002D02030059020300F8FFFFFFEC
:10CE3000000000003DEA010045EA010035890200DA
:10CE4000610303002169020025020300410203007F
:10CE500000000000000000003DEA010045EA01007A
:10CE6000B1F1010049EA0100216902000106030055
:10CE700015060300B1070300D5070300B906030038
:10CE800000000000000000003DEA010045EA01004A
:10CE9000B1F101009D0B0300216902006909030043
:10CEA000810903002DFD0100A1090300FD07030016
:10CEB00039080300090A03005D080300FD0A0300A6
:10CEC00089080300A1080300D10803000509030035
:10CED000550A0300D509030025090300F9070300DB
:10CEE00000300040030000000F0000000040004040
:10CEF000040000000F00000000300240230000008A
:10CF00000C000000002000400200000010000000A3
:10CF100000F002402F0000000400000000800240EA
:10CF200028000000100000000000000000000000C9
:10CF3000BD120300B5120300A1B90200A9B9020095
:10CF4000B9120300B1B90200B9B90200BDB90200BB
:10CF5000C1B902000100060000000000643E00208C
:10CF6000F1150300ACD50300B0D5030004000000A8
:10CF7000010006006C41002000100201C8D503002A
:10CF8000D8D5030008000000B8D50300C8D50300B9
:10CF900008000000B0D50300B8D503000800000069
:10CFA00054D503008CD50300080000008CD5030085
:10CFB000ACD503000800000050EADA308883B89F3F
:10CFC000604F15F30000C98E0000FFFFDEC0ADDE2C
:10CFD000FE011EF1DEC0ADDEFF011EF100100000FB
:10CFE0000400000001000000DD700300B9700300C0
:10CFF000A97003000D730300997203007D70030094
:10D0000081700300857003000100FFFF0000000035
:10D01000010000000100010024D003000100010014
:10D0200028D0030001000000000000000000000004
:10D030000000000085840300398403005984030044
:10D04000DB0F49BFE4CB1640E4CB16C000000080E4
:10D05000DB0F4940DB0F49C0000FC93F000F4940BB
:10D0600000CB9640000FC9400053FB4000CB164157
:10D0700000ED2F41000F49410031624100537B41D7
:10D08000003A8A4100CB9641005CA34100EDAF41DC
:10D09000007EBC41000FC94100A0D5410031E241F2
:10D0A00000C2EE410053FB4100F20342003A0A4243
:10D0B0000083104200CB164200141D42005C234244
:10D0C00000A5294200ED2F4200363642007E3C4248
:10D0D00000C74242000F4942A2000000F9000000D0
:10D0E000830000006E0000004E00000044000000BD
:10D0F0001500000029000000FC00000027000000CF
:10D1000057000000D1000000F500000034000000CE
:10D11000DD000000C0000000DB0000006200000035
:10D1200095000000990000003C0000004300000052
:10D130009000000041000000FE00000051000000CF
:10D1400063000000AB000000DE000000BB00000038
:10D15000C500000061000000B700000024000000CE
:10D160006E0000003A000000420000004D00000088
:10D17000D2000000E00000000600000049000000AE
:10D180002E000000EA00000009000000D1000000AD
:10D19000920000001C000000FE0000001D000000C6
:10D1A000EB0000001C000000B1000000290000009E
:10D1B000A70000003E000000E80000008200000020
:10D1C00035000000F50000002E000000BB0000004C
:10D1D0004400000084000000E90000009C00000002
:10D1E0007000000026000000B40000005F00000096
:10D1F0007E000000410000003900000091000000A6
:10D20000D600000039000000830000005300000039
:10D2100039000000F40000009C00000084000000C1
:10D220005F0000008B000000BD000000F90000005E
:10D23000280000003B0000001F000000F800000074
:10D2400097000000FF000000DE0000000500000065
:10D25000980000000F000000EF0000002F00000009
:10D26000110000008B0000005A0000000A000000BE
:10D270006D0000001F0000006D000000360000007F
:10D280007E000000CF00000027000000CB0000005F
:10D2900009000000B70000004F0000004600000039
:10D2A0003F000000660000009E0000005F000000DC
:10D2B000EA0000002D0000007500000027000000BB
:10D2C000BA000000C7000000EB000000E50000000D
:10D2D000F10000007B0000003D000000070000009E
:10D2E00039000000F70000008A0000005200000032
:10D2F00092000000EA0000006B000000FB0000004C
:10D300005F000000B10000001F0000008D00000061
:10D310005D0000000800000056000000030000004F
:10D320003000000046000000FC0000007B00000010
:10D330006B000000AB000000F0000000CF00000018
:10D34000BC000000200000009A000000F400000073
:10D35000360000001D000000A9000000E3000000EE
:10D3600091000000610000005E000000E600000087
:10D370001B0000000800000065000000990000008C
:10D38000850000005F00000014000000A000000005
:10D3900068000000400000008D000000FF00000059
:10D3A000D8000000800000004D0000007300000065
:10D3B0002700000031000000060000000600000009
:10D3C0001500000056000000CA00000073000000B5
:10D3D000A8000000C900000060000000E20000009A
:10D3E0007B000000C00000008C0000006B0000000B
:10D3F0000400000007000000090000000000C93F11
:10D400000000F0390000DA370000A2330000842E5B
:10D410000000502B0000C2270000D0220000C41FD3
:10D420000000C61B000044176937AC316821223365
:10D43000B40F14336821A2333863ED3EDA0F493F4D
:10D440005E987B3FDA0FC93FD420002000202020C7
:10D4500020202020202028282828282020202020A4
:10D460002020202020202020202020202088101074
:10D4700010101010101010101010101010040404D0
:10D48000040404040404041010101010101041418E
:10D49000414141410101010101010101010101017C
:10D4A0000101010101010101101010101010424290
:10D4B000424242420202020202020202020202024C
:10D4C00002020202020202021010101020000000EC
:10D4D000000000000000000000000000000000004C
:10D4E000000000000000000000000000000000003C
:10D4F000000000000000000000000000000000002C
:10D50000000000000000000000000000000000001B
:10D51000000000000000000000000000000000000B
:10D5200000000000000000000000000000000000FB
:10D5300000000000000000000000000000000000EB
:10D5400000000000000000000000000000000000DB
:04D5500000000000D7
:10D554008D270300000000000D2E0300703B002007
:10D56400DD25030000000000613A03000000000014
:10D57400B54102000000000081550300D4410020A1
:08D58400A932020000000000C2
:10D58C0025160200000000003960020000000000B7
:10D59C0069720300000000008957030000000000BE
:04D5AC00A53C020098
:08D5B000757203000000000089
:10D5B80005540300000000000D55030000000000A2
:10D5C800D53C020000000000957003000000000038
:08D5D8007401FE7F0100000058
:10D5E0000000000038B30300CCC0030006000000B8
:10D5F0007D0000000138FDD1704700BF3DC502002D
:10D600003DC5020041C5020049C502004DC50200EA
:10D6100055C502005DC5020065C5020069C502006E
:10D620006DC502006DC502004DC7020071C5020044
:10D6300075C5020079C5020079C5020085C50200E2
:10D6400089C5020058CA0300FFFFFFFF30450020D4
:10D650000090D0030010014011000400FFFFFFFF05
:10D66000FFFFFFFFFFFFFFFFFFFFFFFF299A030000
:10D67000D420002000000000000000000000000096
:10D68000000000000000000000000000000000009A
:10D69000000000000000000000000000000000008A
:10D6A000000000000000000000000000000000007A
:10D6B000000000000000000000000000000000006A
:10D6C000000000000000000000000000000000005A
:10D6D0000000000000FA0004FF03011818181818D1
:10D6E000181818FF2DD70100A5EF0100AD25020085
:10D6F0005968020059CD02000DD50200A5D80200DC
:10D700006D0E030005D701000000000000000000BE
:0CD710000566030000000000000000009F
:0200000270008C
:1070000000000220BD720700E5720700E77207006A
:10701000E9720700EB720700ED7207000000000044
:10702000000000000000000000000000E1B20700C6
:10703000F172070000000000F3720700F57207000C
:10704000F7720700F7720700F7720700F772070080
:10705000F7720700F7720700F7720700F772070070
:10706000F7720700F7720700F7720700F772070060
:10707000F7720700F7720700F7720700F772070050
:107080004D8E0700F7720700F7720700F7720700CE
:10709000F7720700F7720700E1B40700F772070004
:1070A000F7720700F7720700F7720700F772070020
:1070B000F7720700F77207000000000000000000F0
:1070C000F7720700F7720700F7720700F772070000
:1070D000F18A0700F7720700F7720700F7720700DE
:1070E000F772070000000000000000000000000030
:1070F00000000000F772070000000000F7720700B0
:10710000000000000000000000000000000000007F
:10711000000000000000000000000000000000006F
:10712000000000000000000000000000000000005F
:10713000000000000000000000000000000000004F
:10714000000000000000000000000000000000003F
:10715000000000000000000000000000000000002F
:10716000000000000000000000000000000000001F
:10717000000000000000000000000000000000000F
:1071800000000000000000000000000000000000FF
:1071900000000000000000000000000000000000EF
:1071A00000000000000000000000000000000000DF
:1071B00000000000000000000000000000000000CF
:1071C00000000000000000000000000000000000BF
:1071D00000000000000000000000000000000000AF
:1071E000000000000000000000000000000000009F
:1071F000000000000000000000000000000000008F
:1072000010B5054C237833B9044B13B10448AFF3E0
:1072100000800123237010BDB02B0020000000006F
:1072200000CC070008B5034B1BB103490348AFF37B
:10723000008008BD00000000B42B002000CC070037
:10724000A3F5803A704700BF174B002B08BF134BC4
:107250009D46FFF7F5FF00218B460F461348144A61
:10726000121A05F03BFA0E4B002B00D098470D4B3D
:10727000002B00D098470020002104000D000D488D
:10728000002802D00C48AFF3008005F0E5F920009B
:10729000290001F025F905F0CBF900BF0000080036
:1072A000000000000000000000000220B02B0020C1
:1072B0009451002000000000000000000649074A29
:1072C000074B9B1A03DD043BC858D050FBDC00F091
:1072D00021F8FFF7B9FF000064CC0700E82A00207E
:1072E000B02B0020FEE7FEE7FEE7FEE7FEE7FEE745
:1072F000FEE7FEE7FEE7FEE74FF08053D3F83021CC
:107300000D2A03BFD3F83401B0FA80F04009002001
:107310007047000008B5FFF7EFFF40B14FF0804322
:107320000022C3F80C21C3F81021C3F83825FFF759
:10733000E3FF002846D04FF080524D4BD2F80414A2
:10734000C3F82015D2F80814C3F82415D2F80C1489
:10735000C3F82815D2F81014C3F82C15D2F8141459
:10736000C3F83015D2F81814C3F83415D2F81C1429
:10737000C3F84015D2F82014C3F84415D2F82414E9
:10738000C3F84815D2F82814C3F84C15D2F82C14B9
:10739000C3F85015D2F83014C3F85415D2F8341489
:1073A000C3F86015D2F83814C3F86415D2F83C1449
:1073B000C3F86815D2F84014C3F86C15D2F8442409
:1073C000C3F87025FFF798FF48B14FF08043D3F81A
:1073D0000024D20744BF6FF00102C3F80024254AFD
:1073E000D2F8883043F47003C2F88830BFF34F8F6F
:1073F000BFF36F8F4FF01023D3F80022002A03DB76
:10740000D3F80432002B2EDA1B4B0122C3F80425DB
:10741000D3F80024002AFBD04FF010221221C2F82A
:107420000012D3F80024002AFBD04FF010231222C0
:10743000C3F80422104BD3F80024002AFBD000220A
:10744000C3F80425D3F80024002AFBD0BFF34F8FE4
:1074500008490A4BCA6802F4E0621343CB60BFF3E9
:107460004F8F00BFFDE7064B064A1A6008BD00BFFC
:1074700000C0004000ED00E000E001400400FA051B
:10748000E82A00200090D0034B1C30B5DB000446F6
:1074900012F003009BB20DD1074D2A601A44074B2E
:1074A0001A60074B1870074B1870074B1C80074B6E
:1074B000198030BD0720FCE7D42B0020D02B002002
:1074C000CC2B0020DC2B0020D82B0020DA2B002036
:1074D0002DE9F347DFF8C080B8F800308B4206464C
:1074E0000D4617464CD300240DF107008DF80740D8
:1074F00000F084F8244B254A25481B78008892F830
:1075000000C084455FFA8CF138BF4C1CDBB238BF39
:10751000E4B2A3422ED014781178CBB2884286BF51
:107520000133DBB2002313709DF8070000F08AF8E6
:107530004FF6FF739C4225D0DFF86090D9F8002009
:107540004FEAC40A42F8347002EBC403AEB1A5B1ED
:10755000104BB8F800001B682A4604FB0030314687
:1075600005F0AEF8D9F80030534400209D8002B0F9
:10757000BDE8F0874FF6FF74D6E700209880F6E765
:107580000920F4E70420F2E7DC2B0020CC2B0020BC
:10759000DA2B0020D02B0020D82B0020D42B002069
:1075A00070B5104C104D22782B789A4200D170BDE6
:1075B0000E480F4A2378126806880E4802EBC30172
:1075C000006852F83320898803FB060090470A4977
:1075D00022780988D3B2914286BF0133DBB20023FF
:1075E0002370E0E7DC2B0020CC2B0020D82B0020E0
:1075F000D42B0020D02B0020DA2B002070B5EFF325
:10760000108672B60C4A946801239CB993600B4BA8
:107610000B4DD3F8801029401160C3F88050D3F887
:10762000841051604FF0FF32C3F88420047006B913
:1076300062B670BD0370FAE7084E002000E100E07A
:10764000FC06FFBD10B5084B9A685AB150B9EFF36C
:10765000108172B6054A1C6814605C6854609860BA
:1076600001B962B610BD00BF084E002000E100E085
:1076700030B53AB11368DB430A4D0144814204D16D
:10768000D84330BD4FF0FF33F6E710F8012B5340DD
:10769000082213F0010418BF2C46013A84EA530370
:1076A000F7D1EBE72083B8ED10B561B1B2FBF3F48D
:1076B00003FB1424A4B244B9C0E90014846082819D
:1076C000C381204610BD0E20FCE70920FAE782B0F6
:1076D00050E8022FC188B2EB324F4FF0000317BFC2
:1076E00092B241EA014142EA014104E04268B2EB50
:1076F000324F08BF012340E80212002AE8D18DF87A
:1077000007309DF80730002B0CBF1120002002B07D
:10771000704737B550E8013F9DB2C489254484893C
:10772000A54228BF2D1B0489A54202BFBFF32F8F9E
:10773000002207E0C5EA030540E80154002CE9D126
:107740004FF001028DF803200193019A0A609DF821
:10775000031001F0FF0321B1006810FA82F003B0BA
:1077600030BD1846FBE70A884B889A4209D150E899
:10777000012FC2EA024240E80123002BF7D1012089
:1077800070470020704737B550E8023F1FFAA3F555
:10779000C488A54202BFBFF32F8F00220DE0C48929
:1077A00025448489A54228BF2D1BC3EA054540E82E
:1077B0000254002CE8D14FF001028DF80320019310
:1077C000019A0A609DF8031001F0FF0321B10068DF
:1077D00000EB124003B030BD1846FBE70A884B8827
:1077E0009A4209D150E8022FC2EA224240E802231D
:1077F000002BF7D1012070470020704710B50346D9
:1078000053E8000F40EA010243E8002494F0000F1F
:10781000F6D110BD10B5034653E8002F02EA01006F
:1078200043E8000494F0000FF6D110BD0121FFF7EA
:10783000E5BF0021FFF7EEBF10B590B1D0E90123FD
:1078400001689B1ADBB20A60013BDBB2FF2B0268C6
:1078500002D10020107110BD11684C1C14600B7017
:10786000F2E70E20F7E737B5044600250DF10700D3
:107870008DF80750FFF7C2FE2268616813688B42DB
:1078800010D9591E116013F8013C228AE56802FBE9
:1078900003552268A36811685B1A1179DBB299421B
:1078A00038BF13719DF80700FFF7CCFE284603B0E0
:1078B00030BD37B5054600230DF107000C468DF8A5
:1078C0000730FFF79BFE2A681368591C1160E968AE
:1078D000641A298AB4FBF1F41C709DF80700FFF7C5
:1078E000B1FE03B030BD01600B681146184710B4FB
:1078F0000468E468A4465DF8044B604710B404686B
:107900002469A4465DF8044B6047000070B550B987
:107910000E4D0F4C0026641B1423B4FBF3F4B44249
:1079200008D1002010E00368002BF1D0BDE87040C2
:10793000DB6918472B6813B901361435EFE7DB69AB
:10794000284698470028F7D070BD00BF9C2B002028
:10795000B02B0020014B43600020704718C7070080
:107960000846704700207047024B1868003818BF5F
:1079700001207047E02B002008B50248FFF759FFAF
:10798000002008BDE02B002008B510461A4604F080
:1079900097FE002008BD00002DE9F041804686B02A
:1079A00011480F4616461D46FFF740FF0446C8B96A
:1079B000AA083146384600F0C9FB0B48FFF739FFEB
:1079C000D8F8083053B101228DF800200C9A0592A6
:1079D000CDE90147CDE9036568469847204606B0E2
:1079E000BDE8F0811124F9E7E02B00202DE9F043F8
:1079F000814687B014480E4615469846FFF716FF95
:107A00000446F0B90746BD4215D10F48FFF711FFF4
:107A1000D9F808305BB102228DF800200022CDE9B0
:107A20000126CDE90325CDF8148068469847204605
:107A300007B0BDE8F08306EB073000F059FB0137D3
:107A4000E1E71124F3E700BFE02B002029DF7047B6
:107A500028DF704770B50668B36886B004460D46E7
:107A600073B114220021684604F038FEA368059320
:107A70002379019533B1012B0ED0B368684698473E
:107A800006B070BD01238DF8003023690293E368CE
:107A9000039363690493F0E702238DF80030E368F1
:107AA0001B030293F5E7084670470020704700006B
:107AB000024B187A003818BF01207047D02D0020E3
:107AC000034B187A0122B0FA80F05A7440097047CB
:107AD000D02D002008B510461A4604F0F1FD002014
:107AE00008BD000008B514220021044804F0F6FD8A
:107AF0000348FFF7ECFD002008BD00BFD02D00209B
:107B0000C02D002010B5094C094B43602046FFF7FB
:107B10008DFE48B903F0CAFC064920741C230648B0
:107B20004FF4EE72FFF7C0FD002010BDD02D0020F5
:107B300044C70700E42B0020C02D002038B5224D9B
:107B4000224C2B7A3BB922492248FFF71CFE2060C9
:107B500008B9686038BD022324682B72237973B199
:107B6000012B22D020460321FFF774FF00232B7244
:107B70006B6017491748BDE83840FFF72FBED4E9BE
:107B80000523D21A142AD4E9031028BF142292081C
:107B9000012A38BF012219441844FFF757FF50B19A
:107BA0001128DFD101232B72D4E7D4E90303184451
:107BB000FFF74EFFF3E72B7C002BCBD1BDE838401D
:107BC000022000F009B800BFD02D0020E82D0020D1
:107BD000E42D0020C02D002038B5224C237A002B44
:107BE0003FD0022B09D103282ED01F4B00221B6847
:107BF000E2601A793AB1012A20D0637C6BBBBDE800
:107C00003840FFF79BBFD3E905128D1A142D94BF9E
:107C1000521914329A619142EFD102284FF00003B9
:107C200008BF19462372104B18BF0D211868FFF7C3
:107C300011FF0E490E48FFF7D1FDDEE71A69013248
:107C40001A615B699A42E7E7E3680133082B01D8C0
:107C5000E360D2E70023E360DFE7BDE8384003F0EC
:107C600015BC38BDD02D0020E82D0020E42D0020CB
:107C7000C02D0020831E012B01D8FFF7ADBF704738
:107C800000F0FD03012B08D1044B00225A74421E60
:107C9000504250411874FFF751BF7047D02D00205B
:107CA00010B5064C201DFFF7C1FD28B9637C1BB938
:107CB000BDE81040FFF742BF10BD00BFD02D00202F
:107CC0002DE9F34180460D460F4801A916461F468F
:107CD000FFF71FFD0446A8B11C22002104F0FEFCA2
:107CE0002D0B0123237101A90748C4F80080A76068
:107CF000E5606661FFF737FDFFF7D2FF002002B0B5
:107D0000BDE8F0810420FAE7C02D00202DE9F743FB
:107D100081468846104801A917461E46FFF7F9FC20
:107D20000446B0B11C22002104F0D8FC00250A9BB7
:107D3000A36001A9C4E9037807482571C4F800903D
:107D40006661FFF710FDFFF7ABFF284603B0BDE803
:107D5000F0830420FAE700BFC02D002001600B680B
:107D600043604A68934204BF0023436070474368FE
:107D700043B1026891680B4443605268934204BF68
:107D800000234360704700002DE9F04FC9B008AAF6
:107D900001F1400514464B780E781B0443EA066354
:107DA000CE7833438E78043143EA06238D4244F87B
:107DB000043BF0D11024916B16464FEAF14383EA5D
:107DC000714383EA9123716A366852F8045F314443
:107DD0000B444FEAB54181EAF51181EAD50101343E
:107DE0000B44402CD363E6D1D0E914E30093836DB8
:107DF0000193C36D0293036E0393436E0493836EEA
:107E00000593C36E0693DDE9057BDDE9031CDDE91F
:107E100001592B4B009E079374464FF00008079BB7
:107E200053F8042B07934FEAF12383EAB11383EA53
:107E3000716A08AB53F828301A440AEB020327EAA8
:107E4000010A01EA0C028AEA02021A444FEA743A71
:107E500086EA05035A4423408AEAB40A06EA050B77
:107E600083EA0B0B8AEAB45A08F10108DA44B8F144
:107E7000400F02EB0903BB465244A94619D1724494
:107E80000265009A22444265019A32448265029A50
:107E90002A44C265039A1A44049B02660B44436653
:107EA000059B63448366069B3B44C36649B0BDE8BB
:107EB000F08F674635468C46264619461446AEE78F
:107EC00070C7070030B5E0B10F4A10490024002503
:107ED000C0E91245C0E914120D4C0E4A0E4DC0E91E
:107EE00016420E4AC0E918520D4A826602F17452D7
:107EF000A2F523020023A2F692420364C26618464A
:107F000030BD0E20FCE700BF85AE67BB67E6096A9F
:107F100072F36E3C3AF54FA57F520E518C68059B6B
:107F2000ABD9831F70B5F0B1DAB900201CE00C4664
:107F30008D180026AC42F8D0036C14F8012BC25403
:107F40000133402B0364F5D10146FFF71DFFD0E953
:107F5000123213F5007342F10002C0E912320664D6
:107F6000E8E70029E3D10E2070BD70B50D46164636
:107F7000044600287AD0002978D0036C8021372B62
:107F8000C15403F1010243D8034400F13802002137
:107F900001339A423AD1D4E91223216C0820E1FB43
:107FA0000023C4E9122312BAE26323FA00F284F830
:107FB0003B3084F83A201A0C1B0E214684F83920F5
:107FC00084F838302046FFF7DFFE691E7EB30023B9
:107FD000E26EDA4001F8012FA26EDA400A71626E99
:107FE000DA400A72226EDA400A73E26DDA400A74ED
:107FF000A26DDA400A75626DDA400A76226DDA40C7
:108000000833202B0A77E3D1002070BD1970BFE739
:1080100000233F2A08D921462046FFF7B5FE382223
:10802000002104F05BFBB6E7A3540132F1E718230B
:10803000226DDA4001F8012F626DDA400A71A26DFB
:10804000DA400A72E26DDA400A73226EDA400A748C
:10805000626EDA400A75A26EDA400A76E26EDA40A3
:10806000083B13F1080F0A77E2D1CDE70E20CCE7E9
:1080700043689B68184708B5436808305A7900F090
:1080800082F9002008BD2DE9F0410C469CB008465D
:108090001F460392FFF7ECFFD4F80480039998F889
:1080A0000550BD4228BF3D4606462A4604A800F0BA
:1080B0005FF998F8052022990CA800F064F9009661
:1080C0000CAB2A4604A904F1080004F047F9002883
:1080D00048F2425018BF00201CB0BDE8F0810000FB
:1080E000024AD2F80034002BFBD0704700E0014078
:1080F0000A4908B50223C1F80435BFF36F8FBFF3F7
:108100004F8FC1F80805FFF7EBFF0023C1F80435D6
:10811000BFF36F8FBFF34F8F08BD00BF00E001407A
:1081200010B5094C0123C4F80435BFF36F8FBFF3BA
:108130004F8F0160FFF7D4FF0023C4F80435BFF36D
:108140006F8FBFF34F8F10BD00E0014070B50E4E32
:1081500001231546C6F80435BFF36F8FBFF34F8F69
:108160000024AC4207D10023C6F80435BFF36F8F5B
:10817000BFF34F8F70BD51F8243040F82430FFF723
:10818000AFFF0134EDE700BF00E0014028B139B195
:108190000023C1E900301846704748F2105070477C
:1081A00048F21350704730B1036848F240508B4298
:1081B00008BF0020704748F21050704728B148F2BD
:1081C0001150914208BF0020704748F2105070478C
:1081D00070B506460C461D46FFF7D8FF50B9B37977
:1081E0004AB1AB420AD111462046FFF744FF08B915
:1081F000044B236070BD48F21050FBE748F2115069
:10820000F8E700BF7052464D2DE9F0470C46064690
:108210000F492046DDE9088915461F46FFF7C3FFD1
:10822000A0B963685A79494652004046FFF7C6FF35
:1082300060B94DB1CDF820803B462A4621463046F4
:10824000BDE8F047FFF71FBF48F21050BDE8F087C8
:108250007052464D10B5044638B149B141600B68C3
:10826000984708B9044B236010BD48F20150FBE762
:1082700048F21050F8E700BF6E524648F0B413467B
:1082800048B10768094EB7420AD161B12AB14368C3
:10829000F0BC5B68184748F201531846F0BC7047C1
:1082A00048F20253F9E748F21053F6E76E52464897
:1082B000F0B460B107680C4EB7420CD171B143689D
:1082C0001568DC68A5420CD3F0BC9B68184748F2DF
:1082D0000150F0BC704748F20250FAE748F21350E0
:1082E000F7E748F21450F4E76E524648F7B50446F3
:1082F000DDE9086715460193FFF7ACFF68B9019AFD
:1083000029462046FFF7BAFF38B93A46314620469B
:1083100003B0BDE8F040FFF7CBBF03B0F0BD0000F5
:10832000F8B50A4F0A4C0B4EE41B0123E4083370E6
:108330000025A54203D1022333700020F8BD57F871
:10834000353098470028F9D10135F2E704CC070011
:1083500004CC0700EC2D002001390144814200D2F9
:10836000704703780A7800F8012B01F80139F5E726
:10837000013A02440139824200D2704711F8013FAC
:1083800002F80139F7E770B516460D46FFF7F0FF22
:108390003246A9193044BDE87040FFF7E9BF38B54F
:1083A0000D460446FFF7D8FF29466019BDE838405E
:1083B000FFF7D2BFBFF34F8F0549064BCA6802F4DF
:1083C000E0621343CB60BFF34F8F00BFFDE700BFF8
:1083D00000ED00E00400FA05044A1368013313605D
:1083E000034B1B780BB100F0FFB87047F82D00204D
:1083F000F42D002010B5094C00F018F923785BB972
:10840000074A137000F0B8F8012323700549BDE84E
:108410001040A32000F0D2BB10BD00BFF42D0020FF
:10842000ED2D0020D983070008B5084B00221A70F3
:1084300000F030F90649A32000F0C0FB054B1A6894
:10844000054B1A60054B01221A7008BDF42D00205F
:10845000D9830700F82D0020F02D0020ED2D0020FD
:10846000013870B5082823D8DFE800F00A0C232271
:108470000522050E0C001148BDE87040FFF7BABF99
:108480000F48F9E70F48F7E701F0EAFF0E4B1B78BA
:108490007BB10E4E0E4D34682B68E41A3B2C94BF12
:1084A0000021012100F040F93B2C01D933682B60F9
:1084B00070BDBDE87040FFF7B7BF00BFC1C807007F
:1084C000BCC80700C6C80700ED2D0020F82D00200D
:1084D000F02D002008B5FFF76DFF08B5FFF76AFF24
:1084E00008B500F07DFC024800F0A8F9FFF762FF34
:1084F00061840700F0B51B4B1B4819781B4B1C4DC2
:108500005F5C0422012447FA02F6F60710F8013BEB
:108510001BD51F2B86BF03F01F032E464FF0A0462E
:1085200004FA03F3C6F80C35013AECD2114B5B5C4C
:108530001F2B86BF0E4903F01F034FF0A0410122FD
:1085400002FA03F3C1F80835F0BD1F2B86BF03F014
:108550001F032E464FF0A04604FA03F3C6F8083571
:10856000E2E700BF012E0020CBC80700FC2D002051
:1085700000030050D0C8070030B41748174D002240
:10858000032410F8013B1F2B86BF03F01F0329466D
:108590004FF0A04103F5E0730132052A41F8234072
:1085A000EFD10F480D4D0022032410F8013B1F2B83
:1085B00086BF03F01F0329464FF0A04103F5E07387
:1085C0000132052A41F82340EFD1064B00221A70F0
:1085D00030BCFFF78FBF00BFCBC8070000030050BF
:1085E000D0C80700012E002010B40D490D4A0B78A9
:1085F0000120D25C03441F2ADBB28ABF0A4C4FF031
:10860000A04402F01F02042B00FA02F288BF0023EC
:10861000C4F80C250B705DF8044BFFF76BBF00BF6F
:10862000012E0020D0C8070000030050014605229B
:10863000014804F045B800BFFC2D00201F2886BF6C
:10864000054A00F01F004FF0A042012303FA00F09A
:10865000C2F80805704700BF000300500B4B185CC0
:108660001F288ABF0A4B4FF0A04300F01F01D3F828
:10867000042598BF0146CA40D20704D501228A408A
:10868000C3F80C257047FFF7D9BF00BFD5C8070056
:1086900000030050F8B5204A204D214E00231360FE
:1086A0002846032410F8012B1F2A86BF02F01F0260
:1086B00031464FF0A04102F5E0720133052B41F83D
:1086C0002240EFD1174C164F20460022032610F807
:1086D000013B1F2B86BF03F01F0339464FF0A0411B
:1086E00003F5E0730132052A41F82360EFD1002140
:1086F00015F8010B0131FFF7A1FF0529F8D1002181
:1087000014F8010B0131FFF799FF0529F8D1BDE8F5
:10871000F8400020FFF7A2BF042E0020D5C80700B4
:1087200000030050DAC80700F0B5174D174F2C684A
:10873000DFF85CC000EB80006423002290FBF3F3C1
:108740004FF0010E204683420DDC181BA342B8BF38
:108750000020204402B12860A1B1042812DCBDE849
:10876000F040FFF77BBFC25D1F2A86BF02F01F02E9
:1087700066464FF0A0460EFA02F2C6F80C2501300C
:108780000122E0E7F0BD00BF042E0020D5C807009D
:1087900000030050008800F00100704741DF70477F
:1087A000014B01221A70704728320020BFF34F8F0F
:1087B0000549064BCA6802F4E0621343CB60BFF37D
:1087C0004F8F00BFFDE700BF00ED00E00400FA0599
:1087D000024B034800221A7001F05CBF28320020CF
:1087E000AD870700042810B5044609D8022811D81F
:1087F00016D00D4B1B68B3B12046BDE8104018479A
:10880000831F012BF5D8094B094800221A7001F08B
:1088100041FFEEE707494FF4701000F0ABF9E8E7CD
:1088200001F082FEE5E710BD2C3200202832002046
:10883000AD870700D18707000020704738B5534B3C
:108840001860002001F03CFF0446002840F09980A9
:1088500000F070FA012800F08F80022800F0938069
:10886000002840F08E804FF08043D3F8004414F489
:1088700080343AD04FF48032C3F800240446444D8B
:108880002B6A012B44D04FF4701400F0EDFA414AEA
:1088900020211820FEF7F8FD08B1FFF71EFE4FF06B
:1088A0008043D3F81C2502F0F802B02A09D1D3F88E
:1088B0001C25D20742BFD3F81C2502F04E02C3F894
:1088C0001C25FFF7B9FF00285BD12046324900F094
:1088D00051F9324800F0DAFF002852D100F0EAFAEC
:1088E000FEF75EFEFFF75AFFF8E7D3F8202502F007
:1088F000F802A82A0AD1D3F82025D10706D5D3F843
:10890000202502F05602C3F82025B8E70124B6E777
:108910004FF440535A68224B9A4209D001F06CFF41
:10892000AA69014694B11F4802F0BBFA90B9AAE7C0
:108930006A6B1CB995F86032012BEFD01A484FF4DE
:10894000805102F0AEFA0028E8D19CE795F8A132F8
:10895000012BE8D14FF08043D3F81C3513F0B10F51
:1089600091D101F0F5FE60B9104B1870104801F07C
:1089700091FE00F021F804E00C4B0E481C7001F051
:1089800089FE032038BD4FF4A0247EE72C3200205E
:10899000144E0020082E0020D1870700E58707002D
:1089A000DBE5B151B5500020745000202832002082
:1089B000A1870700AD87070008B5074B4FF0FF32CE
:1089C000C3F88020C3F8802101F0C8FBBDE808404F
:1089D0004FF4805000F002B800E100E000B5EFF382
:1089E00005830023D0E9001283F3148883F31088F1
:1089F00083F3118883F3138881F308884FF0FF33E2
:108A00009E4610475DF804FB00F1402000F5003061
:108A1000002382B0036003680193019B02B070479A
:108A200038B56FF07F42134C057BD4F804358A4289
:108A300028BF0A46891A13444A1E942A23F07F430A
:108A400005F5A8729BBF963B96314160416044F8A2
:108A50002230094B4FF4F86043F00103984705F1C9
:108A600050008000FFF7D0FF4FF48033AB40C4F8D4
:108A7000043338BD00400240E0C8070070B5194D0E
:108A80002B78044643BB4FF080430226D3F81804EA
:108A9000C0035CBF012098604FF48070FFF7B4FF03
:108AA0004FF4A070FFF7B0FF4FF4A270FFF7ACFFD8
:108AB0004FF4A470FFF7A8FF0B4BA02083F824030A
:108AC00010205860094B0020C3F808050120986069
:108AD0001860C3F80463287022602046BDE8704027
:108AE000FFF79EBF3432002000E100E0004002406A
:108AF0002DE9F0411A4BD3F804313BB1194A136800
:108B00004FF4827001331360FFF77EFF164C174D50
:108B1000DFF84C80164E4FF480372B68A5F5804067
:108B200080B25BB1FFF770FF237B07FA03F3C8F84D
:108B30000833616849B12046FFF772FF0435B5423A
:108B400004F11004E9D1BDE8F081A16811B120461B
:108B5000FFF766FF2368002BF0D09847EEE700BFD1
:108B60000040024030320020EC2A00204041024008
:108B70004C41024010B40A4B1C680A46217B4FF45A
:108B800080338B400749C1F80833014620B12046A5
:108B90005DF8044BFFF772BF5DF8044B704700BFF0
:108BA0001C2B002000400240034B1B680A469860C3
:108BB00001461846FFF762BF242B002030B40C4B4F
:108BC0001B680A46197B4FF480348C400949D1F860
:108BD00004532C4202D09D68854207D0C1F8084357
:108BE0009860014630BC1846FFF748BF30BC70475C
:108BF000202B002000400240014B01221A707047D8
:108C0000353200202DE9F74F06468846A8EB0605C9
:108C10002D0B02F6FF77144600F026F9802D28BFB1
:108C200080252B03DFF868B001933F0B0CB9234676
:108C300029E0BD422CBFBA46AA464FF00002514679
:108C4000304634BFDDF80490A14601F051FA0346E6
:108C5000C8B909F1030222F003024146304601F08F
:108C600039FA034678B9DBF830304B44CBF8303072
:108C700001F016FDA7EB0A07A4EB09044E44C84413
:108C800003460028D2D0184603B0BDE8F08F00BFDD
:108C9000144E002010B501F0D3FD124A916C01F57D
:108CA00000535C68104B9C4218D1D2E90C329342BD
:108CB00016D0884204D1BDE81040002001F0F0BC7D
:108CC000D21A02F6FF7222F47F6222F00F021944D8
:108CD0001844FFF797FF0028EDD010BD0320FCE7F4
:108CE0000020FAE7144E0020DBE5B15138B50F4BF8
:108CF000DA6A5D6A9C6CAC2A10D15B6B1C44ED1A7D
:108D00000B482A46214603F0CBFC68B100F0D2F8AC
:108D100029462046BDE8384001F002BA002CEFD1C8
:108D200001F07EFD0446EBE738BD00BF144E002085
:108D30000070070070B5264CE36AAA2B37D005D81F
:108D4000012B0BD0A52B2ED0002070BDAC2BFBD15E
:108D5000FFF7A0FF48BBFFF7C9FF26E0A66C656AD6
:108D600001F04AFD864229D101F046FD0022294644
:108D7000FEF77EFCA36A984202BF0123C4E9070301
:108D8000A5610025134801F02BFD134B1348002269
:108D90001A7001F085FC68B975B1236A012B14BF04
:108DA00001200220D1E7FFF775FF0125EAE7FFF771
:108DB0009DFFE6E70320C8E70120C6E7236BEA1A18
:108DC000F1181844FFF71EFF0028DAD1CCE700BFE6
:108DD000144E0020384E002035320020F98B070059
:108DE00010B50024D4F8F83F013304D1084940F607
:108DF000F870FFF795F9D4F8FC3F013307D1BDE8CF
:108E000010404FF4FC2140F6FC70FFF789B910BD0B
:108E1000007007000A4AD2F800347BB109480023E9
:108E2000D2F80815D940C90748BF03F5C07103F14E
:108E3000010348BF42F82100072BF1D1704700BF62
:108E4000000001403546526EFFF7E4BF054B00229B
:108E500082B0C3F80021D3F800310193019B02B026
:108E6000704700BF0000014038B50E4D2B78BBB9EC
:108E70000D4BD3F800248AB1D3F80445FFF7CAFF9D
:108E800040F61650A042B8BF20460849A0F54860F9
:108E9000FFF78AFE064B4FF480321A6001232B70D5
:108EA00038BD00BF3632002000000140498E070067
:108EB00000E100E0034BD3F800340BB1FFF7AABF89
:108EC000704700BF000001400023C0E90232C0E942
:108ED00000118B881A440261B1F906301A444261CC
:108EE0000888003818BF0120704710B54268118803
:108EF0000346002939D002F110014160148A2CB9CF
:108F0000C2680168FFF7E0FF204610BD9078118924
:108F100000F03004302C1BD1947C04F03004302C51
:108F20001DD190881969091A19610021907810F0F3
:108F3000300F02BF986801309860908A0844196920
:108F400001441961B2F91620114459610120DCE78E
:108F500000F0F004202C02D150894143E6E700F0F4
:108F6000C000802808BF0421E0E70846CDE770B5BF
:108F7000466804460D4663681A88AA4204D19B7865
:108F800003F00F03082B07D12046FFF7AEFF6368FD
:108F9000B342F0D1002070BD0120FCE743681A44C1
:108FA000426011B101399A4201D10120704713F892
:108FB000010B01F8010FF6E770B54268927802F0F4
:108FC0000F01082986B003461FD103691C680026DB
:108FD0000CB906B070BD236826739D686268294687
:108FE0006846FFF771FF6368049304F10C0305936F
:108FF000AB7803F0C003802B08BF231D684608BF71
:109000000493FFF7D9FFA468E2E712F0C00126D16C
:1090100002F03000102810D15A6911705A6818698E
:109020009378D46803F00F03072B0BD10146204639
:1090300006B0BDE8704000F01AB89006EED55B6946
:109040001980C6E71289214624B106B0BDE87040F8
:1090500003F036BB06B0BDE8704003F03FBB80298B
:10906000B7D10069002192060160B2D5E7E77FB56C
:109070000A4601466846FFF727FF30B16846FFF70A
:109080009BFF6846FFF731FFF7E707B05DF804FB89
:1090900010B5836804460BB9002010BD0368012297
:1090A00098470028F8D0A368013BA360F5E72DE9B5
:1090B000F3410F460DF107018046FFF7E9FF054632
:1090C00020B90025284602B0BDE8F0819DF907309F
:1090D0009DF80740002B13DA04F07F0407260DF1FA
:1090E00007014046FFF7D4FF0028EAD09DF807208B
:1090F00002F07F03B3401C43130606F1070601D4B8
:109100003C60DFE7232EEAD1DBE7000030B5044600
:1091100085B01546A9B90268114B9A4211D0102D9D
:1091200006D82A4669462046FFF7F0FF05B030BD55
:10913000102269462046FFF7E9FF0028F6D0103DCF
:10914000EDE7A368AB4201D20020EFE723682A468F
:10915000204698470028F7D0A268521BA260E5E796
:109160009D8F0700F7B50E4601A907461546FFF784
:109170009EFFA0B1019A511C4FF0000404D2B378B5
:1091800003F0C003802B01D1204608E033898B42D5
:10919000FAD329463846FFF7B9FF019BEC5403B0D8
:1091A000F0BD73B50D4601A906461446FFF77FFFD3
:1091B00098B1019AB2F5803F11D2AB7803F0C003A9
:1091C000802B02F102010AD02B898B4207D3214662
:1091D000304621F8022BFFF799FF02B070BD002046
:1091E000FBE7000010B5034C82600022C0E900419B
:1091F000C26010BD9D8F07002DE9F3410025804618
:109200000E462F462C460DF107014046FFF740FF62
:10921000C0B19DF807C0A4F120030CF07F02C4F197
:10922000200102FA03F322FA01F10B43A2401CF0E1
:10923000800F45EA020547EA030704F1070404D159
:10924000C6E9005702B0BDE8F081462CDBD1002012
:10925000F8E737B50D4669461446FFF7CDFF70B104
:109260002B89082B0DD1DDE90032C4E90032DDE99C
:109270000001914208BF98420CBF0120002003B0BA
:1092800030BD042B03D1009B23600022EFE7022BAB
:1092900003D1009B23809BB2F7E7012B04D1009BF5
:1092A000237003F0FF03F0E70020E8E737B50D4631
:1092B00069461446FFF7A0FF30B12B89082BDDE982
:1092C000001203D1C4E9001203B030BD042B4FEAF1
:1092D000E17009D121600B460246824208BF8B42F1
:1092E0000CBF01200020EFE7022B03D10BB223803B
:1092F000DA17F2E7012B02D14BB22370F8E7002016
:10930000E2E7F7B51F4600233B700D460B70136074
:1093100001A904461646FFF7CAFE30B9A36813B97F
:1093200001233B70002003B0F0BD019C002CF7D05E
:10933000E30804F0070433602C70F4E713B5044627
:10934000052925D8DFE801F0030F17242422012284
:1093500001A92046FFF7DAFE18B19DF90430002B71
:10936000F5DB02B010BD08220021204602B0BDE8A6
:109370001040FFF7CBBE01A9FFF799FE0028F0D0FF
:10938000019A00212046FFF7C1FEEAE70422EBE73D
:109390000020E6E773B50D4601A90446FFF787FEF6
:1093A000064618B90026304602B070BD94E80F009A
:1093B00085E80F0001998A42F4D3A960A3685B1A7B
:1093C000A360F0E72DE9F0435768BB7813F0C004C1
:1093D00089B006468C46154603D0402C6CD000243C
:1093E0000CE003F00F02614903F03003202B51F829
:1093F000228028D006D8CBB1102B1ED0204609B031
:10940000BDE8F083302BF9D16B6939881980072AC0
:109410000AD16B6828691A89214603F05FF96B68E5
:109420002969D868FFF723FE2A6942E02A6939468C
:10943000434609B0BDE8F04318476B6901221A7032
:109440002A696968F4E7BCF1020FD5F8149024D1B9
:10945000042A22D804A9FFF79DFF04460028BED0A5
:10946000069B2BB16968B9F800304A899A4205D841
:10947000059B7360069B002BC0D0B0E708892A6962
:1094800003FB002204A8C04728B1B9F8003001331B
:10949000A9F80030E4E70446EAE7B9F800307A8931
:1094A0009A429CD92A693989581CA9F8000003FB03
:1094B000012269683046BBE7D2F81080474657F86A
:1094C000043B23B909B0BDE8F043FFF737BF0229D9
:1094D00014D104A9FFF75EFF002880D0D8F800302F
:1094E00069683A4604A89847044600283FF477AFD5
:1094F000069B002BF2D1059B73607FE7012926D0E4
:1095000005292CD000297FF46AAF0C460DF104091F
:1095100001340B2C3FF463AF012249463046FFF77C
:10952000F5FD00283FF45BAF19F9013B002BEFDBA1
:109530000F4B049301ABCDE9053400230793D8F812
:10954000003069683A4604A89847044656E708225E
:1095500001A9FFF7DBFD08240028E9D13FE7042239
:109560000DEB0201FFF7D2FD0424F5E7E8C8070080
:109570009D8F07002DE9F04F91B00446002604A806
:10958000CDE90266FFF7A0FCA3683BBBDDE905342B
:1095900004A89D78FFF7A9FC0028F7D115F0300F3B
:1095A00003D1059B1B8803B10134002C00F0A98076
:1095B000630902A90022934240F09C8010AA02EBAA
:1095C000830304F01F0453F8383CC4F120044FF027
:1095D000FF30E040C31A584258410DE00DF103033B
:1095E00001AA0DF102012046FFF78BFE38B99DF864
:1095F0000330002BCAD1002011B0BDE8F08F0199D3
:1096000004A8FFF7B4FC002850D1019BB3427DD3DE
:10961000059D059A937803F00F03082B7FD004A8CB
:10962000FFF763FC059B9D42F3D14FF0FF36019F8E
:10963000B7426BD3089B9DF802A0D4F808801D6840
:109640004FF00109A368002D5DD098459CD12B688F
:10965000D3F800B0BBF1000F08D053463A46294674
:109660002046D8470028C6D0AD68EBE7D3F808B04D
:10967000BBF800309F42F7D16A6859460AA8FFF745
:1096800023FC6B680E9305F10C030F939BF80230DB
:1096900003F0C003802B04BF2B1D0E930AAA85F88C
:1096A0000C9051462046FFF78DFEDBE7059B9B782B
:1096B00013F0300F0FD1069A3F2A0CD8510910AB86
:1096C00003EB810102F01F020123934051F8382C73
:1096D000134341F8383CE5682DB19DF8022001990B
:1096E00004AB2046A8479DF8021004AA2046FFF7C5
:1096F00069FE10E051F8045B01357FF47DAF013263
:1097000059E7012078E798457FF43EAF9DF80210B5
:109710002046FFF713FE00287FF436AF6BE716886C
:1097200085E737B50C460546114620460192FFF7FE
:109730009EFC019A2146284603B0BDE83040FFF761
:1097400019BF70B586B0CE6801920C4602A90546D5
:10975000FFF720FE68B1E06858B1A378019A03F0E2
:109760003003202B314602A805D1FFF7DAFF039B17
:109770006B6006B070BDFFF7FDFEF8E713B50C4651
:109780006946FFF739FD60B1DDE900134A0842EA96
:10979000C372C9074FEA530344BFD243DB43C4E952
:1097A000002302B010BD37B50D4669461446FFF7D9
:1097B000E5FF70B12B89082B0DD1DDE90032C4E93A
:1097C0000032DDE90001914208BF98420CBF012040
:1097D000002003B030BD042B03D1009B2360DA17B7
:1097E000EFE7022B03D1BDF900302380F7E7012B0F
:1097F00003D19DF900302370F1E70020E9E713B5AC
:1098000004220C460DEB0201FFF780FC08B1019B1E
:10981000236002B010BD1146FFF7F1BF13B5082257
:109820000C466946FFF772FC18B1DDE90023C4E974
:10983000002302B010BD1146FFF7F0BF10B513684A
:109840001F2B144607D900220830FEF78EFB08B9FB
:109850002023236010BD48F21450FBE70830FEF7C8
:1098600061BB0830FEF72EBB831F012B10B50446E9
:1098700002D8002000F09CFF034B1B681BB1204660
:10988000BDE81040184710BD3832002008B5074B1E
:1098900018600020FFF7E8FF054800F071FF20B9CD
:1098A000BDE80840024800F0F3BD08BD3832002092
:1098B000699807006CDF70476DDF704772DF704793
:1098C00073DF704774DF704775DF704776DF70476E
:1098D0007ADF70477CDF70477DDF70477FDF70473E
:1098E00086DF70478FDF704790DF7047A8DF7047D3
:1098F000AADF7047ADDF7047AEDF7047B0DF70475B
:10990000B1DF7047B5DF704762DF704766DF7047D1
:1099100013DF704701460148FDF7CBBF0CCC0700B1
:1099200070B518228CB000210DEB020002F0D6FEBB
:109930002823089316231E4CADF806300023CDE9EA
:109940000333059302230622237023715923012533
:109950000926A27063710322FE236570E270A37171
:109960000DF10601A0198DF818508DF82D500294B4
:10997000ADF80C60FFF7B0FFB8B9BDF8063026723D
:109980005A19E271BDF80C200A4C134402A906AA28
:109990002046ADF80C30FFF791FF30B92078FFF783
:1099A00091FF20782946FFF78BFF0CB070BD00BFF8
:1099B000BA420020282B002038B515490B68024612
:1099C00013F0010022D0134882421ED0124A1088A0
:1099D0004FF6FF72904213D043F004030B60132143
:1099E000FFF774FF90B90D4DC82445F001054FF401
:1099F0007A40A847013CFAD1BDE8384001F016BDD5
:109A0000074B1878FFF75EFFF6E7002038BD00BF70
:109A1000DC42002004CC07002A2B0020F0CA0700FB
:109A2000282B0020F0B50388232B8BB0044635D8B3
:109A30000F2B04D8012B00F0F2800BB0F0BD103BCF
:109A4000132BFAD801A252F823F000BFCD9A0700D9
:109A5000EB9A07003B9A0700CD9B0700039D070088
:109A60003B9A07003B9A07003B9A07003B9A070086
:109A70003B9A0700119D07003B9A07003B9A07009D
:109A80003B9A07003B9A07003B9A07003B9A070066
:109A9000F79B07003B9A0700B39B0700503B9AB225
:109AA000062ACAD8062BC8D801A252F823F000BF54
:109AB000179B07002B9C0700119D07003B9A07008E
:109AC0003B9A07006F9B07000B9C0700944D83880F
:109AD0002B80944B1B680BB1012098479249288832
:109AE0000BB0BDE8F040FFF7EFBE8D4B4FF6FF72B5
:109AF0001A808E4B1B685A0704D4FFF711FF08B178
:109B0000FEF7EBFC874B1B68002B96D002200BB0B6
:109B1000BDE8F0401847864EE288B3889A428CD15F
:109B20008448FDF7A0FE0546002886D0228A04F16D
:109B3000120102F0C5FD1822002104A802F0CEFD9A
:109B400008238DF810307C4B06937C4B0596CDE9AD
:109B5000073504A8238AADF8243000F08FFC0028D4
:109B60003FF46BAF73482946FDF7A3FE65E7E18834
:109B7000F6291CD8CB1E9B070DD0CB1F9BB2013BF7
:109B80005A4202F0030203F0030301F1FF3158BF10
:109B90005342C91A89B2624B1888FFF7B3FE0028F6
:109BA0003FF44BAF0BB0BDE8F040FEF796BCF72199
:109BB000F1E70022808804A9CDE90422FFF794FE92
:109BC00000283FF43AAFFEF788FC36E7544C0223F6
:109BD0000493208802AB04AA42F605210593FFF7FF
:109BE00089FE08B1FEF779FC002320881A468521FA
:109BF000FFF774FEE4E7002304A980888DF8103095
:109C00008DF81130FFF76EFEDAE7A379002B7FF4B1
:109C100014AF434B13211888FFF758FEBFE7404BA2
:109C200000211888FFF772FEB9E7A379002B3FF4F3
:109C300004AF022B7FF401AF3D4D2189AA899142E7
:109C40007FF4FBAEA27B012A7FF4F7AE4FF48032A3
:109C50000592228A324EADF81820628AADF81A2099
:109C600004F11402079201AF298A3088049302AAF2
:109C700002930397FFF73EFE60B93846FEF78AFD70
:109C800040B940F2FD133088ADF8143004A9FFF755
:109C900035FED2E6002304A93088ADF81430FFF772
:109CA0002DFE014600287FF4C8AE182204A802F059
:109CB00015FD237D204A8DF81030022B0595069264
:109CC00018D0062B10D0012B10D11D4B1A881D4B1C
:109CD0001A80637DD4F816200893012B099205D1D0
:109CE000194800F065FD01E0637D089304A800F0C9
:109CF000C5FBA2E6124AB4F815301380114A13804E
:109D0000F4E700231A4619468088FFF7E9FD46E785
:109D10000023A0881A461946FFF7F2FD3FE700BF6F
:109D20002A2B0020E0420020F6CA0700DC42002077
:109D3000A64200200CCC07008D9D07001599070056
:109D4000E4420020E642002004CC07007FB5002357
:109D5000CDF80B308DF80F300A4BADF806109B890B
:109D6000ADF8083001238DF80A300DF10603CDE976
:109D70000430054B02A91888FFF7BEFD07B05DF857
:109D800004FB00BFA64200202A2B002010B5044689
:109D900086B000210D2202A8019102F09FFC2378D9
:109DA000082B0BD1364A374913880988013B9BB2EF
:109DB0001380D9B1D3B9032311802370627823783B
:109DC0008DF805306021012A8DF804108DF80620E9
:109DD0000ED00B2A12D100F099F98DF8070000205F
:109DE00000F08EF9042101A8FFF7B0FF06B010BD06
:109DF000062B05D0082B29D0032B27D00321F2E70F
:109E0000E1688DF80710D4E90123080A8DF80800ED
:109E1000080C090E8DF80A10110A8DF80B208DF828
:109E20000C10110C120E8DF80E201A0A8DF80F303E
:109E30008DF810201A0C1B0E8DF80D108DF80900EE
:109E40008DF811208DF812300F21CCE7D4E90123D1
:109E5000110A8DF807208DF80810110C120E8DF8DC
:109E60000A201A0A8DF80B308DF80C201A0C1B0EE4
:109E70008DF809108DF80D208DF80E300B21B2E70A
:109E8000E6420020E44200202DE9F0413E4B94B030
:109E900005464FF6FF721A8001204FF659632A4695
:109EA00002A98DF80A00ADF80830FFF71FFD04463F
:109EB000002865D1354B04AA03F11007164618682F
:109EC0005968144603C40833BB422246F7D1A91C83
:109ED0003046FFF719FD0446002851D101461C22E7
:109EE0000DA802F0FBFB9DF834308DF8044043F0E0
:109EF00004038DF834300223ADF80C30AB788DF8C4
:109F00000E3003238DF80630F423CDE90A44ADF872
:109F10002C302B464FF0110833F8040B0C9403AF90
:109F200001AE08AA0DA98DF8058008970996FFF7DC
:109F3000DFFC044620BB01461C220DA802F0CEFB2C
:109F400018238DF834300123ADF80C30AB788DF840
:109F50000E3013238DF806301723CDE90A44ADF8EF
:109F60002C302B4608AA33F80C0B8DF804400DA9B1
:109F70000C94CDE908768DF80580FFF7B9FC04460E
:109F8000204614B0BDE8F0812A2B0020E0CA07006B
:109F90007FB53C4D2B6813F0010403D0002420460C
:109FA00004B070BD384E30603848FDF745FC02946F
:109FB00000F0C7F804460028F1D13548FFF7A8FCA7
:109FC00004460028EBD101F0F3F904460028E6D15D
:109FD00002A801F0BFFA04460028E0D102A901203E
:109FE00001F0C2FA04460028D9D102A801F020FBF2
:109FF00004460028D3D100F09BFB30B1254800F087
:10A000008BFB2B6843F002032B60112302A88DF811
:10A010000430FFF751FC04460028C0D102A8FFF726
:10A0200049FC04460028BAD12B689B0724D519495E
:10A030008869043182B201A8FFF74CFC044600286D
:10A04000ADD11548FFF744FC04460028A7D11348BA
:10A05000FFF71AFF04460028A1D1FFF761FC044670
:10A0600000289CD12B6843F001032B603368002B40
:10A0700094D00920984792E7094802F037FB084935
:10A08000D8E700BFDC420020E04200200CCC0700F3
:10A09000007007003C320020F6CA0700A6420020EC
:10A0A000D8CA070043690BB1C06818477047000061
:10A0B00010B40549054C0022904218BF21460448BF
:10A0C0005DF8044BFDF70FBC24C7070050C707001D
:10A0D0009C2B002007B5009313460A46014603480F
:10A0E000FDF705FC03B05DF804FB00BF9C2B0020CE
:10A0F00013460A4601460148FDF700BC9C2B002090
:10A10000014B18700B207047E8420020024B0022E0
:10A1100018781A70704700BFE842002018DF7047B7
:10A1200030B585B0054610220C466846002102F085
:10A13000D5FAA408684601950294FFF7EFFF05B031
:10A1400030BD1FB50023CDE90133039368460223D8
:10A150000093FFF7E3FF05B05DF804FB4FF00053F9
:10A160004FF480521A60002070470000014B062017
:10A170001B681847F44200200A2803D90B38C0B2E4
:10A18000FFF7BEBF7047000010B5044686B0002040
:10A19000FDF7BCFB014638B1174A1821204606B02E
:10A1A000BDE81040FDF794B91822684602F096FA0F
:10A1B0000423124A8DF80030114B116D1B6899422F
:10A1C00012D1104B186800F0C1FF8DF80100FFF7A5
:10A1D000D3FFD4E901138DF80100684698470A4877
:10A1E00000F05EFA06B010BD01238DF8013068461C
:10A1F000D4E901139847F5E789A10700144E002020
:10A20000EC420020F04200206DA10700F0B50446AA
:10A2100087B018220021684602F060FA22788DF893
:10A22000002001238DF80130531E0B2B00F20C810E
:10A23000DFE813F011003300110011000A011100D2
:10A240000A0111000A010A010A010C007F4B1B6878
:10A250000720984721E0062A7D4901D0012A01D133
:10A2600022690A700A78012A04D0022A51D00023F8
:10A270000B7094E0072B10D8DFE803F0040F452F94
:10A280000F420F1C714B03201B689847606900F058
:10A2900043FDFFF771FF8DF80100D4E90113684613
:10A2A00098479DF80130012B00F0C380674B0520D3
:10A2B0001B68BDE0A18A206900F046FDFFF75CFF46
:10A2C000644B8DF80100DA6B1B6C0293E36801921A
:10A2D000002BE2D020699847DFE75F495F4800F034
:10A2E0007FFDFFF749FF01288DF80100D5D100203F
:10A2F00000F0D6F90028D0D00A238DF80130CCE741
:10A300004FF400730393534BDA6B1B6C019202936F
:10A31000C3E7072BC1D801A252F823F03DA30700E1
:10A320009BA2070001A407000DA407009BA2070041
:10A3300037A407009BA20700A3A3070000F024FD99
:10A3400008B90823D9E762690AB90323D5E7C2F33C
:10A350000B0333B13F4B40495B6D096813448B429B
:10A36000F3D1B2F5805F01D90423C6E7394B3A49EE
:10A37000586D096815188D42E3D85A64DA6C9A64EE
:10A3800018651863354B61691B6801F6FF7100227F
:10A39000090B1844FFF7ACFE00283FF47EAF0523FD
:10A3A000ABE700F0F1FC0028CBD02A4DA18AD5E91B
:10A3B00014329B1A6A6C0B449342C6D8274B2F6BFE
:10A3C0001B68206905F148021F44FDF751F9E36855
:10A3D000A28A216906463846FFF77CFE08B1E36889
:10A3E00078E7A28A2B6B13442B63A38A2A6DAE6491
:10A3F0001344CDE901362B65144B08201B6828E770
:10A40000144B9A6C1B6D0292019346E7114BD3E9F2
:10A410001402596C821A8A4293D19A6C58650021B1
:10A4200020465964DA64FFF7AFFE084B1B6804202E
:10A43000984707B0F0BD074B9A6C1B6D01934FF422
:10A4400080530292039328E7022356E7F442002048
:10A450002C2B0020144E0020EC420020F042002063
:10A46000044B054A1B6D642043431068B3FBF0F0B6
:10A47000704700BF144E0020EC42002083681BB1DF
:10A48000024A1821FDF724B8072070470DA20700E3
:10A4900038B50546C0B10120FFF70AFE044648B9A9
:10A4A00000F02CFC00F070FC30B9084B00201D605F
:10A4B000FFF726FE204638BD0549064800F090FC0F
:10A4C0000128F2D00324F5E70724F3E7F442002043
:10A4D000EC420020F04200202DE9F04115464FF4F7
:10A4E0006072064688461F4602F0DAF828B915B9A8
:10A4F0000020BDE8F081A847FAE70022012130469C
:10A50000FFF7F6FD70B94FF460724146384602F02D
:10A51000D7F82B464FF4607239463046FFF7DAFD24
:10A520000028E5D00320E4E72DE9F0413B4C236807
:10A5300001335AD000225821201DFDF799F82768D1
:10A540003A1A57425741DFF8F080354DD8F800608D
:10A55000336801335ED000225821301DFDF788F8A2
:10A560003368834243D17468012C0AD00022C3218E
:10A5700006F51870FDF77CF8D6F85C42231A5C42A9
:10A580005C41B7B3254926484FF4607202F098F851
:10A5900074B1D8F8001023485422043102F090F826
:10A5A000D8F8001020484FF432725C3102F088F87D
:10A5B0006C68012C2CD11D49402201F5E47002F099
:10A5C0007FF81B491C2201F5E47002F079F8194963
:10A5D00085F8A1420023042201F2862085F860322A
:10A5E00085F8E23202F06CF810E00027ABE70024B7
:10A5F000C7E72CB1D8F8001009484FF46072D5E7CE
:10A6000007484FF46072002102F068F802236B6083
:10A61000BDE8F081002FF3D00024B3E700F007007D
:10A62000144E0020184E0020704E0020704F002065
:10A63000B04F0020304E0020302B002070B50D4C64
:10A640000546002258212046FDF712F8002244F862
:10A65000040CC32104F51770FDF70AF8261FC4F88F
:10A6600058022A463146044B0448BDE87040FFF7C3
:10A6700033BF00BF184E00207846002000F00700CE
:10A6800002460248024B0068FFF726BF302B00202D
:10A69000F84200200149FFF7F3BF00BF00F00700B8
:10A6A00038B505460020FFF7C9FF044618B903492D
:10A6B0002846FFF7E5FF204638BD00BF144E0020B6
:10A6C00010B5FFF7F5FC044628B9FFF72DFF20462B
:10A6D000FFF7E6FF00B1032010BD29DF704700003F
:10A6E00038B50C4D0446D5F8643378B101330FD139
:10A6F000002218210430FCF7BBFF2060214605F53D
:10A7000059700722BDE83840FFF7E7BF0E2038BD7B
:10A710000820FCE700F0070008B528B103491C2217
:10A7200001F0CEFF002008BD0E20FCE764F3070017
:10A7300010B5064C002218212046FCF799FF54F86A
:10A74000043C1B1A5842584110BD00BF68F3070073
:10A7500010B50A4CD4F82433D4F8642313400133E1
:10A7600009D04FF4FE20FDF7C3FCC92221464FF467
:10A77000FE20FDF7EBFC002010BD00BF144E0020B2
:10A78000F8B5094F094CE41B0646E4080025A5422C
:10A7900001D10020F8BD57F83530304698470028E1
:10A7A000F8D10135F3E700BF04CC07000CCC07005B
:10A7B000F8B5094E094CA41B0746E40800250436E9
:10A7C000A54201D10020F8BD56F8353038469847EB
:10A7D0000028F8D10135F3E704CC07000CCC0700C2
:10A7E00008B50C22002101F079FF024B00221A6308
:10A7F00008BD00BF144E00204FF44053074A59686B
:10A80000914201BF986800F6FF7020F47F6020F04D
:10A810000F0018BF4FF48050704700BFDBE5B15107
:10A8200008B5FFF7E9FF054B9B69184400F6FF7078
:10A8300020F47F6020F00F0008BD00BF144E002000
:10A840004FF48050704700002DE9F74F1F46244B0E
:10A85000DFF894B01B6ADFF8949001910446154626
:10A8600000934FF000084FF4405AB8F1010F5FFA1F
:10A8700088F61AD0022E24D0FFF7D2FF9DB1009B9C
:10A88000013B59425941A9EB0000A04201D3019B71
:10A89000EBB1D1B908F10108B8F1030FE5D1A0423D
:10A8A00016D2042018E02946EDE7FFF7A5FF37B9D7
:10A8B000DAF80410B1EB0B0118BF0121E3E74146C0
:10A8C000E1E701214FF48050DDE7A042E9D316B162
:10A8D0000448FFF785FF002003B0BDE8F08F00BFFC
:10A8E000144E00202C4E0020DBE5B1510040070043
:10A8F00090F8552012F0FB0F07D190F8643023B187
:10A90000836ECBB10B600120704712F0010303D0BE
:10A9100090F8563003B1836D9207F2D590F85C2021
:10A92000002AEED0054A006EC2F5FC22904201D802
:10A930000344E6E7042070470F20704700700700CB
:10A9400010B5084C4FF40072FF21204601F0C6FEFE
:10A9500020220021A4F1240001F0C0FE002344F8CD
:10A960002C3C10BD704E00202DE9F0475A495B4841
:10A97000DFF88881DFF88891DFF888A1584C92B021
:10A980000C2201F08DFE064600284CD15349382296
:10A9900004A801F095FE4FF447723146204688F82E
:10A9A0000060C9F80060CAF8006001F097FE079DDA
:10A9B000012D58D14FF48073A380342363614FF489
:10A9C000405384F86C612570A5712572E56025748B
:10A9D00025839B89E361089B2367032384F87630F2
:10A9E000099BA4F85C5084F85E50266684F8645095
:10A9F000A66684F86C5084F87450A4F8783020224D
:10AA00000AA904F17A0001F05BFEA4F89A50A4F8B8
:10AA10009C5084F89E60A4F8A06088F80050083428
:10AA2000304B1C6020E03049304E8A6B6F465C3101
:10AA30003846FEF7D7FB97E80F0086E80F000021A5
:10AA40002B4B88F800104FF447722046C9F80010CD
:10AA5000CAF80010F36001F041FE26492246304654
:10AA6000FEF75FFE20B90025284612B0BDE8F0874A
:10AA700098F80050002DF6D094F86C3194F80080CE
:10AA80001BB3B8F1000FEED194F87231002BEAD06D
:10AA9000DAF80020D9F800103846FEF7A3FB97E853
:10AAA0000F0086E80F004FF4B272414604F5BA7009
:10AAB00001F014FE104904F5BA723046FEF731FE7B
:10AAC0000028D0D004F5BA74AAE7B8F1000FCAD0B4
:10AAD000A379002BA3D1C6E7FECA0700704E002061
:10AAE000284A0020004E0020144E0020444D002033
:10AAF00009AB070068CA0700B4C90700244A002050
:10AB0000204A00201C4A002030B55B68DA680D4BF3
:10AB10009A4208D10C4C236813B90C490B681BB13D
:10AB20000B4B00221A7030BDD0E901321A4413F9E0
:10AB3000015B002DA2EB0300F9DB23600860044BEE
:10AB40000122EFE7B4C90700204A00201C4A002078
:10AB5000244A002010B54FF44053164C5968A142C6
:10AB6000024624D000F500535B68181B4342434162
:10AB7000A14218461AD102F500535A688A4215D1EB
:10AB80004FF440521178142982BF50690A4AB0FB31
:10AB9000F2F01A7898BF0020142A83BF5B69064A36
:10ABA000B3FBF2F30023C01A18BF012010BD00232D
:10ABB000DEE700BFDBE5B15140420F0000B591B0C8
:10ABC000FDF7AEFB684608492022FDF7DCFB6A462C
:10ABD000064907484023FDF7FBFA064B01221A708D
:10ABE00011B05DF804FB00BF7CC80700544D002085
:10ABF00070C80700F8490020F0B5A3B007460D461D
:10AC000014461E4678222023002104A8029301F056
:10AC100065FD00230393194B1B780BB9FFF7CEFF9B
:10AC20002DB337BB02AB164F01931649289B0097F3
:10AC3000324604A8FDF75AFBE8B9402C1BD1124E4E
:10AC400022462946304601F03BFD20213046FDF7E3
:10AC5000A6FBCDE90064029B0C493A4603A8FDF728
:10AC6000D3FA00280CBF0120052023B0F0BD13202B
:10AC7000FBE71620F9E70A20F7E700BFF8490020B4
:10AC80009C4D00200CC90700BC4D0020544D0020F5
:10AC9000F0B5ABB004460D4616461F467822202379
:10ACA00000210CA8039301F019FD114B1B780BB97F
:10ACB000FFF784FF2FB12146202204A8FDF758FB9F
:10ACC00004AC03AB0B4F01930B49009733462A4664
:10ACD0000CA8FDF70BFB48B920222146384601F0AD
:10ACE000DFFCB0FA80F040092BB0F0BD0020FBE79C
:10ACF000F8490020F94900200CC9070008B5044BA9
:10AD0000986B08B1FFF730FE024B187008BD00BF0A
:10AD1000144E0020FC4D002010B5044658B1B0F58B
:10AD2000007F0AD8064B00221A70FFF709FE054B78
:10AD300001209C6310BD0320FCE70420FAE700BF5C
:10AD4000FC4D0020144E002070B50E4C0646E06B02
:10AD5000A36B42189A420D4611D85C300A46204433
:10AD6000314601F0ADFCE36B04F140022B4429466F
:10AD70003046E363FCF77CFC2064012070BD0320B7
:10AD8000FCE700BF144E0020014B1878704700BF4D
:10AD9000FC4D002013B50F4C94F86C31B3B10E4B41
:10ADA0001B6800930D4BB4F8DA221B6894F8D802A4
:10ADB00004F53771FFF720FF012809D104F5B874B5
:10ADC000201D02B0BDE8104000F0C4B90434F7E71C
:10ADD00002B010BD284A00201C4A0020204A002052
:10ADE0002DE9F843DFF88880D8E90E329A4206460A
:10ADF0000D4637D1DFF87C9099F800704FB1FFF71E
:10AE00000FFD1A4B306029461868BDE8F843FFF77C
:10AE10006FBDFFF7A9FD38B3FFF7BCFF012837600E
:10AE200004462F601BD1114B29461868FFF760FDBF
:10AE30000128044613D198F8A112B1FA81F1034612
:10AE40003A4628684909FFF7FFFC38B9FFF7E8FCE4
:10AE500089F8004030602046BDE8F8830424FFF7FD
:10AE60006FFDF8E70824F6E70524F4E7004E00201C
:10AE7000144E0020FC4D002010B490F86C305BB1F3
:10AE800090F86E404CB1B0F8704034B15DF8044BAE
:10AE900001237230FFF7FCBE012318465DF8044B16
:10AEA000704713B50446084623781146032B03D890
:10AEB000DFE803F021050F18002002B010BD0022CA
:10AEC000D4F80140FCF7D4FB844214BF00200120D9
:10AED000F3E70A4600230146601C02B0BDE81040BB
:10AEE000FFF7D6BE009103464022611C0020FFF709
:10AEF00083FE0128E9E70120DFE700002DE9F041AA
:10AF0000A2B004460D461646002178221F4604A82A
:10AF1000202303939DF8A08001F0E0FB4122002153
:10AF2000204601F0DBFBB5F894300BB195F8968024
:10AF300084F80080B8F1030F1ED8DFE808F009029A
:10AF4000111F002239463046FCF792FBC4F801007D
:10AF50003A4631462046FFF7A4FF22B0BDE8F08113
:10AF600003AB0193631C009308493B46324604A897
:10AF7000FDF7BCF90028EBD00020EEE7B5F89820EB
:10AF800005F19A01601C01F09BFBE1E70CC9070089
:10AF90002DE9F047664B1D68A4B004460F46904665
:10AFA0000A4601462846FFF767FF002800F0BE80EA
:10AFB00095F855601EBB4FF00109CDF800903B4657
:10AFC0002246294613A8FFF799FF002871D0B8F14F
:10AFD000000F5FD04122574813A901F071FB564B77
:10AFE000C3F82C901E626A689A6000223946204697
:10AFF000FCF73EFB504B0125C3E9097091E041226B
:10B00000002102A801F06AFB06F00109412200219B
:10B0100013A806F0020601F061FBB9F1000F3DD064
:10B0200004F50051454B4868984242D1D5F858A0E4
:10B030000AF5FF520AF6FF73C3F30B031F32D21A4D
:10B040008B68934235D34FF440535A6882420CD1F7
:10B050001A78102A88BF1A690B7898BF0022102B23
:10B060008CBF0B6900239A4223D12046FFF772FD63
:10B0700000B1F6B10123009322465346294602A8A7
:10B08000FFF73CFFA8B1AB6DE218FB1A4EB9B8F15F
:10B09000000F18D1284B01255D6110E03B46224688
:10B0A000F4E70021009113A82946FFF727FF0028A5
:10B0B000EDD10525B8F1000F30D1FFF741FC28464E
:10B0C00024B0BDE8F087DFF87080B9F1000F21D01F
:10B0D0002046FFF73FFD18B108F11800FFF780FB8D
:10B0E0001748412202A901F0EBFA002E14BFAC234D
:10B0F000A523C8F82C30AB6DC8F83430002E3FF4CF
:10B1000074AF1048412213A901F0DAFA6B68C8F84D
:10B110000C306AE7AA23C8F82C30EFE70A48FFF79B
:10B120005FFBFFF70DFC044B9C64C8E71725C1E7E4
:10B13000004E0020B5500020144E0020DBE5B15138
:10B1400074500020F6500020384E00200122FFF7F6
:10B150001FBF0000F0B590F854200346002A4DD0E0
:10B1600090F85500032849D893F86E20032A43D15C
:10B170001A7A002A42D0DA68342A41D14FF4405575
:10B1800020496C681A8A8C421FD142B15969A9B111
:10B19000D2B203F114040021CEB2B24201D812207F
:10B1A00023E054F8047BAE89B74201F10101F3D1E9
:10B1B0001A788AB9012818BF0F2016E010B9012AA1
:10B1C000EDD1F5E70128F3D1E9E712B15A69002A78
:10B1D000E5D11A78002AE2D001285B680A4A05D82E
:10B1E000906898428CBF10200120F0BDD068984232
:10B1F00034BF01201020F8E71420F6E70F20F4E711
:10B200001120F2E7DBE5B151144E002038B1054BB7
:10B210000360054B436001230372002070470E203A
:10B22000704700BF53B207002DB2070069B10B7819
:10B23000022B0CD1022804D0032814BF08201120AF
:10B24000704703230B70002070470E2070470820C2
:10B25000704710B50C4681B10B78012B06D00ED982
:10B26000033B012B94BF0820112010BDFFF738FAD3
:10B270000028FAD102232370F7E70E20F5E7082013
:10B28000F3E7000070B5144B144A0C21D21AB2FB3C
:10B29000F1F2816911F8025C044635B900690021B8
:10B2A000914205D1012323600EE04FF0FF30F6E715
:10B2B0001E68AE420CD1461C07D19D68D4E900013E
:10B2C000D4E90223A847206070BD5E688642F4D0AE
:10B2D00001310C33E4E700BF20CC07002CCC070081
:10B2E0001EF0040F0CBFEFF30880EFF30980FFF7A7
:10B2F000C9BF00BF10DF704711DF704713B50446A8
:10B3000009496846FCF72AFD019808B902B010BD4A
:10B31000D0E900212046904718B16846FCF727FD88
:10B32000F2E71120F2E700BF10CB070013B5044687
:10B3300007496846FCF712FD019B0BB902B010BD2E
:10B340002046D3E9002190476846FCF710FDF3E75B
:10B3500028CB0700064B9A6822B11A6822F48002B3
:10B360001A607047034B4FF48002C3F88020704787
:10B37000084E002000E100E00B4991F816335A090D
:10B38000EC231341DB0706D5084B9A683AB94FF412
:10B3900080030B60704742F20200FDF79EB81A6806
:10B3A00042F480021A60704700E100E0084E00207D
:10B3B000F7B5194F3C7864BB184E0125204635700F
:10B3C000FFF79CFF112821D02046FFF7AFFF144B59
:10B3D0008DF80340186801900DF10300FCF70EF999
:10B3E000104901A8FFF786FF0446B0FA80F0400933
:10B3F00038709DF80300FCF725F93CB90A4B34700E
:10B400001C70FFF7B9FF2846FFF790FF204603B0F6
:10B41000F0BD0824FAE700BF054E0020044E0020CE
:10B420000BCB0700D5840700064E0020F7B5154F5B
:10B430003B781BB3144E01203070FFF75FFF1128DB
:10B440004FF000051CD00220FFF770FF0DF1070040
:10B450008DF80750FCF7D2F8FFF74EFF04469DF831
:10B4600007003D70FCF7EEF82CB903203470FFF7AD
:10B4700071FFFFF75BFF204603B0F0BD0824FAE739
:10B480002C46F8E7054E0020044E0020054B1B78A3
:10B4900033B1054B1B780BB1FFF7C8BFFFF788BF6F
:10B4A00008207047044E0020054E0020014B1878FC
:10B4B000704700BF054E002007B508496846FCF7F5
:10B4C0004DFC019B13B903B05DF804FBD3E90020E8
:10B4D00090476846FCF74BFCF3E700BF1CCB070026
:10B4E000FFF7EABF60DF704769DF704761DF7047D1
:10B4F00030B5134DADF5017D4FF4FA740DF1020135
:10B5000003A8ADF80240FFF7F1FF70B9294601A882
:10B51000FCF724FC029B002BF0D003A8D3E9002108
:10B52000904701A8FCF723FCF4E7052805D00DF5AA
:10B53000017DBDE83040FCF7D0BF0DF5017D30BD89
:10B5400034CB0700024B1B780BB1FFF7D1BF70471C
:10B55000074E002018B1034B0360002070470E20F7
:10B56000704700BFE82A00207FB506460C46002938
:10B5700059D02E4B0B600C22002101A801F0AEF82F
:10B58000012506232268ADF8083001A920208DF896
:10B5900004608DF80650FFF7A7FF0C22002101A8D8
:10B5A00001F09CF822688DF8055001A94020FFF7B2
:10B5B0009BFF0C22002101A801F090F8F7232268DC
:10B5C000ADF8063001A923208DF80460FFF78CFF49
:10B5D0000C22002101A801F081F822688DF80450A6
:10B5E00001A92846FFF780FF0C22002101A801F0E5
:10B5F00075F84FF4B0632268019301A9A120FFF709
:10B6000073FF0C22002101A801F068F89DF80430B6
:10B6100022682B4301A9A0208DF80430FFF764FFB6
:10B62000002004B070BD0E20FBE700BFE82A002018
:10B6300008B5FFF757FF10B9014B01221A7008BD7A
:10B64000074E00204BDF70471FB50E4C01A8FFF7D7
:10B65000F9FF70B9214602A8FCF780FB039B002B81
:10B66000F4D00198D3E90021904702A8FCF77FFBB2
:10B67000F4E7052804D004B0BDE81040FCF72DBF66
:10B6800004B010BD40CB07008B1810448B4200D192
:10B69000704713F8012D00F8012DF7E700000000B6
:10B6A000C3F10803DB0070B501330446002003A595
:10B6B0005B1920C940CAAD1920C4184720C940CA27
:10B6C000754120C420C940CA754120C420C940CA60
:10B6D000754120C420C940CA754120C420C940CA50
:10B6E000754120C420C940CA754120C420C940CA40
:10B6F000754120C4404170BD000000000000000002
:10B70000C3F10803DB0070B50133002403A500BFBB
:10B710005B1920C940CAAD1B20C0184720C940CAC8
:10B72000B54120C020C940CAB54120C020C940CA87
:10B73000B54120C020C940CAB54120C020C940CA77
:10B74000B54120C020C940CAB54120C020C940CA67
:10B75000B54120C06441B4FA84F0400970BD00BF17
:10B760002DE9F04F08B4F8CA04B451F8042BA3FB38
:10B77000028940F8048B4FF0000AE4FB629A4FF014
:10B78000000BE5FB62AB4FF0000CE6FB62BC4FF038
:10B79000000EE7FB62CE51F8042B4FF00008E3FBEC
:10B7A000628940F8048BE4FB629AE5FB62ABE6FB3E
:10B7B00062BCE7FB62CE51F8042B4FF00008E3FBBC
:10B7C000628940F8048BE4FB629AE5FB62ABE6FB1E
:10B7D00062BCE7FB62CE51F8042B4FF00008E3FB9C
:10B7E000628940F8048BE4FB629AE5FB62ABE6FBFE
:10B7F00062BCE7FB62CE51F8042B4FF00008E3FB7C
:10B80000628940F8048BE4FB629AE5FB62ABE6FBDD
:10B8100062BCE7FB62CE40F8049B40F804AB40F802
:10B8200004BB40F804CB40F804EB0CBC052B00F043
:10B830001E810C68A0F11400A1F11401A2F1140200
:10B8400052F804EB4FF0000550F8046BE4FB6E5621
:10B8500052F804EB50F8047BE4FB6E6752F804EBFB
:10B8600050F8048BE4FB6E7852F804EB50F8049B1C
:10B87000E4FB6E8952F804EB50F804ABE4FB6E9ADB
:10B88000A0F1140052F8044B51F804EB4FF0000CF7
:10B89000E4FB6EC540F804CB51F804EBE4FB6E56B4
:10B8A00040F8045B51F804EBE4FB6E6740F8046B6E
:10B8B00051F804EBE4FB6E7840F8047B51F804EB9C
:10B8C000E4FB6E8940F8048B51F804EBE4FB6E9ABC
:10B8D000A0E80006062B00F0CA800C68A0F1180052
:10B8E000A1F11801A2F1180252F804EB4FF0000583
:10B8F00050F8046BE4FB6E5652F804EB50F8047BEE
:10B90000E4FB6E6752F804EB50F8048BE4FB6E78AE
:10B9100052F804EB50F8049BE4FB6E8952F804EBF8
:10B9200050F804ABE4FB6E9A52F804EB50F804BBF9
:10B93000E4FB6EABA0F1180052F8044B51F804EB95
:10B940004FF0000CE4FB6EC540F804CB51F804EB5B
:10B95000E4FB6E5640F8045B51F804EBE4FB6E67C1
:10B9600040F8046B51F804EBE4FB6E7840F8047B7C
:10B9700051F804EBE4FB6E8940F8048B51F804EBBA
:10B98000E4FB6E9A40F8049B51F804EBE4FB6EABC9
:10B99000A0E8000C072B6AD008B40C68A0F11C00CA
:10B9A000A1F11C01A2F11C0252F804EB4FF00005BA
:10B9B00050F8046BE4FB6E5652F804EB50F8047B2D
:10B9C000E4FB6E6752F804EB50F8048BE4FB6E78EE
:10B9D00052F804EB50F8049BE4FB6E8952F804EB38
:10B9E00050F804ABE4FB6E9A52F804EB50F804BB39
:10B9F000E4FB6EAB52F804EB50F804CBE4FB6EBCF6
:10BA0000A0F11C0052F8044B51F804EB4FF0000376
:10BA1000E4FB6E3540F8043B51F804EBE4FB6E5652
:10BA200040F8045B51F804EBE4FB6E6740F8046BEC
:10BA300051F804EBE4FB6E7840F8047B51F804EB1A
:10BA4000E4FB6E8940F8048B51F804EBE4FB6E9A3A
:10BA500040F8049B51F804EBE4FB6EAB40F804ABF8
:10BA600051F804EBE4FB6EBCA0E8001808BCBDE88C
:10BA7000F08F002310B51C465AB2914200DC10BD75
:10BA800040F823400133F7E710B500231A465CB2B3
:10BA9000A14203DCB2FA82F0400910BD50F8234005
:10BAA00001332243F3E74A11012350F8220001F049
:10BAB0001F0103FA01F108407047013910B549B27E
:10BAC000041D0A06CBB204D4013954F82120002AFF
:10BAD000F7D001335BB273B103F18042013A50F801
:10BAE0002220002022B9013B00EB431318B210BD05
:10BAF00052080130F6E71846F9E710B500235CB2AA
:10BB0000A24200DC10BD51F8234040F8234001332D
:10BB1000F5E710B5013A52B2130601D5002010BD69
:10BB200050F8224051F822309C4205D802F1FF32F1
:10BB3000F2D24FF0FF30F2E70120F0E700EB810195
:10BB40000023884200D3704751F8042D43EA520382
:10BB50000B60D307F5E737B51D469DF91830019303
:10BB60000446FFF79DFD019B38B91A462146284639
:10BB7000FFF7CFFF0128019B07D02A462146204628
:10BB800003B0BDE83040FFF7BBBD03B030BD37B5F3
:10BB90001D469DF9183001930446FFF7B1FD019B46
:10BBA00038B12A462146204603B0BDE83040FFF7B1
:10BBB00077BD03B030BD2DE9F04FB5B004AC9DF9B1
:10BBC000F8501F4680462B462046FFF7C9FD24ABA0
:10BBD00029463846CDE90234FFF76FFFC0EB8510E8
:10BBE00004B2002C2146B8BF04F11F01634203F0E8
:10BBF0001F0341F3471104F01F0614A858BF5E420B
:10BC0000FFF737FF002E08B22BDD14AB002203EB49
:10BC10008000C6F1200E1346AB4217D36B00019390
:10BC200014AB03EB85096F1E34AB012603EB8707CA
:10BC3000002C54DA34AB03EB86062A4656F8C81CAF
:10BC40004046FFF75AFF35B0BDE8F08F57F823C0E4
:10BC50000CFA06F10A4340F8042B01332CFA0EF2D9
:10BC6000DAE714AB2A46394603EB8000FFF745FFBD
:10BC7000D4E70FFA82FE5AF8C83C53F82EB034AB22
:10BC800003EB8202013052F8803C0B44BBEB030310
:10BC900034BF012200229B4518BF11465CF8C82C16
:10BCA00042F82E30019B42B29A42E2DB731A5E42A6
:10BCB000294614A85E41FFF741FF34AB03EB85032F
:10BCC000294653F8802C57F8803C43EAC27347F862
:10BCD000803C4846013CFFF731FF24B2A8E734AB73
:10BCE0000020C6F1010C014603EB860A03EB8C0C25
:10BCF000D8E730B51C4691B0054693F90030684648
:10BD0000FFF72EFDD4F8AC3069462846984711B0AD
:10BD100030BD13460A46FFF7ECBF2DE9F04793F913
:10BD2000006092B0044689461046314615461F46CB
:10BD3000FFF7AAFE002840F091803A46494602A843
:10BD4000FFF7E7FF3B4602AA21460AA8FFF7D1FF0B
:10BD500002A908463A46FFF7DCFF3B462A46494619
:10BD60004846FFF7C6FF07F104083A462946284629
:10BD7000FFF7CFFF43462A46214620460096FFF7AD
:10BD8000EAFE43462A46294628460096FFF7E3FE88
:10BD900043462A46214628460096FFF7F8FE3B46D2
:10BDA0002A4621462046FFF7A4FF43462246214665
:10BDB00028460096FFF7CFFE434600962A462146C6
:10BDC0002046FFF7C8FE2368DB074AD533464246C4
:10BDD00021462046FFF764FC314682462046FFF7A5
:10BDE000ADFE06F18043013B54F8232042EACA72BB
:10BDF00044F823203A4621462846FFF78AFF434667
:10BE00000AAA294628460096FFF7C1FE43460AAA19
:10BE1000294628460096FFF7BAFE0AA90846434677
:10BE20002A460096FFF7B3FE3B460AAA2146204663
:10BE3000FFF75FFF02AA4346104621460096FFF730
:10BE4000A6FE324629462046FFF757FE49462846B9
:10BE5000FFF753FE02A94846FFF74FFE12B0BDE8B8
:10BE6000F08731462046FFF769FEC3E72DE9F04130
:10BE700015468AB004460E461C22002103A800F095
:10BE80002DFC2F1D95F9008003232A4631462046BC
:10BE90000293FFF73EFF3B4602AA21462046CDF81B
:10BEA0000080FFF774FE2B46324621462046FFF7FE
:10BEB00020FFCDF800803B4605F184022146204654
:10BEC000FFF749FE0AB0BDE8F08100002DE9F0421D
:10BED000082288B0FFF711FECB6A03930B6B049323
:10BEE0004B6B05938B6B0693CB6B07930C4681468C
:10BEF0000027134669466A466846CDE901770097F0
:10BF0000FFF7CEFB082305466A4649464846FFF739
:10BF1000C7FB236B0393636B0493A36B0593E36BE2
:10BF20000544CDE906376A46082369466846FFF7A7
:10BF3000B7FB082305446A4649464846FFF7B0FB6D
:10BF4000236A0093636A0193A36A0293A36B069327
:10BF5000E36B0793054408236A4649464846CDE902
:10BF600004770397FFF79CFB636A0093A36AA26BB5
:10BF70000193E36A02930492636BE26B0393CDE94E
:10BF80000523236A07932E1808236A464946484624
:10BF9000FFF786FBE36A0093236B0193636B0293C5
:10BFA000236A0693A36A0793351808236A4649460D
:10BFB0004846CDE904770397FFF7A2FB236B009374
:10BFC000636B0193A36B0293E36B0393636A069322
:10BFD000E36A07932E1A08236A4649464846CDE984
:10BFE0000477FFF78DFB636B0093A36B0193E36B07
:10BFF0000293236A0393636A0493A36ACDE9053726
:10C00000236B0793361A08236A4649464846FFF7CA
:10C0100077FBA36B0093E36BCDE90137636A03936E
:10C02000A36A0493E36ACDE90537636B0793361A75
:10C0300008236A4649464846FFF762FB361A0E4C0B
:10C040000FD436B9082249462046FFF762FD012881
:10C050000FD00823224649464846FFF751FB361ABF
:10C06000EFE70823224649464846FFF719FB3618F2
:10C07000F7D408B0BDE8F08250CB070070B5144685
:10C080008AB006460D461A46214602A80193FFF7DC
:10C0900040FE019B02AA31463046FFF72AFE02A964
:10C0A000019B22460846FFF724FE019B02AA29466F
:10C0B0002846FFF71EFE0AB070BD2DE9F04F8BB089
:10C0C000DDE914B94D46144615F9046B00961F4678
:10C0D00080468A462B460246214602A8FFF757FDB6
:10C0E00002A94A460846FFF714FE4B4602AA4146FB
:10C0F0004046FFF7FEFD4B4602AA21462046FFF7C9
:10C10000F8FD2B465246394638460096FFF73FFD6C
:10C110004A46394602A8FFF7FCFD02A92B464246D3
:10C1200008460096FFF733FD02A92B462246084633
:10C130000096FFF72CFD2B464246214620460096EE
:10C14000FFF725FD4B46224651465046FFF7D1FDED
:10C150002B4602AA414658460096FFF718FD4B466B
:10C160005A4639463846FFF7C4FD2B4652463946F3
:10C1700038460096FFF70BFD324602A92046FFF72E
:10C18000BCFC0BB0BDE8F08F2DE9F0471F46B3F9BA
:10C19000023013F11F0448BF03F13E04DD1D48BF08
:10C1A00003F10E056611EC10944275B228BF1446D7
:10C1B00089462946FFF75DFC224649468046FFF73F
:10C1C00063FAB7F90230B3EBC40F4FEAC4021FD2CF
:10C1D000D21A08EB86040021C2F12006A0450ED336
:10C1E00024372A4641463846FFF793FC01280FD0F2
:10C1F0002B463A464046BDE8F047FFF781BA54F86F
:10C20000040D20FA02F30B43236000FA06F1E5E780
:10C21000BDE8F08770B5036813F0010605461446C3
:10C2200005D013460A460146FFF73AFA064621466C
:10C230002846FFF783FC46B104F18042013A55F8E5
:10C24000223043F0004345F8223070BDF0B50F4670
:10C25000A1B006461946384615461C46FFF714FCA1
:10C2600028B1304621B0BDE8F040FFF702BC2246BD
:10C2700039466846FFF741FC294608A8FFF73DFC10
:10C2800010A82146FFF7F5FB012318A81093FFF72C
:10C29000F0FB224608A96846FFF73BFC30B922466E
:10C2A00010A93046FFF729FC21B0F0BD009BDA074A
:10C2B00009D421466846FFF741FC2246294610A8CA
:10C2C000FFF7A8FFE5E7089BDB0707D4214608A88E
:10C2D000FFF734FC2246294618A8F1E70028234638
:10C2E0001CDD08AA69466846FFF70AFA2146684637
:10C2F000FFF724FC224618A910A8FFF70AFC002823
:10C3000005DA10A923462A460846FFF7C9F910A9FD
:10C31000234618AA0846FFF7F3F9CEE76A4608A8AD
:10C32000FFF7EEF9214608A8FFF708FC224610A9FE
:10C3300018A8FFF7EEFB002805DA18A923462A46BD
:10C340000846FFF7ADF918A9234610AA0846FFF7DB
:10C35000D7F9BFE7004870474CCB07002DE9F04FF5
:10C360002DED028BEDB00D46789E05901946B6F97D
:10C37000023096F9004013F11F0848BF03F13E0850
:10C3800048F3471808F1FF3B24AB002743F82B7014
:10C390006CAB03EB8B034CA843F8807C43F8607CC8
:10C3A000924696F90120FFF76FF996F9012054A8FB
:10C3B0001144FFF769F921464CA8FFF765FB814658
:10C3C000002840F02E8154A8FFF75EFB0390002860
:10C3D00040F0298106F1240942464CA94846FFF75E
:10C3E00098FB012840F02181424654A94846FFF7B6
:10C3F00090FB0128069040F018810CAF43464A4656
:10C400001CA8FFF723FF039B47F82B305246294611
:10C4100038463346FFF7B8FE394638464B461CAA25
:10C42000CDF80080FFF7C7FB0DF5B87B4B461CAA83
:10C430004CA914A8CDF80080FFF7BDFB2246584652
:10C440000599FFF75AFBA3000793059B0BEB840AA2
:10C4500003EB84015046FFF750FB34AD06F1440373
:10C46000194628460493FFF748FB049BA10059187E
:10C470003CA8FFF742FB331D2A4659461CA80094EE
:10C4800008EE103AFFF783FB53465A462846CDE99B
:10C4900000563CA9FFF711FE1CA9084618EE102A09
:10C4A0002346FFF7D3FE1CAA514658463346FFF7F2
:10C4B000E5FD039B0893049B0993059B4146384681
:10C4C000CDE90A3BFFF7F9FA4146834614A8FFF786
:10C4D000F4FA5845B8BF584685B2691E09B23846C5
:10C4E0000491FFF7E0FA0499071E14A818BF01276A
:10C4F000FFF7D9FA002814BF022000200DF1200A0E
:10C50000074322465AF8271024A8FFF7F6FA0DF140
:10C51000B00BA30019445846FFF7EFFA1CA82146B8
:10C52000FFF7A7FA069B0360023D24AB2DB20493EC
:10C530008246002D26DA18EE102A23465146504630
:10C54000FFF784FE0498334652465946FFF796FD9E
:10C55000049942464846FFF7DCFA012804D04346D6
:10C560004A460846FFF7CCF8013C64B24CAA2306C1
:10C570004CD5039BB3FA83F040096DB0BDEC028B40
:10C58000BDE8F08F33465246D6F8A4700498594659
:10C59000B84729460CA8FFF786FA2946071E14A8B3
:10C5A00018BF0127FFF77FFA002814BF02200020E0
:10C5B000074308AB53F8271029B334AF2246384657
:10C5C000FFF79BFA079B3CA81944FFF796FA014630
:10C5D000334652463846FFF751FD18EE103A04999B
:10C5E00000943A4644A8FFF7D2FA049A5B463CA965
:10C5F0003846CDE90076FFF760FD334644AA514640
:10C600005046FFF776FB013D2DB292E7049B52F8AE
:10C61000241053F824304B40039919430391013CF3
:10C62000A5E73846A9E74846A7E70398A5E700002D
:10C6300008B5074B044613B10021AFF30080054B4A
:10C640001868836A03B19847204600F057F800BF86
:10C6500000000000FCCB070070B50D4D0D4C641BB5
:10C66000A4100026A64209D10B4D0C4C00F048F84E
:10C67000641BA4100026A64205D170BD55F8043BEA
:10C6800098470136EEE755F8043B98470136F2E744
:10C69000942B0020942B0020942B0020982B00201A
:10C6A00010B501390244904201D1002005E0037821
:10C6B00011F8014FA34201D0181B10BD0130F2E761
:10C6C0000A44914200F1FF3300D1704710B511F8D0
:10C6D000014B03F8014F9142F9D110BD02440346CA
:10C6E000934200D1704703F8011BF9E7034613F8A2
:10C6F000012B002AFBD1181A01387047FEE700BF52
:10C70000F8B500BFF8BC08BC9E467047F8B500BF3E
:10C71000F8BC08BC9E4670470010000004000000F2
:10C720000100000055790700797907008979070031
:10C7300099790700ED7907006179070065790700AD
:10C7400069790700001000000400000001000000EB
:10C75000057B0700E57A0700D57A07000D7D070005
:10C76000C17C0700A77A0700AB7A0700B17A0700FF
:10C77000982F8A4291443771CFFBC0B5A5DBB5E94C
:10C780005BC25639F111F159A4823F92D55E1CABC0
:10C7900098AA07D8015B8312BE853124C37D0C554E
:10C7A000745DBE72FEB1DE80A706DC9B74F19BC196
:10C7B000C1699BE48647BEEFC69DC10FCCA10C2486
:10C7C0006F2CE92DAA84744ADCA9B05CDA88F9766A
:10C7D00052513E986DC631A8C82703B0C77F59BFD4
:10C7E000F30BE0C64791A7D55163CA066729291400
:10C7F000850AB72738211B2EFC6D2C4D130D38539D
:10C8000054730A65BB0A6A762EC9C281852C72925E
:10C81000A1E8BFA24B661AA8708B4BC2A3516CC78C
:10C8200019E892D1240699D685350EF470A06A10C5
:10C8300016C1A419086C371E4C774827B5BCB03414
:10C84000B30C1C394AAAD84E4FCA9C5BF36F2E68B2
:10C85000EE828F746F63A5781478C8840802C78C41
:10C86000FAFFBE90EB6C50A4F7A3F9BEF27871C644
:10C87000480028000020400055C30700DDAC843D7F
:10C880001EBD6AFCF19B4BD0C49DB1BE608F0D7A7A
:10C89000CA0083AAB84899DE96F7E90C05200B4434
:10C8A0001BE1104AA3418950BAD2FDB74999C8503B
:10C8B000A1D379AF8939544350D9C92D06150E1526
:10C8C00006110A040A1104041F04041C0B1F251E70
:10C8D00015160F18131C0B1F251E15160F18130005
:10C8E0000338FDD870470000AD920700539207004F
:10C8F000A79707001798070037980700A39107002C
:10C900006591070043970700000000006398070047
:10C910005D9807003D9807002000000078000000A7
:10C920000000000001000100000000000100000004
:10C9300000000000020005000100000042000000AD
:10C9400000000000000000000000000000000000E7
:10C9500000000000010011000100FFFF01000000C5
:10C9600000000000020017000200FEFF640100004A
:10C97000B4C9070000000000000000000000000033
:10C9800000000000010001000000000001000000A4
:10C99000000000000200050001000000220000006D
:10C9A0000000000000000000000000000000000087
:10C9B00000000000010011000400FCFF0400000062
:10C9C00000000000020011000400FCFF0400000051
:10C9D00000000000030021000400FCFF0400100020
:10C9E00000000000040011000100FFFF0100000032
:10C9F00000000000050011000200FEFF040000001E
:10CA000000000000060011000400FCFF040000000C
:10CA100000000000070011000400FCFF04000000FB
:10CA200000000000080017000200FEFF24000000C4
:10CA300084C90700090010000100FFFF0100000089
:10CA400064CA07000A0027000200FEFF440003003A
:10CA500024C90700000000000000000000000000E2
:10CA60000000000000000000010017000400FCFFAF
:10CA70006801000054C90700020017000400FCFF11
:10CA8000AC01000098CA0700000000000000000090
:10CA9000000000000000000001000700000000008E
:10CAA0006801000054C907000200010000000000F6
:10CAB000010000000000000003000500010000006C
:10CAC0004200000000000000000000000000000024
:10CAD00000000000000000004466755461726700A9
:10CAE00050EADA308883B89F604F15F30000C98E92
:10CAF0000338FDD870470C000C00000058026D6927
:10CB000063726F6269745F617070000010020100EF
:10CB10004CCC070054CC0700080000003CCC0700B8
:10CB20004CCC07000800000034CC07003CCC0700C8
:10CB3000080000002CCC070034CC070008000000DF
:10CB400054CC07005CCC070008000000082000015E
:10CB5000FFFFFFFFFFFFFFFFFFFFFFFF00000000E1
:10CB6000000000000000000001000000FFFFFFFFC8
:10CB7000512563FCC2CAB9F3849E17A7ADFAE6BC7F
:10CB8000FFFFFFFFFFFFFFFF00000000FFFFFFFFB1
:10CB900096C298D84539A1F4A033EB2D817D037757
:10CBA000F240A463E5E6BCF847422CE1F2D1176BF2
:10CBB000F551BF376840B6CBCE5E316B5733CE2BC5
:10CBC000169E0F7C4AEBE78E9B7F1AFEE242E34FF4
:10CBD0004B60D2273E3CCE3BF6B053CCB0061D6531
:10CBE000BC86987655BDEBB3E7933AAAD835C65ABA
:10CBF0001BBD07006DBE0700CDBE0700342B002013
:10CC000000000000919F0700B999070058320020EA
:10CC100094420020A542002060320020F400000071
:10CC200000000000030000000DB20700259A070075
:10CC300000000000817C07000000000045B50700EF
:10CC40000000000049B6070000000000C17A07009C
:10CC500000000000757C070000000000E4A5FF7FD5
:10CC6000010000000090D003000000000000000060
:10CC700000000000000000000000000000000000B4
:10CC800000000000010000000000000000000000A3
:10CC90000000000002000000EC2A00200C2B002005
:10CCA000FC2A0020FF00FFFF0100000000E0070059
:10CCB0000000000000000000000000000000000074
:10CCC0000000000000000000000000000000000064
:10CCD0000000000000000000000000000000000054
:10CCE0000000000000000000000000000000000044
:10CCF0000000000000000000000000000000000034
:10CD00000000000000000000000000000000000023
:10CD100025720700017207000000000000000000FB
:0CCD2000A5A007000010000000000800A3
:10E00000BE361649020000000000000000000000BB
:10E0100000000000000000001CD20000105EBCF8F0
:10E0200001000000000000000000000000000000EF
:10E0300000000000000000000000000000000000E0
:10E0400000000000000000000000000000000000D0
:10E0500000000000000000000000000000000000C0
:10E0600000000000000000000000000000000000B0
:10E0700000000000000000000000000000000000A0
:10E080000000000000000000000000000000000090
:10E090000000000000000000000000000000000080
:10E0A0000000000000000000000000000000000070
:10E0B0000000000000000000000000000000000060
:10E0C0000000000000000000000000000000000050
:10E0D0000000000000000000000000000000000040
:10E0E0000000000000000000000000000000000030
:10E0F0000000000000000000000000000000000020
:10E10000000000000000000000000000000000000F
:10E1100000000000000000000000000000000000FF
:10E1200000000000000000000000000000000000EF
:10E1300000000000000000000000000000000000DF
:10E1400000000000000000000000000000000000CF
:10E1500000000000000000000000000000000000BF
:10E1600000000000000000000000000000000000AF
:10E17000000000000000000000000000000000009F
:10E18000000000000000000000000000000000008F
:10E19000000000000000000000000000000000007F
:10E1A000000000000000000000000000000000006F
:10E1B000000000000000000000000000000000005F
:10E1C000000000000000000000000000000000004F
:10E1D000000000000000000000000000000000003F
:10E1E000000000000000000000000000000000002F
:10E1F000000000000000000000000000000000001F
:10E20000000000000000000000000000000000000E
:10E2100000000000000000000000000000000000FE
:10E2200000000000000000000000000000000000EE
:10E2300000000000000000000000000000000000DE
:10E2400000000000000000000000000000000000CE
:10E25000000000000000000000000000A21BDAAC7B
:10E2600000000000000000000000000000000000AE
:10E27000000000000000000000000000000000009E
:10E28000000000000000000000000000000000008E
:10E29000000000000000000000000000000000007E
:10E2A000000000000000000000000000000000006E
:10E2B000000000000000000000000000000000005E
:10E2C000000000000000000000000000000000004E
:10E2D000000000000000000000000000000000003E
:10E2E000000000000000000000000000000000002E
:10E2F000000000000000000000000000000000001E
:10E30000000000000000000000000000000000000D
:10E3100000000000000000000000000000000000FD
:10E3200000000000000000000000000000000000ED
:10E3300000000000000000000000000000000000DD
:10E3400000000000000000000000000000000000CD
:10E3500000000000000000000000000000000000BD
:10E3600000000000000000000000000000000000AD
:10E37000000000000000000000000000000000009D
:10E38000000000000000000000000000000000008D
:10E39000000000000000000000000000000000007D
:10E3A000000000000000000000000000000000006D
:10E3B000000000000000000000000000000000005D
:10E3C000000000000000000000000000000000004D
:10E3D000000000000000000000000000000000003D
:10E3E000000000000000000000000000000000002D
:10E3F000000000000000000000000000000000001D
:10E40000000000000000000000000000000000000C
:10E4100000000000000000000000000000000000FC
:10E4200000000000000000000000000000000000EC
:10E4300000000000000000000000000000000000DC
:10E4400000000000000000000000000000000000CC
:10E4500000000000000000000000000000000000BC
:10E4600000000000000000000000000000000000AC
:10E47000000000000000000000000000000000009C
:10E48000000000000000000000000000000000008C
:10E49000000000000000000000000000000000007C
:10E4A000000000000000000000000000000000006C
:10E4B000000000000000000000000000000000005C
:10E4C000000000000000000000000000000000004C
:10E4D000000000000000000000000000000000003C
:10E4E000000000000000000000000000000000002C
:10E4F000000000000000000000000000000000001C
:10E50000000000000000000000000000000000000B
:10E5100000000000000000000000000000000000FB
:10E5200000000000000000000000000000000000EB
:10E5300000000000000000000000000000000000DB
:10E5400000000000000000000000000000000000CB
:10E5500000000000000000000000000000000000BB
:10E5600000000000000000000000000000000000AB
:10E57000000000000000000000000000000000009B
:10E58000000000000000000000000000000000008B
:10E59000000000000000000000000000000000007B
:10E5A000000000000000000000000000000000006B
:10E5B000000000000000000000000000000000005B
:10E5C000000000000000000000000000000000004B
:10E5D000000000000000000000000000000000003B
:10E5E000000000000000000000000000000000002B
:10E5F000000000000000000000000000000000001B
:10E60000000000000000000000000000000000000A
:10E6100000000000000000000000000000000000FA
:10E6200000000000000000000000000000000000EA
:10E6300000000000000000000000000000000000DA
:10E6400000000000000000000000000000000000CA
:10E6500000000000000000000000000000000000BA
:10E6600000000000000000000000000000000000AA
:10E67000000000000000000000000000000000009A
:10E68000000000000000000000000000000000008A
:10E69000000000000000000000000000000000007A
:10E6A000000000000000000000000000000000006A
:10E6B000000000000000000000000000000000005A
:10E6C000000000000000000000000000000000004A
:10E6D000000000000000000000000000000000003A
:10E6E000000000000000000000000000000000002A
:10E6F000000000000000000000000000000000001A
:10E700000000000000000000000000000000000009
:10E7100000000000000000000000000000000000F9
:10E7200000000000000000000000000000000000E9
:10E7300000000000000000000000000000000000D9
:10E7400000000000000000000000000000000000C9
:10E7500000000000000000000000000000000000B9
:10E7600000000000000000000000000000000000A9
:10E770000000000000000000000000000000000099
:10E780000000000000000000000000000000000089
:10E790000000000000000000000000000000000079
:10E7A0000000000000000000000000000000000069
:10E7B0000000000000000000000000000000000059
:10E7C0000000000000000000000000000000000049
:10E7D0000000000000000000000000000000000039
:10E7E0000000000000000000000000000000000029
:10E7F0000000000000000000000000000000000019
:10E800000000000000000000000000000000000008
:10E8100000000000000000000000000000000000F8
:10E8200000000000000000000000000000000000E8
:10E8300000000000000000000000000000000000D8
:10E8400000000000000000000000000000000000C8
:10E8500000000000000000000000000000000000B8
:10E8600000000000000000000000000000000000A8
:10E870000000000000000000000000000000000098
:10E880000000000000000000000000000000000088
:10E890000000000000000000000000000000000078
:10E8A0000000000000000000000000000000000068
:10E8B0000000000000000000000000000000000058
:10E8C0000000000000000000000000000000000048
:10E8D0000000000000000000000000000000000038
:10E8E0000000000000000000000000000000000028
:10E8F0000000000000000000000000000000000018
:10E900000000000000000000000000000000000007
:10E9100000000000000000000000000000000000F7
:10E9200000000000000000000000000000000000E7
:10E9300000000000000000000000000000000000D7
:10E9400000000000000000000000000000000000C7
:10E9500000000000000000000000000000000000B7
:10E9600000000000000000000000000000000000A7
:10E970000000000000000000000000000000000097
:10E980000000000000000000000000000000000087
:10E990000000000000000000000000000000000077
:10E9A0000000000000000000000000000000000067
:10E9B0000000000000000000000000000000000057
:10E9C0000000000000000000000000000000000047
:10E9D0000000000000000000000000000000000037
:10E9E0000000000000000000000000000000000027
:10E9F0000000000000000000000000000000000017
:10EA00000000000000000000000000000000000006
:10EA100000000000000000000000000000000000F6
:10EA200000000000000000000000000000000000E6
:10EA300000000000000000000000000000000000D6
:10EA400000000000000000000000000000000000C6
:10EA500000000000000000000000000000000000B6
:10EA600000000000000000000000000000000000A6
:10EA70000000000000000000000000000000000096
:10EA80000000000000000000000000000000000086
:10EA90000000000000000000000000000000000076
:10EAA0000000000000000000000000000000000066
:10EAB0000000000000000000000000000000000056
:10EAC0000000000000000000000000000000000046
:10EAD0000000000000000000000000000000000036
:10EAE0000000000000000000000000000000000026
:10EAF0000000000000000000000000000000000016
:10EB00000000000000000000000000000000000005
:10EB100000000000000000000000000000000000F5
:10EB200000000000000000000000000000000000E5
:10EB300000000000000000000000000000000000D5
:10EB400000000000000000000000000000000000C5
:10EB500000000000000000000000000000000000B5
:10EB600000000000000000000000000000000000A5
:10EB70000000000000000000000000000000000095
:10EB80000000000000000000000000000000000085
:10EB90000000000000000000000000000000000075
:10EBA0000000000000000000000000000000000065
:10EBB0000000000000000000000000000000000055
:10EBC0000000000000000000000000000000000045
:10EBD0000000000000000000000000000000000035
:10EBE0000000000000000000000000000000000025
:10EBF0000000000000000000000000000000000015
:10EC00000000000000000000000000000000000004
:10EC100000000000000000000000000000000000F4
:10EC200000000000000000000000000000000000E4
:10EC300000000000000000000000000000000000D4
:10EC400000000000000000000000000000000000C4
:10EC500000000000000000000000000000000000B4
:10EC600000000000000000000000000000000000A4
:10EC70000000000000000000000000000000000094
:10EC80000000000000000000000000000000000084
:10EC90000000000000000000000000000000000074
:10ECA0000000000000000000000000000000000064
:10ECB0000000000000000000000000000000000054
:10ECC0000000000000000000000000000000000044
:10ECD0000000000000000000000000000000000034
:10ECE0000000000000000000000000000000000024
:10ECF0000000000000000000000000000000000014
:10ED00000000000000000000000000000000000003
:10ED100000000000000000000000000000000000F3
:10ED200000000000000000000000000000000000E3
:10ED300000000000000000000000000000000000D3
:10ED400000000000000000000000000000000000C3
:10ED500000000000000000000000000000000000B3
:10ED600000000000000000000000000000000000A3
:10ED70000000000000000000000000000000000093
:10ED80000000000000000000000000000000000083
:10ED90000000000000000000000000000000000073
:10EDA0000000000000000000000000000000000063
:10EDB0000000000000000000000000000000000053
:10EDC0000000000000000000000000000000000043
:10EDD0000000000000000000000000000000000033
:10EDE0000000000000000000000000000000000023
:10EDF0000000000000000000000000000000000013
:10EE00000000000000000000000000000000000002
:10EE100000000000000000000000000000000000F2
:10EE200000000000000000000000000000000000E2
:10EE300000000000000000000000000000000000D2
:10EE400000000000000000000000000000000000C2
:10EE500000000000000000000000000000000000B2
:10EE600000000000000000000000000000000000A2
:10EE70000000000000000000000000000000000092
:10EE80000000000000000000000000000000000082
:10EE90000000000000000000000000000000000072
:10EEA0000000000000000000000000000000000062
:10EEB0000000000000000000000000000000000052
:10EEC0000000000000000000000000000000000042
:10EED0000000000000000000000000000000000032
:10EEE0000000000000000000000000000000000022
:10EEF0000000000000000000000000000000000012
:10EF00000000000000000000000000000000000001
:10EF100000000000000000000000000000000000F1
:10EF200000000000000000000000000000000000E1
:10EF300000000000000000000000000000000000D1
:10EF400000000000000000000000000000000000C1
:10EF500000000000000000000000000000000000B1
:10EF600000000000000000000000000000000000A1
:10EF70000000000000000000000000000000000091
:10EF80000000000000000000000000000000000081
:10EF90000000000000000000000000000000000071
:10EFA0000000000000000000000000000000000061
:10EFB0000000000000000000000000000000000051
:10EFC0000000000000000000000000000000000041
:10EFD0000000000000000000000000000000000031
:10EFE0000000000000000000000000000000000021
:10EFF0000000000000000000000000000000000011
:10F00000BE361649020000000000000000000000AB
:10F0100000000000000000001CD20000105EBCF8E0
:10F0200001000000000000000000000000000000DF
:10F0300000000000000000000000000000000000D0
:10F0400000000000000000000000000000000000C0
:10F0500000000000000000000000000000000000B0
:10F0600000000000000000000000000000000000A0
:10F070000000000000000000000000000000000090
:10F080000000000000000000000000000000000080
:10F090000000000000000000000000000000000070
:10F0A0000000000000000000000000000000000060
:10F0B0000000000000000000000000000000000050
:10F0C0000000000000000000000000000000000040
:10F0D0000000000000000000000000000000000030
:10F0E0000000000000000000000000000000000020
:10F0F0000000000000000000000000000000000010
:10F1000000000000000000000000000000000000FF
:10F1100000000000000000000000000000000000EF
:10F1200000000000000000000000000000000000DF
:10F1300000000000000000000000000000000000CF
:10F1400000000000000000000000000000000000BF
:10F1500000000000000000000000000000000000AF
:10F16000000000000000000000000000000000009F
:10F17000000000000000000000000000000000008F
:10F18000000000000000000000000000000000007F
:10F19000000000000000000000000000000000006F
:10F1A000000000000000000000000000000000005F
:10F1B000000000000000000000000000000000004F
:10F1C000000000000000000000000000000000003F
:10F1D000000000000000000000000000000000002F
:10F1E000000000000000000000000000000000001F
:10F1F000000000000000000000000000000000000F
:10F2000000000000000000000000000000000000FE
:10F2100000000000000000000000000000000000EE
:10F2200000000000000000000000000000000000DE
:10F2300000000000000000000000000000000000CE
:10F2400000000000000000000000000000000000BE
:10F25000000000000000000000000000A21BDAAC6B
:10F26000000000000000000000000000000000009E
:10F27000000000000000000000000000000000008E
:10F28000000000000000000000000000000000007E
:10F29000000000000000000000000000000000006E
:10F2A000000000000000000000000000000000005E
:10F2B000000000000000000000000000000000004E
:10F2C000000000000000000000000000000000003E
:10F2D000000000000000000000000000000000002E
:10F2E000000000000000000000000000000000001E
:10F2F000000000000000000000000000000000000E
:10F3000000000000000000000000000000000000FD
:10F3100000000000000000000000000000000000ED
:03F32000000000EA
:020000020000FC
:020000041000EA
:081014000070070000E0070076
:04000003300012793E
:00000001FF
